actor,actor_nepo,year,movie,gross_cr,film_has_nepo_cast,director
& Edward Sonnenblick,no,2017,Firangi,,no,Rajiv Dhingra
& Heeba Shah,no,2017,Poorna: Courage Has No Limit,,no,Rahul Bose
& Kavita Verma,no,2017,Laali Ki Shaadi Mein Laaddoo Deewana,0.81,no,Manish Harishankar
& Manish Chaudhary,no,2017,Noor,11.64,yes,Sunhil Sippy
& Mohit Marwah,no,2017,Raag Desh,0.33,no,Tigmanshu Dhulia
(cameo),no,2017,Judwaa 2,227.59,yes,David Dhawan
(special appearance),no,2001,Yeh Raaste Hain Pyaar Ke,15.69,yes,Deepak S. Shivdasani
A. K. Hangal,no,2001,Dattak,,no,Gul Bahar Singh
A. K. Hangal,no,2012,Krishna Aur Kans,,no,Vikram Veturi
A.K. Hangal,no,2005,Mr Prime Minister,,no,Dev Anand
A.K. Hangal,no,2014,Sholay 3D,58.00,no,Ramesh Sippy
Aadar Jain,yes,2017,Qaidi Band,,yes,Habib Faisal
Aadar Jain,yes,2021,Hello Charlie,,yes,Pankaj Saraswat
Aadhvikaa,no,2025,Shaila,,no,Saki Shah
Aadhya Anand,no,2023,Friday Night Plan,,yes,Vatsal Neelakantan
Aadil Abedi,no,2013,Mere Haule Dost,,no,Nitin Raghunath
Aadil Khan,no,2020,Shikara,8.15,no,Vidhu Vinod Chopra
Aadil Khan,no,2024,Kisko Tha Pata,,no,Ratnaa Sinha
Aadya Bedi,no,2014,Fireflies,,no,Sabal Singh Sheikhawat
Aahana Kumra,no,2017,Lipstick Under My Burkha,26.68,no,Alankrita Shrivastava
Aahana Kumra,no,2019,The Accidental Prime Minister,22.65,yes,Vijay Ratnakar Gutte
Aahana Kumra,no,2019,Yours Truly,,no,Sanjoy Nag
Aahana Kumra,no,2020,Khuda Haafiz,,no,Faruk Kabir
Aahana Kumra,no,2021,Bawri Chhori,,no,Kartik Ramalingam
Aahana Kumra,no,2022,India Lockdown,,yes,Madhur Bhandarkar
Aaishvary Thackeray,no,2025,Nishaanchi,1.00,no,Anurag Kashyap
Aaishvary Thackeray,no,2025,Nishaanchi 2,,no,Anurag Kashyap
Aakash Dahiya,no,2011,Chillar Party,,yes,"Vikas Bahl , Nitesh Tiwari"
Aakash Dahiya,no,2011,Rockstar,108.70,yes,Imtiaz Ali
Aakash Dahiya,no,2015,Meeruthiya Gangster,,no,Zeishan Quadri
Aakash Dahiya,no,2020,Operation Parindey,,no,Sanjay Gadhvi
Aakash Sharma,no,2014,Anuradha,,no,Raju Mavani
Aakshath Das,no,2020,Serious Men,,no,Sudhir Mishra
Aaliya Singh,no,2015,Four Pillars of Basement,0.15,no,Giresh Naik K
Aaman Devgan,yes,2025,Azaad,9.17,yes,Abhishek Kapoor
Aamir Ali,no,2002,Yeh Kya Ho Raha Hai?,,no,Hansal Mehta
Aamir Ali,no,2010,I Hate Luv Storys,72.52,yes,Punit Malhotra
Aamir Ali,no,2023,Faraaz,,yes,Hansal Mehta
Aamir Bashir,no,2003,Armaan,14.92,no,Honey Irani
Aamir Bashir,no,2006,Pyaar Ke Side Effects,,no,Saket Chaudhary
Aamir Bashir,no,2009,"Raat Gayi, Baat Gayi?",,no,Saurabh Shukla
Aamir Bashir,no,2012,Future To Bright Hai Ji,,no,Sanjay Amar
Aamir Bashir,no,2017,Gurgaon,6.70,no,Shanker Raman
Aamir Bashir,no,2018,Hope Aur Hum,,no,Sudip Bandyopadhyay
Aamir Bashir,no,2020,Dolly Kitty Aur Woh Chamakte Sitare,,no,Alankrita Shrivastava
Aamir Bashir,no,2023,72 Hoorain,,no,Sanjay Puran Singh Chauhan
Aamir Bashir,no,2023,Rocky Aur Rani Kii Prem Kahaani,355.61,yes,Karan Johar
Aamir Khan,yes,2000,Mela,25.00,yes,Dharmesh Darshan
Aamir Khan,yes,2001,Dil Chahta Hai,39.72,yes,Farhan Akhtar
Aamir Khan,yes,2001,Lagaan: Once Upon a Time in India,65.97,yes,Ashutosh Gowariker
Aamir Khan,yes,2005,Mangal Pandey: The Rising,52.58,yes,Ketan Mehta
Aamir Khan,yes,2006,Fanaa,103.00,yes,Kunal Kohli
Aamir Khan,yes,2006,Rang De Basanti,97.00,yes,Rakeysh Omprakash Mehra
Aamir Khan,yes,2007,Taare Zameen Par,98.48,yes,Aamir Khan
Aamir Khan,yes,2008,Ghajini,232.00,yes,A. R. Murugadoss
Aamir Khan,yes,2009,3 Idiots,400.61,yes,Rajkumar Hirani
Aamir Khan,yes,2009,Luck by Chance,29.00,yes,Zoya Akhtar
Aamir Khan,yes,2011,Delhi Belly,103.00,yes,Abhinay Deo
Aamir Khan,yes,2011,Dhobi Ghat,25.60,yes,Kiran Rao
Aamir Khan,yes,2012,Talaash: The Answer Lies Within,180.83,yes,Reema Kagti
Aamir Khan,yes,2013,Dhoom 3,589.02,yes,Vijay Krishna Acharya
Aamir Khan,yes,2014,PK,769.00,yes,Rajkumar Hirani
Aamir Khan,yes,2016,Dangal,2160.00,yes,Nitesh Tiwari
Aamir Khan,yes,2017,Secret Superstar,977.00,yes,Advait Chandan
Aamir Khan,yes,2018,Thugs of Hindostan,335.00,yes,Vijay Krishna Acharya
Aamir Khan,yes,2022,Laal Singh Chaddha,129.64,yes,Advait Chandan
Aamir Khan,yes,2025,Sitaare Zameen Par,266.49,yes,R. S. Prasanna
Aamir Raza Hussain,no,2014,Khoobsurat,79.43,yes,Shashanka Ghosh
Aamna Sharif,no,2009,Aloo Chaat,,no,Robby Grewal
Aamna Sharif,no,2011,Shakal Pe Mat Ja,,no,Shubh Mukherjee
Aamna Sharif,no,2014,Ek Villain,169.62,no,Mohit Suri
Aamna Shariff,no,2009,Aao Wish Karein,,no,Glenn Baretto
Aanaahad,no,2010,Lahore,,no,Sanjay Puran Singh Chauhan
Aanamika Bawa,no,2013,Pyaar Mein Aisa Hota Hai,,no,Rajesh Kumar
Aanchal Munjal,no,2016,Ghayal: Once Again,45.35,yes,Sunny Deol
Aanchal Munjal,no,2023,Mandali,,no,Rakesh Chaturvedi Om
Aanjjan Srivastav,no,2012,Chhodo Kal Ki Baatein,,no,Pramod Joshi
Aanjjan Srivastav,no,2013,Wake Up India,,no,Babloo Seshadri
Aanjjan Srivastav,no,2019,PM Narendra Modi,,yes,Omung Kumar
Aarav Khanna,no,2011,Chillar Party,,yes,"Vikas Bahl , Nitesh Tiwari"
Aarav Negi,no,2018,Falooda,,no,Dhiraj Singh
Aarohi Saud,no,2024,Tikdam,,no,Vivek Anchalia
Aarti Agarwal,no,2001,Paagalpan,,no,Aruna Irani
Aarti Chabria,no,2002,Tum Se Achcha Kaun Hai,16.00,no,Deepak Anand
Aarti Chabria,no,2007,Partner,101.00,yes,David Dhawan
Aarti Chabria,no,2007,Shootout at Lokhandwala,46.04,yes,Apoorva Lakhia
Aarti Chabria,no,2007,Ta Ra Rum Pum,70.00,yes,Siddharth Anand
Aarti Chabria,no,2008,Anamika,,no,Anant Mahadevan
Aarti Chabria,no,2008,Halla Bol,19.39,yes,Rajkumar Santoshi
Aarti Chabria,no,2009,Daddy Cool,,no,K. Murli Manohar Rao
Aarti Chabria,no,2010,Milenge Milenge,,yes,Satish Kaushik
Aarti Chhabria,no,2003,Raja Bhaiya,2.58,no,Raman Kumar
Aarti Chhabria,no,2005,Shaadi No. 1,20.49,yes,David Dhawan
Aarti Chhabria,no,2009,Kisse Pyaar Karoon,,no,Ajay Chandock
Aarti Puri,no,2004,""" Mysteries Shaque """,,no,"Vinod Chhabara ,"
Aarun Nagar,no,2019,Risknamaa,,no,Aarun Nagar
Aarushi Sharma,no,2022,Jaadugar,,no,Sameer Saxena
Aarya Babbar,no,2011,Aazaan,,no,Prashant Chadha
Aarya Babbar,no,2022,Hai Tujhe Salaam India,,no,Avanish Kumar
Aarya Babbar,no,2023,Do Ajnabee,,no,Sanjeev Kumar Rajput
Aarya Kumar,no,2013,Boyss Toh Boyss Hain,,no,Amit Vats
Aashi Rawal,no,2016,Shortcut Safari,,no,Amitabha Singh
Aashim Gulati,no,2016,Tum Bin II,6.45,no,Anubhav Sinha
Aashim Gulati,no,2023,U-Turn,,no,Arif Khan
Aashim Gulati,no,2024,Kahan Shuru Kahan Khatam,,no,Saurabh Dasgupta
Aashish Chanana,no,2005,Dreams,,no,Ashish Chanana
Aashish Chaudhary,no,2003,Qayamat: City Under Threat,28.52,yes,Harry Baweja
Aashish Chaudhary,no,2004,Girlfriend,,no,Karan Razdan
Aashish Chaudhary,no,2004,Let's Enjoy,,no,"Ankur Tewari , Siddharth Anand Kumar"
Aashish Chaudhary,no,2004,Shaadi Ka Laddoo,,no,Raj Kaushal
Aashish Chaudhary,no,2006,Fight Club: Members Only,8.88,yes,Vikram Chopra
Aashish Chaudhary,no,2007,Dhamaal,50.73,yes,Indra Kumar
Aashish Chaudhary,no,2007,Speed,,yes,Vikram Bhatt
Aashish Chaudhary,no,2009,Daddy Cool,,no,K. Murli Manohar Rao
Aashish Chaudhary,no,2009,Kisse Pyaar Karoon,,no,Ajay Chandock
Aashish Chaudhary,no,2009,Paying Guests,,no,Paritossh Painter
Aashish Chaudhary,no,2009,"Three: Love, Lies, Betrayal",,no,Vishal Pandya
Aashish Chaudhary,no,2011,Double Dhamaal,70.54,yes,Indra Kumar
Aashish Vidyarthi,no,2010,Admissions Open,,no,K.D. Satyam
Aasif Khan,no,2025,The Bhootnii,,yes,Sidhaant Sachdev
Aasif Sheikh,no,2007,Journey Bombay to Goa,,no,Raj Pendurkar
Aasif Sheikh,no,2010,Benny and Babloo,,no,Yunus Sajawal
Aasif Sheikh,no,2019,Bharat,325.58,yes,Ali Abbas Zafar
Aayush Kumar,no,2025,Andaaz 2,,no,Suneel Darshan
Aayush Sharma,no,2018,Loveyatri,18.14,no,Abhiraj Minawala
Aayush Sharma,no,2021,Antim: The Final Truth,59.11,yes,Mahesh Manjrekar
Aayush Sharma,no,2024,Ruslaan,2.70,no,Karan Butani
Aayushi Sharma,no,2013,Pyaar Mein Aisa Hota Hai,,no,Rajesh Kumar
Abbas,no,2002,Ansh: The Deadly Part,,no,Rajan Johri
Abeer Khan,no,2025,Mission Grey House,,no,Naushad Siddiqui
Abhay Chandarana,no,2000,Dr Mukta,,no,
Abhay Deol,yes,2005,Socha Na Tha,,yes,Imtiaz Ali
Abhay Deol,yes,2006,Ahista Ahista,,yes,Shivam Nair
Abhay Deol,yes,2007,Ek Chalis Ki Last Local,,yes,Sanjay Khanduri
Abhay Deol,yes,2007,Honeymoon Travels Pvt. Ltd.,19.51,yes,Reema Kagti
Abhay Deol,yes,2007,Manorama Six Feet Under,,yes,Navdeep Singh
Abhay Deol,yes,2008,Oye Lucky! Lucky Oye!,6.10,yes,Dibakar Banerjee
Abhay Deol,yes,2009,Dev.D,20.82,yes,Anurag Kashyap
Abhay Deol,yes,2010,Aisha,28.65,yes,Rajshree Ojha
Abhay Deol,yes,2010,"Road, Movie",,yes,Dev Benegal
Abhay Deol,yes,2011,Zindagi Na Milegi Dobara,163.00,yes,Zoya Akhtar
Abhay Deol,yes,2012,Chakravyuh,25.70,yes,Prakash Jha
Abhay Deol,yes,2012,Shanghai,34.90,yes,Dibakar Banerjee
Abhay Deol,yes,2013,Raanjhanaa,105.00,yes,Anand L. Rai
Abhay Deol,yes,2014,One by Two,3.77,yes,Devika Bhagat
Abhay Deol,yes,2016,Happy Bhag Jayegi,46.50,yes,Mudassar Aziz
Abhay Deol,yes,2018,Nanu Ki Jaanu,4.12,yes,Faraz Haider
Abhay Deol,yes,2018,Zero,191.43,yes,Aanand L. Rai
Abhay Deol,yes,2019,Chopsticks,,yes,Sachin Yardi
Abhay Deol,yes,2019,Line of Descent,,yes,Rohit Karn Batra
Abhay Deol,yes,2020,What Are the Odds,,yes,Megha Ramaswamy
Abhay Deol,yes,2021,Velle,19.36,yes,Deven Munjal
Abhay Joshi,no,2020,Omprakash Zindabad,,no,Ranjeet Gupta
Abhay Verma,no,2023,Safed,,no,Sandeep Singh
Abhay Verma,no,2024,Ae Watan Mere Watan,,yes,Kannan Iyer
Abhay Verma,no,2024,Munjya,132.13,no,Aditya Sarpotdar
Abhijeet Sawant,no,2009,Lottery,,no,Hemant Prabhu
Abhijeet Singh,no,2020,Bunker,,no,Jugal Raja
Abhijit Acharjee,no,2024,Nasha Jurm Aur Gangsters,,no,Rajkumar Patra
Abhijit Bhunia,no,2024,Appu,,no,Prosenjit Ganguly
Abhilash Chaudhary,no,2021,D Company,,no,Ram Gopal Varma
Abhilash Chaudhary,no,2025,Akshardham: Operation Vajra Shakti,,yes,Ken Ghosh
Abhilash Kumar,no,2016,Ghayal: Once Again,45.35,yes,Sunny Deol
Abhilash Thapleyal,no,2018,Dil Juunglee,1.30,no,Aleya Sen
Abhimanyu Arun,no,2017,Daddy,15.50,no,Ashim Ahluwalia
Abhimanyu Dassani,no,2019,Mard Ko Dard Nahi Hota,2.03,no,Vasan Bala
Abhimanyu Dassani,no,2021,Meenakshi Sundareshwar,,no,Vivek Soni
Abhimanyu Dassani,no,2022,Nikamma,1.77,no,Sabbir Khan
Abhimanyu Dassani,no,2023,Aankh Micholi,1.50,no,Umesh Shukla
Abhimanyu Shekhar Singh,no,2011,I Am,0.67,no,Onir
Abhimanyu Singh,no,2010,Rakta Charitra,,yes,Ram Gopal Verma
Abhimanyu Singh,no,2014,Main Tera Hero,78.00,yes,David Dhawan
Abhimanyu Singh,no,2016,Global Baba,,no,Manoj Sidheshwari Tewari
Abhimanyu Singh,no,2019,Pranaam,,no,Sanjiv Jaiswal
Abhimanyu Singh,no,2020,Gul Makai,,no,H.E. Amjad khan
Abhimanyu Singh,no,2020,Guns of Banaras,,no,Sekhar Suri
Abhimanyu Singh,no,2020,Taish,,no,Bejoy Nambiar
Abhimanyu Singh,no,2021,State of Siege: Temple Attack,,yes,Ken Ghosh
Abhimanyu Singh,no,2022,Ladki: Dragon Girl,,no,Ram Gopal Varma
Abhimanyu Singh,no,2023,Aazam,,no,Shravan Tiwari
Abhimanyu Singh,no,2024,Luv You Shankar,,yes,Rajiv S. Ruia
Abhimanyu Singh,no,2025,Akshardham: Operation Vajra Shakti,,yes,Ken Ghosh
Abhinav Shukla,no,2014,Roar: Tigers of the Sundarbans,,no,Kamal Sadanah
Abhinav Shukla,no,2017,Aksar 2,7.18,no,Ananth Narayan Mahadevan
Abhinaye Sharma,no,2020,Pagleaazam,,no,"Vikas P Kavvthekaar, Aps Raghuvanshi"
Abhiram Bhadkamkar,no,2000,Zindagi Zindabad,,no,Sumitra Bhave–Sunil Sukthankar
Abhishek,no,2007,50 Lakh,,no,Chandra Sekhar Yeleti
Abhishek Bachchan,yes,2000,Dhai Akshar Prem Ke,16.30,yes,Raj Kanwar
Abhishek Bachchan,yes,2000,Refugee,35.44,yes,J. P. Dutta
Abhishek Bachchan,yes,2000,Tera Jadoo Chal Gayaa,,yes,A. Muthu
Abhishek Bachchan,yes,2001,Bas Itna Sa Khwaab Hai,,yes,Goldie Behl
Abhishek Bachchan,yes,2002,Haan Maine Bhi Pyaar Kiya,19.55,yes,Dharmesh Darshan
Abhishek Bachchan,yes,2002,Om Jai Jagadish,14.00,yes,Anupam Kher
Abhishek Bachchan,yes,2002,Shararat,,yes,Gurudev Bhalla
Abhishek Bachchan,yes,2003,Kuch Naa Kaho,13.08,yes,Rohan Sippy
Abhishek Bachchan,yes,2003,LOC: Kargil,31.67,yes,J. P. Dutta
Abhishek Bachchan,yes,2003,Main Prem Ki Diwani Hoon,39.31,yes,Sooraj R. Barjatya
Abhishek Bachchan,yes,2003,Mumbai Se Aaya Mera Dost,,yes,Apoorva Agnihotri
Abhishek Bachchan,yes,2003,Zameen,17.80,yes,Rohit Shetty
Abhishek Bachchan,yes,2004,Dhoom,72.47,yes,Sanjay Gadhvi
Abhishek Bachchan,yes,2004,Hum Tum,43.22,yes,Kunal Kohli
Abhishek Bachchan,yes,2004,Naach,,yes,Ram Gopal Varma
Abhishek Bachchan,yes,2004,Phir Milenge,5.43,yes,Revathy
Abhishek Bachchan,yes,2004,Rakht,8.44,yes,Mahesh Manjrekar
Abhishek Bachchan,yes,2004,Run,,yes,Jeeva
Abhishek Bachchan,yes,2004,Yuva,24.48,yes,Mani Ratnam
Abhishek Bachchan,yes,2005,Bluffmaster!,32.70,yes,Rohan Sippy
Abhishek Bachchan,yes,2005,Bunty Aur Babli,90.40,yes,Shaad Ali
Abhishek Bachchan,yes,2005,Dus,38.84,yes,Anubhav Sinha
Abhishek Bachchan,yes,2005,Ek Ajnabee,,yes,Apoorva Lakhia
Abhishek Bachchan,yes,2005,Neal 'n' Nikki,10.43,yes,Arjun Sablok
Abhishek Bachchan,yes,2005,Salaam Namaste,75.23,yes,Siddharth Anand
Abhishek Bachchan,yes,2005,Sarkar,39.30,yes,Ram Gopal Varma
Abhishek Bachchan,yes,2006,Dhoom 2,151.00,yes,Sanjay Gadhvi
Abhishek Bachchan,yes,2006,Kabhi Alvida Naa Kehna,113.00,yes,Karan Johar
Abhishek Bachchan,yes,2006,Umrao Jaan,19.52,yes,J. P. Dutta
Abhishek Bachchan,yes,2007,Guru,83.67,yes,Mani Ratnam
Abhishek Bachchan,yes,2007,Jhoom Barabar Jhoom,51.08,yes,Shaad Ali
Abhishek Bachchan,yes,2007,Laaga Chunari Mein Daag,25.00,yes,Pradeep Sarkar
Abhishek Bachchan,yes,2007,Shootout at Lokhandwala,46.04,yes,Apoorva Lakhia
Abhishek Bachchan,yes,2008,Dostana,87.00,yes,Tarun Mansukhani
Abhishek Bachchan,yes,2008,Drona,15.00,yes,Goldie Behl
Abhishek Bachchan,yes,2008,Mission Istaanbul,,yes,Apoorva Lakhia
Abhishek Bachchan,yes,2008,Sarkar Raj,63.00,yes,Ram Gopal Verma
Abhishek Bachchan,yes,2009,Delhi-6,52.17,yes,Rakeysh Omprakash Mehra
Abhishek Bachchan,yes,2009,Paa,,yes,R. Balki
Abhishek Bachchan,yes,2010,Jhootha Hi Sahi,15.60,yes,Abbas Tyrewala
Abhishek Bachchan,yes,2010,Khelein Hum Jee Jaan Sey,4.91,yes,Ashutosh Gowariker
Abhishek Bachchan,yes,2010,Raavan,49.50,yes,Mani Ratnam
Abhishek Bachchan,yes,2011,Dum Maaro Dum,51.10,yes,Rohan Sippy
Abhishek Bachchan,yes,2011,Game,12.87,yes,Abhinay Deo
Abhishek Bachchan,yes,2012,Bol Bachchan,165.68,yes,Rohit Shetty
Abhishek Bachchan,yes,2012,Players,45.52,yes,Abbas–Mustan
Abhishek Bachchan,yes,2013,Dhoom 3,589.02,yes,Vijay Krishna Acharya
Abhishek Bachchan,yes,2014,Happy New Year,342.00,yes,Farah Khan
Abhishek Bachchan,yes,2015,All Is Well,18.02,yes,Umesh Shukla
Abhishek Bachchan,yes,2016,Housefull 3,194.94,yes,Sajid-Farhad
Abhishek Bachchan,yes,2018,Manmarziyaan,40.39,yes,Anurag Kashyap
Abhishek Bachchan,yes,2020,Ludo,,yes,Anurag Basu
Abhishek Bachchan,yes,2021,Bob Biswas,,yes,Diya Annapurna Ghosh
Abhishek Bachchan,yes,2021,The Big Bull,,yes,Kookie Gulati
Abhishek Bachchan,yes,2022,Dasvi,,yes,Tushar Jalota
Abhishek Bachchan,yes,2023,Ghoomer,7.00,yes,R. Balki
Abhishek Bachchan,yes,2024,I Want to Talk,1.25,yes,Shoojit Sircar
Abhishek Bachchan,yes,2025,Be Happy,,yes,Remo D'Souza
Abhishek Bachchan,yes,2025,Housefull 5,242.80,yes,Tarun Mansukhani
Abhishek Bachchan,yes,2025,Kaalidhar Laapata,,yes,Madhumita
Abhishek Banerjee,no,2020,Bhonsle,,no,Devashish Makhija
Abhishek Banerjee,no,2020,Unpaused,,no,Raj & D.K Nitya Mehra Nikkhil Advani Tannishtha Chatterjee Avinash Arun
Abhishek Banerjee,no,2021,Ajeeb Daastaans,,no,Shashank Khaitan Raj Mehta Neeraj Ghaywan Kayoze Irani
Abhishek Banerjee,no,2021,Ankahi Kahaniya,,no,Ashwiny Iyer Tiwari Abhishek Chaubey Saket Chaudhary
Abhishek Banerjee,no,2021,Helmet,,no,Satramm Ramani
Abhishek Banerjee,no,2021,Rashmi Rocket,,no,Akarsh Khurana
Abhishek Banerjee,no,2022,Nazar Andaaz,,no,Vikrant Deshmukh
Abhishek Banerjee,no,2023,Aankh Micholi,1.50,no,Umesh Shukla
Abhishek Banerjee,no,2023,Apurva,,no,Nikhil Nagesh Bhat
Abhishek Banerjee,no,2023,Dream Girl 2,140.56,yes,Raaj Shaandilyaa
Abhishek Banerjee,no,2024,Stree 2,874.58,no,Amar Kaushik
Abhishek Banerjee,no,2024,Vedaa,26.71,no,Nikkhil Advani
Abhishek Banerjee,no,2025,Stolen,,no,Karan Tejpal
Abhishek Chauhan,no,2020,Bahut Hua Samman,,no,Ashish R Shukla
Abhishek Chauhan,no,2023,Mast Mein Rehne Ka,,no,Vijay Maurya
Abhishek Duhan,no,2023,Mandali,,no,Rakesh Chaturvedi Om
Abhishek Kapoor,no,2000,Shikaar,,no,Bobby Raj
Abhishek Kumar,no,2012,Paanch Ghantey Mien Paanch Crore,,no,Faisal Saif
Abhishek Kumar,no,2014,Titoo MBA,,no,Amit Vats
Abhishek Sethiya,no,2014,Kahin Hai Mera Pyar,,yes,Mahesh Vaijnath Doijode
Abhishek Sharma,no,2018,Jaane Kyun De Yaaron,,no,Akshay Anand
Abid Ali,no,2012,Mr. Bhatti on Chutti,,no,Karan Razdan
Abir Goswami,no,2014,Ugly,6.24,no,Anurag Kashyap
Abuli Mamaji,no,2021,Ahaan,,no,Nikhil Pherwani
Achint Kaur,no,2011,Haunted – 3D,36.00,no,Vikram Bhatt
Achint Kaur,no,2011,Jo Hum Chahein,,no,Pawan Gill
Achint Kaur,no,2014,Roar: Tigers of the Sundarbans,,no,Kamal Sadanah
Achintya Bose,no,2020,Yeh Ballet,,no,Sooni Taraporevala
Ada Singh,no,2024,Gauraiya Live,,no,Gabriel Vats
Adah Sharma,no,2008,1920,14.50,no,Vikram Bhatt
Adah Sharma,no,2011,Phhir,,no,Girish Dhamija
Adah Sharma,no,2013,Hum Hai Raahi Car Ke,,yes,Jyotin Goel
Adah Sharma,no,2014,Hasee Toh Phasee,63.38,no,Vinil Mathew
Adah Sharma,no,2017,Commando 2,39.04,no,Deven Bhojani
Adah Sharma,no,2019,Bypass Road,1.16,no,Naman Nitin Mukesh
Adah Sharma,no,2019,Commando 3,40.15,no,Aditya Datt
Adah Sharma,no,2023,The Kerala Story,303.97,no,Sudipto Sen
Adah Sharma,no,2024,Bastar: The Naxal Story,,no,Sudipto Sen
Adah Sharma,no,2025,Tumko Meri Kasam,,yes,Vikram Bhatt
Adam Laupus,no,2014,A Decent Arrangement,,no,Sarovar Banka
Adarsh Bharti,no,2019,Mere Pyare Prime Minister,0.39,no,Rakeysh Omprakash Mehra
Adarsh Gautam,no,2007,Bal Ganesh,0.69,no,Pankaj Sharma
Adarsh Gourav,no,2017,Rukh,,no,Atanu Mukherjee
Adarsh Gourav,no,2023,Kho Gaye Hum Kahan,,yes,Arjun Varain Singh
Adarsh Gourav,no,2024,Woh Bhi Din The,,no,Sajid Ali
Adarsh Gourav,no,2025,Superboys of Malegaon,5.35,no,Reema Kagti
Adhir Bhat,no,2014,A Decent Arrangement,,no,Sarovar Banka
Adhvik Mahajan,no,2008,Contract,,no,Ram Gopal Varma
Adhvik Mahajan,no,2025,Riwaj,,no,Manoj Sati
Adhyayan Suman,no,2008,Haal-e-Dil,0.72,yes,Anil Devgan
Adhyayan Suman,no,2009,Jashnn,,no,Raksha Mistry & Hasnain S Hyderabadwala
Adhyayan Suman,no,2009,Raaz: The Mystery Continues,38.09,yes,Mohit Suri
Adhyayan Suman,no,2013,Dehraadun Diary,,no,Milind Ukey
Adhyayan Suman,no,2014,Heartless,1.18,no,Shekhar Suman
Adhyayan Suman,no,2015,Luckhnowi Ishq,,no,Aanand Raut
Adhyayan Suman,no,2016,Ishq Click,,no,Anil Ballani
Adhyayan Suman,no,2021,Bekhudi,,no,Amit Kasaria
Adi Irani,no,2013,Wake Up India,,no,Babloo Seshadri
Adi Irani,no,2014,Pyar Ka Live Show,,no,Shailendra Singh Rajput
Adil Ahmed,no,2014,Akela The Alone,,no,Abrar Qazi
Adil Hussain,no,2012,Agent Vinod,73.00,yes,Sriram Raghavan
Adil Hussain,no,2014,The Xposé,20.00,no,Ananth Narayan Mahadevan
Adil Hussain,no,2014,Zed Plus,,no,Chandraprakash Dwivedi
Adil Hussain,no,2015,Main Aur Charles,8.00,no,Prawaal Raman
Adil Hussain,no,2016,Umrika,,yes,Prashant Nair
Adil Hussain,no,2017,Mantra,,no,Nicholas Kharkongor
Adil Hussain,no,2017,Mukti Bhawan,,no,Shubhashish Bhutiani
Adil Hussain,no,2018,2.0,,no,S Shankar
Adil Hussain,no,2018,Bioscopewala,,no,Deb Medhekar
Adil Hussain,no,2018,Love Sonia,,no,Tabrez Noorani
Adil Hussain,no,2019,Bombairiya,0.14,no,Pia Sukanya
Adil Hussain,no,2020,Nirvana Inn,,no,Vijay Jayapal
Adil Hussain,no,2020,Pareeksha,,no,Prakash Jha
Adil Hussain,no,2023,Sergeant,,no,Prawaal Raman
Adil Hussain,no,2025,The Storyteller,,no,Anant Mahadevan
Adithya Menon,no,2015,Main Hoon Part-Time Killer,,no,Faisal Saif
Aditi Arya,no,2020,Unlock,,no,Debatma Mandal
Aditi Charak,no,2017,Saanjh,,no,Ajay Saklani
Aditi Govitrikar,no,2002,16 December,,no,Mani Shankar
Aditi Govitrikar,no,2002,Soch,,yes,Sushen Bhatnagar
Aditi Govitrikar,no,2009,De Dana Dan,81.85,no,Priyadarshan
Aditi Gowitrikar,no,2003,Dhund,,no,Shyam Ramsay
Aditi Inamdar,no,2017,Poorna: Courage Has No Limit,,no,Rahul Bose
Aditi Rao Hydari,no,2011,Rockstar,108.70,yes,Imtiaz Ali
Aditi Rao Hydari,no,2012,"London, Paris, New York",,no,Anu Menon
Aditi Rao Hydari,no,2013,Boss,102.82,no,Anthony D'Souza
Aditi Rao Hydari,no,2013,Murder 3,27.75,no,Vishesh Bhatt
Aditi Rao Hydari,no,2015,Guddu Rangeela,,no,Subhash Kapoor
Aditi Rao Hydari,no,2016,Fitoor,42.38,yes,Abhishek Kapoor
Aditi Rao Hydari,no,2016,The Legend of Michael Mishra,,no,Manish Jha
Aditi Rao Hydari,no,2016,Wazir,78.69,no,Bejoy Nambiar
Aditi Rao Hydari,no,2017,Bhoomi,14.76,yes,Omung Kumar
Aditi Rao Hydari,no,2018,Daas Dev,,no,Sudhir Mishra
Aditi Rao Hydari,no,2018,Padmaavat,571.98,yes,Sanjay Leela Bhansali
Aditi Rao Hydari,no,2021,Ajeeb Daastaans,,no,Shashank Khaitan Raj Mehta Neeraj Ghaywan Kayoze Irani
Aditi Rao Hydari,no,2021,Sardar Ka Grandson,,yes,Kaashvie Nair
Aditi Rao Hydari,no,2021,The Girl on the Train,,no,Ribhu Dasgupta
Aditi Saigal,no,2023,The Archies,,yes,Zoya Akhtar
Aditi Sharma,no,2008,Black & White,,no,Subhash Ghai
Aditi Sharma,no,2011,Ladies vs Ricky Bahl,84.00,no,Maneesh Sharma
Aditi Sharma,no,2014,Ekkees Toppon Ki Salaami,1.58,no,Ravindra Gautam
Aditi Sharma,no,2016,Saat Uchakkey,,no,Sanjeev Sharma
Aditi Subedi,no,2020,Mee Raqsam,,no,Baba Azmi
Aditi Vasudev,no,2010,Do Dooni Chaar,,yes,Habib Faisal
Aditi Vasudev,no,2014,Sulemani Keeda,,no,Amit Masurkar
Aditii Arya Sharma,no,2018,Paltan,10.22,yes,J. P. Dutta
Aditya Bal,no,2005,Mashooka,,no,Afzal Ahmed
Aditya Kapadia,no,2008,Hari Puttar: A Comedy of Terrors,,no,Lucky Kohli & Rajesh Bajaj
Aditya Kapadia,no,2012,Sons of Ram,,no,Kushal Ruia
Aditya Lakhia,no,2014,Om-Dar-B-Dar,,no,Kamal Swaroop
Aditya Lakhia,no,2024,Bengal 1947,,no,Akashaditya Lama
Aditya Narayan,no,2010,Shaapit,,no,Vikram Bhatt
Aditya Om,no,2013,Bandook,,no,Aditya Om
Aditya Pancholi,no,2000,Baaghi,6.47,yes,Rajesh Kumar Singh
Aditya Pancholi,no,2002,Aankhen,33.80,no,Vipul Shah
Aditya Pancholi,no,2004,Musafir,18.71,yes,Sanjay Gupta
Aditya Pancholi,no,2010,Striker,,no,Chandan Arora
Aditya Pancholi,no,2011,Dum Maaro Dum,51.10,yes,Rohan Sippy
Aditya Pancholi,no,2012,Rush,4.60,yes,"Shamin Desai, Priyanka Desai"
Aditya Pancholi,no,2015,Hero,34.82,yes,Nikhil Advani
Aditya Pancholi,no,2015,Lakhon Hain Yahan Dilwale,,no,Munnawar Bhagat
Aditya Pancholi,no,2015,Mumbai Can Dance Saala,,no,Sachindra Sharma
Aditya Pratap Singh,no,2020,Pagleaazam,,no,"Vikas P Kavvthekaar, Aps Raghuvanshi"
Aditya Raj Kapoor,no,2010,Diwangi Ne Had Kar Di,,no,Jiten Purohit
Aditya Raj Kapoor,no,2012,Say Yes to Love,,no,Mahrukh Mirza Beg
Aditya Rawal,no,2020,Bamfaad,,no,Ranjan Chandel
Aditya Rawal,no,2023,Faraaz,,yes,Hansal Mehta
Aditya Roy Kapoor,no,2016,Fitoor,42.38,yes,Abhishek Kapoor
Aditya Roy Kapur,yes,2009,London Dreams,41.31,yes,Vipul Shah
Aditya Roy Kapur,yes,2010,Action Replayy,48.00,yes,Vipul Amrutlal Shah
Aditya Roy Kapur,yes,2010,Guzaarish,61.30,yes,Sanjay Leela Bhansali
Aditya Roy Kapur,yes,2013,Aashiqui 2,250.00,yes,Mohit Suri
Aditya Roy Kapur,yes,2013,Yeh Jawaani Hai Deewani,319.01,yes,Ayan Mukerji
Aditya Roy Kapur,yes,2014,Daawat-e-Ishq,35.58,yes,Habib Faisal
Aditya Roy Kapur,yes,2017,Ok Jaanu,39.23,yes,Shaad Ali
Aditya Roy Kapur,yes,2019,Kalank,146.31,yes,Abhishek Varman
Aditya Roy Kapur,yes,2020,Ludo,,yes,Anurag Basu
Aditya Roy Kapur,yes,2020,Malang,81.50,yes,Mohit Suri
Aditya Roy Kapur,yes,2020,Sadak 2,,yes,Mahesh Bhatt
Aditya Roy Kapur,yes,2022,Rashtra Kavach Om,9.01,yes,Kapil Verma
Aditya Roy Kapur,yes,2023,Gumraah,10.68,yes,Vardhan Ketkar
Aditya Roy Kapur,yes,2025,Metro... In Dino,79.00,yes,Anurag Basu
Aditya Seal,no,2002,Ek Chhotisi Love Story,8.10,no,Shashilal K. Nair
Aditya Seal,no,2007,Say Salaam India,,no,Subhash Kapoor
Aditya Seal,no,2014,Purani Jeans,,no,Tanushri Chattrji Bassu
Aditya Seal,no,2016,Tum Bin II,6.45,no,Anubhav Sinha
Aditya Seal,no,2018,Namaste England,8.02,yes,Vipul Shah
Aditya Seal,no,2020,Indoo Ki Jawani,1.52,no,Abir Sengupta
Aditya Seal,no,2021,99 Songs,,no,Vishwesh Krishnamoorthy
Aditya Seal,no,2022,Rocket Gang,,no,Bosco Martis
Aditya Seal,no,2024,Amar Prem Ki Prem Kahani,,no,Hardik Gajjar
Aditya Seal,no,2024,Khel Khel Mein,56.78,yes,Mudassar Aziz
Aditya Shrivastava,no,2009,Gulaal,,no,Anurag Kashyap
Aditya Singh,no,2004,AK-47,,no,Raam Shetty
Aditya Singh Rajput,no,2008,U Me Aur Hum,40.02,yes,Ajay Devgn
Aditya Srivastava,no,2000,Dil Pe Mat Le Yaar,,no,Hansal Mehta
Aditya Srivastava,no,2007,Black Friday,8.00,no,Anurag Kashyap
Aditya Srivastava,no,2010,Kaalo,0.30,no,Wilson Louis
Aditya Srivastava,no,2017,Julie 2,,no,Deepak Shivdasani
Aditya Srivastava,no,2020,Raat Akeli Hai,,no,Honey Trehan
Aditya Srivastava,no,2024,Bhakshak,,no,Pulkit
Aditya Srivastava,no,2025,Kaal Trighori,,yes,Nitin Vaidya
Adivi Sesh,no,2022,Major,,no,Sashi Kiran Tikka
Adnan Shah,no,2015,Welcome 2 Karachi,,yes,Ashish R Mohan
Afiq Muiz,no,2017,Main Terrorist Nahi Hoon,,no,Arjin Uppal
Afreen Alvi,no,2018,Shaadi Teri Bajayenge Hum Band,,no,Gurpreet Sondh
Aftab,no,2004,Suno Sasurjee,,no,Vimal Kumar
Aftab Shivdasani,no,2001,Kasoor,14.10,no,Vikram Bhatt
Aftab Shivdasani,no,2001,Love Ke Liye Kuchh Bhi Karega,10.33,yes,E. Niwas
Aftab Shivdasani,no,2001,Pyaar Ishq Aur Mohabbat,7.15,no,Rajiv Rai
Aftab Shivdasani,no,2002,Awara Paagal Deewana,27.58,no,Vikram Bhatt
Aftab Shivdasani,no,2002,Jaani Dushman: Ek Anokhi Kahani,18.56,yes,Rajkumar Kohli
Aftab Shivdasani,no,2002,Koi Mere Dil Se Poochhe,,yes,Boney Kapoor
Aftab Shivdasani,no,2002,Kya Yehi Pyaar Hai,11.36,no,K. Murali Mohan Rao
Aftab Shivdasani,no,2002,Pyaasa,,no,A. Muthu
Aftab Shivdasani,no,2003,Darna Mana Hai,9.00,yes,Prawaal Raman
Aftab Shivdasani,no,2003,Footpath,6.43,yes,Vikram Bhatt
Aftab Shivdasani,no,2003,Hungama,21.25,yes,Priyadarshan
Aftab Shivdasani,no,2004,Masti,34.14,yes,Indra Kumar
Aftab Shivdasani,no,2004,Muskaan,,no,"Rohit Nayyar , Rohit Manash"
Aftab Shivdasani,no,2004,Shukriya: Till Death Do Us Apart,,no,Anupam Sinha
Aftab Shivdasani,no,2005,Deewane Huye Paagal,26.50,yes,Vikram Bhatt
Aftab Shivdasani,no,2005,Koi Aap Sa,,no,Partho Mitra
Aftab Shivdasani,no,2005,Mr Ya Miss,,no,Antara Mali
Aftab Shivdasani,no,2006,Ankahee,,yes,Vikram Bhatt
Aftab Shivdasani,no,2006,Darwaaza Bandh Rakho,2.32,no,J. D. Chakravarthy
Aftab Shivdasani,no,2006,Jaane Hoga Kya,2.85,no,"Glen Barretto, Ankush Mohla"
Aftab Shivdasani,no,2006,Shaadi Se Pehle,18.88,yes,Satish Kaushik
Aftab Shivdasani,no,2007,Dus Kahaniyaan,13.00,yes,"Sanjay Gupta , Apoorva Lakhia , Meghna Gulzar , Rohit Roy , Hansal Mehta , Jasmeet Dhodhi"
Aftab Shivdasani,no,2007,Life Mein Kabhie Kabhiee,,no,Vikram Bhatt
Aftab Shivdasani,no,2007,Nishabd,,no,Ram Gopal Varma
Aftab Shivdasani,no,2007,Red: The Dark Side,,no,Vikram Bhatt
Aftab Shivdasani,no,2007,Speed,,yes,Vikram Bhatt
Aftab Shivdasani,no,2008,De Taali,,no,Eeshwar Nivas
Aftab Shivdasani,no,2008,Money Hai Toh Honey Hai,,no,Ganesh Acharya
Aftab Shivdasani,no,2009,Aao Wish Karein,,no,Glenn Baretto
Aftab Shivdasani,no,2009,Acid Factory,5.20,yes,Suparn Verma
Aftab Shivdasani,no,2009,Aloo Chaat,,no,Robby Grewal
Aftab Shivdasani,no,2009,Daddy Cool,,no,K. Murli Manohar Rao
Aftab Shivdasani,no,2009,Kambakkht Ishq,85.56,yes,Sabbir Khan
Aftab Shivdasani,no,2011,Bin Bulaye Baraati,,no,Chandrakant Singh
Aftab Shivdasani,no,2012,1920: The Evil Returns,,no,Bhushan Patel
Aftab Shivdasani,no,2013,Grand Masti,148.23,yes,Indra Kumar
Aftab Shivdasani,no,2016,Great Grand Masti,20.00,yes,Indra Kumar
Aftab Shivdasani,no,2016,Kyaa Kool Hain Hum 3,33.14,no,Umesh Ghadge
Aftab Shivdasani,no,2019,Setters,0.58,no,Ashwini Chaudhary
Aftab Shivdasani,no,2025,Mastiii 4,15.14,yes,Milap Zaveri
Aftab Shivdasani,no,2025,Riwaj,,no,Manoj Sati
Afzaal Khan,no,2010,"Shahrukh Bola ""Khoobsurat Hai Tu""",,no,Makrand Deshpande
Agastya Nanda,yes,2023,The Archies,,yes,Zoya Akhtar
Ahaan Panday,yes,2025,Saiyaara,579.23,yes,Mohit Suri
Aham Sharma,no,2009,Blue Oranges,,no,Rajesh Ganguly
Ahan Shetty,yes,2021,Tadap,34.86,yes,Milan Luthria
Ahilya Bamroo,no,2024,I Want to Talk,1.25,yes,Shoojit Sircar
Ahmer Haider,no,2023,Am I Next,,no,Rahat Kazmi
Ahsaas Channa,no,2004,Vaastu Shastra,10.00,no,Saurab Narang
Ahsaas Channa,no,2006,Aryan,,yes,Abhishek Kapoor
Ahsaas Channa,no,2007,My Friend Ganesha,1.59,no,Rajiv S Ruia
Ahsaas Channa,no,2008,Phoonk,13.62,no,Ram Gopal Varma
Ahsaas Channa,no,2010,Phoonk 2,9.24,no,Milind Gadagkar
Ahsaas Channa,no,2025,Greater Kalesh,,no,Aditya Chandiok
Ahwaan,no,2011,Happy Husbands,,no,Anay
Aida Al-Khashef,no,2013,Ship of Theseus,,no,Anand Gandhi
Aindrita Ray,no,2019,Main Zaroor Aaunga,,yes,Chandrakant Singh
Aindrita Ray,no,2021,Bhavai,,no,Hardik Gajjar
Aindrita Ray,no,2022,Judaa Hoke Bhi,0.25,no,Vikram Bhatt
Aisha Ahmed,no,2018,3 Storeys,,no,Arjun Mukerjee
Aisha Sharma,no,2018,Satyameva Jayate,110.00,no,Milap Zaveri
Aishwarya Devan,no,2018,Kaashi in Search of Ganga,0.93,no,Dhiraj Kumar
Aishwarya Rai,no,2000,Dhai Akshar Prem Ke,16.30,yes,Raj Kanwar
Aishwarya Rai,no,2000,Hamara Dil Aapke Paas Hai,30.26,no,Satish Kaushik
Aishwarya Rai,no,2000,Josh,35.06,no,Mansoor Khan
Aishwarya Rai,no,2000,Mela,25.00,yes,Dharmesh Darshan
Aishwarya Rai,no,2000,Mohabbatein,76.91,yes,Aditya Chopra
Aishwarya Rai,no,2001,Albela,,no,Deepak Sareen
Aishwarya Rai,no,2002,23rd March 1931: Shaheed,14.25,yes,Guddu Dhanoa
Aishwarya Rai,no,2002,Devdas,90.00,no,Sanjay Leela Bhansali
Aishwarya Rai,no,2002,Hum Kisise Kum Nahin,29.15,yes,David Dhawan
Aishwarya Rai,no,2002,Hum Tumhare Hain Sanam,34.76,yes,K. S. Adhiyaman
Aishwarya Rai,no,2003,Dil Ka Rishta,14.60,no,Naresh Malhotra
Aishwarya Rai,no,2003,Kuch Naa Kaho,13.08,yes,Rohan Sippy
Aishwarya Rai,no,2004,Khakee,49.89,yes,Rajkumar Santoshi
Aishwarya Rai,no,2004,Kyun! Ho Gaya Na...,16.35,yes,Samir Karnik
Aishwarya Rai,no,2004,Raincoat,4.88,no,Rituparno Ghosh
Aishwarya Rai,no,2005,Shabd,,yes,Leena Yadav
Aishwarya Rai,no,2006,Dhoom 2,151.00,yes,Sanjay Gadhvi
Aishwarya Rai,no,2006,Umrao Jaan,19.52,yes,J. P. Dutta
Aishwarya Rai,no,2007,Guru,83.67,yes,Mani Ratnam
Aishwarya Rai,no,2016,Ae Dil Hai Mushkil,239.56,yes,Karan Johar
Aishwarya Rai,no,2016,Sarbjit,43.80,no,Omung Kumar
Aishwarya Rai Bachchan,no,2008,Jodhaa Akbar,120.00,yes,Ashutosh Gowariker
Aishwarya Rai Bachchan,no,2008,Sarkar Raj,63.00,yes,Ram Gopal Verma
Aishwarya Rai Bachchan,no,2010,Action Replayy,48.00,yes,Vipul Amrutlal Shah
Aishwarya Rai Bachchan,no,2010,Guzaarish,61.30,yes,Sanjay Leela Bhansali
Aishwarya Rai Bachchan,no,2010,Raavan,49.50,yes,Mani Ratnam
Aishwarya Rai Bachchan,no,2015,Jazbaa,42.67,no,Sanjay Gupta
Aishwarya Rai Bachchan,no,2018,Fanney Khan,16.55,no,Atul Manjrekar
Aishwarya Raj Bhakuni,no,2024,Pride,,yes,Pankaj Kr Virat
Aishwarya Rajesh,no,2017,Daddy,15.50,no,Ashim Ahluwalia
Aishwarya Sakhuja,no,2019,Ujda Chaman,12.61,no,Abhishek Pathak
Ajay Chaudhary,no,2009,Let's Dance,,no,Aarif Sheikh
Ajay Devgan,no,2001,Yeh Raaste Hain Pyaar Ke,15.69,yes,Deepak S. Shivdasani
Ajay Devgn,no,2000,Deewane,12.25,no,Harry Baweja
Ajay Devgn,no,2000,Raju Chacha,20.92,yes,Anil Devgan
Ajay Devgn,no,2001,Lajja,34.29,yes,Rajkumar Santoshi
Ajay Devgn,no,2001,Tera Mera Saath Rahen,,no,Mahesh Manjrekar
Ajay Devgn,no,2002,Company,25.02,yes,Ram Gopal Varma
Ajay Devgn,no,2002,Deewangee,22.00,yes,Anees Bazmee
Ajay Devgn,no,2002,Hum Kisise Kum Nahin,29.15,yes,David Dhawan
Ajay Devgn,no,2002,The Legend of Bhagat Singh,12.90,no,Rajkumar Santoshi
Ajay Devgn,no,2003,Bhoot,23.90,yes,Ram Gopal Varma
Ajay Devgn,no,2003,Chori Chori,5.64,yes,Milan Luthria
Ajay Devgn,no,2003,Gangaajal,16.67,no,Prakash Jha
Ajay Devgn,no,2003,LOC: Kargil,31.67,yes,J. P. Dutta
Ajay Devgn,no,2003,Parwana,7.06,no,Deepak Bahry
Ajay Devgn,no,2003,Qayamat: City Under Threat,28.52,yes,Harry Baweja
Ajay Devgn,no,2003,Zameen,17.80,yes,Rohit Shetty
Ajay Devgn,no,2004,Khakee,49.89,yes,Rajkumar Santoshi
Ajay Devgn,no,2004,Masti,34.14,yes,Indra Kumar
Ajay Devgn,no,2004,Raincoat,4.88,no,Rituparno Ghosh
Ajay Devgn,no,2004,Taarzan: The Wonder Car,6.20,no,Abbas Mustan
Ajay Devgn,no,2004,Yuva,24.48,yes,Mani Ratnam
Ajay Devgn,no,2005,Apaharan,23.16,no,Prakash Jha
Ajay Devgn,no,2005,Blackmail,6.58,no,Anil Devgan
Ajay Devgn,no,2005,Insan,10.41,yes,K. Subash
Ajay Devgn,no,2005,Kaal,28.50,yes,Soham Shah
Ajay Devgn,no,2005,Main Aisa Hi Hoon,6.58,yes,Harry Baweja
Ajay Devgn,no,2005,Shikhar,10.30,yes,John Matthew Matthan
Ajay Devgn,no,2005,Tango Charlie,11.08,yes,Mani Shankar
Ajay Devgn,no,2005,Zameer: The Fire Within,1.58,no,Kamal
Ajay Devgn,no,2006,Golmaal: Fun Unlimited,41.25,yes,Rohit Shetty
Ajay Devgn,no,2006,Omkara,42.00,yes,Vishal Bhardwaj
Ajay Devgn,no,2007,Aag,22.73,no,Ram Gopal Varma
Ajay Devgn,no,2007,Cash,29.30,yes,Anubhav Sinha
Ajay Devgn,no,2008,Golmaal Returns,95.00,yes,Rohit Shetty
Ajay Devgn,no,2008,Haal-e-Dil,0.72,yes,Anil Devgan
Ajay Devgn,no,2008,Halla Bol,19.39,yes,Rajkumar Santoshi
Ajay Devgn,no,2008,Mehbooba,3.78,yes,Afzal Khan
Ajay Devgn,no,2008,Sunday,,yes,Rohit Shetty
Ajay Devgn,no,2008,U Me Aur Hum,40.02,yes,Ajay Devgn
Ajay Devgn,no,2009,All the Best: Fun Begins,61.00,yes,Rohit Shetty
Ajay Devgn,no,2009,London Dreams,41.31,yes,Vipul Shah
Ajay Devgn,no,2010,Aakrosh,19.40,yes,Priyadarshan
Ajay Devgn,no,2010,Atithi Tum Kab Jaoge?,3.90,no,Ashwni Dhir
Ajay Devgn,no,2010,Golmaal 3,167.00,yes,Rohit Shetty
Ajay Devgn,no,2010,Once Upon a Time in Mumbaai,96.44,yes,Milan Luthria
Ajay Devgn,no,2010,Raajneeti,145.50,yes,Prakash Jha
Ajay Devgn,no,2010,Toonpur Ka Superrhero,7.09,yes,Kireet Khurana
Ajay Devgn,no,2011,Dil Toh Baccha Hai Ji,28.91,yes,Madhur Bhandarkar
Ajay Devgn,no,2011,Rascals,51.01,yes,David Dhawan
Ajay Devgn,no,2011,Ready,180.00,yes,Anees Bazmee
Ajay Devgn,no,2011,Singham,147.89,no,Rohit Shetty
Ajay Devgn,no,2011,Yamla Pagla Deewana,88.00,yes,Samir Karnik
Ajay Devgn,no,2012,Bol Bachchan,165.68,yes,Rohit Shetty
Ajay Devgn,no,2012,Son Of Sardaar,161.48,yes,Ashwni Dhir
Ajay Devgn,no,2012,Tezz,26.00,yes,Priyadarshan
Ajay Devgn,no,2013,Himmatwala,68.87,no,Sajid Khan
Ajay Devgn,no,2013,Satyagraha,,yes,Prakash Jha
Ajay Devgn,no,2014,Action Jackson,88.87,yes,Prabhu Deva
Ajay Devgn,no,2014,Singham Returns,215.00,yes,Rohit Shetty
Ajay Devgn,no,2015,Drishyam,147.00,no,Nishikant Kamat
Ajay Devgn,no,2016,Fitoor,42.38,yes,Abhishek Kapoor
Ajay Devgn,no,2016,Shivaay,124.15,no,Ajay Devgn
Ajay Devgn,no,2017,Baadshaho,123.50,yes,Milan Luthria
Ajay Devgn,no,2017,Golmaal Again,311.05,yes,Rohit Shetty
Ajay Devgn,no,2018,Raid,153.62,no,Raj Kumar Gupta
Ajay Devgn,no,2019,De De Pyaar De,143.04,no,Akiv Ali
Ajay Devgn,no,2019,Total Dhamaal,228.27,no,Indra Kumar
Ajay Devgn,no,2020,Tanhaji,368.00,yes,Om Raut
Ajay Devgn,no,2021,Bhuj: The Pride of India,,yes,Abhishek Dudhaiya
Ajay Devgn,no,2021,Sooryavanshi,302.52,no,Rohit Shetty
Ajay Devgn,no,2022,Drishyam 2,345.05,yes,Abhishek Pathak
Ajay Devgn,no,2022,Gangubai Kathiawadi,209.77,yes,Sanjay Leela Bhansali
Ajay Devgn,no,2022,Runway 34,53.77,no,Ajay Devgn
Ajay Devgn,no,2022,Thank God,48.92,no,Indra Kumar
Ajay Devgn,no,2023,Bholaa,111.64,no,Ajay Devgn
Ajay Devgn,no,2024,Auron Mein Kahan Dum Tha,12.91,no,Neeraj Pandey
Ajay Devgn,no,2024,Maidaan,68.09,no,Amit Sharma
Ajay Devgn,no,2024,Naam,,no,Anees Bazmee
Ajay Devgn,no,2024,Shaitaan,211.06,no,Vikas Bahl
Ajay Devgn,no,2024,Singham Again,389.64,yes,Rohit Shetty
Ajay Devgn,no,2025,Azaad,9.17,yes,Abhishek Kapoor
Ajay Devgn,no,2025,De De Pyaar De 2,104.67,no,Anshul Sharma
Ajay Devgn,no,2025,Raid 2,243.06,no,Raj Kumar Gupta
Ajay Devgn,no,2025,Son of Sardaar 2,60.90,no,Vijay Kumar Arora
Ajay Gehi,no,2011,Not a Love Story,,no,Ram Gopal Varma
Ajay Jadeja,no,2003,Khel – No Ordinary Game,,yes,Yusuf Khan
Ajay Jadeja,no,2009,Pal Pal Dil Ke Ssaat,,no,V Krishna Kumar
Ajay Kumar,no,2015,Once Upon a Time in Bihar,,no,Nitin Chandra
Ajay Kumar Singh,no,2017,Ajab Singh Ki Gajab Kahani,,no,Rishi Prakash Mishra
Ajay Sinh Rathod,no,2014,Angry Young Man,,no,Ramesh Rout
Ajaz Khan,no,2014,Ya Rab,,no,Hasnain Hyderabadwala
Ajaz Khan,no,2016,Love Day - Pyaar Ka Din,,no,"Sandeep Choudhary, Harish Kotian"
Ajaz Khan,no,2022,Hai Tujhe Salaam India,,no,Avanish Kumar
Ajith Kumar,no,2001,Aśoka,28.00,yes,Santosh Sivan
Ajith Vachani,no,2001,Kyo Kii Main Jhuth Nahin Bolta,14.34,yes,David Dhawan
Akaisha,no,2025,Andaaz 2,,no,Suneel Darshan
Akanksha Puri,no,2025,So Long Valley,,no,Man Singh
Akansha Ranjan Kapoor,no,2020,Guilty,,no,Ruchi Narain
Akansha Sharma,no,2025,Kesari Veer,,yes,Prince Dhiman
Akarsh Khurana,no,2020,Ram Singh Charlie,,no,Nitin Kakkar
Akash Chopra,no,2013,Rabba Main Kya Karoon,,no,Amrit Sagar Chopra
Akash Pratap Singh,no,2024,Main Ladega,,no,Gaurav Rana
Akash Singh,no,2013,Bloody Isshq,,no,Arup Dutta
Akash Thosar,no,2018,Lust Stories,,yes,"Anurag Kashyap , Karan Johar , Zoya Akhtar , Dibakar Banerjee"
Akash Thosar,no,2022,Jhund,15.16,no,Nagraj Manjule
Akhil Kapur,no,2014,Desi Kattey,,no,Anand Kumar
Akhil Mishra,no,2014,Bhopal: A Prayer for Rain,,no,Ravi Kumar
Akhilendra Mishra,no,2003,Yeh Dil,,yes,Teja
Akhilendra Mishra,no,2005,Ek Ajnabee,,yes,Apoorva Lakhia
Akhilendra Mishra,no,2012,Married 2 America,,no,Dilip Shankar
Akhilendra Mishra,no,2014,Ya Rab,,no,Hasnain Hyderabadwala
Akhilendra Mishra,no,2016,Global Baba,,no,Manoj Sidheshwari Tewari
Akhilendra Mishra,no,2018,Kaashi in Search of Ganga,0.93,no,Dhiraj Kumar
Akhilendra Mishra,no,2019,Blackboard vs Whiteboard,,no,Tarun S. Bisht
Akhilendra Mishra,no,2019,Jhalki,,no,Brahmanand S. Siingh
Akhilendra Mishra,no,2022,Dedh Lakh Ka Dulha,,no,Abhay Pratap Singh
Akhilendra Mishra,no,2024,Kahan Shuru Kahan Khatam,,no,Saurabh Dasgupta
Akhilesh Jain,no,2015,Jai Jawaan Jai Kisaan,,no,Milan Ajmera
Akhlaque Khan,no,2012,?: A Question Mark,,no,Allyson Patel Yash Dave
Akkash Basant,no,2012,Login,,no,Sanjeev Reddy
Akkineni Nagarjuna,no,2002,Agni Varsha,,no,Arjun Sajnani
Akruti Agrawal,no,2015,Lion of Gujarat,,no,Dinesh Lamba
Aksha Pardasany,no,2017,Love You Family,,no,Sachindra Sharma
Aksha Pardasany,no,2024,Kartam Bhugtam,1.00,no,Soham P. Shah
Akshara Haasan,no,2015,Shamitabh,37.00,no,R. Balki
Akshara Haasan,no,2017,Laali Ki Shaadi Mein Laaddoo Deewana,0.81,no,Manish Harishankar
Akshat Bhatia,no,2006,Love Ke Chakkar Mein,,yes,B. H. Tharunkumar
Akshay Anand,no,2004,Uuf Kya Jaadoo Mohabbat Hai,,no,Manoj J. Bhatia
Akshay Anand,no,2024,A Wedding Story,,no,Abhinav Pareek
Akshay Kapoor,no,2004,Popcorn Khao! Mast Ho Jao,,no,Kabir Sadanand
Akshay Kapoor,no,2006,Alag,0.56,no,Ashu Trikha
Akshay Kapoor,no,2009,"Three: Love, Lies, Betrayal",,no,Vishal Pandya
Akshay Kumar,no,2000,Dhadkan,26.47,no,Dharmesh Darshan
Akshay Kumar,no,2000,Hera Pheri,21.40,no,Priyadarshan
Akshay Kumar,no,2000,Khiladi 420,10.20,no,Neeraj Vora
Akshay Kumar,no,2001,Ajnabee,31.83,yes,Abbas Mustan
Akshay Kumar,no,2001,Ek Rishtaa: The Bond of Love,36.50,yes,Suneel Darshan
Akshay Kumar,no,2002,Aankhen,33.80,no,Vipul Shah
Akshay Kumar,no,2002,Awara Paagal Deewana,27.58,no,Vikram Bhatt
Akshay Kumar,no,2002,Haan Maine Bhi Pyaar Kiya,19.55,yes,Dharmesh Darshan
Akshay Kumar,no,2002,Jaani Dushman: Ek Anokhi Kahani,18.56,yes,Rajkumar Kohli
Akshay Kumar,no,2003,Andaaz,28.81,no,Suneel Darshan
Akshay Kumar,no,2003,Talaash: The Hunt Begins...,,yes,Suneel Darshan
Akshay Kumar,no,2004,Aan: Men at Work,,no,Madhur Bhandarkar
Akshay Kumar,no,2004,Ab Tumhare Hawale Watan Saathiyo,19.16,yes,Anil Sharma
Akshay Kumar,no,2004,Aitraaz,29.00,yes,Abbas–Mustan
Akshay Kumar,no,2004,Hatya,,no,Kader Kashmiri
Akshay Kumar,no,2004,Khakee,49.89,yes,Rajkumar Santoshi
Akshay Kumar,no,2004,Meri Biwi Ka Jawaab Nahin,0.39,no,"S. M. Iqbal , Pankaj Parashar"
Akshay Kumar,no,2004,Mujhse Shaadi Karogi,62.00,yes,David Dhawan
Akshay Kumar,no,2004,Police Force: An Inside Story,1.80,no,Dilip Shukla
Akshay Kumar,no,2005,Bewafaa,33.18,yes,Dharmesh Darshan
Akshay Kumar,no,2005,Deewane Huye Paagal,26.50,yes,Vikram Bhatt
Akshay Kumar,no,2005,Dosti: Friends Forever,23.00,yes,Suneel Darshan
Akshay Kumar,no,2005,Garam Masala,64.65,no,Priyadarshan
Akshay Kumar,no,2005,Insan,10.41,yes,K. Subash
Akshay Kumar,no,2005,Waqt: The Race Against Time,42.49,no,Vipul Shah
Akshay Kumar,no,2006,Bhagam Bhag,67.00,yes,Priyadarshan
Akshay Kumar,no,2006,Humko Deewana Kar Gaye,27.00,no,Raj Kanwar
Akshay Kumar,no,2006,Jaan-E-Mann,46.26,yes,Shirish Kunder
Akshay Kumar,no,2006,Mere Jeevan Saathi,7.82,yes,Suneel Darshan
Akshay Kumar,no,2006,Phir Hera Pheri,69.00,no,Neeraj Vora
Akshay Kumar,no,2007,Bhool Bhulaiyaa,83.00,no,Priyadarshan
Akshay Kumar,no,2007,Heyy Babyy,84.00,yes,Sajid Khan
Akshay Kumar,no,2007,Namastey London,71.40,yes,Vipul Amrutlal Shah
Akshay Kumar,no,2007,Welcome,122.00,no,Anees Bazmee
Akshay Kumar,no,2008,Jumbo,21.00,no,Kompin Kemgumnird
Akshay Kumar,no,2008,Singh Is Kinng,136.00,no,Anees Bazmee
Akshay Kumar,no,2008,Tashan,51.00,yes,Vijay Krishna Acharya
Akshay Kumar,no,2009,8 x 10 Tasveer,23.58,no,Nagesh Kukunoor
Akshay Kumar,no,2009,Blue,63.92,yes,Anthony D'souza
Akshay Kumar,no,2009,Chandni Chowk to China,120.00,no,Nikkhil Advani
Akshay Kumar,no,2009,De Dana Dan,81.85,no,Priyadarshan
Akshay Kumar,no,2009,Kambakkht Ishq,85.56,yes,Sabbir Khan
Akshay Kumar,no,2010,Action Replayy,48.00,yes,Vipul Amrutlal Shah
Akshay Kumar,no,2010,Housefull,114.18,no,Sajid Khan
Akshay Kumar,no,2010,Jaane Kahan Se Aayi Hai,,no,Milap Zaveri
Akshay Kumar,no,2010,Khatta Meetha,62.79,no,Priyadarshan
Akshay Kumar,no,2010,Tees Maar Khan,101.89,yes,Farah Khan
Akshay Kumar,no,2011,Chalo Dilli,,no,Shashant Shah
Akshay Kumar,no,2011,Desi Boyz,77.00,yes,Rohit Dhawan
Akshay Kumar,no,2011,Patiala House,35.30,yes,Nikhil Advani
Akshay Kumar,no,2011,Thank You,104.00,yes,Anees Bazmee
Akshay Kumar,no,2012,Housefull 2,179.15,yes,Sajid Khan
Akshay Kumar,no,2012,Joker,35.87,yes,Shirish Kunder
Akshay Kumar,no,2012,Khiladi 786,107.00,no,Ashish R Mohan
Akshay Kumar,no,2012,OMG – Oh My God!,149.90,yes,Umesh Shukla
Akshay Kumar,no,2012,Rowdy Rathore,203.39,yes,Prabhu Deva
Akshay Kumar,no,2013,Boss,102.82,no,Anthony D'Souza
Akshay Kumar,no,2013,Once Upon ay Time in Mumbai Dobaara!,91.70,yes,Milan Luthria
Akshay Kumar,no,2013,Special 26,103.00,no,Neeraj Pandey
Akshay Kumar,no,2014,Entertainment,115.93,no,Sajid-Farhad
Akshay Kumar,no,2014,Holiday: A Soldier Is Never Off Duty,176.42,yes,A.R. Murugadoss
Akshay Kumar,no,2014,The Shaukeens,46.30,no,Abhishek Sharma
Akshay Kumar,no,2015,Baby,142.98,no,Neeraj Pandey
Akshay Kumar,no,2015,Brothers,140.30,no,Karan Malhotra
Akshay Kumar,no,2015,Gabbar Is Back,135.81,no,Krish
Akshay Kumar,no,2015,Singh Is Bliing,149.10,no,Prabhu Deva
Akshay Kumar,no,2016,Airlift,209.97,no,Raja Krishna Menon
Akshay Kumar,no,2016,Housefull 3,194.94,yes,Sajid-Farhad
Akshay Kumar,no,2016,Rustom,216.35,no,Tinu Suresh Desai
Akshay Kumar,no,2017,Jolly LLB 2,197.33,no,Subhash Kapoor
Akshay Kumar,no,2017,Naam Shabana,60.00,no,Shivam Nair
Akshay Kumar,no,2017,Toilet: Ek Prem Katha,311.50,no,Shree Narayan Singh
Akshay Kumar,no,2018,2.0,,no,S Shankar
Akshay Kumar,no,2018,Gold,158.00,no,Reema Kagti
Akshay Kumar,no,2018,Pad Man,212.02,yes,R. Balki
Akshay Kumar,no,2019,Good Newwz,318.57,yes,Raj Mehta
Akshay Kumar,no,2019,Housefull 4,280.27,yes,Farhad Samji
Akshay Kumar,no,2019,Kesari,207.09,no,Anurag Singh
Akshay Kumar,no,2019,Mission Mangal,290.59,yes,Jagan Shakti
Akshay Kumar,no,2020,Laxmii,,no,Raghava Lawrence
Akshay Kumar,no,2021,Atrangi Re,,yes,Aanand L. Rai
Akshay Kumar,no,2021,Bell Bottom,50.58,no,Ranjit M Tewari
Akshay Kumar,no,2021,Sooryavanshi,302.52,no,Rohit Shetty
Akshay Kumar,no,2022,Bachchhan Paandey,73.17,no,Farhad Samji
Akshay Kumar,no,2022,Cuttputlli,,no,Ranjit M Tewari
Akshay Kumar,no,2022,Raksha Bandhan,61.61,no,Aanand L. Rai
Akshay Kumar,no,2022,Ram Setu,94.45,no,Abhishek Sharma
Akshay Kumar,no,2022,Samrat Prithviraj,90.32,yes,Chandraprakash Dwivedi
Akshay Kumar,no,2023,Mission Raniganj,45.66,no,Tinu Suresh Desai
Akshay Kumar,no,2023,OMG 2,221.08,no,Amit Rai
Akshay Kumar,no,2023,Selfiee,23.63,yes,Raj Mehta
Akshay Kumar,no,2024,Bade Miyan Chote Miyan,102.16,yes,Ali Abbas Zafar
Akshay Kumar,no,2024,Khel Khel Mein,56.78,yes,Mudassar Aziz
Akshay Kumar,no,2024,Sarfira,30.02,no,Sudha Kongara
Akshay Kumar,no,2024,Singham Again,389.64,yes,Rohit Shetty
Akshay Kumar,no,2025,Housefull 5,242.80,yes,Tarun Mansukhani
Akshay Kumar,no,2025,Jolly LLB 3,166.06,no,Subhash Kapoor
Akshay Kumar,no,2025,Kesari Chapter 2,,yes,Karan Singh Tyagi
Akshay Kumar,no,2025,Sky Force,168.88,yes,Sandeep Kewlani Abhishek Anil Kapur
Akshay Oberoi,no,2010,Isi Life Mein...!,,no,Vidhi Kasliwal
Akshay Oberoi,no,2014,Pizza,4.04,no,Akshay Akkineni
Akshay Oberoi,no,2016,Fitoor,42.38,yes,Abhishek Kapoor
Akshay Oberoi,no,2016,Laal Rang,2.26,no,Syed Ahmad Afzal
Akshay Oberoi,no,2017,Gurgaon,6.70,no,Shanker Raman
Akshay Oberoi,no,2018,Kaalakaandi,10.00,yes,Akshat Verma
Akshay Oberoi,no,2019,Bombairiya,0.14,no,Pia Sukanya
Akshay Oberoi,no,2021,Madam Chief Minister,0.05,no,Subhash Kapoor
Akshay Oberoi,no,2021,State of Siege: Temple Attack,,yes,Ken Ghosh
Akshay Oberoi,no,2022,Judaa Hoke Bhi,0.25,no,Vikram Bhatt
Akshay Oberoi,no,2023,I Love You,,no,Nikhil Mahajan
Akshay Oberoi,no,2024,Chote Nawab,,no,Kumud Chaudhary
Akshay Oberoi,no,2024,Fighter,344.46,yes,Siddharth Anand
Akshay Oberoi,no,2024,Ghuspaithiya,,no,Susi Ganeshan
Akshay Oberoi,no,2024,Kisko Tha Pata,,no,Ratnaa Sinha
Akshay Oberoi,no,2025,Akshardham: Operation Vajra Shakti,,yes,Ken Ghosh
Akshay Rangshahi,no,2016,Ishq Junoon,,no,Sanjay Sharma
Akshay Singh,no,2011,Chitkabrey – Shades of Grey,,no,Suneet Arora
Akshay Singh,no,2023,Pinky Beauty Parlour,,no,Akshay Singh
Akshaye Khanna,yes,2001,Dil Chahta Hai,39.72,yes,Farhan Akhtar
Akshaye Khanna,yes,2002,Deewangee,22.00,yes,Anees Bazmee
Akshaye Khanna,yes,2002,Humraaz,29.71,yes,Abbas–Mustan
Akshaye Khanna,yes,2003,Hungama,21.25,yes,Priyadarshan
Akshaye Khanna,yes,2003,LOC: Kargil,31.67,yes,J. P. Dutta
Akshaye Khanna,yes,2004,Deewaar,28.60,yes,Milan Luthria
Akshaye Khanna,yes,2004,Hulchul,33.09,yes,Priyadarshan
Akshaye Khanna,yes,2006,36 China Town,38.00,yes,Abbas–Mustan
Akshaye Khanna,yes,2006,Aap Ki Khatir,13.00,yes,Dharmesh Darshan
Akshaye Khanna,yes,2006,Shaadi Se Pehle,18.88,yes,Satish Kaushik
Akshaye Khanna,yes,2007,Aaja Nachle,,yes,Anil Mehta
Akshaye Khanna,yes,2007,"Gandhi, My Father",7.49,yes,Feroz Abbas Khan
Akshaye Khanna,yes,2007,Naqaab,21.20,yes,Abbas Mustan
Akshaye Khanna,yes,2007,Salaam-e-Ishq: A Tribute to Love,52.24,yes,Nikhil Advani
Akshaye Khanna,yes,2008,Mere Baap Pehle Aap,36.00,yes,Priyadarshan
Akshaye Khanna,yes,2008,Race,106.00,yes,Abbas–Mustan
Akshaye Khanna,yes,2009,Shortkut,,yes,Neeraj Vora
Akshaye Khanna,yes,2010,Aakrosh,19.40,yes,Priyadarshan
Akshaye Khanna,yes,2010,No Problem,,yes,Anees Bazmee
Akshaye Khanna,yes,2010,Tees Maar Khan,101.89,yes,Farah Khan
Akshaye Khanna,yes,2012,Delhi Safari,,yes,Nikhil Advani
Akshaye Khanna,yes,2012,Gali Gali Chor Hai,13.07,yes,Rumi Jaffrey
Akshaye Khanna,yes,2016,Dishoom,119.58,yes,Rohit Dhawan
Akshaye Khanna,yes,2017,Ittefaq,56.26,yes,Abhay Chopra
Akshaye Khanna,yes,2017,Mom,175.70,yes,Ravi Udyawar
Akshaye Khanna,yes,2019,Section 375,12.35,yes,Ajay Bahl
Akshaye Khanna,yes,2019,The Accidental Prime Minister,22.65,yes,Vijay Ratnakar Gutte
Akshaye Khanna,yes,2020,Sab Kushal Mangal,0.45,yes,Karan Vishwanath Kashyap
Akshaye Khanna,yes,2021,State of Siege: Temple Attack,,yes,Ken Ghosh
Akshaye Khanna,yes,2022,Drishyam 2,345.05,yes,Abhishek Pathak
Akshaye Khanna,yes,2025,Akshardham: Operation Vajra Shakti,,yes,Ken Ghosh
Akshaye Khanna,yes,2025,Chhaava,797.34,yes,Laxman Utekar
Akshaye Khanna,yes,2025,Dhurandhar,1349.65,yes,Aditya Dhar
Alam Khan,no,2016,Freaky Ali,21.32,yes,Sohail Khan
Alan Kapoor,no,2008,Rama Rama Kya Hai Dramaa?,,no,S. Chandrakaant
Alankrita Sahai,no,2018,Love per Square Foot,,yes,Anand Tiwari
Alankrita Sahai,no,2018,Namaste England,8.02,yes,Vipul Shah
Alankrita Sahai,no,2024,Tipppsy,0.08,no,Deepak Tijori
Alaya F,no,2022,Freddy,,no,Shashanka Ghosh
Alaya F,no,2023,Almost Pyaar with DJ Mohabbat,0.25,no,Anurag Kashyap
Alaya F,no,2023,U-Turn,,no,Arif Khan
Alaya F,no,2024,Bade Miyan Chote Miyan,102.16,yes,Ali Abbas Zafar
Alaya F,no,2024,Srikanth,62.92,no,Tushar Hiranandani
Alaya Furniturewala,no,2020,Jawaani Jaaneman,44.77,yes,Nitin Kakkar
Alekh Sangal,no,2015,Sabki Bajegi Band,,no,Anirudh Chawla
Alex Peters,no,2014,The Dark Secrets Of Tonhi,,no,Shiraz Henry
Alexx O'Nell,no,2023,Khufiya,,no,Vishal Bharadwaj
Alexx O'Nell,no,2024,Ae Watan Mere Watan,,yes,Kannan Iyer
Ali Asgar,no,2000,Joru Ka Ghulam,13.10,yes,Shakeel Noorani
Ali Asgar,no,2002,Aap Mujhe Achche Lagne Lage,20.20,yes,Vikram Bhatt
Ali Asgar,no,2002,Tum Se Achcha Kaun Hai,16.00,no,Deepak Anand
Ali Asgar,no,2004,Aetbaar,8.00,no,Vikram Bhatt
Ali Asgar,no,2004,Bhola in Bollywood,,no,Sumbul Gazi
Ali Asgar,no,2004,Stop!,,no,Ajai Sinha
Ali Asgar,no,2010,332 Mumbai to India,,no,Mahesh Pandey
Ali Asgar,no,2017,Judwaa 2,227.59,yes,David Dhawan
Ali Fazal,no,2009,3 Idiots,400.61,yes,Rajkumar Hirani
Ali Fazal,no,2011,Always Kabhi Kabhi,,no,Roshan Abbas
Ali Fazal,no,2013,Baat Bann Gayi,,no,Shuja Ali
Ali Fazal,no,2013,Fukrey,53.00,no,Mrigdeep Singh Lamba
Ali Fazal,no,2014,Bobby Jasoos,20.38,no,Samar Shaikh
Ali Fazal,no,2014,Sonali Cable,,no,Charudutt Acharya
Ali Fazal,no,2015,Khamoshiyan,19.50,no,Karan Dara
Ali Fazal,no,2016,Happy Bhag Jayegi,46.50,yes,Mudassar Aziz
Ali Fazal,no,2017,Fukrey Returns,112.30,no,Mrighdeep Singh Lamba
Ali Fazal,no,2018,Happy Phirr Bhag Jayegi,28.06,yes,Mudassar Aziz
Ali Fazal,no,2019,House Arrest,,no,Shashanka Ghosh and Samit Basu
Ali Fazal,no,2019,Milan Talkies,,yes,Tigmanshu Dhulia
Ali Fazal,no,2019,Prassthanam,5.90,yes,Deva Katta
Ali Fazal,no,2022,Tadka,,no,Prakash Raj
Ali Fazal,no,2023,Khufiya,,no,Vishal Bharadwaj
Ali Fazal,no,2025,Metro... In Dino,79.00,yes,Anurag Basu
Ali Haji,no,2008,Drona,15.00,yes,Goldie Behl
Ali Haji,no,2010,Paathshaala,17.00,yes,Milind Ukey
Ali Haji,no,2019,Line of Descent,,yes,Rohit Karn Batra
Ali Kazmi,no,2016,Shivaay,124.15,no,Ajay Devgn
Ali Larter,no,2007,Marigold,2.29,yes,Willard Carroll
Ali Murad,no,2020,Dheet Patangey,,no,Ravi Adhikari
Ali Zafar,no,2010,Tere Bin Laden,,no,Abhishek Sharma
Ali Zafar,no,2011,Mere Brother Ki Dulhan,,yes,Ali Abbas Zafar
Ali Zafar,no,2012,"London, Paris, New York",,no,Anu Menon
Ali Zafar,no,2013,Chashme Baddoor,50.00,no,David Dhawan
Ali Zafar,no,2014,Kill Dil,52.10,no,Shaad Ali
Ali Zafar,no,2014,Total Siyapaa,13.10,no,E Niwas
Alia Bhatt,yes,2012,Student of the Year,,yes,Karan Johar
Alia Bhatt,yes,2014,2 States,172.99,yes,Abhishek Varman
Alia Bhatt,yes,2014,Highway,47.70,yes,Imtiaz Ali
Alia Bhatt,yes,2014,Humpty Sharma Ki Dulhania,119.58,yes,Shashank Khaitan
Alia Bhatt,yes,2015,Shaandaar,75.70,yes,Vikas Bahl
Alia Bhatt,yes,2016,Dear Zindagi,138.91,yes,Gauri Shinde
Alia Bhatt,yes,2016,Kapoor & Sons,143.29,yes,Shakun Batra
Alia Bhatt,yes,2016,Udta Punjab,,yes,Abhishek Chaubey
Alia Bhatt,yes,2017,Badrinath Ki Dulhania,200.45,yes,Shashank Khaitan
Alia Bhatt,yes,2018,Raazi,,yes,Meghna Gulzar
Alia Bhatt,yes,2019,Gully Boy,238.16,yes,Zoya Akhtar
Alia Bhatt,yes,2019,Kalank,146.31,yes,Abhishek Varman
Alia Bhatt,yes,2020,Sadak 2,,yes,Mahesh Bhatt
Alia Bhatt,yes,2022,Brahmāstra: Part One – Shiva,435.00,yes,Ayan Mukerji
Alia Bhatt,yes,2022,Darlings,,yes,Jasmeet K Reen
Alia Bhatt,yes,2022,Gangubai Kathiawadi,209.77,yes,Sanjay Leela Bhansali
Alia Bhatt,yes,2023,Rocky Aur Rani Kii Prem Kahaani,355.61,yes,Karan Johar
Alia Bhatt,yes,2024,Jigra,55.05,yes,Vasan Bala
Alice Patten,no,2006,Rang De Basanti,97.00,yes,Rakeysh Omprakash Mehra
Alieesa Badresia,no,2014,Mumbhai Connection,,no,Atlanta Nagendra
Alisha Baig,no,2006,Zinda,17.60,yes,Sanjay Gupta
Alisha Parveen,no,2025,So Long Valley,,no,Man Singh
Aliza,no,2004,Chand Bujh Gaya,0.15,yes,Sharique Minhaj
Alizeh Agnihotri,no,2023,Farrey,2.25,yes,Soumendra Padhi
Alka Amin,no,2019,72 Hours: Martyr Who Never Died,,no,Avinash Dhyani
Alka Amin,no,2023,Ajmer 92,1.00,no,Pushpendra Singh
Alka Amin,no,2023,Kanjoos Makhichoos,,no,Vipul Mehta
Alka Amin,no,2024,Aayushmati Geeta Matric Pass,,no,Prradip Khairwar
Alka Amin,no,2024,Navras Katha Collage,,no,Praveen Hingonia
Alok Chaturvedi,no,2011,Shor in the City,4.39,yes,"Raj Nidimoru, Krishna Dk"
Alok Chaturvedi,no,2016,Kaafiron Ki Namaaz,,no,Ram Ramesh Sharma
Alok Nath,no,2000,Le Chal Apne Sang,,no,Vijay Kondke
Alok Nath,no,2002,Aap Mujhe Achche Lagne Lage,20.20,yes,Vikram Bhatt
Alok Nath,no,2002,Dil Hai Tumhaara,18.03,yes,Kundan Shah
Alok Nath,no,2002,Na Tum Jaano Na Hum,19.29,yes,Arjun Sablok
Alok Nath,no,2005,Revati,0.15,no,Farogh Siddique
Alok Nath,no,2008,Ek Vivaah... Aisa Bhi,2.35,no,Kaushik Ghatak
Alok Nath,no,2010,Thanks Maa,,no,Irfan Kamal
Alok Nath,no,2016,Dil Toh Deewana Hai,,no,Raja Bundela
Alyy Khan,no,2011,Don 2,202.81,yes,Farhan Akhtar
Alyy Khan,no,2011,Jo Hum Chahein,,no,Pawan Gill
Amaan Khan,no,2016,Rough Book,,no,Ananth Narayan Mahadevan
Amala Akkineni,no,2023,Tumse Na Ho Payega,,no,Abhishek Sinha
Aman Siddiqui,no,2008,Bhoothnath,70.00,no,Vivek Sharma
Aman Verma,no,2003,Andaaz,28.81,no,Suneel Darshan
Aman Verma,no,2003,Baghban,43.11,yes,Ravi Chopra
Aman Verma,no,2003,Praan Jaye Par Shaan Na Jaye,2.35,yes,Sanjay Manjrekar
Aman Verma,no,2005,Dosti: Friends Forever,23.00,yes,Suneel Darshan
Aman Verma,no,2008,Superstar,,no,Rohit Jugraj
Aman Verma,no,2010,Ek Second... Jo Zindagi Badal De?,0.44,no,Partho Ghosh
Aman Verma,no,2010,Krantiveer – The Revolution,,no,Mehul Kumar
Aman Verma,no,2011,U R My Jaan,,no,Aron Govil
Aman Verma,no,2014,Badlapur Boys,,no,Shailesh Verma
Aman Verma,no,2014,Dee Saturday Night,,no,Jay Prakash
Aman Verma,no,2017,JD,,no,Shailendra Pandey
Aman Verma,no,2019,Chicken Curry Law,,no,Shekhar Sirrinn
Aman Verma,no,2025,Me No Pause Me Play,,no,Samar K Mukharjee
Aman Yatan Verma,no,2023,Do Ajnabee,,no,Sanjeev Kumar Rajput
Amanda Bhogal,no,2021,B.A. Pass 3,,no,Narendra Singh
Amar Ali Malik,no,2004,Khamosh Pani,,no,Sabiha Kumar
Amar Babaria,no,2000,Dr Mukta,,no,
Amar Babaria,no,2008,Jumbo,21.00,no,Kompin Kemgumnird
Amar Upadhyay,no,2003,Dhund,,no,Shyam Ramsay
Amar Upadhyay,no,2003,Jodi Kya Banayi Wah Wah Ramji,,no,Raman Kumar
Amar Upadhyay,no,2021,Kaagaz,,no,Satish Kaushik
Amardeep Jha,no,2005,White Rainbow,,no,Dharan Mandrayar
Amarjeet Shukla,no,2006,Iqraar by Chance,,yes,K. Ravi Shankar
Amartya Ray,no,2019,22 Yards,,no,Mitali Ghoshal
Amber Upadhyay,no,2020,Pagleaazam,,no,"Vikas P Kavvthekaar, Aps Raghuvanshi"
Ameesha Patel,no,2004,Suno Sasurjee,,no,Vimal Kumar
Ameesha Patel,no,2005,Elaan,,no,Vikram Bhatt
Ameesha Patel,no,2005,Mangal Pandey: The Rising,52.58,yes,Ketan Mehta
Ameesha Patel,no,2005,Vaada,,yes,Satish Kaushik
Ameesha Patel,no,2005,Zameer: The Fire Within,1.58,no,Kamal
Ameesha Patel,no,2008,Thoda Pyaar Thoda Magic,37.25,yes,Kunal Kohli
Ameesha Patel,no,2011,Chatur Singh Two Star,,yes,Ajay Chandok
Ameesha Patel,no,2013,Race 2,175.75,yes,Abbas–Mustan
Ameesha Patel,no,2013,Shortcut Romeo,,no,Susi Ganeshan
Ameesha Patel,no,2018,Bhaiaji Superhit,,yes,Neerraj Pathak
Ameesha Patel,no,2023,Gadar 2,691.08,yes,Anil Sharma
Ameesha Patel,no,2023,Mystery of the Tattoo,,no,Kalaiarasi Sathappan Ganesh Mahadevan
Ameesha Patel,no,2024,Tauba Tera Jalwa,,no,Akashaditya Lama
Amin Gazi,no,2001,Lagaan: Once Upon a Time in India,65.97,yes,Ashutosh Gowariker
Amin Gazi,no,2004,Tauba Tauba,,no,T L V Prasad
Amir Boutrous,no,2023,Akelli,,no,Pranay Meshram
Amir Dalvi,no,2013,Dilli Gang,,no,Ashish Tyagi
Amir Dalvi,no,2016,Saansein,,no,Rajiv S. Ruia
Amisha Patel,no,2000,Kaho Naa... Pyaar Hai,80.01,yes,Rakesh Roshan
Amisha Patel,no,2001,Gadar: Ek Prem Katha,133.13,yes,Anil Sharma
Amisha Patel,no,2001,Yeh Zindagi Ka Safar,,no,Tanuja Chandra
Amisha Patel,no,2002,Aap Mujhe Achche Lagne Lage,20.20,yes,Vikram Bhatt
Amisha Patel,no,2002,Humraaz,29.71,yes,Abbas–Mustan
Amisha Patel,no,2002,Kranti,,yes,Naresh Malhotra
Amisha Patel,no,2002,Kya Yehi Pyaar Hai,11.36,no,K. Murali Mohan Rao
Amisha Patel,no,2002,Yeh Hai Jalwa,10.88,yes,David Dhawan
Amisha Patel,no,2003,Parwana,7.06,no,Deepak Bahry
Amisha Patel,no,2006,Aap Ki Khatir,13.00,yes,Dharmesh Darshan
Amisha Patel,no,2006,Ankahee,,yes,Vikram Bhatt
Amisha Patel,no,2006,Humko Tumse Pyaar Hai,4.33,yes,Vikram Bhatt
Amisha Patel,no,2006,Mere Jeevan Saathi,7.82,yes,Suneel Darshan
Amisha Patel,no,2006,Tathastu,,yes,Anubhav Sinha
Amisha Patel,no,2006,Teesri Aankh: The Hidden Camera,,yes,Harry Baweja
Amisha Patel,no,2007,Bhool Bhulaiyaa,83.00,no,Priyadarshan
Amisha Patel,no,2007,Honeymoon Travels Pvt. Ltd.,19.51,yes,Reema Kagti
Amit Behl,no,2011,Bheja Fry 2,,no,Sagar Ballary
Amit Behl,no,2015,Kaagaz Ke Fools,,no,Anil Kumar Chaudhary
Amit Bimrot,no,2020,Kasaai,,no,Gajendra Shrotriya
Amit Deondi,no,2021,Bombay Rose,,no,Gitanjali Rao
Amit Gaur,no,2021,Squad,,no,Nilesh Sahay
Amit Khanna,no,2016,Love Day - Pyaar Ka Din,,no,"Sandeep Choudhary, Harish Kotian"
Amit Kumar,no,2004,Yeh Lamhe Judaai Ke,,yes,Birendra Nath Tiwary
Amit Kumar Vashisth,no,2017,The Window,,no,VK Choudhary
Amit Kumar Vashisth,no,2024,Alpha Beta Gamma,,no,Shankar Srikumar
Amit Pachori,no,2000,Kharidaar,,no,Papu Bahruz
Amit Purohit,no,2012,Aalaap,,no,Manish Manikpuri
Amit Riyaan,no,2025,The Rabbit House,,no,Vaibhav Kulkarni
Amit Sadh,no,2013,Kai Po Che!,83.00,no,Abhishek Kapoor
Amit Sadh,no,2015,Guddu Rangeela,,no,Subhash Kapoor
Amit Sadh,no,2016,Akira,15.06,yes,A.R. Murugadoss
Amit Sadh,no,2016,Sultan,631.25,yes,Ali Abbas Zafar
Amit Sadh,no,2017,Raag Desh,0.33,no,Tigmanshu Dhulia
Amit Sadh,no,2017,Running Shaadi,,no,Amit Roy
Amit Sadh,no,2017,Sarkar 3,,no,Ram Gopal Varma
Amit Sadh,no,2018,Gold,158.00,no,Reema Kagti
Amit Sadh,no,2019,Barot House,,no,Bugs Bhargava
Amit Sadh,no,2019,Super 30,208.93,yes,Vikas Bahl
Amit Sadh,no,2020,Operation Parindey,,no,Sanjay Gadhvi
Amit Sadh,no,2020,Shakuntala Devi,,no,Anu Menon
Amit Sadh,no,2020,Yaara,,no,Tigmanshu Dhulia
Amit Sadh,no,2023,Sukhee,1.65,no,Sonal Joshi
Amit Sadh,no,2025,Pune Highway,,no,Rahul da Cunha Bugs Bhargava Krishna
Amit Sharma,no,2019,Kabir Singh,379.02,yes,Sandeep Vanga
Amit Sial,no,2010,Love Sex Aur Dhokha,9.80,no,Dibakar Banerjee
Amit Sial,no,2014,Yeh Hai Bakrapur,,no,Janaki Vishwanathan
Amit Sial,no,2015,Titli,,no,Kanu Behl
Amit Sial,no,2019,Bombairiya,0.14,no,Pia Sukanya
Amit Sial,no,2021,Aafat-E-Ishq,,no,Indrajit Nattoji
Amit Sial,no,2024,Jo Tera Hai Woh Mera Hai,,no,Raj Trivedi
Amit Sial,no,2024,Swatantrya Veer Savarkar,31.23,no,Randeep Hooda
Amit Sial,no,2024,Tikdam,,no,Vivek Anchalia
Amit Singh Kashyap,no,2017,Chauhar,,no,Raghubeer Singh
Amit Thakkar,no,2021,Silence... Can You Hear It?,,no,Aban Bharucha Deohans
Amit Varma,no,2008,Kismat Konnection,,yes,Aziz Mirza
Amit Verma,no,2009,Detective Naani,,no,Romilla Mukherjee
Amita Pathak,no,2008,Haal-e-Dil,0.72,yes,Anil Devgan
Amita Pathak,no,2012,Bittoo Boss,2.00,no,Supavitra Babul
Amitabh Bachchan,no,2000,Mohabbatein,76.91,yes,Aditya Chopra
Amitabh Bachchan,no,2001,Aks,14.30,no,Rakeysh Omprakash Mehra
Amitabh Bachchan,no,2001,Ek Rishtaa: The Bond of Love,36.50,yes,Suneel Darshan
Amitabh Bachchan,no,2001,Kabhi Khushi Kabhie Gham,135.53,yes,Karan Johar
Amitabh Bachchan,no,2002,Aankhen,33.80,no,Vipul Shah
Amitabh Bachchan,no,2002,Agni Varsha,,no,Arjun Sajnani
Amitabh Bachchan,no,2002,Hum Kisise Kum Nahin,29.15,yes,David Dhawan
Amitabh Bachchan,no,2002,Kaante,36.37,yes,Sanjay Gupta
Amitabh Bachchan,no,2003,Armaan,14.92,no,Honey Irani
Amitabh Bachchan,no,2003,Baghban,43.11,yes,Ravi Chopra
Amitabh Bachchan,no,2003,Boom,1.20,no,Kaizad Gustad
Amitabh Bachchan,no,2004,Ab Tumhare Hawale Watan Saathiyo,19.16,yes,Anil Sharma
Amitabh Bachchan,no,2004,Aetbaar,8.00,no,Vikram Bhatt
Amitabh Bachchan,no,2004,Deewaar,28.60,yes,Milan Luthria
Amitabh Bachchan,no,2004,Dev,,yes,Govind Nihalani
Amitabh Bachchan,no,2004,Khakee,49.89,yes,Rajkumar Santoshi
Amitabh Bachchan,no,2004,Kyun! Ho Gaya Na...,16.35,yes,Samir Karnik
Amitabh Bachchan,no,2004,Lakshya,41.68,yes,Farhan Akhtar
Amitabh Bachchan,no,2004,Veer-Zaara,97.64,yes,Yash Chopra
Amitabh Bachchan,no,2005,Black,40.94,no,Sanjay Leela Bhansali
Amitabh Bachchan,no,2005,Bunty Aur Babli,90.40,yes,Shaad Ali
Amitabh Bachchan,no,2005,Dil Jo Bhi Kahey...,,no,Romesh Sharma
Amitabh Bachchan,no,2005,Ek Ajnabee,,yes,Apoorva Lakhia
Amitabh Bachchan,no,2005,Paheli,32.00,yes,Amol Palekar
Amitabh Bachchan,no,2005,Sarkar,39.30,yes,Ram Gopal Varma
Amitabh Bachchan,no,2005,Viruddh... Family Comes First,18.51,yes,Mahesh Manjrekar
Amitabh Bachchan,no,2005,Waqt: The Race Against Time,42.49,no,Vipul Shah
Amitabh Bachchan,no,2006,Baabul,39.00,yes,Ravi Chopra
Amitabh Bachchan,no,2006,Darna Zaroori Hai,10.65,no,Ram Gopal Varma
Amitabh Bachchan,no,2006,Kabhi Alvida Naa Kehna,113.00,yes,Karan Johar
Amitabh Bachchan,no,2007,Aag,22.73,no,Ram Gopal Varma
Amitabh Bachchan,no,2007,Cheeni Kum,32.03,no,R. Balki
Amitabh Bachchan,no,2007,Eklavya: The Royal Guard,38.00,yes,Vidhu Vinod Chopra
Amitabh Bachchan,no,2007,Jhoom Barabar Jhoom,51.08,yes,Shaad Ali
Amitabh Bachchan,no,2007,Nishabd,,no,Ram Gopal Varma
Amitabh Bachchan,no,2007,Shootout at Lokhandwala,46.04,yes,Apoorva Lakhia
Amitabh Bachchan,no,2008,Bhoothnath,70.00,no,Vivek Sharma
Amitabh Bachchan,no,2008,God Tussi Great Ho,25.61,yes,Rumi Jaffery
Amitabh Bachchan,no,2008,Sarkar Raj,63.00,yes,Ram Gopal Verma
Amitabh Bachchan,no,2008,The Last Lear,,no,Rituparno Ghosh
Amitabh Bachchan,no,2009,Aladin,10.89,yes,Sujoy Ghosh
Amitabh Bachchan,no,2009,Delhi-6,52.17,yes,Rakeysh Omprakash Mehra
Amitabh Bachchan,no,2009,Paa,,yes,R. Balki
Amitabh Bachchan,no,2010,Rann,13.70,no,Ram Gopal Varma
Amitabh Bachchan,no,2010,Teen Patti,7.63,no,Leena Yadav
Amitabh Bachchan,no,2011,Aarakshan,64.50,yes,Prakash Jha
Amitabh Bachchan,no,2011,Bbuddah... Hoga Terra Baap,,no,Puri Jagannadh
Amitabh Bachchan,no,2012,Department,19.05,yes,Ram Gopal Varma
Amitabh Bachchan,no,2012,English Vinglish,102.00,no,Gauri Shinde
Amitabh Bachchan,no,2013,Satyagraha,,yes,Prakash Jha
Amitabh Bachchan,no,2014,Bhoothnath Returns,53.00,no,Nitesh Tiwari
Amitabh Bachchan,no,2014,Sholay 3D,58.00,no,Ramesh Sippy
Amitabh Bachchan,no,2015,Piku,141.00,no,Shoojit Sircar
Amitabh Bachchan,no,2015,Shamitabh,37.00,no,R. Balki
Amitabh Bachchan,no,2016,Ki & Ka,100.33,yes,R. Balki
Amitabh Bachchan,no,2016,Pink,157.32,no,Aniruddha Roy Chowdhury
Amitabh Bachchan,no,2016,Te3n,32.31,no,Ribhu Dasgupta
Amitabh Bachchan,no,2016,Wazir,78.69,no,Bejoy Nambiar
Amitabh Bachchan,no,2017,Sarkar 3,,no,Ram Gopal Varma
Amitabh Bachchan,no,2018,102 Not Out,115.30,yes,Umesh Shukla
Amitabh Bachchan,no,2018,Thugs of Hindostan,335.00,yes,Vijay Krishna Acharya
Amitabh Bachchan,no,2019,Badla,138.50,no,Sujoy Ghosh
Amitabh Bachchan,no,2020,Gulabo Sitabo,,no,Shoojit Sircar
Amitabh Bachchan,no,2021,Chehre,8.26,yes,Rumi Jafry
Amitabh Bachchan,no,2022,Brahmāstra: Part One – Shiva,435.00,yes,Ayan Mukerji
Amitabh Bachchan,no,2022,Goodbye,9.66,no,Vikas Bahl
Amitabh Bachchan,no,2022,Jhund,15.16,no,Nagraj Manjule
Amitabh Bachchan,no,2022,Runway 34,53.77,no,Ajay Devgn
Amitabh Bachchan,no,2022,Uunchai,48.99,no,Sooraj Barjatya
Amitabh Bachchan,no,2023,Ganapath,13.38,yes,Vikas Bahl
Amitabh Dayal,no,2003,Kagaar: Life on the Edge,,no,N. Chandra
Amitosh Nagpal,no,2017,Panchlait,,no,Prem Prakash Modi
Amjad Khan,no,2014,Sholay 3D,58.00,no,Ramesh Sippy
Ammotje Mann,no,2003,Hawayein,,no,Ammtoje Mann
Ammy Virk,no,2021,83,193.73,no,Kabir Khan
Ammy Virk,no,2021,Bhuj: The Pride of India,,yes,Abhishek Dudhaiya
Ammy Virk,no,2024,Bad Newz,115.74,yes,Anand Tiwari
Ammy Virk,no,2024,Khel Khel Mein,56.78,yes,Mudassar Aziz
Amol Gupte,no,2014,Singham Returns,215.00,yes,Rohit Shetty
Amol Palekar,no,2021,200 – Halla Ho,,no,Sarthak Dasgupta
Amol Parashar,no,2014,Babloo Happy Hai,,no,Nila Madhab Panda
Amol Parashar,no,2015,Sabki Bajegi Band,,no,Anirudh Chawla
Amol Parashar,no,2020,Dolly Kitty Aur Woh Chamakte Sitare,,no,Alankrita Shrivastava
Amol Parashar,no,2021,Cash,,no,Rishab Seth
Amol Parashar,no,2022,36 Farmhouse,,no,Ram Ramesh Sharm
Amol Parashar,no,2025,Sweet Dreams,,no,Victor Mukherjee
Amole Gupte,no,2009,Kaminey,71.57,yes,Vishal Bhardwaj
Amole Gupte,no,2011,Bheja Fry 2,,no,Sagar Ballary
Amole Gupte,no,2021,Mumbai Saga,22.29,yes,Sanjay Gupta
Amole Gupte,no,2021,Sanak,,no,Kanishk Varma
Amole Gupte,no,2025,Murderbaad,,no,Arnab Chatterjee
Amrin Qureshi,no,2023,Bad Boy,,no,Rajkumar Santoshi
Amrish Puri,no,2000,Dhai Akshar Prem Ke,16.30,yes,Raj Kanwar
Amrish Puri,no,2001,Gadar: Ek Prem Katha,133.13,yes,Anil Sharma
Amrish Puri,no,2001,Nayak,20.56,yes,S. Shankar
Amrish Puri,no,2001,Yaadein,34.59,yes,Subhash Ghai
Amrish Puri,no,2001,Zubeidaa,5.60,yes,Shyam Benegal
Amrish Puri,no,2002,Shararat,,yes,Gurudev Bhalla
Amrish Puri,no,2003,Dil Pardesi Ho Gayaa,,no,Saawan Kumar Tak
Amrish Puri,no,2003,Khushi,,yes,S. J. Suryah
Amrish Puri,no,2003,Out of Control,,no,"Apurva Asrani , Ramanjit Juneja"
Amrish Puri,no,2004,Aitraaz,29.00,yes,Abbas–Mustan
Amrish Puri,no,2004,Dev,,yes,Govind Nihalani
Amrish Puri,no,2004,Garv,23.48,yes,Puneet Issar
Amrish Puri,no,2004,Hulchul,33.09,yes,Priyadarshan
Amrish Puri,no,2004,Lakshya,41.68,yes,Farhan Akhtar
Amrish Puri,no,2004,Mujhse Shaadi Karogi,62.00,yes,David Dhawan
Amrish Puri,no,2004,Police Force: An Inside Story,1.80,no,Dilip Shukla
Amrish Puri,no,2005,Kisna: The Warrior Poet,,yes,Subhash Ghai
Amrit Maghera,no,2014,Mad About Dance,,no,Saahil Prem
Amrit Maghera,no,2021,Skater Girl,,no,Manjari Makijany
Amrita Arora,no,2002,Awara Paagal Deewana,27.58,no,Vikram Bhatt
Amrita Arora,no,2002,Kitne Door Kitne Paas,,yes,Mehul Kumar
Amrita Arora,no,2003,Ek Aur Ek Gyarah,21.00,yes,David Dhawan
Amrita Arora,no,2004,Girlfriend,,no,Karan Razdan
Amrita Arora,no,2004,Rakht,8.44,yes,Mahesh Manjrekar
Amrita Arora,no,2004,Shart: The Challenge,,yes,Puri Jagannadh
Amrita Arora,no,2006,Fight Club: Members Only,8.88,yes,Vikram Chopra
Amrita Arora,no,2007,Red: The Dark Side,,no,Vikram Bhatt
Amrita Arora,no,2007,Speed,,yes,Vikram Bhatt
Amrita Arora,no,2008,Golmaal Returns,95.00,yes,Rohit Shetty
Amrita Arora,no,2008,Hello,17.96,yes,Atul Agnihotri
Amrita Arora,no,2008,Heroes,25.44,yes,Samir Karnik
Amrita Arora,no,2008,Rama Rama Kya Hai Dramaa?,,no,S. Chandrakaant
Amrita Arora,no,2009,Kambakkht Ishq,85.56,yes,Sabbir Khan
Amrita Arora,no,2009,Team - The Force,,yes,Ajay Chandhok
Amrita Bedi,no,2010,The Hangman,,no,Vishal Bhandari
Amrita Chattopadhyay,no,2023,Mrs. Undercover,,no,Anushree Mehta
Amrita Prakash,no,2011,Na Jaane Kabse Hum Hi,,no,Pammi Somal
Amrita Puri,no,2010,Aisha,28.65,yes,Rajshree Ojha
Amrita Puri,no,2012,Blood Money,12.00,no,Vishal Mahadkar
Amrita Puri,no,2013,Kai Po Che!,83.00,no,Abhishek Kapoor
Amrita Puri,no,2019,Judgementall Hai Kya,44.92,no,Prakash Kovelamudi
Amrita Puri,no,2023,Neeyat,5.50,no,Anu Menon
Amrita Rao,no,2002,Ab Ke Baras,,yes,Raj Kanwar
Amrita Rao,no,2002,The Legend of Bhagat Singh,12.90,no,Rajkumar Santoshi
Amrita Rao,no,2003,Ishq Vishk,12.26,yes,Ken Ghosh
Amrita Rao,no,2004,Deewaar,28.60,yes,Milan Luthria
Amrita Rao,no,2004,Main Hoon Na,84.00,yes,Farah Khan
Amrita Rao,no,2004,Masti,34.14,yes,Indra Kumar
Amrita Rao,no,2005,Shikhar,10.30,yes,John Matthew Matthan
Amrita Rao,no,2005,Vaah! Life Ho Toh Aisi!,19.00,yes,Mahesh Manjrekar
Amrita Rao,no,2006,Pyare Mohan,,yes,Indra Kumar
Amrita Rao,no,2006,Vivah,49.00,yes,Sooraj R. Barjatya
Amrita Rao,no,2008,My Name Is Anthony Gonsalves,,no,Eeshwar Nivas
Amrita Rao,no,2008,Shaurya,,no,Samar Khan
Amrita Rao,no,2008,Welcome to Sajjanpur,14.70,no,Shyam Benegal
Amrita Rao,no,2009,Life Partner,18.00,yes,Rumi Jaffrey
Amrita Rao,no,2009,Shortkut,,yes,Neeraj Vora
Amrita Rao,no,2009,Victory,1.92,no,Ajit Pal Mangat
Amrita Rao,no,2010,Jaane Kahan Se Aayi Hai,,no,Milap Zaveri
Amrita Rao,no,2011,Love U...Mr. Kalakaar!,,yes,S. Manasvi
Amrita Rao,no,2013,Jolly LLB,48.70,no,Subhash Kapoor
Amrita Rao,no,2013,Satyagraha,,yes,Prakash Jha
Amrita Rao,no,2013,Singh Saab The Great,40.67,yes,Anil Sharma
Amrita Rao,no,2019,Thackeray,31.60,no,Abhijit Panse
Amrita Rao,no,2025,Jolly LLB 3,166.06,no,Subhash Kapoor
Amrita Singh,no,2002,23rd March 1931: Shaheed,14.25,yes,Guddu Dhanoa
Amrita Singh,no,2005,Kalyug,,yes,Mohit Suri
Amrita Singh,no,2007,Dus Kahaniyaan,13.00,yes,"Sanjay Gupta , Apoorva Lakhia , Meghna Gulzar , Rohit Roy , Hansal Mehta , Jasmeet Dhodhi"
Amrita Singh,no,2007,Shootout at Lokhandwala,46.04,yes,Apoorva Lakhia
Amrita Singh,no,2014,2 States,172.99,yes,Abhishek Varman
Amrita Singh,no,2016,A Flying Jatt,56.13,yes,Remo D'Souza
Amrith Jayan,no,2023,Friday Night Plan,,yes,Vatsal Neelakantan
Amruta Khanvilkar,no,2008,Phoonk,13.62,no,Ram Gopal Varma
Amruta Khanvilkar,no,2010,Phoonk 2,9.24,no,Milind Gadagkar
Amruta Khanvilkar,no,2018,Satyameva Jayate,110.00,no,Milap Zaveri
Amruta Khanvilkar,no,2025,The Taj Story,,no,Tushar Amrish Goel
Amruta Subhash,no,2005,White Rainbow,,no,Dharan Mandrayar
Amruta Subhash,no,2016,Island City,,no,Ruchika Oberoi
Amruta Subhash,no,2020,Choked,,no,Anurag Kashyap
Amruta Subhash,no,2021,Dhamaka,,no,Ram Madhvani
Amruta Subhash,no,2023,Lust Stories 2,,yes,R. Balki Konkona Sen Sharma Amit Ravindernath Sharma Sujoy Ghosh
Amruta Subhash,no,2025,Chidiya,,no,Mehran Amrohi
Amy Aela,no,2023,Bloody Daddy,,yes,Ali Abbas Zafar
Amy Jackson,no,2012,Ekk Deewana Tha,8.55,yes,Gautham Vasudev Menon
Amy Jackson,no,2015,Singh Is Bliing,149.10,no,Prabhu Deva
Amy Jackson,no,2016,Freaky Ali,21.32,yes,Sohail Khan
Amy Jackson,no,2018,2.0,,no,S Shankar
Amy Jackson,no,2024,Crakk,17.08,no,Aditya Datt
Amy Maghera,no,2008,Yuvvraaj,31.22,yes,Subhash Ghai
Amy Rasimas,no,2011,I Am Singh,,no,Puneet Issar
Amyra Dastur,no,2013,Issaq,5.37,yes,Manish Tiwary
Amyra Dastur,no,2015,Mr. X,90.00,yes,Vikram Bhatt
Amyra Dastur,no,2018,Rajma Chawal,,yes,Leena Yadav
Amyra Dastur,no,2019,Judgementall Hai Kya,44.92,no,Prakash Kovelamudi
Amyra Dastur,no,2019,Made in China,12.81,no,Mikhil Musale
Amyra Dastur,no,2019,Prassthanam,5.90,yes,Deva Katta
Amyra Dastur,no,2021,Koi Jaane Na,,no,Amin Hajee
Amyra Dastur,no,2022,Jogi,,no,Ali Abbas Zafar
Amyth Sethi,no,2021,Main Mulayam Singh Yadav,,no,Suvendu Raj Ghosh
Anagha Mane,no,2014,Main Aur Mr. Riight,,no,Adeeb Rais
Anahita Uberoi,no,2004,Paap,,no,Pooja Bhatt
Anaika Soti,no,2013,Satya 2,,no,Ram Gopal Varma
Anand Abhyankar,no,2011,Pappu Can't Dance Saala,,no,Saurabh Shukla
Anand Ingale,no,2017,Daddy,15.50,no,Ashim Ahluwalia
Anand Tiwari,no,2010,Aisha,28.65,yes,Rajshree Ojha
Anand Tiwari,no,2013,What the Fish,,no,Gurmmet Singh
Anand Tiwari,no,2015,Detective Byomkesh Bakshy!,46.80,no,Dibakar Banerjee
Anand Tiwari,no,2021,Nail Polish,,no,Bugs Bhargava Krishna
Anand Tiwari,no,2024,Ae Watan Mere Watan,,yes,Kannan Iyer
Anang Desai,no,2005,7½ Phere,,no,Ishaan Trvedi
Anang Desai,no,2005,Yakeen,,no,Girish Dhamija
Anang Desai,no,2010,Khichdi: The Movie,8.10,no,Aatish Kapadia
Anang Desai,no,2015,Take It Easy,,no,Sunil Prem Vyas
Anang Desai,no,2023,Khichdi 2: Mission Paanthukistan,5.65,no,Aatish Kapadia
Anangsha Biswas,no,2018,Ascharyachakit!,,no,Samit Kakkad
Anant Jog,no,2010,Aakhari Decision,,no,Deepak Bandhu
Anant Jog,no,2013,Wake Up India,,no,Babloo Seshadri
Anant Joshi,no,2025,Ajey: The Untold Story of a Yogi,1.40,no,Ravindra Gautam
Anant Mahadevan,no,2011,Mod,0.63,no,Nagesh Kukunoor
Anant Mahadevan,no,2012,Staying Alive,,no,Anant Mahadevan
Anant Mahadevan,no,2016,Love Day - Pyaar Ka Din,,no,"Sandeep Choudhary, Harish Kotian"
Anant Mahadevan,no,2024,Ameena,,no,Kumar Raj
Anant Nag,no,2001,Maya,,no,Digivijay Singh
Anant V Joshi,no,2022,Cobalt Blue,,yes,Sachin Kundalkar
Anant V Joshi,no,2023,Kathal,,no,Yashowardhan Mishra
Anant V Joshi,no,2024,Zero Se Restart,,no,Vidhu Vinod Chopra
Anant Vidhaat,no,2022,Mere Desh Ki Dharti,,no,Faraz Haider
Ananth Narayan Mahadevan,no,2019,Evening Shadows,,no,Sridhar Rangayan
Ananya Chatterjee,no,2020,Anwar Ka Ajab Kissa,,no,Buddhadeb Dasgupta
Ananya Khare,no,2005,The Film,,no,Junaid Memon
Ananya Panday,yes,2019,Pati Patni Aur Woh,118.00,yes,Mudassar Aziz
Ananya Panday,yes,2019,Student of the Year 2,98.16,yes,Punit Malhotra
Ananya Panday,yes,2020,Khaali Peeli,,yes,Maqbool Khan
Ananya Panday,yes,2022,Gehraiyaan,,yes,Shakun Batra
Ananya Panday,yes,2023,Dream Girl 2,140.56,yes,Raaj Shaandilyaa
Ananya Panday,yes,2023,Kho Gaye Hum Kahan,,yes,Arjun Varain Singh
Ananya Panday,yes,2024,CTRL,,yes,Vikramaditya Motwane
Ananya Panday,yes,2025,Kesari Chapter 2,,yes,Karan Singh Tyagi
Ananya Panday,yes,2025,Tu Meri Main Tera Main Tera Tu Meri,48.02,yes,Sameer Vidwans
Ananya Pandey,no,2022,Liger,,no,Puri Jagannadh
Anastasia,no,2022,Love In Ukraine,,no,Nitin Kumar Gupta
Anaswara Rajan,no,2023,Yaariyan 2,2.67,yes,Radhika Rao Vinay Sapru
Anay,no,2011,Happy Husbands,,no,Anay
Anchal Anand,no,2005,Saathi: The Companion,,no,Faaiz Anwar
Anchal Dwivedi,no,2016,Buddha in a Traffic Jam,,no,Vivek Agnihotri
Andrea Jeremiah,no,2013,Vishwaroopam,220.00,no,Kamal Haasan
Andrea Jeremiah,no,2017,The House Next Door,,no,Milind Rau
Andrea Tariang,no,2016,Pink,157.32,no,Aniruddha Roy Chowdhury
Aneet Padda,no,2025,Saiyaara,579.23,yes,Mohit Suri
Angad Bedi,no,2004,Kaya Taran,,no,Sashi Kumar
Angad Bedi,no,2014,Ungli,50.00,yes,Rensil D'Silva
Angad Bedi,no,2016,Pink,157.32,no,Aniruddha Roy Chowdhury
Angad Bedi,no,2018,Soorma,48.00,no,Shaad Ali
Angad Bedi,no,2020,Gunjan Saxena: The Kargil Girl,,yes,Sharan Sharma
Angad Bedi,no,2023,Ghoomer,7.00,yes,R. Balki
Angad Bedi,no,2023,Lust Stories 2,,yes,R. Balki Konkona Sen Sharma Amit Ravindernath Sharma Sujoy Ghosh
Angana Roy,no,2023,Mrs. Undercover,,no,Anushree Mehta
Angel,no,2021,Bekhudi,,no,Amit Kasaria
Angela Krislinzki,no,2024,Tauba Tera Jalwa,,no,Akashaditya Lama
Angira Dhar,no,2018,Love per Square Foot,,yes,Anand Tiwari
Angira Dhar,no,2019,Commando 3,40.15,no,Aditya Datt
Anil Charanjeett,no,2021,Shershaah,,no,Vishnuvardhan
Anil George,no,2017,Babumoshai Bandookbaaz,12.60,no,Kushan Nandy
Anil George,no,2025,Badass Ravi Kumar,9.66,no,Keith Gomes
Anil Grover,no,2023,Dunki,470.60,yes,Rajkumar Hirani
Anil Kapoor,no,2000,Bulandi,,yes,T. Rama Rao
Anil Kapoor,no,2000,Hamara Dil Aapke Paas Hai,30.26,no,Satish Kaushik
Anil Kapoor,no,2000,Karobaar: The Business of Love,2.84,yes,Rakesh Roshan
Anil Kapoor,no,2000,Pukar,,no,Rajkumar Santoshi
Anil Kapoor,no,2001,Lajja,34.29,yes,Rajkumar Santoshi
Anil Kapoor,no,2001,Nayak,20.56,yes,S. Shankar
Anil Kapoor,no,2002,Badhaai Ho Badhaai,6.99,no,Satish Kaushik
Anil Kapoor,no,2002,Om Jai Jagadish,14.00,yes,Anupam Kher
Anil Kapoor,no,2002,Rishtey,12.37,yes,Indra Kumar
Anil Kapoor,no,2003,Armaan,14.92,no,Honey Irani
Anil Kapoor,no,2003,Calcutta Mail,4.34,yes,Sudhir Mishra
Anil Kapoor,no,2004,Musafir,18.71,yes,Sanjay Gupta
Anil Kapoor,no,2005,Bewafaa,33.18,yes,Dharmesh Darshan
Anil Kapoor,no,2005,Chocolate,,yes,Vivek Agnihotri
Anil Kapoor,no,2005,My Wife's Murder,,no,Jijy Philip
Anil Kapoor,no,2005,No Entry,95.14,yes,Anees Bazmee
Anil Kapoor,no,2006,Darna Zaroori Hai,10.65,no,Ram Gopal Varma
Anil Kapoor,no,2006,Humko Deewana Kar Gaye,27.00,no,Raj Kanwar
Anil Kapoor,no,2007,Salaam-e-Ishq: A Tribute to Love,52.24,yes,Nikhil Advani
Anil Kapoor,no,2007,Welcome,122.00,no,Anees Bazmee
Anil Kapoor,no,2008,Black & White,,no,Subhash Ghai
Anil Kapoor,no,2008,Race,106.00,yes,Abbas–Mustan
Anil Kapoor,no,2008,Tashan,51.00,yes,Vijay Krishna Acharya
Anil Kapoor,no,2008,Yuvvraaj,31.22,yes,Subhash Ghai
Anil Kapoor,no,2009,Shortkut,,yes,Neeraj Vora
Anil Kapoor,no,2009,Wanted,93.23,yes,Prabhu Deva
Anil Kapoor,no,2010,No Problem,,yes,Anees Bazmee
Anil Kapoor,no,2012,Tezz,26.00,yes,Priyadarshan
Anil Kapoor,no,2013,Race 2,175.75,yes,Abbas–Mustan
Anil Kapoor,no,2013,Shootout at Wadala,82.00,no,Sanjay Gupta
Anil Kapoor,no,2015,Dil Dhadakne Do,145.00,no,Zoya Akhtar
Anil Kapoor,no,2015,Welcome Back,168.76,no,Anees Bazmee
Anil Kapoor,no,2017,Mubarakan,93.24,yes,Anees Bazmee
Anil Kapoor,no,2018,Fanney Khan,16.55,no,Atul Manjrekar
Anil Kapoor,no,2018,Race 3,303.00,yes,Remo D'Souza
Anil Kapoor,no,2019,Ek Ladki Ko Dekha Toh Aisa Laga,39.86,yes,Shelly Chopra Dhar
Anil Kapoor,no,2019,Pagalpanti,49.17,no,Anees Bazmee
Anil Kapoor,no,2019,Total Dhamaal,228.27,no,Indra Kumar
Anil Kapoor,no,2020,AK vs AK,,no,Vikramaditya Motwane
Anil Kapoor,no,2020,Malang,81.50,yes,Mohit Suri
Anil Kapoor,no,2022,Jugjugg Jeeyo,136.13,yes,Raj Mehta
Anil Kapoor,no,2022,Thar,,yes,Raj Singh Chaudhary
Anil Kapoor,no,2023,Animal,917.82,yes,Sandeep Reddy Vanga
Anil Kapoor,no,2024,Fighter,344.46,yes,Siddharth Anand
Anil Kapoor,no,2024,Savi,17.81,no,Abhinay Deo
Anil Lalwani,no,2024,The Legacy of Jineshwar,,no,Pradeep P. Jadhav Vivek Iyer
Anil Mange,no,2018,Namaste England,8.02,yes,Vipul Shah
Anil Nagrath,no,2000,Kharidaar,,no,Papu Bahruz
Anil Rastogi,no,2014,Zed Plus,,no,Chandraprakash Dwivedi
Animated characters,no,2025,Mahavatar Narsimha,326.82,no,Ashwin Kumar
Anindita Nayar,no,2014,3 A.M.,,no,Vishal Mahadkar
Anindita Nayar,no,2014,Amit Sahni Ki List,,no,Ajay Bhuyan
Anirudh Loka,no,2013,Mere Haule Dost,,no,Nitin Raghunath
Anirudh Tanwar,no,2018,Rajma Chawal,,yes,Leena Yadav
Anisa,no,2013,Baat Bann Gayi,,no,Shuja Ali
Anish Trivedi,no,2014,One by Two,3.77,yes,Devika Bhagat
Anita Date,no,2018,Tumbbad,15.46,no,Rahi Anil Barve
Anita Hassanandani,no,2009,Ek Se Bure Do,,no,Tarique
Anita Hassanandani,no,2010,Benny and Babloo,,no,Yunus Sajawal
Anita Hassanandani,no,2022,Maarrich,,yes,Dhruv Lather
Anita Kanwar,no,2010,The Hangman,,no,Vishal Bhandari
Anita Kanwar,no,2014,Om-Dar-B-Dar,,no,Kamal Swaroop
Anita Raj,no,2008,Thodi Life Thoda Magic,,yes,Vinayak Rajesh
Anita Raj,no,2012,Chaar Din Ki Chandni,,yes,Samir Karnik
Anita Raj,no,2023,Lafzon Mein Pyaar,,no,Raja Randeep Giri Dhiraj Mishra
Anita Raj,no,2025,Riwaj,,no,Manoj Sati
Anjali Anand,no,2023,Rocky Aur Rani Kii Prem Kahaani,355.61,yes,Karan Johar
Anjali Malhotra,no,2012,Married 2 America,,no,Dilip Shankar
Anjali Patil,no,2013,Shree,,no,Rajesh Bachchani
Anjali Patil,no,2017,Newton,15.00,no,Amit Masurkar
Anjali Patil,no,2018,Meri Nimmo,,no,M.M Shanklya
Anjali Patil,no,2019,Mere Pyare Prime Minister,0.39,no,Rakeysh Omprakash Mehra
Anjali Patil,no,2024,Malhar,,no,Vishal Kumbhar
Anjali Singh,no,2015,Prithipal Singh... A Story,,no,Babita Puri
Anjali Sivaraman,no,2022,Cobalt Blue,,yes,Sachin Kundalkar
Anjan Srivastav,no,2001,Dattak,,no,Gul Bahar Singh
Anjan Srivastav,no,2002,Kabhie Tum Kabhie Hum,,no,
Anjan Srivastav,no,2012,Arjun: The Warrior Prince,,no,Arnab Chaudhuri
Anjana Sukhani,no,2005,Hum Dum,,no,Kushan Nandy
Anjana Sukhani,no,2006,Jaana - Let's Fall In Love,,no,"Glen Barretto, Ankush Mohla"
Anjana Sukhani,no,2007,Salaam-e-Ishq: A Tribute to Love,52.24,yes,Nikhil Advani
Anjana Sukhani,no,2008,De Taali,,no,Eeshwar Nivas
Anjana Sukhani,no,2008,Golmaal Returns,95.00,yes,Rohit Shetty
Anjana Sukhani,no,2008,Sunday,,yes,Rohit Shetty
Anjana Sukhani,no,2009,Jai Veeru,39.00,yes,Puneet Sira
Anjana Sukhani,no,2009,Jashnn,,no,Raksha Mistry & Hasnain S Hyderabadwala
Anjana Sukhani,no,2010,Tum Milo Toh Sahi,3.52,no,Kabir Sadanand
Anjana Sukhani,no,2012,Department,19.05,yes,Ram Gopal Varma
Anjana Sukhani,no,2017,Coffee with D,0.72,no,Vishal Mishra
Anjana Sukhani,no,2021,Mumbai Saga,22.29,yes,Sanjay Gupta
Anjini Dhawan,no,2024,Binny And Family,,no,Ssanjay Tripaathy
Anjori Alagh,no,2007,Life Mein Kabhie Kabhiee,,no,Vikram Bhatt
Anju Jadhav,no,2019,Dosti Ke Side Effects,,no,Hadi Ali Abrar
Anjula Singh Mahor,no,2013,Wake Up India,,no,Babloo Seshadri
Ankit Bathla,no,2023,Do Ajnabee,,no,Sanjeev Kumar Rajput
Ankit Mohan,no,2011,Mausam,,yes,Pankaj Kapoor
Ankit Raaj,no,2018,Ascharyachakit!,,no,Samit Kakkad
Ankit Rathi,no,2018,3 Storeys,,no,Arjun Mukerjee
Ankita Bhargava Patel,no,2023,Darran Chhoo,,no,Bharat Ratan
Ankita Chouhan,no,2021,B.A. Pass 3,,no,Narendra Singh
Ankita Goraya,no,2021,Shershaah,,no,Vishnuvardhan
Ankita Lokhande,no,2019,Manikarnika: The Queen of Jhansi,132.95,no,Radha Krishna Jagarlamudi Kangana Ranaut
Ankita Lokhande,no,2020,Baaghi 3,137.05,yes,Ahmed Khan
Ankita Lokhande,no,2024,Swatantrya Veer Savarkar,31.23,no,Randeep Hooda
Ankita Makwana,no,2008,Kidnap,35.60,yes,Sanjay Gadhvi
Ankita Makwana,no,2016,Fever,,no,Rajeev Jhaveri
Ankita Sahu,no,2021,B.A. Pass 3,,no,Narendra Singh
Ankita Shrivastava,no,2011,Aashiqui.in,,no,Shankhadeep
Ankur Bhatia,no,2017,Haseena Parkar,9.00,no,Apoorva Lakhia
Ankur Bhatia,no,2023,Operation Mayfair,,no,Sudipto Sarkar
Ankur Khanna,no,2008,Saas Bahu Aur Sensex,,no,Shona Urvashi
Ankur Khanna,no,2010,Admissions Open,,no,K.D. Satyam
Ankur Nayyar,no,2005,Yakeen,,no,Girish Dhamija
Ankur Nayyar,no,2024,Main Paapi Hoon,,no,Jay Dogra
Ankur Rathee,no,2019,The Tashkent Files,20.84,no,Vivek Agnihotri
Ankur Rathee,no,2020,Taish,,no,Bejoy Nambiar
Ankur Vikal,no,2010,Striker,,no,Chandan Arora
Ankur Vikal,no,2012,The Forest,,no,Ashvin Kumar
Ankush Mohit,no,2002,Reshma Aur Sultan,,no,S. Kumar
Anmol Bajaj,no,2017,Shubh Mangal Saavdhan,64.54,no,R. S. Prasanna
Anmol Chopra,no,2020,Namumkin Tere Bin Jeena,,no,Hidayat Khan
Anmol Dhillon,no,2021,Tuesdays and Fridays,,no,Taranveer Singh
Ann Mitchai,no,2013,Ishk Actually,,no,Anish Khanna
Anneliese van der Pol,no,2018,5 Weddings,,no,Namrata Singh Gujral
Annu Kapoor,no,2002,Hum Kisise Kum Nahin,29.15,yes,David Dhawan
Annu Kapoor,no,2008,Mehbooba,3.78,yes,Afzal Khan
Annu Kapoor,no,2012,Vicky Donor,68.32,no,Shoojit Sircar
Annu Kapoor,no,2014,Badlapur Boys,,no,Shailesh Verma
Annu Kapoor,no,2014,The Shaukeens,46.30,no,Abhishek Sharma
Annu Kapoor,no,2015,Dharam Sankat Mein,,no,Fuwad Khan
Annu Kapoor,no,2015,Miss Tanakpur Haazir Ho,,no,Vinod Kapri
Annu Kapoor,no,2016,Saat Uchakkey,,no,Sanjeev Sharma
Annu Kapoor,no,2018,Missing,0.85,no,Mukul Abhyankar
Annu Kapoor,no,2019,Khandaani Shafakhana,3.98,yes,Shilpi Dasgupta
Annu Kapoor,no,2019,The Fakir of Venice,0.20,no,Anand Surapur
Annu Kapoor,no,2020,Khuda Haafiz,,no,Faruk Kabir
Annu Kapoor,no,2021,Chehre,8.26,yes,Rumi Jafry
Annu Kapoor,no,2023,Dream Girl 2,140.56,yes,Raaj Shaandilyaa
Annu Kapoor,no,2023,Dry Day,,no,Saurabh Shukla
Annu Kapoor,no,2023,Non Stop Dhamaal,,no,Irshad Khan
Annu Kapoor,no,2023,Sab Moh Maaya Hai,,no,Abhinav Pareek
Annu Kapoor,no,2024,Hamare Baarah,,no,Kamal Chandra
Annu Kapoor,no,2024,Luv Ki Arrange Marriage,,no,Ishrat R. Khan
Annu Kapoor,no,2024,The Signature,,no,Gajendra Ahire
Anokhi Dalvi,no,2014,Life is Beautiful!,,no,Manoj Amarnani
Anoop Soni,no,2004,Sheen,,no,Ashok Pandit
Anshikaa Shrivastava,no,2014,Ugly,6.24,no,Anurag Kashyap
Anshul Chauhan,no,2017,Shubh Mangal Saavdhan,64.54,no,R. S. Prasanna
Anshul Kataria,no,2013,Chor Chor Super Chor,,no,K. Rajesh
Anshumaan Pushkar,no,2025,Saali Mohabbat,,no,Tisca Chopra
Anshuman Jha,no,2010,Love Sex Aur Dhokha,9.80,no,Dibakar Banerjee
Anshuman Jha,no,2013,Boyss Toh Boyss Hain,,no,Amit Vats
Anshuman Jha,no,2014,Yeh Hai Bakrapur,,no,Janaki Vishwanathan
Anshuman Jha,no,2017,Mona Darling,,no,Shashi Sudigala
Anshuman Jha,no,2021,Hum Bhi Akele Tum Bhi Akele,,no,Harish Vyas
Anshuman Jha,no,2023,Lakadbaggha,,no,Victor Mukherjee
Anshuman Malhotra,no,2019,Hum Chaar,,no,Abhishek Dixit
Antara Biswas,no,2004,Tauba Tauba,,no,T L V Prasad
Antara Mali,no,2000,Khiladi 420,10.20,no,Neeraj Vora
Antara Mali,no,2002,Company,25.02,yes,Ram Gopal Varma
Antara Mali,no,2002,Road,,yes,Rajat Mukherjee
Antara Mali,no,2003,Darna Mana Hai,9.00,yes,Prawaal Raman
Antara Mali,no,2003,Main Madhuri Dixit Banna Chahti Hoon,,no,Chandan Arora
Antara Mali,no,2004,Gayab,,yes,Prawal Raman
Antara Mali,no,2004,Naach,,yes,Ram Gopal Varma
Antara Mali,no,2005,Mr Ya Miss,,no,Antara Mali
Antara Mali,no,2010,...And Once Again,,no,Amol Palekar
Antra Vishwas,no,2009,Royal Utsav,,no,Ravi K. Patwa
Anu Chengappa,no,2004,Hyderabad Blues 2,,no,Nagesh Kukunoor
Anu Choudhury,no,2014,Babloo Happy Hai,,no,Nila Madhab Panda
Anu Mitra,no,2023,Do Ajnabee,,no,Sanjeev Kumar Rajput
Anuj Aggarwal,no,2016,Jai Gangaajal,49.59,yes,Prakash Jha
Anuj Chaudhary,no,2009,Straight,,no,Parvati Balagopalan
Anuj Sachdeva,no,2016,Love Shagun,,no,Sandesh Nayak
Anuj Saini,no,2024,Aayushmati Geeta Matric Pass,,no,Prradip Khairwar
Anuj Sawhney,no,2003,Nayee Padosan,,no,B. H. Tharun Kumar
Anuj Sawhney,no,2005,Naina,6.94,no,Shripal Morakhia
Anuj Sawhney,no,2006,Chingaari,,no,Kalpana Lajmi
Anuj Sawhney,no,2006,"Tom, Dick, and Harry",,no,Deepak Tijori
Anuj Sawhney,no,2007,Life Mein Kabhie Kabhiee,,no,Vikram Bhatt
Anuj Saxena,no,2014,Paranthe Wali Gali,,no,Sachin Gupta
Anuj Singh Duhan,no,2025,Superboys of Malegaon,5.35,no,Reema Kagti
Anuja Sathe,no,2025,Match Fixing,5.00,no,Kedar Gaekwad
Anup Jalota,no,2021,Satya Sai Baba,,no,Vicky Ranawat
Anup Shukla,no,2005,Film Star,,no,Tanuja Chandra
Anup Soni,no,2003,Inteha,,no,Vikram Bhatt
Anup Soni,no,2003,Khushi,,yes,S. J. Suryah
Anup Soni,no,2006,Tathastu,,yes,Anubhav Sinha
Anup Soni,no,2020,Class of '83,,yes,Atul Sabharwal
Anup Soni,no,2021,Raat Baaki Hai,,no,Avinash Das
Anup Soni,no,2024,Mirg,,no,Tarun Sharma
Anupam Kher,no,2000,Kaho Naa... Pyaar Hai,80.01,yes,Rakesh Roshan
Anupam Kher,no,2000,Kya Kehna,2.17,yes,Kundan Shah
Anupam Kher,no,2000,Refugee,35.44,yes,J. P. Dutta
Anupam Kher,no,2000,Shikaar,,no,Bobby Raj
Anupam Kher,no,2001,Aashiq,18.75,yes,Indra Kumar
Anupam Kher,no,2001,Kyo Kii Main Jhuth Nahin Bolta,14.34,yes,David Dhawan
Anupam Kher,no,2001,Rehnaa Hai Terre Dil Mein,,yes,Gautham Vasudev Menon
Anupam Kher,no,2002,Koi Mere Dil Se Poochhe,,yes,Boney Kapoor
Anupam Kher,no,2002,Yeh Hai Jalwa,10.88,yes,David Dhawan
Anupam Kher,no,2003,Ek Alag Mausam,,no,K. P. Sasi
Anupam Kher,no,2004,Garv,23.48,yes,Puneet Issar
Anupam Kher,no,2004,Kaun Hai Jo Sapno Mein Aaya,,no,Rajesh Bhatt
Anupam Kher,no,2004,Muskaan,,no,"Rohit Nayyar , Rohit Manash"
Anupam Kher,no,2004,Shukriya: Till Death Do Us Apart,,no,Anupam Sinha
Anupam Kher,no,2004,Veer-Zaara,97.64,yes,Yash Chopra
Anupam Kher,no,2005,Kyaa Kool Hai Hum,22.85,yes,Sangeeth Sivan
Anupam Kher,no,2005,Maine Gandhi Ko Nahin Mara,,no,Jahnu Barua
Anupam Kher,no,2005,Paheli,32.00,yes,Amol Palekar
Anupam Kher,no,2006,Aap Ki Khatir,13.00,yes,Dharmesh Darshan
Anupam Kher,no,2006,Apna Sapna Money Money,20.73,no,Sangeeth Sivan
Anupam Kher,no,2006,Chup Chup Ke,25.58,yes,Priyadarshan
Anupam Kher,no,2006,Khosla Ka Ghosla,6.67,no,Dibakar Banerjee
Anupam Kher,no,2006,Rang De Basanti,97.00,yes,Rakeysh Omprakash Mehra
Anupam Kher,no,2006,Shaadi Se Pehle,18.88,yes,Satish Kaushik
Anupam Kher,no,2006,Vivah,49.00,yes,Sooraj R. Barjatya
Anupam Kher,no,2007,Apna Asmaan,,no,Kaushik Roy
Anupam Kher,no,2007,Buddha Mar Gaya,,no,Rahul Rawail
Anupam Kher,no,2007,Dhokha,,no,Pooja Bhatt
Anupam Kher,no,2007,Dus Kahaniyaan,13.00,yes,"Sanjay Gupta , Apoorva Lakhia , Meghna Gulzar , Rohit Roy , Hansal Mehta , Jasmeet Dhodhi"
Anupam Kher,no,2007,Heyy Babyy,84.00,yes,Sajid Khan
Anupam Kher,no,2007,Just Married,,yes,Meghna Gulzar
Anupam Kher,no,2007,Laaga Chunari Mein Daag,25.00,yes,Pradeep Sarkar
Anupam Kher,no,2007,Shakalaka Boom Boom,,yes,Suneel Darshan
Anupam Kher,no,2007,Victoria No. 203,,no,Anant Mahadevan
Anupam Kher,no,2008,A Wednesday!,12.00,no,Neeraj Pandey
Anupam Kher,no,2008,C Kkompany,,yes,Sachin Yardi
Anupam Kher,no,2008,De Taali,,no,Eeshwar Nivas
Anupam Kher,no,2008,Dhoom Dadakka,,no,Shashi Ranjan
Anupam Kher,no,2008,God Tussi Great Ho,25.61,yes,Rumi Jaffery
Anupam Kher,no,2008,Meerabai Not Out,,no,Chandrakant Kulkarni
Anupam Kher,no,2008,Rama Rama Kya Hai Dramaa?,,no,S. Chandrakaant
Anupam Kher,no,2008,Tahaan,,no,Santosh Sivan
Anupam Kher,no,2009,Dil Bole Hadippa!,46.12,yes,Anurag Singh
Anupam Kher,no,2009,Life Partner,18.00,yes,Rumi Jaffrey
Anupam Kher,no,2009,Sankat City,,no,Pankaj Advani
Anupam Kher,no,2009,Victory,1.92,no,Ajit Pal Mangat
Anupam Kher,no,2009,Wake Up Sid,47.10,yes,Ayan Mukerji
Anupam Kher,no,2009,Yeh Mera India,,no,N. Chandra
Anupam Kher,no,2010,Admissions Open,,no,K.D. Satyam
Anupam Kher,no,2010,Apartment,,no,Jagmohan Mundhra
Anupam Kher,no,2010,Badmaash Company,53.00,yes,Parmeet Sethi
Anupam Kher,no,2010,Dabangg,221.14,yes,Abhinav Kashyap
Anupam Kher,no,2010,Lamhaa,,yes,Rahul Dholakia
Anupam Kher,no,2010,Nakshatra,,no,Mohan Savalkar
Anupam Kher,no,2010,Pyaar Impossible!,,yes,Jugal Hansraj
Anupam Kher,no,2010,Striker,,no,Chandan Arora
Anupam Kher,no,2011,Aagaah: The Warning,,no,Karan Razdan
Anupam Kher,no,2011,Desi Boyz,77.00,yes,Rohit Dhawan
Anupam Kher,no,2011,Game,12.87,yes,Abhinay Deo
Anupam Kher,no,2011,Mausam,,yes,Pankaj Kapoor
Anupam Kher,no,2011,Naughty @ 40,,no,Jagmohan Mundhra
Anupam Kher,no,2011,Sahi Dhandhe Galat Bande,,no,Parvin Dabas
Anupam Kher,no,2011,Yeh Faasley,,no,Yogesh Mittal
Anupam Kher,no,2011,Zokkomon,,no,Satyajit Bhatkal
Anupam Kher,no,2012,Chaar Din Ki Chandni,,yes,Samir Karnik
Anupam Kher,no,2012,Chhodo Kal Ki Baatein,,no,Pramod Joshi
Anupam Kher,no,2012,Krishna Aur Kans,,no,Vikram Veturi
Anupam Kher,no,2012,Mr. Bhatti on Chutti,,no,Karan Razdan
Anupam Kher,no,2013,Gori Tere Pyaar Mein,20.80,yes,Punit Malhotra
Anupam Kher,no,2013,Special 26,103.00,no,Neeraj Pandey
Anupam Kher,no,2014,Daawat-e-Ishq,35.58,yes,Habib Faisal
Anupam Kher,no,2014,Ekkees Toppon Ki Salaami,1.58,no,Ravindra Gautam
Anupam Kher,no,2014,Gang of Ghosts,,no,Satish Kaushik
Anupam Kher,no,2014,O Teri,3.60,no,Umesh Bist
Anupam Kher,no,2014,Singham Returns,215.00,yes,Rohit Shetty
Anupam Kher,no,2014,Sonali Cable,,no,Charudutt Acharya
Anupam Kher,no,2014,The Shaukeens,46.30,no,Abhishek Sharma
Anupam Kher,no,2014,Total Siyapaa,13.10,no,E Niwas
Anupam Kher,no,2015,Baby,142.98,no,Neeraj Pandey
Anupam Kher,no,2015,Dirty Politics,,no,K. C. Bokadia
Anupam Kher,no,2015,Prem Ratan Dhan Payo,432.00,yes,Sooraj Barjatya
Anupam Kher,no,2015,Sharafat Gayi Tel Lene,,yes,Gurmmeet Singh
Anupam Kher,no,2016,Buddha in a Traffic Jam,,no,Vivek Agnihotri
Anupam Kher,no,2016,M.S. Dhoni: The Untold Story,215.48,no,Neeraj Pandey
Anupam Kher,no,2016,Saat Uchakkey,,no,Sanjeev Sharma
Anupam Kher,no,2017,Indu Sarkar,6.07,no,Madhur Bhandarkar
Anupam Kher,no,2017,Judwaa 2,227.59,yes,David Dhawan
Anupam Kher,no,2017,Toilet: Ek Prem Katha,311.50,no,Shree Narayan Singh
Anupam Kher,no,2018,Aiyaary,34.07,no,Neeraj Pandey
Anupam Kher,no,2018,Love Sonia,,no,Tabrez Noorani
Anupam Kher,no,2019,One Day: Justice Delivered,4.68,no,Ashok Nanda
Anupam Kher,no,2019,The Accidental Prime Minister,22.65,yes,Vijay Ratnakar Gutte
Anupam Kher,no,2022,The Kashmir Files,340.92,no,Vivek Agnihotri
Anupam Kher,no,2022,Uunchai,48.99,no,Sooraj Barjatya
Anupam Kher,no,2023,IB71,29.19,no,Sankalp Reddy
Anupam Kher,no,2023,Shiv Shastri Balboa,,no,Ajayan Venugopalan
Anupam Kher,no,2023,The Vaccine War,9.47,no,Vivek Agnihotri
Anupam Kher,no,2024,Chhota Bheem and the Curse of Damyaan,,no,Rajiv Chilaka
Anupam Kher,no,2024,Kaagaz 2,,no,V. K. Prakash
Anupam Kher,no,2024,Kuch Khattaa Ho Jaay,1.50,no,G. Ashok
Anupam Kher,no,2024,The Signature,,no,Gajendra Ahire
Anupam Kher,no,2024,Vijay 69,,no,Akshay Roy
Anupam Kher,no,2025,Emergency,21.75,no,Kangana Ranaut
Anupam Kher,no,2025,Metro... In Dino,79.00,yes,Anurag Basu
Anupam Kher,no,2025,Tanvi the Great,,no,Anupam Kher
Anupam Kher,no,2025,The Bengal Files,16.19,no,Vivek Agnihotri
Anupam Kher,no,2025,Tumko Meri Kasam,,yes,Vikram Bhatt
Anupam Maanav,no,2014,Badlapur Boys,,no,Shailesh Verma
Anupama Agnihotri,no,2019,Rangeela Raja,0.18,no,Sikander Bharti
Anupama Verma,no,2001,Grahan,1.43,no,Shashilal K. Nair
Anupama Verma,no,2008,Woodstock Villa,20.00,yes,Hansal Mehta
Anupriya Goenka,no,2017,Daddy,15.50,no,Ashim Ahluwalia
Anupriya Goenka,no,2019,Kissebaaz,,no,Annant Jaaitpaal
Anupriya Goenka,no,2022,Mere Desh Ki Dharti,,no,Faraz Haider
Anupriya Goenka,no,2024,Berlin,,no,Atul Sabharwal
Anupriya Kapoor,no,2014,Bobby Jasoos,20.38,no,Samar Shaikh
Anuraag Malhan,no,2023,Yaatris,,no,Harish Vyas
Anuradha Menon,no,2009,Quick Gun Murugun,2.57,no,Shashanka Ghosh
Anuradha Menon,no,2009,"Raat Gayi, Baat Gayi?",,no,Saurabh Shukla
Anuradha Mukherjee &,no,2017,Panchlait,,no,Prem Prakash Modi
Anurag Basu,no,2016,Fuddu,,no,Sunil Subramani
Anurag Kashyap,no,2011,I Am,0.67,no,Onir
Anurag Kashyap,no,2011,Shagird,,no,Tigmanshu Dhulia
Anurag Kashyap,no,2014,Bhoothnath Returns,53.00,no,Nitesh Tiwari
Anurag Kashyap,no,2016,Akira,15.06,yes,A.R. Murugadoss
Anurag Kashyap,no,2018,Daas Dev,,no,Sudhir Mishra
Anurag Kashyap,no,2020,AK vs AK,,no,Vikramaditya Motwane
Anurag Kashyap,no,2020,Ghoomketu,,no,Pushpendra Nath Misra
Anurag Kashyap,no,2021,Bansuri: The Flute,,no,Hari Viswanath
Anurag Kashyap,no,2021,Bombay Rose,,no,Gitanjali Rao
Anurag Kashyap,no,2023,Haddi,,no,Akshat Ajay Sharma
Anurag Kashyap,no,2025,Saali Mohabbat,,no,Tisca Chopra
Anurag Singh,no,2008,Black & White,,no,Subhash Ghai
Anurag Sinha,no,2008,Black & White,,no,Subhash Ghai
Anurag Sinha,no,2016,Sanam Teri Kasam,16.03,no,"Radhika Rao , Vinay Sapru"
Anurita Jha,no,2013,The Unsound,,no,Alok Shrivastava
Anuritta K Jha,no,2016,Jugni,,no,Shefali Bhushan
Anusha Dandekar,no,2005,Viruddh... Family Comes First,18.51,yes,Mahesh Manjrekar
Anusha Dhandekar,no,2003,Mumbai Matinee,,no,Anant Balani
Anusha Dhandekar,no,2006,Anthony Kaun Hai?,17.21,yes,Raj Kaushal
Anusha Sampath,no,2019,Kabir Singh,379.02,yes,Sandeep Vanga
Anushka Manchanda,no,2010,Dulha Mil Gaya,,yes,Muddassar Aziz
Anushka Manchanda,no,2015,Angry Indian Goddesses,,no,Pan Nalin
Anushka Ranjan,no,2015,Wedding Pullav,,yes,Binod Pradhan
Anushka Sen,no,2023,Am I Next,,no,Rahat Kazmi
Anushka Sharma,no,2002,Ek Chhotisi Love Story,8.10,no,Shashilal K. Nair
Anushka Sharma,no,2008,Rab Ne Bana Di Jodi,157.00,yes,Aditya Chopra
Anushka Sharma,no,2010,Badmaash Company,53.00,yes,Parmeet Sethi
Anushka Sharma,no,2010,Band Baaja Baaraat,96.00,no,Maneesh Sharma
Anushka Sharma,no,2011,Ladies vs Ricky Bahl,84.00,no,Maneesh Sharma
Anushka Sharma,no,2011,Patiala House,35.30,yes,Nikhil Advani
Anushka Sharma,no,2012,Jab Tak Hai Jaan,235.00,no,Yash Chopra
Anushka Sharma,no,2013,Matru Ki Bijlee Ka Mandola,31.15,yes,Vishal Bhardwaj
Anushka Sharma,no,2014,PK,769.00,yes,Rajkumar Hirani
Anushka Sharma,no,2015,Bombay Velvet,43.13,yes,Anurag Kashyap
Anushka Sharma,no,2015,Dil Dhadakne Do,145.00,no,Zoya Akhtar
Anushka Sharma,no,2015,NH10,49.00,no,Navdeep Singh
Anushka Sharma,no,2016,Ae Dil Hai Mushkil,239.56,yes,Karan Johar
Anushka Sharma,no,2016,Sultan,631.25,yes,Ali Abbas Zafar
Anushka Sharma,no,2017,Jab Harry Met Sejal,153.43,no,Imtiaz Ali
Anushka Sharma,no,2017,Phillauri,46.60,no,Anshai Lal
Anushka Sharma,no,2018,Pari,41.40,no,Prosit Roy
Anushka Sharma,no,2018,Sui Dhaaga,125.09,yes,Sharat Katariya
Anushka Sharma,no,2018,Zero,191.43,yes,Aanand L. Rai
Anya Singh,no,2017,Qaidi Band,,yes,Habib Faisal
Anya Singh,no,2021,Velle,19.36,yes,Deven Munjal
Aparajita,no,2009,Chowrasta Crossroads of Love,,no,Anjan Dutt
Aparna Bajpai,no,2013,Horror Story,7.00,no,Ayush Raina
Aparna Bajpai,no,2014,Mumbai 125 KM,14.65,no,Hemant Madhukar
Aparna Sharma,no,2015,Guddu Ki Gun,,no,"Shantanu Ray Chhibber, Sheershak Anand"
Aparshakti Khurana,no,2018,Stree,180.76,no,Amar Kaushik
Aparshakti Khurana,no,2019,Kanpuriye,,no,Ashish Aryan
Aparshakti Khurana,no,2019,Luka Chuppi,128.60,no,Laxman Utekar
Aparshakti Khurana,no,2020,Street Dancer 3D,97.00,yes,Remo D'Souza
Aparshakti Khurana,no,2021,Helmet,,no,Satramm Ramani
Aparshakti Khurana,no,2022,Dhokha: Round D Corner,3.74,no,Kookie Gulati
Aparshakti Khurana,no,2024,Berlin,,no,Atul Sabharwal
Aparshakti Khurana,no,2024,Stree 2,874.58,no,Amar Kaushik
Apoorva Agnihotri,no,2001,Hum Ho Gaye Aapke,,yes,Agathiyan
Apoorva Agnihotri,no,2003,Dhund,,no,Shyam Ramsay
Apoorva Agnihotri,no,2004,Lakeer – Forbidden Lines,,yes,Ahmed Khan
Apoorva Arora,no,2011,Bubble Gum,,no,Sanjivan Lal
Apoorva Arora,no,2020,Yahan Sabhi Gyani Hain,,no,Anant Tripathi
Apoorva Arora,no,2025,Aachari Baa,,no,Hardik Gajjar
Apurva Agnihotri,no,2002,Pyaar Diwana Hota Hai,,yes,Kirti Kumar
Aradhna Gupta,no,2013,Satya 2,,no,Ram Gopal Varma
Arbaaz Ali Khan,no,2008,Pehli Nazar Ka Pyaar,,no,Arshad Khan
Arbaaz Ali Khan,no,2014,Neighbours,,no,Shyam Ramsay
Arbaaz Khan,yes,2002,Maa Tujhhe Salaam,22.84,yes,Tinu Verma
Arbaaz Khan,yes,2002,Soch,,yes,Sushen Bhatnagar
Arbaaz Khan,yes,2002,Tumko Na Bhool Paayenge,19.89,yes,Pankaj Parashar
Arbaaz Khan,yes,2003,Kuch Naa Kaho,13.08,yes,Rohan Sippy
Arbaaz Khan,yes,2003,Qayamat: City Under Threat,28.52,yes,Harry Baweja
Arbaaz Khan,yes,2004,Garv,23.48,yes,Puneet Issar
Arbaaz Khan,yes,2004,Hulchul,33.09,yes,Priyadarshan
Arbaaz Khan,yes,2004,Wajahh: A Reason to Kill,,yes,Gautama Adhikari
Arbaaz Khan,yes,2005,Maine Pyaar Kyun Kiya?,47.22,yes,David Dhawan
Arbaaz Khan,yes,2005,Taj Mahal: An Eternal Love Story,31.10,yes,Akbar Khan
Arbaaz Khan,yes,2006,Bhagam Bhag,67.00,yes,Priyadarshan
Arbaaz Khan,yes,2006,Iqraar by Chance,,yes,K. Ravi Shankar
Arbaaz Khan,yes,2006,Malamaal Weekly,42.76,yes,Priyadarshan
Arbaaz Khan,yes,2007,Dhol,33.27,yes,Priyadarshan
Arbaaz Khan,yes,2007,Dus Kahaniyaan,13.00,yes,"Sanjay Gupta , Apoorva Lakhia , Meghna Gulzar , Rohit Roy , Hansal Mehta , Jasmeet Dhodhi"
Arbaaz Khan,yes,2007,Fool & Final,27.62,yes,Ahmed Khan
Arbaaz Khan,yes,2007,Shootout at Lokhandwala,46.04,yes,Apoorva Lakhia
Arbaaz Khan,yes,2008,Fashion,39.29,yes,Madhur Bhandarkar
Arbaaz Khan,yes,2008,Hello,17.96,yes,Atul Agnihotri
Arbaaz Khan,yes,2008,Jaane Tu... Ya Jaane Na,84.00,yes,Abbas Tyrewala
Arbaaz Khan,yes,2008,Thodi Life Thoda Magic,,yes,Vinayak Rajesh
Arbaaz Khan,yes,2008,Woodstock Villa,20.00,yes,Hansal Mehta
Arbaaz Khan,yes,2009,Jai Veeru,39.00,yes,Puneet Sira
Arbaaz Khan,yes,2009,Kisaan,5.76,yes,Puneet Sira
Arbaaz Khan,yes,2009,Mere Khwabon Mein Jo Aaye,,yes,Madhureeta Anand
Arbaaz Khan,yes,2009,The Stoneman Murders,,yes,Manish Gupta
Arbaaz Khan,yes,2010,Dabangg,221.14,yes,Abhinav Kashyap
Arbaaz Khan,yes,2010,Prem Kaa Game,,yes,Ashok Kheny
Arbaaz Khan,yes,2011,Ready,180.00,yes,Anees Bazmee
Arbaaz Khan,yes,2012,Dabangg 2,255.00,yes,Arbaaz Khan
Arbaaz Khan,yes,2016,Freaky Ali,21.32,yes,Sohail Khan
Arbaaz Khan,yes,2016,Yea Toh Two Much Ho Gayaa,,yes,Anwer Khan
Arbaaz Khan,yes,2017,Jeena Isi Ka Naam Hai,,yes,Keshhav Panneriy
Arbaaz Khan,yes,2017,Tera Intezaar,0.95,yes,Raajeev Waalia
Arbaaz Khan,yes,2018,Nirdosh,,yes,Pradeep Rangwani
Arbaaz Khan,yes,2019,Dabangg 3,230.93,yes,Prabhu Deva
Arbaaz Khan,yes,2019,Main Zaroor Aaunga,,yes,Chandrakant Singh
Arbaaz Khan,yes,2025,Kaal Trighori,,yes,Nitin Vaidya
Arbaz Khan,no,2015,Kis Kisko Pyaar Karoon,71.60,no,Abbas–Mustan
Archan Trivedi,no,2025,Well Done CA Sahab!,,no,Sarvesh Kumar Singh
Archana,no,2011,Happy Husbands,,no,Anay
Archana Joglekar,no,2012,Married 2 America,,no,Dilip Shankar
Archana Puran Singh,no,2003,Jhankaar Beats,,yes,Sujoy Ghosh
Archana Puran Singh,no,2004,Aabra Ka Daabra,1.06,no,Dheeraj Kumar
Archana Puran Singh,no,2008,Good Luck!,,no,Aditya Datt
Archana Puran Singh,no,2008,Oye Lucky! Lucky Oye!,6.10,yes,Dibakar Banerjee
Archana Puran Singh,no,2009,De Dana Dan,81.85,no,Priyadarshan
Archana Puran Singh,no,2015,Uvaa,,no,Jasbir Bhaati
Archana Shastry,no,2017,The Final Exit,,yes,Dhwanil Mehta
Arfi Lamba,no,2013,Prague,,no,Ashish R Shukla
Arfi Lamba,no,2014,Fugly,13.60,yes,Kabir Sadanand
Arhaan Pateel,no,2025,Tu Meri Poori Kahani,,no,Suhrita Das
Ariana Ayam,no,2014,Heartless,1.18,no,Shekhar Suman
Ariana Sajnani,no,2023,Sir Madam Sarpanch,,no,Praveen Morchhale
Arif Zakaria,no,2004,Asambhav,5.16,no,Rajiv Rai
Arif Zakaria,no,2004,Netaji Subhas Chandra Bose: The Forgotten Hero,1.25,no,Shyam Benegal
Arif Zakaria,no,2005,Hazaaron Khwaishein Aisi,,no,Sudhir Mishra
Arif Zakaria,no,2010,My Name Is Khan,220.30,yes,Karan Johar
Arif Zakaria,no,2014,Darr @ the Mall,7.80,no,Pawan Kripalani
Arif Zakaria,no,2014,Dee Saturday Night,,no,Jay Prakash
Arif Zakaria,no,2020,Gul Makai,,no,H.E. Amjad khan
Arif Zakaria,no,2021,Ahaan,,no,Nikhil Pherwani
Arif Zakaria,no,2024,Pride,,yes,Pankaj Kr Virat
Arifin Shuvoo,no,2023,Mujib: The Making of a Nation,,no,Shyam Benegal
Arijita Roy,no,2014,LUV...Phir Kabhie,,no,Ajay Yadav
Arindita Kalita,no,2020,Bunker,,no,Jugal Raja
Arisht Jain,no,2024,Tikdam,,no,Vivek Anchalia
Arjan Bajwa,no,2007,Guru,83.67,yes,Mani Ratnam
Arjan Bajwa,no,2008,Fashion,39.29,yes,Madhur Bhandarkar
Arjan Bajwa,no,2010,Crook,12.40,yes,Mohit Suri
Arjan Bajwa,no,2010,Hide & Seek,,no,Shawn Arranha
Arjan Bajwa,no,2011,Tell Me O Kkhuda,,yes,Hema Malini
Arjan Bajwa,no,2014,Bobby Jasoos,20.38,no,Samar Shaikh
Arjan Bajwa,no,2016,Rustom,216.35,no,Tinu Suresh Desai
Arjan Bajwa,no,2019,Kabir Singh,379.02,yes,Sandeep Vanga
Arjumman Mughal,no,2020,O Pushpa I Hate Tears,,no,Dinkar Kapoor
Arjumman Mughal,no,2022,Ajay Wardhan,,no,Pragati Agarwal
Arjun Bajwa,no,2024,Appu,,no,Prosenjit Ganguly
Arjun Bijlani,no,2016,Direct Ishq,0.56,no,Rajiv S. Ruia
Arjun Chakraborty,no,2000,Anokha Moti,,no,Anshul Singla
Arjun Fauzdar,no,2015,NH-8 Road to Nidhivan,,no,Munindra Gupta
Arjun Fauzdar,no,2021,B.A. Pass 3,,no,Narendra Singh
Arjun Gupta,no,2012,"Love, Lies & Seeta",,no,Chandra Pemmaraju
Arjun Kapoor,yes,2012,Ishaqzaade,,yes,Habib Faisal
Arjun Kapoor,yes,2013,Aurangzeb,35.41,yes,Atul Sabharwal
Arjun Kapoor,yes,2014,2 States,172.99,yes,Abhishek Varman
Arjun Kapoor,yes,2014,Gunday,130.91,yes,Ali Abbas Zafar
Arjun Kapoor,yes,2015,Tevar,56.00,yes,Amit Sharma
Arjun Kapoor,yes,2016,Ki & Ka,100.33,yes,R. Balki
Arjun Kapoor,yes,2017,Half Girlfriend,97.70,yes,Mohit Suri
Arjun Kapoor,yes,2017,Mubarakan,93.24,yes,Anees Bazmee
Arjun Kapoor,yes,2018,Namaste England,8.02,yes,Vipul Shah
Arjun Kapoor,yes,2019,India's Most Wanted,16.74,yes,Rajkumar Gupta
Arjun Kapoor,yes,2019,Panipat,49.29,yes,Ashutosh Gowariker
Arjun Kapoor,yes,2021,Bhoot Police,,yes,Pavan Kirpalani
Arjun Kapoor,yes,2021,Sandeep Aur Pinky Faraar,0.58,yes,Dibakar Banerjee
Arjun Kapoor,yes,2021,Sardar Ka Grandson,,yes,Kaashvie Nair
Arjun Kapoor,yes,2022,Ek Villain Returns,68.64,yes,Mohit Suri
Arjun Kapoor,yes,2023,Kuttey,4.65,yes,Aasmaan Bhardwaj
Arjun Kapoor,yes,2023,The Lady Killer,0.01,yes,Ajay Bahl
Arjun Kapoor,yes,2024,Singham Again,389.64,yes,Rohit Shetty
Arjun Kapoor,yes,2025,Mere Husband Ki Biwi,,yes,Mudassar Aziz
Arjun Mathur,no,2004,Kyun! Ho Gaya Na...,16.35,yes,Samir Karnik
Arjun Mathur,no,2009,Barah Aana,,no,Raja Menon
Arjun Mathur,no,2010,My Name Is Khan,220.30,yes,Karan Johar
Arjun Mathur,no,2011,I Am,0.67,no,Onir
Arjun Mathur,no,2011,My Friend Pinto,1.80,yes,Raghav Dar
Arjun Mathur,no,2013,Ankur Arora Murder Case,10.00,no,Suhail Tatari
Arjun Mathur,no,2013,Asab Bosana Mera Story Hai,,no,"Shoresa Khan, Herisa Sharma"
Arjun Mathur,no,2014,Fireflies,,no,Sabal Singh Sheikhawat
Arjun Mathur,no,2015,Coffee Bloom,,no,Manu Warrier
Arjun Mathur,no,2015,Waiting,3.50,no,Anu Menon
Arjun Mathur,no,2018,Brij Mohan Amar Rahe!,,no,Nikhil Bhatt
Arjun Mathur,no,2019,The Accidental Prime Minister,22.65,yes,Vijay Ratnakar Gutte
Arjun Mathur,no,2021,Silence... Can You Hear It?,,no,Aban Bharucha Deohans
Arjun Mathur,no,2025,Lord Curzon Ki Haveli,,no,Anshuman Jha
Arjun Punj,no,2005,Time Pass,,no,
Arjun Radhakrishnan,no,2017,Shreelancer,,no,Sandeep Mohan
Arjun Raina,no,2000,Saanjh,,no,Sabrina Dhawan
Arjun Rampal,no,2001,Deewaanapan,10.00,no,Ashu Trikha
Arjun Rampal,no,2001,Moksha,0.82,no,Ashok Mehta
Arjun Rampal,no,2001,Pyaar Ishq Aur Mohabbat,7.15,no,Rajiv Rai
Arjun Rampal,no,2002,Aankhen,33.80,no,Vipul Shah
Arjun Rampal,no,2002,Dil Hai Tumhaara,18.03,yes,Kundan Shah
Arjun Rampal,no,2003,Dil Ka Rishta,14.60,no,Naresh Malhotra
Arjun Rampal,no,2003,Tehzeeb,,yes,Khalid Mohamed
Arjun Rampal,no,2004,Asambhav,5.16,no,Rajiv Rai
Arjun Rampal,no,2005,Ek Ajnabee,,yes,Apoorva Lakhia
Arjun Rampal,no,2005,Elaan,,no,Vikram Bhatt
Arjun Rampal,no,2005,Vaada,,yes,Satish Kaushik
Arjun Rampal,no,2005,Yakeen,,no,Girish Dhamija
Arjun Rampal,no,2006,Alag,0.56,no,Ashu Trikha
Arjun Rampal,no,2006,Darna Zaroori Hai,10.65,no,Ram Gopal Varma
Arjun Rampal,no,2006,Don: The Chase Begins Again,106.00,yes,Farhan Akhtar
Arjun Rampal,no,2006,Humko Tumse Pyaar Hai,4.33,yes,Vikram Bhatt
Arjun Rampal,no,2006,I See You,1.92,yes,Vivek Agrawal
Arjun Rampal,no,2007,Honeymoon Travels Pvt. Ltd.,19.51,yes,Reema Kagti
Arjun Rampal,no,2007,Om Shanti Om,152.00,no,Farah Khan
Arjun Rampal,no,2008,EMI - Liya Hai Toh Chukana Parega,,yes,Saurabh Kabra
Arjun Rampal,no,2008,Rock On!!,36.00,no,Abhishek Kapoor
Arjun Rampal,no,2008,The Last Lear,,no,Rituparno Ghosh
Arjun Rampal,no,2009,Fox,,yes,Deepak Tijori
Arjun Rampal,no,2010,Housefull,114.18,no,Sajid Khan
Arjun Rampal,no,2010,Raajneeti,145.50,yes,Prakash Jha
Arjun Rampal,no,2010,We Are Family,,yes,Siddharth Malhotra
Arjun Rampal,no,2011,Ra.One,207.00,yes,Anubhav Sinha
Arjun Rampal,no,2011,Rascals,51.01,yes,David Dhawan
Arjun Rampal,no,2012,Ajab Gazabb Love,,yes,Sanjay Gadhvi
Arjun Rampal,no,2012,Chakravyuh,25.70,yes,Prakash Jha
Arjun Rampal,no,2012,Heroine,,yes,Madhur Bhandarkar
Arjun Rampal,no,2013,D Day,24.00,yes,Nikhil Advani
Arjun Rampal,no,2013,Inkaar,10.02,no,Sudhir Mishra
Arjun Rampal,no,2013,Satyagraha,,yes,Prakash Jha
Arjun Rampal,no,2015,Roy,56.00,yes,Vikramjit Singh
Arjun Rampal,no,2016,Kahaani 2: Durga Rani Singh,54.70,no,Sujoy Ghosh
Arjun Rampal,no,2016,Rock On 2,15.70,no,Sujaat Saudagar
Arjun Rampal,no,2017,Daddy,15.50,no,Ashim Ahluwalia
Arjun Rampal,no,2018,Paltan,10.22,yes,J. P. Dutta
Arjun Rampal,no,2021,Nail Polish,,no,Bugs Bhargava Krishna
Arjun Rampal,no,2022,Dhaakad,3.77,no,Razy Ghai
Arjun Rampal,no,2023,Mystery of the Tattoo,,no,Kalaiarasi Sathappan Ganesh Mahadevan
Arjun Rampal,no,2024,Crakk,17.08,no,Aditya Datt
Arjun Rampal,no,2025,Dhurandhar,1349.65,yes,Aditya Dhar
Arjun Rampal,no,2025,Nikita Roy,,yes,Kussh Sinha
Arjun Sarja,no,2016,Final Cut of Director,,no,Bharathiraja
Arka Das,no,2025,My Melbourne,,no,Kabir Khan Rima Das Onir Imtiaz Ali
Armaan Jain,yes,2014,Lekar Hum Deewana Dil,,yes,Arif Ali
Armaan Kohli,no,2015,Prem Ratan Dhan Payo,432.00,yes,Sooraj Barjatya
Armaan Sandhu,no,2021,B.A. Pass 3,,no,Narendra Singh
Arpit Chaudhary,no,2019,Evening Shadows,,no,Sridhar Rangayan
Arpita Pal,no,2017,Shab,32.00,no,Onir
Arsh Sehrawat,no,2017,Thodi Thodi Si Manmaaniyan,,no,Aditya Sarpotdar
Arshad Khan,no,2013,Bandook,,no,Aditya Om
Arshad Warsi,no,2000,Ghaath,,no,Akashdeep
Arshad Warsi,no,2001,Mujhe Meri Biwi Se Bachaao,,yes,Harry Baweja
Arshad Warsi,no,2002,Jaani Dushman: Ek Anokhi Kahani,18.56,yes,Rajkumar Kohli
Arshad Warsi,no,2003,Munna Bhai M.B.B.S.,36.29,yes,Rajkumar Hirani
Arshad Warsi,no,2003,Waisa Bhi Hota Hai Part II,,no,Shashanka Ghosh
Arshad Warsi,no,2004,Hulchul,33.09,yes,Priyadarshan
Arshad Warsi,no,2005,Chocolate,,yes,Vivek Agnihotri
Arshad Warsi,no,2005,Kuchh Meetha Ho Jaye,,no,Samar Khan
Arshad Warsi,no,2005,Maine Pyaar Kyun Kiya?,47.22,yes,David Dhawan
Arshad Warsi,no,2005,Salaam Namaste,75.23,yes,Siddharth Anand
Arshad Warsi,no,2005,Sehar,2.40,no,Kabeer Kaushik
Arshad Warsi,no,2005,Vaah! Life Ho Toh Aisi!,19.00,yes,Mahesh Manjrekar
Arshad Warsi,no,2006,Anthony Kaun Hai?,17.21,yes,Raj Kaushal
Arshad Warsi,no,2006,Golmaal: Fun Unlimited,41.25,yes,Rohit Shetty
Arshad Warsi,no,2006,Kabul Express,,no,Kabir Khan
Arshad Warsi,no,2006,Lage Raho Munna Bhai,126.20,yes,Rajkumar Hirani
Arshad Warsi,no,2007,Dhamaal,50.73,yes,Indra Kumar
Arshad Warsi,no,2007,Goal,21.72,no,Vivek Agnihotri
Arshad Warsi,no,2008,Golmaal Returns,95.00,yes,Rohit Shetty
Arshad Warsi,no,2008,Krazzy 4,32.27,no,Jaideep Sen
Arshad Warsi,no,2008,Mr. Black Mr. White,,no,Deepak Shivdasani
Arshad Warsi,no,2008,Sunday,,yes,Rohit Shetty
Arshad Warsi,no,2009,Ek Se Bure Do,,no,Tarique
Arshad Warsi,no,2009,Kisse Pyaar Karoon,,no,Ajay Chandock
Arshad Warsi,no,2009,Shortkut,,yes,Neeraj Vora
Arshad Warsi,no,2010,Golmaal 3,167.00,yes,Rohit Shetty
Arshad Warsi,no,2010,Hum Tum Aur Ghost,8.01,no,Kabeer Kaushik
Arshad Warsi,no,2010,Ishqiya,31.81,no,Abhishek Chaubey
Arshad Warsi,no,2011,Double Dhamaal,70.54,yes,Indra Kumar
Arshad Warsi,no,2011,F.A.L.T.U,,yes,Remo D'Souza
Arshad Warsi,no,2013,Jolly LLB,48.70,no,Subhash Kapoor
Arshad Warsi,no,2013,Rabba Main Kya Karoon,,no,Amrit Sagar Chopra
Arshad Warsi,no,2013,Zila Ghaziabad,,yes,Anand Kumar
Arshad Warsi,no,2014,Dedh Ishqiya,40.80,no,Abhishek Chaubey
Arshad Warsi,no,2014,Mr Joe B. Carvalho,,yes,Samir Tiwari
Arshad Warsi,no,2015,Guddu Rangeela,,no,Subhash Kapoor
Arshad Warsi,no,2015,Welcome 2 Karachi,,yes,Ashish R Mohan
Arshad Warsi,no,2016,The Legend of Michael Mishra,,no,Manish Jha
Arshad Warsi,no,2017,Golmaal Again,311.05,yes,Rohit Shetty
Arshad Warsi,no,2017,Irada,1.10,no,Aparnaa Singh
Arshad Warsi,no,2018,Bhaiaji Superhit,,yes,Neerraj Pathak
Arshad Warsi,no,2019,Fraud Saiyaan,,no,Sourabh Shrivastava
Arshad Warsi,no,2019,Pagalpanti,49.17,no,Anees Bazmee
Arshad Warsi,no,2019,Total Dhamaal,228.27,no,Indra Kumar
Arshad Warsi,no,2020,Durgamati,,no,G. Ashok
Arshad Warsi,no,2022,Bachchhan Paandey,73.17,no,Farhad Samji
Arshad Warsi,no,2024,Bandaa Singh Chaudhary,,no,Abhishek Saxena
Arshad Warsi,no,2025,Bhagwat: Chapter One – Raakshas,,no,Akshay Shere
Arshad Warsi,no,2025,Jolly LLB 3,166.06,no,Subhash Kapoor
Arshad Warsi,no,2025,Mastiii 4,15.14,yes,Milap Zaveri
Arshi Khan,no,2022,Trahimam,,no,Dushyant Pratap Singh
Arshin and Sandeep Anand,no,2017,Sallu Ki Shaadi,,no,Mohammad Israr Ansari
Art Malik,no,2016,Mirzya,13.50,yes,Rakeysh Omprakash Mehra
Arti Gupta,no,2019,Rangeela Raja,0.18,no,Sikander Bharti
Arti Puri,no,2015,Once Upon a Time in Bihar,,no,Nitin Chandra
Arun Bakshi,no,2002,Mulaqaat,,no,K. Ravi Shankar
Arun Bakshi,no,2015,Lakhon Hain Yahan Dilwale,,no,Munnawar Bhagat
Arun Govil,no,2023,Hukus Bukus,,no,Vinay Bharadwaj Saumitra Singh
Arun Govil,no,2023,OMG 2,221.08,no,Amit Rai
Arun Govil,no,2023,Sergeant,,no,Prawaal Raman
Arun Govil,no,2024,Article 370,110.57,no,Aditya Suhas Jambhale
Arun Govil,no,2025,Sant Tukaram,,no,Aditya Om
Aruna Irani,no,2011,Angel,,no,Ganesh Acharya
Aruna Shields,no,2010,Mr. Singh Mrs. Mehta,,no,Pravesh Raman
Aruna Shields,no,2010,Prince,,yes,Kookie Gulati
Arunoday Singh,no,2010,Aisha,28.65,yes,Rajshree Ojha
Arunoday Singh,no,2011,Yeh Saali Zindagi,10.75,no,Sudhir Mishra
Arunoday Singh,no,2012,Jism 2,49.00,no,Pooja Bhatt
Arunoday Singh,no,2014,Ungli,50.00,yes,Rensil D'Silva
Arunoday Singh,no,2016,Buddha in a Traffic Jam,,no,Vivek Agnihotri
Arunoday Singh,no,2016,Mohenjo Daro,107.80,yes,Ashutosh Gowariker
Arunoday Singh,no,2018,Blackmail,28.81,no,Abhinay Deo
Arunoday Singh,no,2021,Lahore Confidential,,no,Kunal Kohli
Arushi Sharma,no,2025,My Melbourne,,no,Kabir Khan Rima Das Onir Imtiaz Ali
Arvind Gaur,no,2017,JD,,no,Shailendra Pandey
Arvind Swami,no,2021,Thalaivii,,no,A. L. Vijay
Arvind Swami,no,2025,Tanvi the Great,,no,Anupam Kher
Arvind Swamy,no,2000,Raja Ko Rani Se Pyar Ho Gaya,64.87,no,T.K. Rajeev Kumar
Arvind Swamy,no,2016,Dear Dad,,no,Tanuj Bhramar
Arya Babbar,yes,2002,Ab Ke Baras,,yes,Raj Kanwar
Arya Babbar,yes,2003,Mudda: The Issue,,yes,Saurabh Shukla
Arya Babbar,yes,2004,Thoda Tum Badlo Thoda Hum,,yes,Esmayeel Shroff
Arya Babbar,yes,2010,Tees Maar Khan,101.89,yes,Farah Khan
Arya Babbar,yes,2013,Paapi - Ek Satya Katha,,yes,Aziz Sejawal
Arya Babbar,yes,2013,Zindagi 50-50,11.00,yes,Rajiv S. Ruia
Arya Babbar,yes,2016,Chalk n Duster,,yes,Jayant Gilatar
Arya Banerjee,no,2010,Love Sex Aur Dhokha,9.80,no,Dibakar Banerjee
Arya Mitra Sharma,no,2017,A Death in the Gunj,1.37,no,Konkona Sen Sharma
Aryaman Ramsay,no,2014,Riyasat,,no,Ashok Tyagi
Aryan Prajapati,no,2020,Lootcase,,no,Rajesh Krishnan
Aryan Singh Rana,no,2025,Ghich Pich,,no,Ankur Singla
Aryan Vaid,no,2001,Be-Lagaam,,no,Ram Lakhan
Aryan Vaid,no,2005,Chaahat – Ek Nasha,153.00,no,Jai Prakash
Aryan Vaid,no,2005,Fun – Can Be Dangerous Sometimes,,no,Sunjay Zaveri
Aryan Vaid,no,2005,Naam Gum Jaayega,3.50,no,Amol Shetge
Aryan Vaid,no,2005,Sauda - The Deal,,no,Jay Prakash
Aryan Vaid,no,2006,Aisa Kyon Hota Hai?,,no,Ajay Kanchan
Aryan Vaid,no,2007,Apne,69.28,yes,Anil Sharma
Aryan Vaid,no,2010,Dunno Y... Na Jaane Kyon,,no,Sanjay Sharma
Aryan Vaid,no,2014,Riyasat,,no,Ashok Tyagi
Aryeman,no,2008,Good Luck!,,no,Aditya Datt
Arzoo Govitrikar,no,2004,Let's Enjoy,,no,"Ankur Tewari , Siddharth Anand Kumar"
Arzoo Govitrikar,no,2005,Dreams,,no,Ashish Chanana
Arzoo Govitrikar,no,2008,Mere Baap Pehle Aap,36.00,yes,Priyadarshan
Arzoo Govitrikar,no,2008,Tulsi,1.20,no,K. Ajay Kumar
Asad Mirza,no,2012,Say Yes to Love,,no,Mahrukh Mirza Beg
Asad Sikandar,no,2005,Bullet: Ek Dhamaka,,no,Irfan Khan
Asawari Joshi,no,2001,Pyaar Zindagi Hai,0.11,yes,Vijay Sadanah
Asawari Joshi,no,2005,Waqt: The Race Against Time,42.49,no,Vipul Shah
Asawari Joshi,no,2007,Hattrick,,no,Milan Luthria
Asawari Joshi,no,2007,Om Shanti Om,152.00,no,Farah Khan
Asawari Joshi,no,2010,Hum Tum Aur Ghost,8.01,no,Kabeer Kaushik
Asawari Joshi,no,2011,Chala Mussaddi... Office Office,1.40,no,Rajiv Mehra
Asenla Jamir,no,2020,Axone,,no,Nicholas Kharkongor
Ash Chandler,no,2010,Guzaarish,61.30,yes,Sanjay Leela Bhansali
Ash Chandler,no,2012,"Love, Wrinkle-free",,no,Sandeep Mohan
Ash Tandon,no,2024,The Buckingham Murders,14.56,yes,Hansal Mehta
Asha Bhat,no,2019,Junglee,24.70,no,Chuck Russell
Asha Bhosle,no,2013,Mai...,,no,Mahesh Kodiyal
Asha Negi,no,2020,Ludo,,yes,Anurag Basu
Asha Negi,no,2021,Collar Bomb,,no,Dnyanesh Zoting
Asha Singh,no,2021,Faactory,,yes,Faisal Khan
Ashar Shaikh,no,2007,Bal Ganesh,0.69,no,Pankaj Sharma
Ashhmita,no,2010,Diwangi Ne Had Kar Di,,no,Jiten Purohit
Ashima Bhalla,no,2001,Pyaar Zindagi Hai,0.11,yes,Vijay Sadanah
Ashima Bhalla,no,2002,Na Tum Jaano Na Hum,19.29,yes,Arjun Sablok
Ashima Sharma,no,2015,Mumbai Can Dance Saala,,no,Sachindra Sharma
Ashish Bisht,no,2017,Shab,32.00,no,Onir
Ashish Chaudhary,no,2008,Bhoothnath,70.00,no,Vivek Sharma
Ashish Chaudhary,no,2008,EMI - Liya Hai Toh Chukana Parega,,yes,Saurabh Kabra
Ashish Chaudhary,no,2008,Rama Rama Kya Hai Dramaa?,,no,S. Chandrakaant
Ashish Nayyar,no,2011,Sahi Dhandhe Galat Bande,,no,Parvin Dabas
Ashish Sharma,no,2012,Zindagi Tere Naam,,no,Ashu Trikha
Ashish Tyagi,no,2016,Darling Don't Cheat,,no,Rajkumar Hindusthani
Ashish Verma,no,2021,Helmet,,no,Satramm Ramani
Ashish Vidyarthi,no,2001,Ek Rishtaa: The Bond of Love,36.50,yes,Suneel Darshan
Ashish Vidyarthi,no,2002,Ab Ke Baras,,yes,Raj Kanwar
Ashish Vidyarthi,no,2002,Hum Kisise Kum Nahin,29.15,yes,David Dhawan
Ashish Vidyarthi,no,2002,Kya Yehi Pyaar Hai,11.36,no,K. Murali Mohan Rao
Ashish Vidyarthi,no,2003,Ek Aur Ek Gyarah,21.00,yes,David Dhawan
Ashish Vidyarthi,no,2004,AK-47,,no,Raam Shetty
Ashish Vidyarthi,no,2007,Awarapan,,yes,Mohit Suri
Ashish Vidyarthi,no,2013,R... Rajkumar,101.21,yes,Prabhudeva
Ashish Vidyarthi,no,2014,Rang Rasiya,,no,Ketan Mehta
Ashish Vidyarthi,no,2015,Once Upon a Time in Bihar,,no,Nitin Chandra
Ashish Vidyarthi,no,2015,Rahasya,,no,Manish Gupta
Ashish Vidyarthi,no,2016,Bollywood Diaries,,no,K.D. Satyam
Ashish Vidyarthi,no,2017,Bachche Kachche Sachche,,no,Ravi Sadasiv
Ashish Vidyarthi,no,2023,Khufiya,,no,Vishal Bharadwaj
Ashish Vidyarthi,no,2024,Vedaa,26.71,no,Nikkhil Advani
Ashmit Patel,no,2003,Inteha,,no,Vikram Bhatt
Ashmit Patel,no,2004,Murder,25.00,yes,Anurag Basu
Ashmit Patel,no,2005,Silsiilay,,no,Khalid Mohamed
Ashmit Patel,no,2006,Banaras,,no,Pankaj Parashar
Ashmit Patel,no,2006,Dil Diya Hai,3.25,yes,Aaditya Datt
Ashmit Patel,no,2006,Fight Club: Members Only,8.88,yes,Vikram Chopra
Ashmit Patel,no,2006,Kudiyon Ka Hai Zamana,,yes,Amar Butala
Ashmit Patel,no,2009,Toss,0.19,no,Ramesh Khatkar
Ashmit Patel,no,2013,Super Model,,no,Navin Batra
Ashmit Patel,no,2016,Dongri Ka Raja,,no,Hadi Ali Abrar
Ashmit Patel,no,2018,Nirdosh,,yes,Pradeep Rangwani
Ashnoor Kaur,no,2024,Kisko Tha Pata,,no,Ratnaa Sinha
Ashok Bagla,no,2009,Meri Padosan,,no,Prakash Saini
Ashok Banthia,no,2000,Mission Kashmir,43.30,yes,Vidhu Vinod Chopra
Ashok Insan,no,2016,MSG: The Warrior Lion Heart,,no,"Gurmeet Ram Rahim Singh , Honeypreet Insan"
Ashok Kaul,no,2005,Bhagmati,,no,Ashok Kaul
Ashok Kumar,no,2013,Love in Bombay,,no,Joy Mukherjee
Ashok Samarth,no,2007,Ek Chalis Ki Last Local,,yes,Sanjay Khanduri
Ashok Samarth,no,2012,Married 2 America,,no,Dilip Shankar
Ashok Samarth,no,2019,Blackboard vs Whiteboard,,no,Tarun S. Bisht
Ashok Saraf,no,2004,Thoda Tum Badlo Thoda Hum,,yes,Esmayeel Shroff
Ashoka Thackur,no,2025,Oye Bhootni Ke,,yes,Ajay Kailash Yadav
Ashruth Jain,no,2014,6 – 5 = 2,,no,Bharat Jain
Ashutosh Rana,no,2002,Annarth,,yes,Ravi Dewan
Ashutosh Rana,no,2002,Ansh: The Deadly Part,,no,Rajan Johri
Ashutosh Rana,no,2002,Gunaah,7.50,no,Amol Shetge
Ashutosh Rana,no,2003,2 October,,no,Sunil Tiwari
Ashutosh Rana,no,2003,Dil Pardesi Ho Gayaa,,no,Saawan Kumar Tak
Ashutosh Rana,no,2003,Haasil,,no,Tigmanshu Dhulia
Ashutosh Rana,no,2005,Kalyug,,yes,Mohit Suri
Ashutosh Rana,no,2005,Shabnam Mausi,,no,
Ashutosh Rana,no,2007,Awarapan,,yes,Mohit Suri
Ashutosh Rana,no,2007,Dhokha,,no,Pooja Bhatt
Ashutosh Rana,no,2009,Coffee House,,no,Gurbir Grewal
Ashutosh Rana,no,2010,Ramayana: The Epic,0.98,no,Cheetan Desai
Ashutosh Rana,no,2011,Monica,,no,Sushen Bhatnagar
Ashutosh Rana,no,2012,Ata Pata Laapata,,no,Rajpal Yadav
Ashutosh Rana,no,2015,Ab Tak Chhappan 2,6.64,no,Aejaz Gulab
Ashutosh Rana,no,2015,Dirty Politics,,no,K. C. Bokadia
Ashutosh Rana,no,2016,Shorgul,,no,"Pranav Kumar Singh , Jitendra Tiwari"
Ashutosh Rana,no,2017,Aa Gaya Hero,1.39,no,Dipankar Senapati
Ashutosh Rana,no,2017,Jeena Isi Ka Naam Hai,,yes,Keshhav Panneriy
Ashutosh Rana,no,2018,Mulk,28.33,yes,Anubhav Sinha
Ashutosh Rana,no,2019,Chicken Curry Law,,no,Shekhar Sirrinn
Ashutosh Rana,no,2019,Milan Talkies,,yes,Tigmanshu Dhulia
Ashutosh Rana,no,2019,Sonchiriya,10.42,no,Abhishek Chaubey
Ashutosh Rana,no,2021,Hungama 2,,yes,Priyadarshan
Ashutosh Rana,no,2021,Pagglait,,no,Umesh Bist
Ashutosh Rana,no,2022,Rashtra Kavach Om,9.01,yes,Kapil Verma
Ashutosh Rana,no,2023,Bheed,3.33,no,Anubhav Sinha
Ashutosh Rana,no,2023,Darran Chhoo,,no,Bharat Ratan
Ashutosh Rana,no,2023,Lakeerein,,no,Durgesh Pathak
Ashutosh Rana,no,2025,Heer Express,9.42,no,Umesh Shukla
Ashutosh Rana,no,2025,Kaushaljis vs Kaushal,,no,Seemaa Desai
Ashwarya Singh,no,2017,Yadvi – The Dignified Princess,,no,Jyoti Singh
Ashwat Bhatt,no,2016,Moh Maya Money,,no,Munish Bharadwaj
Ashwat Kanth Sharma.,no,2021,D Company,,no,Ram Gopal Varma
Ashwath Bhatt,no,2019,Kesari,207.09,no,Anurag Singh
Ashwin Chitale,no,2009,Zor Lagaa Ke...Haiya!,,no,Girish Girija Joshi
Ashwin Mushran,no,2005,Kuchh Meetha Ho Jaye,,no,Samar Khan
Ashwin Mushran,no,2007,Ek Chalis Ki Last Local,,yes,Sanjay Khanduri
Ashwin Mushran,no,2007,Life in a... Metro,24.45,no,Anurag Basu
Ashwin Mushran,no,2008,Fashion,39.29,yes,Madhur Bhandarkar
Ashwin Mushran,no,2008,One Two Three,27.00,yes,Ashwni Dhir
Ashwin Mushran,no,2009,Quick Gun Murugun,2.57,no,Shashanka Ghosh
Ashwin Mushran,no,2009,Yeh Mera India,,no,N. Chandra
Ashwin Mushran,no,2010,Hum Tum Aur Ghost,8.01,no,Kabeer Kaushik
Ashwin Mushran,no,2011,Desi Boyz,77.00,yes,Rohit Dhawan
Ashwin Mushran,no,2016,Island City,,no,Ruchika Oberoi
Ashwini Kalsekar,no,2006,Ankahee,,yes,Vikram Bhatt
Ashwini Kalsekar,no,2008,Phoonk,13.62,no,Ram Gopal Varma
Ashwini Kalsekar,no,2013,Dehraadun Diary,,no,Milind Ukey
Ashwini Kalsekar,no,2022,36 Farmhouse,,no,Ram Ramesh Sharm
Ashwini Kaul,no,2024,Article 370,110.57,no,Aditya Suhas Jambhale
Asif Ali,no,2013,Dilli Gang,,no,Ashish Tyagi
Asif Basra,no,2013,Dilli Gang,,no,Ashish Tyagi
Asif Basra,no,2014,Darr @ the Mall,7.80,no,Pawan Kripalani
Asif Basra,no,2014,Manjunath,30.00,no,Sandeep A. Varma
Asif Basra,no,2014,Yeh Hai Bakrapur,,no,Janaki Vishwanathan
Asif Basra,no,2016,Freaky Ali,21.32,yes,Sohail Khan
Asin,no,2008,Ghajini,232.00,yes,A. R. Murugadoss
Asin,no,2011,Ready,180.00,yes,Anees Bazmee
Asin,no,2012,Bol Bachchan,165.68,yes,Rohit Shetty
Asin,no,2012,Housefull 2,179.15,yes,Sajid Khan
Asin,no,2012,Khiladi 786,107.00,no,Ashish R Mohan
Asin Thottumkal,no,2009,London Dreams,41.31,yes,Vipul Shah
Asin Thottumkal,no,2015,All Is Well,18.02,yes,Umesh Shukla
Aslam Khan,no,2004,Dil Bechara Pyaar Ka Maara,,no,Omkarnath Mishra
Aslam Khan,no,2011,Milta Hai Chance By Chance,,no,Ramesh Modi
Asrani,no,2002,Akhiyon Se Goli Maare,,no,Harmesh Malhotra
Asrani,no,2002,Awara Paagal Deewana,27.58,no,Vikram Bhatt
Asrani,no,2005,Deewane Huye Paagal,26.50,yes,Vikram Bhatt
Asrani,no,2005,Garam Masala,64.65,no,Priyadarshan
Asrani,no,2006,Bhagam Bhag,67.00,yes,Priyadarshan
Asrani,no,2006,Malamaal Weekly,42.76,yes,Priyadarshan
Asrani,no,2007,Dhamaal,50.73,yes,Indra Kumar
Asrani,no,2007,Journey Bombay to Goa,,no,Raj Pendurkar
Asrani,no,2008,Mehbooba,3.78,yes,Afzal Khan
Asrani,no,2009,Billu,47.45,no,Priyadarshan
Asrani,no,2009,De Dana Dan,81.85,no,Priyadarshan
Asrani,no,2009,Dhoondte Reh Jaaoge,,yes,Umesh Shukla
Asrani,no,2012,Ata Pata Laapata,,no,Rajpal Yadav
Asrani,no,2013,R... Rajkumar,101.21,yes,Prabhudeva
Asrani,no,2013,Wake Up India,,no,Babloo Seshadri
Asrani,no,2017,Sallu Ki Shaadi,,no,Mohammad Israr Ansari
Asrani,no,2023,Dream Girl 2,140.56,yes,Raaj Shaandilyaa
Asrani,no,2023,Non Stop Dhamaal,,no,Irshad Khan
Assad Raja,no,2010,Pusher,,no,Assad Raja
Asseem Merchant,no,2005,Bullet: Ek Dhamaka,,no,Irfan Khan
Atharvaa,no,2002,Jaani Dushman: Ek Anokhi Kahani,18.56,yes,Rajkumar Kohli
Athiya Shetty,yes,2015,Hero,34.82,yes,Nikhil Advani
Athiya Shetty,yes,2017,Mubarakan,93.24,yes,Anees Bazmee
Athiya Shetty,yes,2019,Motichoor Chaknachoor,,yes,Debamitra Biswal
Atif Jamil,no,2014,Room – The Mystery,,no,Faizal Khan
Attin Bhalla,no,2003,Om,,no,Ashok Honda
Atul Agnihotri,no,2002,Hum Tumhare Hain Sanam,34.76,yes,K. S. Adhiyaman
Atul Agnihotri,no,2009,Sanam Teri Kasam,,yes,Lawrence D'Souza
Atul Agnihotri,no,2009,Vaada Raha,,yes,Samir Karnik
Atul Kulkarni,no,2000,Kairee,,no,Amol Palekar
Atul Kulkarni,no,2001,Chandni Bar,6.60,no,Madhur Bhandarkar
Atul Kulkarni,no,2003,88 Antop Hill,,no,Kushan Nandy
Atul Kulkarni,no,2003,Dum,9.07,yes,Eeshwar Nivas
Atul Kulkarni,no,2004,Khakee,49.89,yes,Rajkumar Santoshi
Atul Kulkarni,no,2005,Page 3,,no,Madhur Bhandarkar
Atul Kulkarni,no,2006,Rang De Basanti,97.00,yes,Rakeysh Omprakash Mehra
Atul Kulkarni,no,2007,Gauri: The Unborn,,no,Akku Akbar
Atul Kulkarni,no,2009,Chowrasta Crossroads of Love,,no,Anjan Dutt
Atul Kulkarni,no,2009,Delhi-6,52.17,yes,Rakeysh Omprakash Mehra
Atul Kulkarni,no,2009,Jail,10.00,no,Madhur Bhandarkar
Atul Kulkarni,no,2010,Bumm Bumm Bole,1.34,no,Priyadarshan
Atul Kulkarni,no,2011,Aagaah: The Warning,,no,Karan Razdan
Atul Kulkarni,no,2012,Chaalis Chauraasi,,no,Hriday Shetty
Atul Kulkarni,no,2013,Zanjeer,,yes,Apoorva Lakhia
Atul Kulkarni,no,2015,Dirty Politics,,no,K. C. Bokadia
Atul Kulkarni,no,2016,Akira,15.06,yes,A.R. Murugadoss
Atul Kulkarni,no,2017,The Ghazi Attack,62.00,no,Sankalp Reddy
Atul Kulkarni,no,2017,The House Next Door,,no,Milind Rau
Atul Kulkarni,no,2019,Junglee,24.70,no,Chuck Russell
Atul Kulkarni,no,2019,Manikarnika: The Queen of Jhansi,132.95,no,Radha Krishna Jagarlamudi Kangana Ranaut
Atul Kulkarni,no,2019,Pranaam,,no,Sanjiv Jaiswal
Atul Kulkarni,no,2020,Gul Makai,,no,H.E. Amjad khan
Atul Kulkarni,no,2022,A Thursday,,no,Behzad Khambata
Atul Mongia,no,2010,Love Sex Aur Dhokha,9.80,no,Dibakar Banerjee
Atul Parchure,no,2002,Kyaa Dil Ne Kahaa,,yes,Sanjay Chhel
Atul Parchure,no,2005,Kalyug,,yes,Mohit Suri
Atul Parchure,no,2012,Chhodo Kal Ki Baatein,,no,Pramod Joshi
Atul Parchure,no,2013,Wake Up India,,no,Babloo Seshadri
Atul Shrivastava,no,2021,Kya Meri Sonam Gupta Bewafa Hai?,,no,Ssaurabh Tyagi
Atul Srivastav,no,2020,Yahan Sabhi Gyani Hain,,no,Anant Tripathi
Atul Srivastav,no,2024,Aayushmati Geeta Matric Pass,,no,Prradip Khairwar
Atul Srivastava,no,2021,Ye Mard Bechara,,no,Anuup Thapa
Atul Tiwari,no,2024,Rautu Ka Raaz,,no,Anand Surapur
Auritra Ghosh,no,2011,Love Breakups Zindagi,2.06,yes,Sahil Sangha
Auritra Ghosh,no,2025,WingMan (The Universal Irony of Love),,no,Anuj Gulati
Auroshikha Dey,no,2015,NH-8 Road to Nidhivan,,no,Munindra Gupta
Aushima Sawhney,no,2007,Dhokha,,no,Pooja Bhatt
Aushima Sawhney,no,2008,Superstar,,no,Rohit Jugraj
Ava Mukherjee,no,2009,Detective Naani,,no,Romilla Mukherjee
Avantika Dassani,no,2025,Inn Galiyon Mein,,no,Avinash Das
Avika Gor,no,2023,1920: Horrors of the Heart,17.35,no,Krishna Bhatt
Avika Gor,no,2024,Bloody Ishq,,no,Vikram Bhatt
Avinash Bhargava,no,2013,Zindagi Jalebi,,no,Karan Kashyap
Avinash Dhyani,no,2016,Fredrick,,no,Rajesh Butalia
Avinash Dhyani,no,2019,72 Hours: Martyr Who Never Died,,no,Avinash Dhyani
Avinash Dhyani,no,2021,Sumeru,,no,Avinash Dhyani
Avinash Dhyani,no,2024,Phooli,,no,Avinash Dhyani
Avinash Tiwary,no,2009,Suno Na.. Ek Nanhi Aawaz,,no,Amy Thanawala
Avinash Tiwary,no,2018,Laila Majnu,11.50,no,Sajid Ali
Avinash Tiwary,no,2020,Bulbbul,,no,Anvita Dutt
Avinash Tiwary,no,2020,Ghost Stories,,yes,Karan Johar Dibakar Banerjee Zoya Akhtar Anurag Kashyap
Avinash Tiwary,no,2021,The Girl on the Train,,no,Ribhu Dasgupta
Avinash Tiwary,no,2024,Madgaon Express,57.34,no,Kunal Khemu
Avinash Tiwary,no,2024,Sikandar Ka Muqaddar,,no,Neeraj Pandey
Avinash Tiwary,no,2025,The Mehta Boys,,no,Boman Irani
Avneet Kaur,no,2023,Tiku Weds Sheru,,no,Sai Kabir
Avneet Kaur,no,2024,Luv Ki Arrange Marriage,,no,Ishrat R. Khan
Avneet Kaur,no,2025,Love in Vietnam,,no,Rahat Shah Kazmi
Avtar Gill,no,2004,Bhola in Bollywood,,no,Sumbul Gazi
Avtar Gill,no,2005,Sitam,,no,
Avtar Gill,no,2016,Wazir,78.69,no,Bejoy Nambiar
Awan Pookot,no,2025,Jugnuma: The Fable,0.40,no,Raam Reddy
Ayaan Ahmad,no,2010,Ada... A Way of Life,,no,Tanvir Ahmad
Ayaz Khan,no,2007,Honeymoon Travels Pvt. Ltd.,19.51,yes,Reema Kagti
Ayaz Khan,no,2008,Jaane Tu... Ya Jaane Na,84.00,yes,Abbas Tyrewala
Ayesha Dharker,no,2009,Mumbai Chakachak,,no,Sanjay Jha
Ayesha Jhulka,no,2000,Shikaar,,no,Bobby Raj
Ayesha Jhulka,no,2001,Hadh: Life on the Edge of Death,,no,Thampi Kannanthanam
Ayesha Jhulka,no,2004,Run,,yes,Jeeva
Ayesha Jhulka,no,2005,Double Cross - Ek Dhoka,,no,Vicky Tejwani
Ayesha Jhulka,no,2005,Socha Na Tha,,yes,Imtiaz Ali
Ayesha Jhulka,no,2010,Ada... A Way of Life,,no,Tanvir Ahmad
Ayesha Jhulka,no,2018,Genius,7.50,no,Anil Sharma
Ayesha Kaduskar,no,2025,Bhagwat: Chapter One – Raakshas,,no,Akshay Shere
Ayesha Kapur,no,2005,Black,40.94,no,Sanjay Leela Bhansali
Ayesha Kapur,no,2009,Sikandar,0.82,no,Piyush Jha
Ayesha Khaduskar,no,2018,Dil Juunglee,1.30,no,Aleya Sen
Ayesha Khan,no,2025,Kis Kisko Pyaar Karoon 2,14.87,no,Anukalp Goswami
Ayesha Khanna,no,2014,Dishkiyaoon,6.88,yes,Sanamjit Talwar
Ayesha Raza,no,2007,Return of Hanuman,6.14,no,Anurag Kashyap
Ayesha Raza Mishra,no,2019,Chappad Phaad Ke,,no,Sameer Hemant Joshi
Ayesha Takia,no,2004,Dil Maange More,,yes,Anant Mahadevan
Ayesha Takia,no,2004,Taarzan: The Wonder Car,6.20,no,Abbas Mustan
Ayesha Takia,no,2005,Home Delivery,,yes,Sujoy Ghosh
Ayesha Takia,no,2005,Shaadi No. 1,20.49,yes,David Dhawan
Ayesha Takia,no,2005,Socha Na Tha,,yes,Imtiaz Ali
Ayesha Takia,no,2006,Dor,,no,Nagesh Kukunoor
Ayesha Takia,no,2006,Shaadi Se Pehle,18.88,yes,Satish Kaushik
Ayesha Takia,no,2006,Yun Hota Toh Kya Hota,,no,Nasseruddin Shah
Ayesha Takia,no,2007,Cash,29.30,yes,Anubhav Sinha
Ayesha Takia,no,2007,Fool & Final,27.62,yes,Ahmed Khan
Ayesha Takia,no,2007,Kya Love Story Hai,,yes,Lovely Singh
Ayesha Takia,no,2007,No Smoking,3.49,no,Anurag Kashyap
Ayesha Takia,no,2007,Salaam-e-Ishq: A Tribute to Love,52.24,yes,Nikhil Advani
Ayesha Takia,no,2008,De Taali,,no,Eeshwar Nivas
Ayesha Takia,no,2008,Sunday,,yes,Rohit Shetty
Ayesha Takia,no,2009,8 x 10 Tasveer,23.58,no,Nagesh Kukunoor
Ayesha Takia,no,2009,Wanted,93.23,yes,Prabhu Deva
Ayesha Takia,no,2010,Paathshaala,17.00,yes,Milind Ukey
Ayesha Takia,no,2011,Mod,0.63,no,Nagesh Kukunoor
Ayub Khan,no,2002,Kitne Door Kitne Paas,,yes,Mehul Kumar
Ayub Khan,no,2003,Gangaajal,16.67,no,Prakash Jha
Ayub Khan,no,2005,Apaharan,23.16,no,Prakash Jha
Ayub Khan,no,2005,Revati,0.15,no,Farogh Siddique
Ayub Khan,no,2010,Toh Baat Pakki!,,no,Kedarh Shinde
Ayub Khoso,no,2015,Welcome 2 Karachi,,yes,Ashish R Mohan
Ayush Mehra,no,2023,Kacchey Limbu,,no,Shubham Yogi
Ayush Pathak,no,2025,Chidiya,,no,Mehran Amrohi
Ayush Tandon,no,2024,Chote Nawab,,no,Kumud Chaudhary
Ayushman Khurana,no,2018,Andhadhun,456.89,no,Sriram Raghavan
Ayushman Khurrana,no,2018,Badhaai Ho,221.44,no,Amit Ravindernath Sharma
Ayushmann Khurrana,no,2012,Vicky Donor,68.32,no,Shoojit Sircar
Ayushmann Khurrana,no,2013,Nautanki Saala,22.30,yes,Rohan Sippy
Ayushmann Khurrana,no,2014,Bewakoofiyaan,22.20,yes,Nupur Asthana
Ayushmann Khurrana,no,2015,Dum Laga Ke Haisha,113.85,no,Sharat Katariya
Ayushmann Khurrana,no,2015,Hawaizaada,,no,Vibhu Puri
Ayushmann Khurrana,no,2017,Bareilly Ki Barfi,58.75,no,Ashwini Iyer Tiwari
Ayushmann Khurrana,no,2017,Meri Pyaari Bindu,17.79,no,Akshay Roy
Ayushmann Khurrana,no,2017,Shubh Mangal Saavdhan,64.54,no,R. S. Prasanna
Ayushmann Khurrana,no,2019,Article 15,93.08,no,Anubhav Sinha
Ayushmann Khurrana,no,2019,Bala,172.00,no,Amar Kaushik
Ayushmann Khurrana,no,2019,Dream Girl,200.80,no,Raaj Shaandilyaa
Ayushmann Khurrana,no,2020,Gulabo Sitabo,,no,Shoojit Sircar
Ayushmann Khurrana,no,2020,Shubh Mangal Zyada Saavdhan,87.00,no,Hitesh Kewalya
Ayushmann Khurrana,no,2021,Chandigarh Kare Aashiqui,41.23,no,Abhishek Kapoor
Ayushmann Khurrana,no,2022,An Action Hero,,no,Anirudh Iyer
Ayushmann Khurrana,no,2022,Anek,11.10,no,Anubhav Sinha
Ayushmann Khurrana,no,2022,Doctor G,40.71,no,Anubhuti Kashyap
Ayushmann Khurrana,no,2023,Dream Girl 2,140.56,yes,Raaj Shaandilyaa
Ayushmann Khurrana,no,2025,Thamma,169.75,no,Aditya Sarpotdar
Azhar,no,2018,Falooda,,no,Dhiraj Singh
Azmeri Haque Badhon,no,2023,Khufiya,,no,Vishal Bharadwaj
B. Jayashree,no,2024,"Love, Sitara",,no,Vandana Kataria
Baba Sehgal,no,2010,My Friend Ganesha 3,1.59,no,Rajiv S. Ruia
Babbu Maan,no,2025,The Bengal Files,16.19,no,Vivek Agnihotri
Babbu Mann,no,2003,Hawayein,,no,Ammtoje Mann
Babil Khan,yes,2022,Qala,,yes,Anvita Dutt
Babil Khan,yes,2023,Friday Night Plan,,yes,Vatsal Neelakantan
Babil Khan,yes,2025,Logout,,yes,Amit Golani
Bachchan Pachera,no,2016,Rebellious Flower,,no,Krishan Hooda
Badrul Islam,no,2024,Manihar,,no,Sanjeev Kumar Rajput
Badshah,no,2019,Khandaani Shafakhana,3.98,yes,Shilpi Dasgupta
Baharul Islam,no,2020,Pepper Chicken,,no,Ratan Sil Ram
Bajrang Bali Singh,no,2014,Khwaabb,,no,Zaid Ali Khan
Baljeet Singh,no,2005,Deewane Huye Paagal,26.50,yes,Vikram Bhatt
Banita Sandhu,no,2018,October,58.41,yes,Shoojit Sircar
Banita Sandhu,no,2021,Sardar Udham,,yes,Shoojit Sircar
Banita Sandhu,no,2023,Mother Teresa & Me,,no,Kamal Musale
Banita Sandhu,no,2025,Detective Sherdil,,no,Ravi Chhabriya
Bappi Lahiri,no,2009,Main Aurr Mrs Khanna,14.60,yes,Prem Soni
Barbara Mori,no,2010,Kites,65.00,yes,Anurag Basu
Barkha Bisht,no,2023,1920: Horrors of the Heart,17.35,no,Krishna Bhatt
Barkha Madan,no,2010,Soch Lo,,no,Sartaj Singh Pannu
Barkha Sengupta,no,2019,PM Narendra Modi,,yes,Omung Kumar
Barkha Singh,no,2021,Silence... Can You Hear It?,,no,Aban Bharucha Deohans
Barkha Singh,no,2022,36 Farmhouse,,no,Ram Ramesh Sharm
Barkha Singh,no,2022,Maja Ma,,no,Anand Tiwari
Barry John,no,2010,Tere Bin Laden,,no,Abhishek Sharma
Barry John,no,2010,Thanks Maa,,no,Irfan Kamal
Barry John,no,2012,Chittagong,0.31,no,Bedabrata Pain
Barun Sobti,no,2014,Main Aur Mr. Riight,,no,Adeeb Rais
Barun Sobti,no,2017,Tu Hai Mera Sunday,,no,Milind Dhaimade
Barun Sobti,no,2019,22 Yards,,no,Mitali Ghoshal
Barun Sobti,no,2020,Halahal,,no,Randeep Jha
Barun Sobti,no,2021,200 – Halla Ho,,no,Sarthak Dasgupta
Beena Banerjee,no,2000,Le Chal Apne Sang,,no,Vijay Kondke
Bellamkonda Sreenivas,no,2023,Chatrapathi,,no,V. V. Vinayak
Ben Hawkey,no,2011,Ra.One,207.00,yes,Anubhav Sinha
Ben Kingsley,no,2010,Teen Patti,7.63,no,Leena Yadav
Benaf Dadachandji,no,2016,LoveShhuda,3.02,no,Vaibhav Mishra
Benedict Garrett,no,2024,Ae Watan Mere Watan,,yes,Kannan Iyer
Benjamin Schoefer,no,2008,Karzzzz,,no,Satish Kaushik
Beyounick,no,2025,The Bhootnii,,yes,Sidhaant Sachdev
Bhagwan Tiwari,no,2017,Babumoshai Bandookbaaz,12.60,no,Kushan Nandy
Bhagyashree,no,2006,Humko Deewana Kar Gaye,27.00,no,Raj Kanwar
Bhagyashree,no,2010,Red Alert: The War Within,,no,Anant Mahadevan
Bhagyashree,no,2023,Sajini Shinde Ka Viral Video,,no,Mikhil Musale
Bhalchandra Kadam,no,2025,Inspector Zende,,no,Chinmay Mandlekar
Bhanu Uday,no,2014,Machhli Jal Ki Rani Hai,,no,Debaloy Dey
Bharat Jadhav,no,2015,P Se PM Tak,,no,Kundan Shah
Bharati Achrekar,no,2013,The Lunchbox,110.00,no,Ritesh Batra
Bharati Achrekar,no,2017,Patel Ki Punjabi Shaadi,,yes,Sanjay Chhel
Bharati Achrekar,no,2017,Poster Boys,30.00,yes,Shreyas Talpade
Bharati Sharma,no,2017,Babuji Ek Ticket Bambai,,no,Arvind Tripathi
Bharti Singh,no,2016,Sanam Re,31.46,yes,Divya Khosla Kumar
Bharti Soni,no,2021,Raag,,no,Arvind Tripathi
Bhasha Sumbli,no,2025,Baramulla,,no,Aditya Suhas Jambhale
Bhaumik Sampat,no,2012,Sadda Adda,,no,Muazzam Beg
Bhavesh Kumar,no,2019,P Se Pyaar F Se Faraar,,no,Manoj Tiwari
Bhavin Bhanushali,no,2022,Ishq Pashmina,,no,Arvind Pandey
Bhavna Pani,no,2002,Dil Vil Pyar Vyar,4.65,no,Anant Mahadevan
Bhavna Ruparel,no,2012,Chal Pichchur Banate Hain,,no,Pritish Chakraborty
Bhoomika Chawla,no,2003,Tere Naam,24.54,yes,Satish Kaushik
Bhoomika Chawla,no,2004,Run,,yes,Jeeva
Bhoop Yaduvanshi,no,2012,Cigarette Ki Tarah,,no,Akashaditya Lama
Bhumi Pednekar,no,2015,Dum Laga Ke Haisha,113.85,no,Sharat Katariya
Bhumi Pednekar,no,2017,Shubh Mangal Saavdhan,64.54,no,R. S. Prasanna
Bhumi Pednekar,no,2017,Toilet: Ek Prem Katha,311.50,no,Shree Narayan Singh
Bhumi Pednekar,no,2018,Lust Stories,,yes,"Anurag Kashyap , Karan Johar , Zoya Akhtar , Dibakar Banerjee"
Bhumi Pednekar,no,2019,Bala,172.00,no,Amar Kaushik
Bhumi Pednekar,no,2019,Pati Patni Aur Woh,118.00,yes,Mudassar Aziz
Bhumi Pednekar,no,2019,Saand Ki Aankh,30.70,no,Tushar Hiranandani
Bhumi Pednekar,no,2019,Sonchiriya,10.42,no,Abhishek Chaubey
Bhumi Pednekar,no,2020,Bhoot – Part One: The Haunted Ship,40.94,yes,Bhanu Pratap Singh
Bhumi Pednekar,no,2020,Dolly Kitty Aur Woh Chamakte Sitare,,no,Alankrita Shrivastava
Bhumi Pednekar,no,2020,Durgamati,,no,G. Ashok
Bhumi Pednekar,no,2022,Badhaai Do,28.33,no,Harshavardhan Kulkarni
Bhumi Pednekar,no,2022,Govinda Naam Mera,,yes,Shashank Khaitan
Bhumi Pednekar,no,2022,Raksha Bandhan,61.61,no,Aanand L. Rai
Bhumi Pednekar,no,2023,Afwaah,,no,Sudhir Mishra
Bhumi Pednekar,no,2023,Bheed,3.33,no,Anubhav Sinha
Bhumi Pednekar,no,2023,Thank You for Coming,9.64,no,Karan Boolani
Bhumi Pednekar,no,2023,The Lady Killer,0.01,yes,Ajay Bahl
Bhumi Pednekar,no,2024,Bhakshak,,no,Pulkit
Bhumi Pednekar,no,2025,Mere Husband Ki Biwi,,yes,Mudassar Aziz
Bhumika Chawla,no,2004,Dil Ne Jise Apna Kahaa,13.54,yes,Atul Agnihotri
Bhumika Chawla,no,2005,Dil Jo Bhi Kahey...,,no,Romesh Sharma
Bhumika Chawla,no,2005,Silsiilay,,no,Khalid Mohamed
Bhumika Chawla,no,2007,"Gandhi, My Father",7.49,yes,Feroz Abbas Khan
Bhumika Chawla,no,2016,M.S. Dhoni: The Untold Story,215.48,no,Neeraj Pandey
Bhumika Chawla,no,2019,Khamoshi,,no,Chakri Toleti
Bhumika Chawla,no,2022,Operation Romeo,,no,Shashant Shah
Bhumika Chawla,no,2024,Naam,,no,Anees Bazmee
Bhumika Gurung,no,2025,The Secret of Devkaali,,no,Niraj Chauhan
Bhupendra Jadawat,no,2020,Class of '83,,yes,Atul Sabharwal
Bhupinder Singh,no,2010,Soch Lo,,no,Sartaj Singh Pannu
Bhushan Insan,no,2016,MSG: The Warrior Lion Heart,,no,"Gurmeet Ram Rahim Singh , Honeypreet Insan"
Bidita Bag,no,2012,From Sydney with Love,,no,Prateek Chakraborty
Bidita Bag,no,2017,Babumoshai Bandookbaaz,12.60,no,Kushan Nandy
Bidita Bag,no,2019,The Sholay Girl,,no,Aditya Sarpotdar
Bidita Bag,no,2021,Mera Fauji Calling,,no,Aaryaan Saxena
Bidita Bag,no,2023,Lakeerein,,no,Durgesh Pathak
Bidita Baig,no,2014,19th January,,no,Sanjay Amar
Bijou Thaangjam,no,2016,Shivaay,124.15,no,Ajay Devgn
Bijou Thaangjam,no,2021,Jamun,,no,Gaurav Mehra
Biju Rehana Khan,no,2020,Namumkin Tere Bin Jeena,,no,Hidayat Khan
Bikramjeet Kanwarpal,no,2004,Paap,,no,Pooja Bhatt
Bikramjeet Kanwarpal,no,2007,1971,,no,Amrit Sagar
Bilal Amrohi,no,2014,O Teri,3.60,no,Umesh Bist
Bindu,no,2007,Om Shanti Om,152.00,no,Farah Khan
Bipasha Basu,no,2001,Ajnabee,31.83,yes,Abbas Mustan
Bipasha Basu,no,2002,Chor Machaaye Shor,13.62,yes,Aziz Sejawal
Bipasha Basu,no,2002,Gunaah,7.50,no,Amol Shetge
Bipasha Basu,no,2002,Mere Yaar Ki Shaadi Hai,16.54,yes,Sanjay Gadhvi
Bipasha Basu,no,2002,Raaz,37.20,no,Vikram Bhatt
Bipasha Basu,no,2003,Footpath,6.43,yes,Vikram Bhatt
Bipasha Basu,no,2003,Jism,13.41,no,Anurag Basu
Bipasha Basu,no,2003,Zameen,17.80,yes,Rohit Shetty
Bipasha Basu,no,2004,Aetbaar,8.00,no,Vikram Bhatt
Bipasha Basu,no,2004,Ishq Hai Tumse,5.67,no,G. Krishna
Bipasha Basu,no,2004,Madhoshi,,no,Tanveer Khan
Bipasha Basu,no,2004,Rakht,8.44,yes,Mahesh Manjrekar
Bipasha Basu,no,2004,Rudraksh,9.87,yes,Mani Shankar
Bipasha Basu,no,2005,Apaharan,23.16,no,Prakash Jha
Bipasha Basu,no,2005,Barsaat,19.56,yes,Suneel Darshan
Bipasha Basu,no,2005,Chehraa,0.60,no,Saurabh Shukla
Bipasha Basu,no,2005,No Entry,95.14,yes,Anees Bazmee
Bipasha Basu,no,2005,Shikhar,10.30,yes,John Matthew Matthan
Bipasha Basu,no,2006,Corporate,15.06,no,Madhur Bhandarkar
Bipasha Basu,no,2006,Darna Zaroori Hai,10.65,no,Ram Gopal Varma
Bipasha Basu,no,2006,Dhoom 2,151.00,yes,Sanjay Gadhvi
Bipasha Basu,no,2006,Humko Deewana Kar Gaye,27.00,no,Raj Kanwar
Bipasha Basu,no,2006,Jaane Hoga Kya,2.85,no,"Glen Barretto, Ankush Mohla"
Bipasha Basu,no,2006,Omkara,42.00,yes,Vishal Bhardwaj
Bipasha Basu,no,2006,Phir Hera Pheri,69.00,no,Neeraj Vora
Bipasha Basu,no,2007,Goal,21.72,no,Vivek Agnihotri
Bipasha Basu,no,2007,Nehlle Pe Dehlla,6.41,yes,Ajay Chandhok
Bipasha Basu,no,2007,No Smoking,3.49,no,Anurag Kashyap
Bipasha Basu,no,2008,Bachna Ae Haseeno,79.00,yes,Siddharth Anand
Bipasha Basu,no,2008,Rab Ne Bana Di Jodi,157.00,yes,Aditya Chopra
Bipasha Basu,no,2008,Race,106.00,yes,Abbas–Mustan
Bipasha Basu,no,2009,Aa Dekhen Zara,10.38,no,Jehangir Surti
Bipasha Basu,no,2009,All the Best: Fun Begins,61.00,yes,Rohit Shetty
Bipasha Basu,no,2010,Aakrosh,19.40,yes,Priyadarshan
Bipasha Basu,no,2010,Lamhaa,,yes,Rahul Dholakia
Bipasha Basu,no,2010,Pankh,0.20,no,Sudipto Chattopadhyaya
Bipasha Basu,no,2011,Dum Maaro Dum,51.10,yes,Rohan Sippy
Bipasha Basu,no,2012,Jodi Breakers,33.40,no,Ashwini Chaudhary
Bipasha Basu,no,2012,Players,45.52,yes,Abbas–Mustan
Bipasha Basu,no,2012,Raaz 3: The Third Dimension,101.10,yes,Vikram Bhatt
Bipasha Basu,no,2014,Creature,20.60,no,Vikram Bhatt
Bipasha Basu,no,2014,Humshakals,105.28,yes,Sajid Khan
Bipasha Basu,no,2015,Alone,25.84,no,Bhushan Patel
Birbal,no,2000,The Revenge: Geeta Mera Naam,,no,Dilip Gulati
Biswa Kalyan Rath,no,2016,Brahman Naman,,no,Qaushiq Mukherjee
Bo Derek,no,2018,5 Weddings,,no,Namrata Singh Gujral
Bobby Deol,yes,2000,Badal,26.91,yes,Raj Kanwar
Bobby Deol,yes,2000,Bichhoo,19.75,yes,Guddu Dhanoa
Bobby Deol,yes,2000,Hum To Mohabbat Karega,9.92,yes,Kundan Shah
Bobby Deol,yes,2001,Aashiq,18.75,yes,Indra Kumar
Bobby Deol,yes,2001,Ajnabee,31.83,yes,Abbas Mustan
Bobby Deol,yes,2002,23rd March 1931: Shaheed,14.25,yes,Guddu Dhanoa
Bobby Deol,yes,2002,Chor Machaaye Shor,13.62,yes,Aziz Sejawal
Bobby Deol,yes,2002,Humraaz,29.71,yes,Abbas–Mustan
Bobby Deol,yes,2002,Kranti,,yes,Naresh Malhotra
Bobby Deol,yes,2004,Ab Tumhare Hawale Watan Saathiyo,19.16,yes,Anil Sharma
Bobby Deol,yes,2004,Bardaasht,,yes,E.Nivas
Bobby Deol,yes,2004,Kismat,8.46,yes,Guddu Dhanoa
Bobby Deol,yes,2005,Barsaat,19.56,yes,Suneel Darshan
Bobby Deol,yes,2005,Dosti: Friends Forever,23.00,yes,Suneel Darshan
Bobby Deol,yes,2005,Jurm,,yes,Vikram Bhatt
Bobby Deol,yes,2005,Tango Charlie,11.08,yes,Mani Shankar
Bobby Deol,yes,2006,Humko Tumse Pyaar Hai,4.33,yes,Vikram Bhatt
Bobby Deol,yes,2007,Apne,69.28,yes,Anil Sharma
Bobby Deol,yes,2007,Jhoom Barabar Jhoom,51.08,yes,Shaad Ali
Bobby Deol,yes,2007,Nanhe Jaisalmer,,yes,Samir Karnik
Bobby Deol,yes,2007,Naqaab,21.20,yes,Abbas Mustan
Bobby Deol,yes,2007,Shakalaka Boom Boom,,yes,Suneel Darshan
Bobby Deol,yes,2008,Chamku,3.09,yes,Kabeer Kaushik
Bobby Deol,yes,2008,Dostana,87.00,yes,Tarun Mansukhani
Bobby Deol,yes,2008,Heroes,25.44,yes,Samir Karnik
Bobby Deol,yes,2009,Ek: The Power of One,6.00,yes,Sangeeth Sivan
Bobby Deol,yes,2009,Vaada Raha,,yes,Samir Karnik
Bobby Deol,yes,2010,Help,,yes,Rajeev Virani
Bobby Deol,yes,2011,Thank You,104.00,yes,Anees Bazmee
Bobby Deol,yes,2011,Yamla Pagla Deewana,88.00,yes,Samir Karnik
Bobby Deol,yes,2012,Players,45.52,yes,Abbas–Mustan
Bobby Deol,yes,2013,Yamla Pagla Deewana 2,,yes,Sangeeth Sivan
Bobby Deol,yes,2017,Poster Boys,30.00,yes,Shreyas Talpade
Bobby Deol,yes,2018,Race 3,303.00,yes,Remo D'Souza
Bobby Deol,yes,2018,Yamla Pagla Deewana: Phir Se,15.00,yes,Navaniat Singh
Bobby Deol,yes,2019,Housefull 4,280.27,yes,Farhad Samji
Bobby Deol,yes,2020,Class of '83,,yes,Atul Sabharwal
Bobby Deol,yes,2022,Love Hostel,,yes,Shanker Raman
Bobby Deol,yes,2023,Animal,917.82,yes,Sandeep Reddy Vanga
Bobby Vats,no,2011,Chitkabrey – Shades of Grey,,no,Suneet Arora
Bodhisattva Sharma,no,2024,All India Rank,0.35,no,Varun Grover
Boloram Das,no,2020,Pepper Chicken,,no,Ratan Sil Ram
Boloram Das,no,2024,Lantrani,,no,Gurvinder Singh Kaushik Ganguly Bhaskar Hazarika
Boman Irani,no,2003,Munna Bhai M.B.B.S.,36.29,yes,Rajkumar Hirani
Boman Irani,no,2004,Veer-Zaara,97.64,yes,Yash Chopra
Boman Irani,no,2005,Bluffmaster!,32.70,yes,Rohan Sippy
Boman Irani,no,2005,Home Delivery,,yes,Sujoy Ghosh
Boman Irani,no,2005,My Wife's Murder,,no,Jijy Philip
Boman Irani,no,2005,Waqt: The Race Against Time,42.49,no,Vipul Shah
Boman Irani,no,2006,Being Cyrus,4.60,yes,Homi Adajania
Boman Irani,no,2006,Don: The Chase Begins Again,106.00,yes,Farhan Akhtar
Boman Irani,no,2006,I See You,1.92,yes,Vivek Agrawal
Boman Irani,no,2006,Khosla Ka Ghosla,6.67,no,Dibakar Banerjee
Boman Irani,no,2006,Lage Raho Munna Bhai,126.20,yes,Rajkumar Hirani
Boman Irani,no,2006,Pyare Mohan,,yes,Indra Kumar
Boman Irani,no,2007,Goal,21.72,no,Vivek Agnihotri
Boman Irani,no,2007,Heyy Babyy,84.00,yes,Sajid Khan
Boman Irani,no,2007,Honeymoon Travels Pvt. Ltd.,19.51,yes,Reema Kagti
Boman Irani,no,2008,Kismat Konnection,,yes,Aziz Mirza
Boman Irani,no,2008,Love Story 2050,18.47,no,Harry Baweja
Boman Irani,no,2008,Maharathi,,no,Shivam Nair
Boman Irani,no,2008,Sorry Bhai!,,no,Onir
Boman Irani,no,2008,Woodstock Villa,20.00,yes,Hansal Mehta
Boman Irani,no,2008,Yuvvraaj,31.22,yes,Subhash Ghai
Boman Irani,no,2009,3 Idiots,400.61,yes,Rajkumar Hirani
Boman Irani,no,2009,99,14.76,yes,Raj and D.K.
Boman Irani,no,2009,Fruit and Nut,0.15,no,Kunal Vijaykar
Boman Irani,no,2009,Kambakkht Ishq,85.56,yes,Sabbir Khan
Boman Irani,no,2009,Little Zizou,,no,Sooni Taraporevala
Boman Irani,no,2010,Housefull,114.18,no,Sajid Khan
Boman Irani,no,2010,Hum Tum Aur Ghost,8.01,no,Kabeer Kaushik
Boman Irani,no,2010,Well Done Abba,,no,Shyam Benegal
Boman Irani,no,2011,Don 2,202.81,yes,Farhan Akhtar
Boman Irani,no,2011,Game,12.87,yes,Abhinay Deo
Boman Irani,no,2012,Cocktail,125.70,yes,Homi Adajania
Boman Irani,no,2012,Delhi Safari,,yes,Nikhil Advani
Boman Irani,no,2012,Ek Main Aur Ekk Tu,72.10,yes,Shakun Batra
Boman Irani,no,2012,Ferrari Ki Sawaari,45.69,no,Rajesh Mapuskar
Boman Irani,no,2012,Housefull 2,179.15,yes,Sajid Khan
Boman Irani,no,2012,Shirin Farhad Ki Toh Nikal Padi,9.48,no,Bela Sehgal
Boman Irani,no,2012,Tezz,26.00,yes,Priyadarshan
Boman Irani,no,2013,Jolly LLB,48.70,no,Subhash Kapoor
Boman Irani,no,2014,Bhoothnath Returns,53.00,no,Nitesh Tiwari
Boman Irani,no,2014,Happy New Year,342.00,yes,Farah Khan
Boman Irani,no,2014,PK,769.00,yes,Rajkumar Hirani
Boman Irani,no,2014,Youngistaan,9.45,yes,Syed Ahmad Afzal
Boman Irani,no,2016,Santa Banta Pvt Ltd,,no,Akashdeep Sabir
Boman Irani,no,2016,The Legend of Michael Mishra,,no,Manish Jha
Boman Irani,no,2018,Parmanu: The Story Of Pokhran,91.38,no,Abhishek Sharma
Boman Irani,no,2019,Drive,,no,Tarun Mansukhani
Boman Irani,no,2019,Jhalki,,no,Brahmanand S. Siingh
Boman Irani,no,2019,Made in China,12.81,no,Mikhil Musale
Boman Irani,no,2019,PM Narendra Modi,,yes,Omung Kumar
Boman Irani,no,2022,Jayeshbhai Jordaar,26.31,no,Divyang Thakkar
Boman Irani,no,2022,Runway 34,53.77,no,Ajay Devgn
Boman Irani,no,2022,Uunchai,48.99,no,Sooraj Barjatya
Boman Irani,no,2023,Dunki,470.60,yes,Rajkumar Hirani
Boman Irani,no,2025,Detective Sherdil,,no,Ravi Chhabriya
Boman Irani,no,2025,Tanvi the Great,,no,Anupam Kher
Boman Irani,no,2025,The Mehta Boys,,no,Boman Irani
Brande Roderick,no,2003,Out of Control,,no,"Apurva Asrani , Ramanjit Juneja"
Brandon Routh,no,2009,Kambakkht Ishq,85.56,yes,Sabbir Khan
Brendan Fraser,no,2019,Line of Descent,,yes,Rohit Karn Batra
Brijendra Kala,no,2006,Ahista Ahista,,yes,Shivam Nair
Brijendra Kala,no,2011,Pappu Can't Dance Saala,,no,Saurabh Shukla
Brijendra Kala,no,2014,Ankhon Dekhi,47.23,no,Rajat Kapoor
Brijendra Kala,no,2014,Hum Hai Teen Khurafaati (हम हैं तीन खुराफाती),,no,Rajeshwar Chauhan
Brijendra Kala,no,2017,Qarib Qarib Singlle,2.41,no,Tanuja Chandra
Brijendra Kala,no,2017,Shubh Mangal Saavdhan,64.54,no,R. S. Prasanna
Brijendra Kala,no,2019,Gone Kesh,,no,Qasim Khallow
Brijendra Kala,no,2019,Gunwali Dulhaniya,,no,Shantanu Anant Tambe
Brijendra Kala,no,2020,Gulabo Sitabo,,no,Shoojit Sircar
Brijendra Kala,no,2021,Kya Meri Sonam Gupta Bewafa Hai?,,no,Ssaurabh Tyagi
Brijendra Kala,no,2021,Sherni,,no,Amit V. Masurkar
Brijendra Kala,no,2021,Ye Mard Bechara,,no,Anuup Thapa
Brijendra Kala,no,2022,Mere Desh Ki Dharti,,no,Faraz Haider
Brijendra Kala,no,2023,Ajmer 92,1.00,no,Pushpendra Singh
Brijendra Kala,no,2023,Kaisi Ye Dor,,no,Ratna Neelam Pandey Sandeep S. Choudhary
Brijendra Kala,no,2023,Kathal,,no,Yashowardhan Mishra
Brijendra Kala,no,2023,Mandali,,no,Rakesh Chaturvedi Om
Brijendra Kala,no,2023,Panch Kriti,,no,Sannjoy Bhargv
Brijendra Kala,no,2024,Do Patti,,yes,Shashanka Chaturvedi
Brijendra Kala,no,2025,2020 Delhi,,no,Devendra Malviya
Brijendra Kala,no,2025,Mannu Kya Karegga,,no,Ssanjay Tripaathy
Brijendra Kala,no,2025,The Networker,,no,Vikas Kumar Vishwakarma
Brooke Johnston,no,2011,I Am Singh,,no,Puneet Issar
Bruna Abdullah,no,2011,Desi Boyz,77.00,yes,Rohit Dhawan
Bruna Abdullah,no,2013,Grand Masti,148.23,yes,Indra Kumar
Bruna Abdullah,no,2015,Four Pillars of Basement,0.15,no,Giresh Naik K
Bruna Abdullah,no,2016,Mastizaade,36.44,no,Milap Milan Zaveri
Bruna Abdullah,no,2016,Yea Toh Two Much Ho Gayaa,,yes,Anwer Khan
Bupesh Singh,no,2017,Kadvi Hawa,8.70,no,Nila Madhab Panda
Candice Boucher,no,2011,Aazaan,,no,Prashant Chadha
Candy Clark,no,2018,5 Weddings,,no,Namrata Singh Gujral
Caterina Murino,no,2010,Chase,5.00,no,Jagmohan Mundhra
Caterina Murino,no,2016,Fever,,no,Rajeev Jhaveri
Celina Jaitley,no,2003,Janasheen,15.87,yes,Feroz Khan
Celina Jaitley,no,2003,Khel – No Ordinary Game,,yes,Yusuf Khan
Celina Jaitley,no,2006,Apna Sapna Money Money,20.73,no,Sangeeth Sivan
Celina Jaitley,no,2006,Jawani Diwani: A Youthful Joyride,,yes,Manish Sharma
Celina Jaitley,no,2006,"Tom, Dick, and Harry",,no,Deepak Tijori
Celina Jaitley,no,2006,Zinda,17.60,yes,Sanjay Gupta
Celina Jaitly,no,2005,No Entry,95.14,yes,Anees Bazmee
Celina Jaitly,no,2005,Silsiilay,,no,Khalid Mohamed
Celina Jaitly,no,2007,Red: The Dark Side,,no,Vikram Bhatt
Celina Jaitly,no,2007,Shakalaka Boom Boom,,yes,Suneel Darshan
Celina Jaitly,no,2008,Golmaal Returns,95.00,yes,Rohit Shetty
Celina Jaitly,no,2008,Money Hai Toh Honey Hai,,no,Ganesh Acharya
Celina Jaitly,no,2009,Accident on Hill Road,,no,Mahesh Nair
Celina Jaitly,no,2009,Paying Guests,,no,Paritossh Painter
Celina Jaitly,no,2010,Hello Darling,,no,Manoj Tiwari
Celina Jaitly,no,2011,Thank You,104.00,yes,Anees Bazmee
Celina Jaitly,no,2012,Will You Marry Me?,,no,Aditya Dutt
Chacha Maembong,no,2017,Main Terrorist Nahi Hoon,,no,Arjin Uppal
Chahat Khanna,no,2005,7½ Phere,,no,Ishaan Trvedi
Chahat Khanna,no,2005,The Film,,no,Junaid Memon
Chahat Mughal,no,2025,Oye Bhootni Ke,,yes,Ajay Kailash Yadav
Chahatt Khanna,no,2023,Yaatris,,no,Harish Vyas
Chaiti Ghoshal,no,2019,22 Yards,,no,Mitali Ghoshal
Chaitnya Bhosale,no,2004,Kiss Kis Ko,,no,Sharad Sharan
Chandan Anand,no,2007,Kaafila,,yes,Ammtoje Mann
Chandan Roy,no,2021,Sanak,,no,Kanishk Varma
Chandan Roy,no,2025,Akshardham: Operation Vajra Shakti,,yes,Ken Ghosh
Chandan Roy Sanyal,no,2009,Kaminey,71.57,yes,Vishal Bhardwaj
Chandan Roy Sanyal,no,2012,Love You To Death,,no,Rafeeg Ellias
Chandan Roy Sanyal,no,2012,Staying Alive,,no,Anant Mahadevan
Chandan Roy Sanyal,no,2013,Prague,,no,Ashish R Shukla
Chandan Roy Sanyal,no,2017,Jab Harry Met Sejal,153.43,no,Imtiaz Ali
Chandan Roy Sanyal,no,2017,Mirza Juuliet,0.95,no,Rajesh Ram Singh
Chandan Roy Sanyal,no,2019,The Sholay Girl,,no,Aditya Sarpotdar
Chandan Roy Sanyal,no,2020,Dheet Patangey,,no,Ravi Adhikari
Chandan Roy Sanyal,no,2021,Sanak,,no,Kanishk Varma
Chandrabhushan Singh,no,2021,Maassab,,no,Aditya Om
Chandrachoor Rai,no,2019,Upstarts,,no,Udai Singh Pawar
Chandrachoor Rai,no,2024,Fairy Folk,,no,Karan Gour
Chandrachur Singh,no,2000,Josh,35.06,no,Mansoor Khan
Chandrachur Singh,no,2000,Kya Kehna,2.17,yes,Kundan Shah
Chandrachur Singh,no,2001,Aamdani Atthanni Kharcha Rupaiya,,no,K. Raghavendra Rao
Chandrachur Singh,no,2002,Mohabbat Ho Gayi Hai Tumse,,yes,Rishi Talwar
Chandrachur Singh,no,2015,Chal Guru Ho Ja Shuru,,no,Manoj Sharma
Chandrachur Singh,no,2017,Yadvi – The Dignified Princess,,no,Jyoti Singh
Chandrachur Singh,no,2022,Cuttputlli,,no,Ranjit M Tewari
Chandrahas Tiwari,no,2016,Kaafiron Ki Namaaz,,no,Ram Ramesh Sharma
Chandraprakash Thakur,no,2019,Battalion 609,0.01,no,Brijesh Batuknath Tripathi
Charapreet Insan,no,2016,MSG: The Warrior Lion Heart,,no,"Gurmeet Ram Rahim Singh , Honeypreet Insan"
Charmy Kaur,no,2011,Bbuddah... Hoga Terra Baap,,no,Puri Jagannadh
Charu Arora,no,2009,Royal Utsav,,no,Ravi K. Patwa
Charu Shankar,no,2024,Binny And Family,,no,Ssanjay Tripaathy
Charu Shankar,no,2025,Mannu Kya Karegga,,no,Ssanjay Tripaathy
Charu Vyas,no,2017,Yadvi – The Dignified Princess,,no,Jyoti Singh
Chayan Chopra,no,2020,Guilty,,no,Ruchi Narain
Chelsie Preston Crayford,no,2019,Salt Bridge,,no,Abhijit Deonath
Cherry Mardia,no,2014,Jigariyaa,,no,Raj Purohit
Chetan Aneja,no,2004,Kaash... Hamara Dil Pagal Na Hota,,no,Mangal Anand
Chetan Hansraj,no,2008,Bhram,,no,Pavan Kaul
Chetan Pandit,no,2010,332 Mumbai to India,,no,Mahesh Pandey
Chetan Pandit,no,2012,Married 2 America,,no,Dilip Shankar
Chetan Sharma,no,2017,Saankal,,no,Dedipya Joshii
Chetanya Adib,no,2007,Return of Hanuman,6.14,no,Anurag Kashyap
Chetna Pande,no,2013,I Don't Luv U,,no,Amit Kasaria
Chetna Pande,no,2018,Jaane Kyun De Yaaron,,no,Akshay Anand
Chhaya Kadam,no,2024,Laapataa Ladies,25.26,no,Kiran Rao
Chhaya Kadam,no,2024,Madgaon Express,57.34,no,Kunal Khemu
Chigasu Takaku,no,2010,The Japanese Wife,,no,Aparna Sen
Chinmay Kambli,no,2011,Kaccha Limboo,,no,Sagar Ballary
Chinmay Mandlekar,no,2022,The Kashmir Files,340.92,no,Vivek Agnihotri
Chinmay Mandlekar,no,2023,Gandhi Godse – Ek Yudh,,no,Rajkumar Santoshi
Chinmay Mandlekar,no,2023,Sajini Shinde Ka Viral Video,,no,Mikhil Musale
Chirag Jain,no,2012,?: A Question Mark,,no,Allyson Patel Yash Dave
Chirag Paswan,no,2011,Miley Naa Miley Hum,,no,Tanveer Khan
Chirag Patil,no,2013,Wake Up India,,no,Babloo Seshadri
Chitraganda Chakraborty,no,2018,Laxmi and Tikli Bomb,,no,Aditya Kripalani
Chitrangada Singh,no,2005,Hazaaron Khwaishein Aisi,,no,Sudhir Mishra
Chitrangada Singh,no,2008,Sorry Bhai!,,no,Onir
Chitrangada Singh,no,2011,Desi Boyz,77.00,yes,Rohit Dhawan
Chitrangada Singh,no,2011,Yeh Saali Zindagi,10.75,no,Sudhir Mishra
Chitrangada Singh,no,2012,Joker,35.87,yes,Shirish Kunder
Chitrangada Singh,no,2013,Inkaar,10.02,no,Sudhir Mishra
Chitrangada Singh,no,2018,Baazaar,,yes,Gauravv K. Chawla
Chitrangada Singh,no,2018,"Saheb, Biwi Aur Gangster 3",10.20,yes,Tigmanshu Dhulia
Chitrangada Singh,no,2021,Bob Biswas,,yes,Diya Annapurna Ghosh
Chitrangada Singh,no,2025,Raat Akeli Hai: The Bansal Murders,,yes,Honey Trehan
Chitrangda Singh,no,2013,"I, Me Aur Main",13.82,no,Kapil Sharma
Chitrangda Singh,no,2023,Gaslight,,yes,Pawan Kripalani
Chitrangda Singh,no,2025,Housefull 5,242.80,yes,Tarun Mansukhani
Chitrapama Banerjee,no,2006,Unns...Means Love,,yes,Bhupender Gupta
Chitrashi Rawat,no,2007,Chak De! India,109.00,no,Shimit Amin
Chittaranjan Giri,no,2025,Kaisi Ye Paheli,,no,Ananyabrata Chakravorty
Chittranjan Tripathy,no,2024,Kahan Shuru Kahan Khatam,,no,Saurabh Dasgupta
Christeena,no,2020,Namumkin Tere Bin Jeena,,no,Hidayat Khan
Chunky Panday,no,2024,Vijay 69,,no,Akshay Roy
Chunky Panday,no,2025,Detective Sherdil,,no,Ravi Chhabriya
Chunky Pandey,no,2001,Kasam,2.30,yes,Shibu Mitra
Chunky Pandey,no,2003,Qayamat: City Under Threat,28.52,yes,Harry Baweja
Chunky Pandey,no,2006,Apna Sapna Money Money,20.73,no,Sangeeth Sivan
Chunky Pandey,no,2006,Darwaaza Bandh Rakho,2.32,no,J. D. Chakravarthy
Chunky Pandey,no,2006,I See You,1.92,yes,Vivek Agrawal
Chunky Pandey,no,2009,Daddy Cool,,no,K. Murli Manohar Rao
Chunky Pandey,no,2009,De Dana Dan,81.85,no,Priyadarshan
Chunky Pandey,no,2009,Ek: The Power of One,6.00,yes,Sangeeth Sivan
Chunky Pandey,no,2009,Paying Guests,,no,Paritossh Painter
Chunky Pandey,no,2009,Sankat City,,no,Pankaj Advani
Chunky Pandey,no,2010,Housefull,114.18,no,Sajid Khan
Chunky Pandey,no,2011,Ready,180.00,yes,Anees Bazmee
Chunky Pandey,no,2012,Housefull 2,179.15,yes,Sajid Khan
Chunky Pandey,no,2013,Bullett Raja,53.60,yes,Tigmanshu Dhulia
Chunky Pandey,no,2013,Hum Hai Raahi Car Ke,,yes,Jyotin Goel
Chunky Pandey,no,2014,Gang of Ghosts,,no,Satish Kaushik
Chunky Pandey,no,2017,Begum Jaan,30.60,no,Srijit Mukherji
Chunky Pandey,no,2019,Housefull 4,280.27,yes,Farhad Samji
Chunky Pandey,no,2019,Prassthanam,5.90,yes,Deva Katta
Chunky Pandey,no,2025,Housefull 5,242.80,yes,Tarun Mansukhani
Churni Ganguly,no,2023,Rocky Aur Rani Kii Prem Kahaani,355.61,yes,Karan Johar
Claudia Ciesla,no,2016,Kyaa Kool Hain Hum 3,33.14,no,Umesh Ghadge
Cleo Issacs,no,2004,Woh,,no,Raj N. Sippy
Clive Standen,no,2007,Namastey London,71.40,yes,Vipul Amrutlal Shah
Colin Farrell,no,2002,Hum Kisise Kum Nahin,29.15,yes,David Dhawan
Conan Stevens,no,2015,Brothers,140.30,no,Karan Malhotra
Cyli Khare,no,2021,Bombay Rose,,no,Gitanjali Rao
Cyrus Broacha,no,2009,99,14.76,yes,Raj and D.K.
Cyrus Broacha,no,2009,Fruit and Nut,0.15,no,Kunal Vijaykar
Cyrus Sahukar,no,2006,Rang De Basanti,97.00,yes,Rakeysh Omprakash Mehra
Cyrus Sahukar,no,2010,Aisha,28.65,yes,Rajshree Ojha
Cyrus Sahukar,no,2011,Love Breakups Zindagi,2.06,yes,Sahil Sangha
Cyrus Sahukar,no,2020,Kadakh,,no,Rajat Kapoor
Daina Khan,no,2016,Ghayal: Once Again,45.35,yes,Sunny Deol
Daisy Bopanna,no,2005,Garam Masala,64.65,no,Priyadarshan
Daisy Shah,no,2014,Jai Ho,186.00,yes,Sohail Khan
Daisy Shah,no,2015,Hate Story 3,62.21,no,Vishal Pandya
Daisy Shah,no,2018,Race 3,303.00,yes,Remo D'Souza
Daisy Shah,no,2023,Mystery of the Tattoo,,no,Kalaiarasi Sathappan Ganesh Mahadevan
Daivik Bhagela,no,2025,Kaalidhar Laapata,,yes,Madhumita
Dalip Singh Rana,no,2010,Ramaa: The Saviour,,no,Haadi Abrar
Dalip Tahil,no,2000,Chal Mere Bhai,22.28,yes,David Dhawan
Dalip Tahil,no,2000,Dhai Akshar Prem Ke,16.30,yes,Raj Kanwar
Dalip Tahil,no,2000,Phir Bhi Dil Hai Hindustani,25.46,no,Aziz Mirza
Dalip Tahil,no,2002,Maine Dil Tujhko Diya,,yes,Sohail Khan
Dalip Tahil,no,2007,Partner,101.00,yes,David Dhawan
Dalip Tahil,no,2008,God Tussi Great Ho,25.61,yes,Rumi Jaffery
Dalip Tahil,no,2008,Love Story 2050,18.47,no,Harry Baweja
Dalip Tahil,no,2009,Dil Bole Hadippa!,46.12,yes,Anurag Singh
Dalip Tahil,no,2009,Kal Kissne Dekha,,yes,Vivek Sharma
Dalip Tahil,no,2009,"Raat Gayi, Baat Gayi?",,no,Saurabh Shukla
Dalip Tahil,no,2011,Aazaan,,no,Prashant Chadha
Dalip Tahil,no,2011,Miley Naa Miley Hum,,no,Tanveer Khan
Dalip Tahil,no,2011,Ra.One,207.00,yes,Anubhav Sinha
Dalip Tahil,no,2015,Chinar Daastaan-E-Ishq,,yes,Sharique Minhaj
Dalip Tahil,no,2016,Project Marathwada,,no,"Prakash Patel, Bhavin Wadia"
Dalip Tahil,no,2018,Daas Dev,,no,Sudhir Mishra
Dalip Tahil,no,2020,Guilty,,no,Ruchi Narain
Daman Baggan,no,2009,Straight,,no,Parvati Balagopalan
Daniel Kaleb,no,2015,MSG: The Messenger,17.70,no,"Gurmeet Ram Rahim Singh , Jeetu Arora"
Daniel Weber,no,2016,Beiimaan Love,,no,Rajeev Chaudhary
Danish Aslam,no,2006,Khosla Ka Ghosla,6.67,no,Dibakar Banerjee
Danish Husain,no,2020,Mee Raqsam,,no,Baba Azmi
Danny Denzongappa,no,2019,Manikarnika: The Queen of Jhansi,132.95,no,Radha Krishna Jagarlamudi Kangana Ranaut
Danny Denzongpa,no,2000,Pukar,,no,Rajkumar Santoshi
Danny Denzongpa,no,2001,Indian,42.61,yes,N. Maharajan
Danny Denzongpa,no,2001,Officer,,no,Naeem Sha
Danny Denzongpa,no,2002,Soch,,yes,Sushen Bhatnagar
Danny Denzongpa,no,2007,Big Brother,12.09,yes,Guddu Dhanoa
Danny Denzongpa,no,2007,Hattrick,,no,Milan Luthria
Danny Denzongpa,no,2008,Chamku,3.09,yes,Kabeer Kaushik
Danny Denzongpa,no,2009,Acid Factory,5.20,yes,Suparn Verma
Danny Denzongpa,no,2009,Luck,,yes,Soham Shah
Danny Denzongpa,no,2013,Boss,102.82,no,Anthony D'Souza
Danny Denzongpa,no,2014,Bang Bang!,333.00,yes,Siddharth Anand
Danny Denzongpa,no,2014,Jai Ho,186.00,yes,Sohail Khan
Danny Denzongpa,no,2015,Baby,142.98,no,Neeraj Pandey
Danny Denzongpa,no,2018,Bioscopewala,,no,Deb Medhekar
Danny Denzongpa,no,2022,Uunchai,48.99,no,Sooraj Barjatya
Danny Saru,no,2014,Main Aur Mr. Riight,,no,Adeeb Rais
Danny Saru,no,2016,Kyaa Kool Hain Hum 3,33.14,no,Umesh Ghadge
Dara Singh,no,2001,Farz,19.92,yes,Raj Kanwar
Dara Singh,no,2007,Jab We Met,50.90,yes,Imtiaz Ali
Darshan Jariwala,no,2006,Tathastu,,yes,Anubhav Sinha
Darshan Jariwala,no,2007,Aap Kaa Surroor,19.50,no,Prashant Chadha
Darshan Jariwala,no,2007,"Gandhi, My Father",7.49,yes,Feroz Abbas Khan
Darshan Jariwala,no,2009,Ajab Prem Ki Ghazab Kahani,106.74,yes,Rajkumar Santoshi
Darshan Jariwala,no,2012,Ajab Gazabb Love,,yes,Sanjay Gadhvi
Darshan Jariwala,no,2013,Dilli Gang,,no,Ashish Tyagi
Darshan Jariwala,no,2013,Phata Poster Nikhla Hero,72.00,yes,Rajkumar Santoshi
Darshan Jariwala,no,2013,Sixteen,,no,Raj Purohit
Darshan Jariwala,no,2014,One by Two,3.77,yes,Devika Bhagat
Darshan Jariwala,no,2016,Kyaa Kool Hain Hum 3,33.14,no,Umesh Ghadge
Darshan Jariwala,no,2017,Sweetiee Weds NRI,,no,Hasnain Hyderabadwala
Darshan Jariwala,no,2023,Aankh Micholi,1.50,no,Umesh Shukla
Darshan Jariwala,no,2023,Bad Boy,,no,Rajkumar Santoshi
Darshan Jariwala,no,2025,Interrogation,,no,Ajoy Varma Raja
Darshan Kumar,no,2015,NH10,49.00,no,Navdeep Singh
Darshan Kumar,no,2017,A Gentleman,38.30,no,Raj and D.K.
Darshan Kumar,no,2017,Mirza Juuliet,0.95,no,Rajesh Ram Singh
Darshan Kumar,no,2022,Dhokha: Round D Corner,3.74,no,Kookie Gulati
Darshan Kumar,no,2022,The Kashmir Files,340.92,no,Vivek Agnihotri
Darshan Kumar,no,2024,Kaagaz 2,,no,V. K. Prakash
Darsheel Safary,no,2007,Taare Zameen Par,98.48,yes,Aamir Khan
Darsheel Safary,no,2010,Bumm Bumm Bole,1.34,no,Priyadarshan
Darsheel Safary,no,2011,Zokkomon,,no,Satyajit Bhatkal
Darsheel Safary,no,2023,Hukus Bukus,,no,Vinay Bharadwaj Saumitra Singh
David Brooks,no,2014,Bhopal: A Prayer for Rain,,no,Ravi Kumar
Dayanand Shetty,no,2007,Johnny Gaddaar,5.68,no,Sriram Raghavan
Deah Tandon,no,2016,Shortcut Safari,,no,Amitabha Singh
Deb Mukherjee,no,2009,Kaminey,71.57,yes,Vishal Bhardwaj
Deeksha Seth,no,2014,Lekar Hum Deewana Dil,,yes,Arif Ali
Deep,no,2010,Diwangi Ne Had Kar Di,,no,Jiten Purohit
Deepa,no,2013,Beehad - The Ravines,,no,Krishna Mishra
Deepak Antani,no,2023,Gandhi Godse – Ek Yudh,,no,Rajkumar Santoshi
Deepak Antani,no,2023,Mujib: The Making of a Nation,,no,Shyam Benegal
Deepak Damle,no,2017,Daddy,15.50,no,Ashim Ahluwalia
Deepak Dobriyal,no,2007,1971,,no,Amrit Sagar
Deepak Dobriyal,no,2009,13B,23.00,no,Vikram K. Kumar
Deepak Dobriyal,no,2009,Gulaal,,no,Anurag Kashyap
Deepak Dobriyal,no,2011,Not a Love Story,,no,Ram Gopal Varma
Deepak Dobriyal,no,2011,Teen Thay Bhai,,no,Mirgdeep Singh Lamba
Deepak Dobriyal,no,2013,Chor Chor Super Chor,,no,K. Rajesh
Deepak Dobriyal,no,2013,Sooper Se Ooper,,no,Shekhar Ghosh
Deepak Dobriyal,no,2015,Prem Ratan Dhan Payo,432.00,yes,Sooraj Barjatya
Deepak Dobriyal,no,2017,Lucknow Central,16.95,no,Ranjit Tiwari
Deepak Dobriyal,no,2018,Kaalakaandi,10.00,yes,Akshat Verma
Deepak Dobriyal,no,2019,Laal Kaptaan,2.36,yes,Navdeep Singh
Deepak Dobriyal,no,2020,Angrezi Medium,13.54,yes,Homi Adajania
Deepak Dobriyal,no,2020,Kaamyaab,,no,Hardik Mehta
Deepak Dobriyal,no,2021,Aafat-E-Ishq,,no,Indrajit Nattoji
Deepak Dobriyal,no,2022,Good Luck Jerry,,yes,Sidharth Sengupta
Deepak Dobriyal,no,2024,Sector 36,,no,Aditya Nimbalkar
Deepak Dobriyal,no,2025,Jugnuma: The Fable,0.40,no,Raam Reddy
Deepak Shirke,no,2007,Ek Chalis Ki Last Local,,yes,Sanjay Khanduri
Deepak Singh,no,2015,Once Upon a Time in Bihar,,no,Nitin Chandra
Deepak Tijori,no,2000,Dulhan Hum Le Jayenge,36.87,yes,David Dhawan
Deepak Tijori,no,2002,Pyaar Diwana Hota Hai,,yes,Kirti Kumar
Deepak Tijori,no,2002,Yeh Kaisi Mohabbat,,no,Dinkar Kapur
Deepak Tijori,no,2014,Gollu Aur Pappu,,yes,Kabir Sadanand
Deepak Tijori,no,2014,Raja Natwarlal,26.80,yes,Kunal Deshmukh
Deepak Tijori,no,2024,Tipppsy,0.08,no,Deepak Tijori
Deepal Shaw,no,2005,Kalyug,,yes,Mohit Suri
Deepal Shaw,no,2008,A Wednesday!,12.00,no,Neeraj Pandey
Deepal Shaw,no,2008,Chamku,3.09,yes,Kabeer Kaushik
Deepal Shaw,no,2009,Dhoondte Reh Jaaoge,,yes,Umesh Shukla
Deepal Shaw,no,2009,Karma Aur Holi,,no,Manish Gupta
Deepal Shaw,no,2021,Murder at Teesri Manzil 302,,no,Navneet Baj Saini
Deepika Amin,no,2019,Gone Kesh,,no,Qasim Khallow
Deepika Amin,no,2020,Ghoomketu,,no,Pushpendra Nath Misra
Deepika Amin,no,2021,Ramprasad Ki Tehrvi,,no,Seema Pahwa
Deepika Padukone,no,2007,Om Shanti Om,152.00,no,Farah Khan
Deepika Padukone,no,2008,Bachna Ae Haseeno,79.00,yes,Siddharth Anand
Deepika Padukone,no,2009,Chandni Chowk to China,120.00,no,Nikkhil Advani
Deepika Padukone,no,2009,Love Aaj Kal,119.52,yes,Imtiaz Ali
Deepika Padukone,no,2009,Main Aurr Mrs Khanna,14.60,yes,Prem Soni
Deepika Padukone,no,2010,Break Ke Baad,,yes,Danish Aslam
Deepika Padukone,no,2010,Housefull,114.18,no,Sajid Khan
Deepika Padukone,no,2010,Jaane Kahan Se Aayi Hai,,no,Milap Zaveri
Deepika Padukone,no,2010,Karthik Calling Karthik,,no,Vijay Lalwani
Deepika Padukone,no,2010,Khelein Hum Jee Jaan Sey,4.91,yes,Ashutosh Gowariker
Deepika Padukone,no,2010,Lafangey Parindey,22.70,no,Pradeep Sarkar
Deepika Padukone,no,2011,Aarakshan,64.50,yes,Prakash Jha
Deepika Padukone,no,2011,Desi Boyz,77.00,yes,Rohit Dhawan
Deepika Padukone,no,2011,Dum Maaro Dum,51.10,yes,Rohan Sippy
Deepika Padukone,no,2012,Cocktail,125.70,yes,Homi Adajania
Deepika Padukone,no,2013,Chennai Express,423.76,no,Rohit Shetty
Deepika Padukone,no,2013,Goliyon Ki Raasleela Ram-Leela,220.58,no,Sanjay Leela Bhansali
Deepika Padukone,no,2013,Race 2,175.75,yes,Abbas–Mustan
Deepika Padukone,no,2013,Yeh Jawaani Hai Deewani,319.01,yes,Ayan Mukerji
Deepika Padukone,no,2014,Happy New Year,342.00,yes,Farah Khan
Deepika Padukone,no,2015,Bajirao Mastani,356.20,no,Sanjay Leela Bhansali
Deepika Padukone,no,2015,Piku,141.00,no,Shoojit Sircar
Deepika Padukone,no,2015,Tamasha,136.63,yes,Imtiaz Ali
Deepika Padukone,no,2018,Padmaavat,571.98,yes,Sanjay Leela Bhansali
Deepika Padukone,no,2020,Chhapaak,55.44,no,Meghna Gulzar
Deepika Padukone,no,2021,83,193.73,no,Kabir Khan
Deepika Padukone,no,2022,Gehraiyaan,,yes,Shakun Batra
Deepika Padukone,no,2023,Jawan,0.00,no,Atlee
Deepika Padukone,no,2023,Pathaan,0.00,no,Siddharth Anand
Deepika Padukone,no,2024,Fighter,344.46,yes,Siddharth Anand
Deepika Padukone,no,2024,Singham Again,389.64,yes,Rohit Shetty
Deepraj Rana,no,2012,Ghost,,no,Puja Jatinder Bedi
Deepraj Rana,no,2014,Machhli Jal Ki Rani Hai,,no,Debaloy Dey
Deepshika,no,2007,Red Swastik,,no,Vinod Pande
Deepshika,no,2011,Yeh Dooriyan,,no,Deepshika
Deepshikha Nagpal,no,2008,Bhram,,no,Pavan Kaul
Deepshikha Nagpal,no,2025,Me No Pause Me Play,,no,Samar K Mukharjee
Deepti Naval,no,2007,Yatra,,yes,Gautam Ghose
Deepti Naval,no,2009,Firaaq,,no,Nandita Das
Deepti Naval,no,2011,Bhindi Baazaar Inc.,1.19,no,Ankush Bhatt
Deepti Naval,no,2011,Memories in March,,no,Sanjoy Nag
Deepti Naval,no,2011,Rivaaz,,no,Ashok Nanda
Deepti Naval,no,2013,Inkaar,10.02,no,Sudhir Mishra
Deepti Naval,no,2013,Listen... Amaya,,no,Avinash Kumar Singh
Deepti Naval,no,2014,19th January,,no,Sanjay Amar
Deepti Naval,no,2014,Heartless,1.18,no,Shekhar Suman
Deepti Naval,no,2023,Goldfish,,no,Pushan Kripalani
Deepti Naval,no,2023,Mother Teresa & Me,,no,Kamal Musale
Deepti Naval,no,2025,Raat Akeli Hai: The Bansal Murders,,yes,Honey Trehan
Delnaaz Irani,no,2007,Showbiz,,no,Raju Khan
Delnaaz Irani,no,2012,I M 24,,no,Saurabh Shukla
Delzad Hiwale,no,2021,Ankahi Kahaniya,,no,Ashwiny Iyer Tiwari Abhishek Chaubey Saket Chaudhary
Denzil Smith,no,2016,Brahman Naman,,no,Qaushiq Mukherjee
Denzil Smith,no,2018,Baazaar,,yes,Gauravv K. Chawla
Denzil Smith,no,2021,Hum Bhi Akele Tum Bhi Akele,,no,Harish Vyas
Dev Anand,no,2003,Love at Times Square,0.30,no,
Dev Anand,no,2005,Mr Prime Minister,,no,Dev Anand
Dev Anand,no,2011,Chargesheet,0.06,no,Dev Anand
Dev Chauhan,no,2020,The Pickup Artist,,no,Rohit Arora
Dev Gill,no,2002,Shaheed-E-Azam,,no,Sukumar Nair
Dev Goel,no,2013,Hum Hai Raahi Car Ke,,yes,Jyotin Goel
Dev Gohar,no,2014,Ebn-E-Batuta,,no,Varun Middha
Dev Sharma,no,2014,Yaariyan,55.00,no,Divya Khosla Kumar
Dev Sharma,no,2021,Aa Bhi Ja O Piya,,no,Rajesh Harivansh Mishra
Devansh Doshi,no,2012,Sons of Ram,,no,Kushal Ruia
Devansh Doshi,no,2019,Evening Shadows,,no,Sridhar Rangayan
Devansh Sharma,no,2016,Yea Toh Two Much Ho Gayaa,,yes,Anwer Khan
Deven Bhojani,no,2011,Chala Mussaddi... Office Office,1.40,no,Rajiv Mehra
Devendra Chauhan,no,2016,Love Day - Pyaar Ka Din,,no,"Sandeep Choudhary, Harish Kotian"
Devendra Trivedi,no,2013,Amdavad Junction,,no,Apurv Bajpai
Devoleena Bhattacharjee,no,2024,Bengal 1947,,no,Akashaditya Lama
Devoleena Bhattacharjee,no,2024,Kooki,,no,Pranab J Deka
Devshi Khanduri,no,2016,Khel Toh Ab Shuru Hoga,,no,Kunal V Singh
Dhairya Karwa,no,2022,Gehraiyaan,,yes,Shakun Batra
Dhairya Karwa,no,2023,Apurva,,no,Nikhil Nagesh Bhat
Dhananjai Shrestha,no,2007,Return of Hanuman,6.14,no,Anurag Kashyap
Dhanish Karthik,no,2017,Chef,10.60,yes,Raja Krishna Menon
Dhanush,no,2013,Raanjhanaa,105.00,yes,Anand L. Rai
Dhanush,no,2015,Shamitabh,37.00,no,R. Balki
Dhanush,no,2021,Atrangi Re,,yes,Aanand L. Rai
Dhanush,no,2025,Tere Ishk Mein,148.50,no,Aanand L. Rai
Dharmendra,no,2000,Bhai Thakur,,no,"Willy , Raja"
Dharmendra,no,2000,Jallad No. 1,,no,Kanti Shah
Dharmendra,no,2000,Meri Jung Ka Elaan,,no,Kanti Shah
Dharmendra,no,2000,The Revenge: Geeta Mera Naam,,no,Dilip Gulati
Dharmendra,no,2002,Reshma Aur Sultan,,no,S. Kumar
Dharmendra,no,2004,Kis Kis Ki Kismat,,no,Govind Menon
Dharmendra,no,2007,Apne,69.28,yes,Anil Sharma
Dharmendra,no,2007,Johnny Gaddaar,5.68,no,Sriram Raghavan
Dharmendra,no,2007,Life in a... Metro,24.45,no,Anurag Basu
Dharmendra,no,2011,Tell Me O Kkhuda,,yes,Hema Malini
Dharmendra,no,2011,Yamla Pagla Deewana,88.00,yes,Samir Karnik
Dharmendra,no,2013,Yamla Pagla Deewana 2,,yes,Sangeeth Sivan
Dharmendra,no,2014,Sholay 3D,58.00,no,Ramesh Sippy
Dharmendra,no,2015,Second Hand Husband,,no,Smeep Kang
Dharmendra,no,2018,Yamla Pagla Deewana: Phir Se,15.00,yes,Navaniat Singh
Dharmendra,no,2023,Rocky Aur Rani Kii Prem Kahaani,355.61,yes,Karan Johar
Dharmendra,no,2024,Teri Baaton Mein Aisa Uljha Jiya,133.64,yes,Amit Joshi Aradhana Sah
Dharmendra Gohil,no,2009,Suno Na.. Ek Nanhi Aawaz,,no,Amy Thanawala
Dharmesh Vyas,no,2021,Waah Zindagi,,no,Dinesh S Yadav
Dharmesh Yelande,no,2013,ABCD: Any Body Can Dance,,no,Remo D'Souza
Dharmesh Yelande,no,2015,ABCD 2,158.31,yes,Remo D'Souza
Dharmesh Yelande,no,2016,Banjo,13.24,no,Ravi Jadhav
Dharmesh Yelande,no,2018,Nawabzaade,4.05,no,Jayesh Pradhan
Dharmesh Yelande,no,2020,Street Dancer 3D,97.00,yes,Remo D'Souza
Dhiraj Singh,no,2018,Falooda,,no,Dhiraj Singh
Dhritiman Chaterji,no,2005,Black,40.94,no,Sanjay Leela Bhansali
Dhritiman Chatterjee,no,2021,Chehre,8.26,yes,Rumi Jafry
Dhruv Ganesh,no,2013,Boyss Toh Boyss Hain,,no,Amit Vats
Dhruv Jagasiya,no,2004,Let's Enjoy,,no,"Ankur Tewari , Siddharth Anand Kumar"
Dhvani Bhanushali,no,2024,Kahan Shuru Kahan Khatam,,no,Saurabh Dasgupta
Dia Mirza,no,2001,Rehnaa Hai Terre Dil Mein,,yes,Gautham Vasudev Menon
Dia Mirza,no,2002,Tumko Na Bhool Paayenge,19.89,yes,Pankaj Parashar
Dia Mirza,no,2003,Praan Jaye Par Shaan Na Jaye,2.35,yes,Sanjay Manjrekar
Dia Mirza,no,2004,Stop!,,no,Ajai Sinha
Dia Mirza,no,2005,Blackmail,6.58,no,Anil Devgan
Dia Mirza,no,2005,Dus,38.84,yes,Anubhav Sinha
Dia Mirza,no,2005,Koi Mere Dil Mein Hai,0.47,no,Deepak Ramsay
Dia Mirza,no,2005,Naam Gum Jaayega,3.50,no,Amol Shetge
Dia Mirza,no,2005,Parineeta,32.63,yes,Pradeep Sarkar
Dia Mirza,no,2006,Alag,0.56,no,Ashu Trikha
Dia Mirza,no,2006,Lage Raho Munna Bhai,126.20,yes,Rajkumar Hirani
Dia Mirza,no,2007,Cash,29.30,yes,Anubhav Sinha
Dia Mirza,no,2007,Shootout at Lokhandwala,46.04,yes,Apoorva Lakhia
Dia Mirza,no,2008,Krazzy 4,32.27,no,Jaideep Sen
Dia Mirza,no,2009,Acid Factory,5.20,yes,Suparn Verma
Dia Mirza,no,2009,Fruit and Nut,0.15,no,Kunal Vijaykar
Dia Mirza,no,2009,Jai Veeru,39.00,yes,Puneet Sira
Dia Mirza,no,2009,Kurbaan,42.90,yes,Rensil D'Silva
Dia Mirza,no,2010,Hum Tum Aur Ghost,8.01,no,Kabeer Kaushik
Dia Mirza,no,2011,Love Breakups Zindagi,2.06,yes,Sahil Sangha
Dia Mirza,no,2023,Bheed,3.33,no,Anubhav Sinha
Dia Mirza,no,2023,Dhak Dhak,,no,Tarun Dudeja
Dia Mirza,no,2025,Nadaaniyan,,yes,Shauna Gautam
Diana Hayden,no,2004,Ab... Bas!,,no,Rajesh Singh
Diana Khan,no,2020,Haunted Hills,,no,Sanjeev Kumar Rajput
Diana Khan,no,2025,Oye Bhootni Ke,,yes,Ajay Kailash Yadav
Diana Penty,no,2012,Cocktail,125.70,yes,Homi Adajania
Diana Penty,no,2016,Happy Bhag Jayegi,46.50,yes,Mudassar Aziz
Diana Penty,no,2017,Lucknow Central,16.95,no,Ranjit Tiwari
Diana Penty,no,2018,Happy Phirr Bhag Jayegi,28.06,yes,Mudassar Aziz
Diana Penty,no,2018,Parmanu: The Story Of Pokhran,91.38,no,Abhishek Sharma
Diana Penty,no,2021,Shiddat,,yes,Kunal Deshmukh
Diana Penty,no,2023,Bloody Daddy,,yes,Ali Abbas Zafar
Diana Penty,no,2023,Selfiee,23.63,yes,Raj Mehta
Diana Penty,no,2024,Adbhut,,no,Sabbir Khan
Diana Penty,no,2025,Azaad,9.17,yes,Abhishek Kapoor
Diana Penty,no,2025,Detective Sherdil,,no,Ravi Chhabriya
Dick Mays,no,2014,Mumbhai Connection,,no,Atlanta Nagendra
Digangana Suryavanshi,no,2018,Jalebi,2.41,no,Pushpdeep Bhardwaj
Digangana Suryavanshi,no,2019,Rangeela Raja,0.18,no,Sikander Bharti
Diganth Manchale,no,2015,Wedding Pullav,,yes,Binod Pradhan
Diiva Dhanoya,no,2019,Jacqueline I Am Coming,,no,Banty Dubey
Diksha Tomar,no,2011,Odyssey of Persistence,,no,Sagar Ambre Nikunj Pathak
Dilbagh Singh,no,2018,Shaadi Teri Bajayenge Hum Band,,no,Gurpreet Sondh
Dileesh Pothan,no,2019,Moothon,,no,Geetu Mohandas
Dilip Joshi,no,2001,One 2 Ka 4,13.82,no,Shashilal K. Nair
Dilip Prabhavalkar,no,2002,Encounter: The Killing,,no,Ajay Phansekar
Dilip Prabhavalkar,no,2017,Poster Boys,30.00,yes,Shreyas Talpade
Dilip Shankar,no,2023,Kadak Singh,,no,Aniruddha Roy Chowdhury
Dilip Thadeshwar,no,2007,Mumbai Salsa,,no,Manoj Tyagi
Diljit Dosanjh,no,2016,Udta Punjab,,yes,Abhishek Chaubey
Diljit Dosanjh,no,2017,Phillauri,46.60,no,Anshai Lal
Diljit Dosanjh,no,2018,Soorma,48.00,no,Shaad Ali
Diljit Dosanjh,no,2019,Arjun Patiala,9.26,no,Rohit Jugraj
Diljit Dosanjh,no,2019,Good Newwz,318.57,yes,Raj Mehta
Diljit Dosanjh,no,2020,Suraj Pe Mangal Bhari,4.32,no,Abhishek Sharma
Diljit Dosanjh,no,2022,Jogi,,no,Ali Abbas Zafar
Diljit Dosanjh,no,2024,Amar Singh Chamkila,,no,Imtiaz Ali
Diljit Dosanjh,no,2024,Crew,157.08,yes,Rajesh A Krishnan
Diljit Dosanjh,no,2025,Detective Sherdil,,no,Ravi Chhabriya
Diljohn Singh,no,2020,London Confidential,,no,Kanwal Sethi
Dillzan Wadia,no,2015,Four Pillars of Basement,0.15,no,Giresh Naik K
Dilnaz Irani,no,2023,Sukhee,1.65,no,Sonal Joshi
Dimple Kapadia,no,2001,Dil Chahta Hai,39.72,yes,Farhan Akhtar
Dimple Kapadia,no,2005,Pyaar Mein Twist,1.32,yes,Hriday Shetty
Dimple Kapadia,no,2006,Banaras,,no,Pankaj Parashar
Dimple Kapadia,no,2006,Being Cyrus,4.60,yes,Homi Adajania
Dimple Kapadia,no,2008,Jumbo,21.00,no,Kompin Kemgumnird
Dimple Kapadia,no,2009,Luck by Chance,29.00,yes,Zoya Akhtar
Dimple Kapadia,no,2009,Phir Kabhi,,no,V. K. Prakash
Dimple Kapadia,no,2010,Dabangg,221.14,yes,Abhinav Kashyap
Dimple Kapadia,no,2010,Tum Milo Toh Sahi,3.52,no,Kabir Sadanand
Dimple Kapadia,no,2011,Patiala House,35.30,yes,Nikhil Advani
Dimple Kapadia,no,2012,Cocktail,125.70,yes,Homi Adajania
Dimple Kapadia,no,2013,What the Fish,,no,Gurmmet Singh
Dimple Kapadia,no,2014,Gollu Aur Pappu,,yes,Kabir Sadanand
Dimple Kapadia,no,2015,Welcome Back,168.76,no,Anees Bazmee
Dimple Kapadia,no,2022,A Thursday,,no,Behzad Khambata
Dimple Kapadia,no,2024,Murder Mubarak,,yes,Homi Adajania
Dimple Kapadia,no,2024,Teri Baaton Mein Aisa Uljha Jiya,133.64,yes,Amit Joshi Aradhana Sah
Dinesh Bawra,no,2020,The Hundred Bucks,,no,Dushyant Pratap Singh
Dinesh Hingoo,no,2008,Pehli Nazar Ka Pyaar,,no,Arshad Khan
Dinesh Lal Yadav,no,2025,Ajey: The Untold Story of a Yogi,1.40,no,Ravindra Gautam
Dinesh Lamba,no,2005,Naina,6.94,no,Shripal Morakhia
Dinesh Lamba,no,2015,Lion of Gujarat,,no,Dinesh Lamba
Dino Morea,no,2002,Gunaah,7.50,no,Amol Shetge
Dino Morea,no,2002,Raaz,37.20,no,Vikram Bhatt
Dino Morea,no,2003,Baaz: A Bird in Danger,4.80,yes,Tinu Verma
Dino Morea,no,2003,Sssshhh...,,yes,Pawan S. Kaul
Dino Morea,no,2004,Insaaf: The Justice,,no,Shrey Srivastava
Dino Morea,no,2004,Ishq Hai Tumse,5.67,no,G. Krishna
Dino Morea,no,2004,Plan,10.83,yes,Hriday Shetty
Dino Morea,no,2004,Rakht,8.44,yes,Mahesh Manjrekar
Dino Morea,no,2005,Chehraa,0.60,no,Saurabh Shukla
Dino Morea,no,2006,Aap Ki Khatir,13.00,yes,Dharmesh Darshan
Dino Morea,no,2006,Aksar,,yes,Anant Mahadevan
Dino Morea,no,2006,Fight Club: Members Only,8.88,yes,Vikram Chopra
Dino Morea,no,2006,Holiday,,no,Pooja Bhatt
Dino Morea,no,2006,"Tom, Dick, and Harry",,no,Deepak Tijori
Dino Morea,no,2007,Dus Kahaniyaan,13.00,yes,"Sanjay Gupta , Apoorva Lakhia , Meghna Gulzar , Rohit Roy , Hansal Mehta , Jasmeet Dhodhi"
Dino Morea,no,2007,Life Mein Kabhie Kabhiee,,no,Vikram Bhatt
Dino Morea,no,2008,Anamika,,no,Anant Mahadevan
Dino Morea,no,2008,Bhram,,no,Pavan Kaul
Dino Morea,no,2008,Gumnaam – The Mystery,0.55,no,Neeraj Pathak
Dino Morea,no,2008,Heroes,25.44,yes,Samir Karnik
Dino Morea,no,2008,Karzzzz,,no,Satish Kaushik
Dino Morea,no,2009,Acid Factory,5.20,yes,Suparn Verma
Dino Morea,no,2009,Main Aurr Mrs Khanna,14.60,yes,Prem Soni
Dino Morea,no,2010,Pyaar Impossible!,,yes,Jugal Hansraj
Dino Morea,no,2021,Helmet,,no,Satramm Ramani
Dino Morea,no,2025,Housefull 5,242.80,yes,Tarun Mansukhani
Dinyar Contractor,no,2003,Jhankaar Beats,,yes,Sujoy Ghosh
Dipannita Sharma,no,2002,16 December,,no,Mani Shankar
Dipannita Sharma,no,2005,99.9 FM,,no,Sanjay Bhatia
Dipannita Sharma,no,2011,Ladies vs Ricky Bahl,84.00,no,Maneesh Sharma
Dipannita Sharma,no,2012,Jodi Breakers,33.40,no,Ashwini Chaudhary
Dipannita Sharma,no,2014,Pizza,4.04,no,Akshay Akkineni
Dipannita Sharma,no,2015,Take It Easy,,no,Sunil Prem Vyas
Dipannita Sharma,no,2020,Pepper Chicken,,no,Ratan Sil Ram
Dipannita Sharma,no,2021,Raat Baaki Hai,,no,Avinash Das
Dipannita Sharma,no,2024,Kooki,,no,Pranab J Deka
Dipanshi,no,2013,Kaand: Black Scandal,,no,Santosh K. Gupta
Dipika Kakar,no,2018,Paltan,10.22,yes,J. P. Dutta
Dippanita Sharma,no,2017,Coffee with D,0.72,no,Vishal Mishra
Dipti Dhotre,no,2016,Dhara 302,,no,Jitender Singh Narukal
Dipti Verma,no,2006,The Real Dream Girls,,no,Suresh Jain
Disha Choudhary,no,2014,Anuradha,,no,Raju Mavani
Disha Kapoor,no,2014,6 – 5 = 2,,no,Bharat Jain
Disha Pandey,no,2013,Saare Jahaan Se Mehnga,0.84,no,Anshul Sharma
Disha Patani,no,2016,M.S. Dhoni: The Untold Story,215.48,no,Neeraj Pandey
Disha Patani,no,2018,Baaghi 2,254.33,yes,Ahmed Khan
Disha Patani,no,2019,Bharat,325.58,yes,Ali Abbas Zafar
Disha Patani,no,2020,Malang,81.50,yes,Mohit Suri
Disha Patani,no,2021,Radhe,18.33,yes,Prabhu Deva
Disha Patani,no,2022,Ek Villain Returns,68.64,yes,Mohit Suri
Disha Patani,no,2024,Yodha,52.00,no,Sagar Ambre Pushkar Ojha
Divita Juneja,no,2025,Heer Express,9.42,no,Umesh Shukla
Divvij Kak,no,2005,Saathi: The Companion,,no,Faaiz Anwar
Divya Dutta,no,2001,Kasoor,14.10,no,Vikram Bhatt
Divya Dutta,no,2002,23rd March 1931: Shaheed,14.25,yes,Guddu Dhanoa
Divya Dutta,no,2002,Zindagi Khoobsoorat Hai,,no,Manoj Punj
Divya Dutta,no,2003,Baghban,43.11,yes,Ravi Chopra
Divya Dutta,no,2004,Agnipankh,28.00,no,Sanjeev Puri
Divya Dutta,no,2004,Netaji Subhas Chandra Bose: The Forgotten Hero,1.25,no,Shyam Benegal
Divya Dutta,no,2004,Shaadi Ka Laddoo,,no,Raj Kaushal
Divya Dutta,no,2004,Veer-Zaara,97.64,yes,Yash Chopra
Divya Dutta,no,2005,Naam Gum Jaayega,3.50,no,Amol Shetge
Divya Dutta,no,2005,Silsiilay,,no,Khalid Mohamed
Divya Dutta,no,2006,Umrao Jaan,19.52,yes,J. P. Dutta
Divya Dutta,no,2007,Apne,69.28,yes,Anil Sharma
Divya Dutta,no,2008,"Oh, My God",,no,Saurabh Shrivastava
Divya Dutta,no,2008,The Last Lear,,no,Rituparno Ghosh
Divya Dutta,no,2008,U Me Aur Hum,40.02,yes,Ajay Devgn
Divya Dutta,no,2009,Delhi-6,52.17,yes,Rakeysh Omprakash Mehra
Divya Dutta,no,2009,Love Khichdi,,no,Srinivas Bhashyam
Divya Dutta,no,2010,Maalik Ek,,no,Deepak Balraj Vij
Divya Dutta,no,2010,Sukhmani: Hope for Life,,no,Manjeet Mann
Divya Dutta,no,2011,Chargesheet,0.06,no,Dev Anand
Divya Dutta,no,2011,Masti Express,,no,Vikram Pradhan
Divya Dutta,no,2011,Monica,,no,Sushen Bhatnagar
Divya Dutta,no,2011,Mummy Punjabi,,no,Pammi Somal
Divya Dutta,no,2011,My Friend Pinto,1.80,yes,Raghav Dar
Divya Dutta,no,2011,Stanley Ka Dabba,7.63,no,Amole Gupte
Divya Dutta,no,2012,Dangerous Ishq,8.69,yes,Vikram Bhatt
Divya Dutta,no,2012,Heroine,,yes,Madhur Bhandarkar
Divya Dutta,no,2013,Bhaag Milkha Bhaag,200.00,yes,Rakeysh Omprakash Mehra
Divya Dutta,no,2013,Boyss Toh Boyss Hain,,no,Amit Vats
Divya Dutta,no,2013,Gippi,,no,Sonam Nair
Divya Dutta,no,2014,Manjunath,30.00,no,Sandeep A. Varma
Divya Dutta,no,2014,Ragini MMS 2,63.29,no,Bhushan Patel
Divya Dutta,no,2015,Badlapur,103.00,yes,Sriram Raghavan
Divya Dutta,no,2016,Chalk n Duster,,yes,Jayant Gilatar
Divya Dutta,no,2016,Traffic,11.65,no,Rajesh Pillai
Divya Dutta,no,2017,Babumoshai Bandookbaaz,12.60,no,Kushan Nandy
Divya Dutta,no,2017,Irada,1.10,no,Aparnaa Singh
Divya Dutta,no,2018,Blackmail,28.81,no,Abhinay Deo
Divya Dutta,no,2018,Fanney Khan,16.55,no,Atul Manjrekar
Divya Dutta,no,2019,Jhalki,,no,Brahmanand S. Siingh
Divya Dutta,no,2019,Music Teacher,,no,Sarthak Dasgupta
Divya Dutta,no,2020,Gul Makai,,no,H.E. Amjad khan
Divya Dutta,no,2020,Ram Singh Charlie,,no,Nitin Kakkar
Divya Dutta,no,2022,Dhaakad,3.77,no,Razy Ghai
Divya Dutta,no,2022,Nazar Andaaz,,no,Vikrant Deshmukh
Divya Dutta,no,2023,Aankh Micholi,1.50,no,Umesh Shukla
Divya Dutta,no,2024,Sharmajee Ki Beti,,no,Tahira Kashyap Khurana
Divya Dwivedi,no,2011,Chitkabrey – Shades of Grey,,no,Suneet Arora
Divya Khosla Kumar,no,2004,Ab Tumhare Hawale Watan Saathiyo,19.16,yes,Anil Sharma
Divya Khosla Kumar,no,2021,Satyameva Jayate 2,17.29,no,Milap Zaveri
Divya Khosla Kumar,no,2023,Yaariyan 2,2.67,yes,Radhika Rao Vinay Sapru
Divya Khosla Kumar,no,2024,Savi,17.81,no,Abhinay Deo
Divya Khosla Kumar,no,2025,Ek Chatur Naar,3.20,no,Umesh Shukla
Divya Khosla Kumar,no,2025,Jatadhara,,yes,Venkat Kalyan Abhishek Jaiswal
Divya Menon,no,2015,Detective Byomkesh Bakshy!,46.80,no,Dibakar Banerjee
Divya Menon,no,2017,Mona Darling,,no,Shashi Sudigala
Divya Palat,no,2004,Dil Bechara Pyaar Ka Maara,,no,Omkarnath Mishra
Divya Seth,no,2017,Patel Ki Punjabi Shaadi,,yes,Sanjay Chhel
Divya Singh,no,2016,Ishq Junoon,,no,Sanjay Sharma
Divyansh Dwivedi,no,2024,Tikdam,,no,Vivek Anchalia
Divyendu Sharma,no,2011,Pyaar Ka Punchnama,17.50,no,Luv Ranjan
Divyendu Sharma,no,2013,Chashme Baddoor,50.00,no,David Dhawan
Divyendu Sharma,no,2014,Ekkees Toppon Ki Salaami,1.58,no,Ravindra Gautam
Divyendu Sharma,no,2015,Dilliwali Zaalim Girlfriend,,no,Japinder Kaur
Divyendu Sharma,no,2017,Toilet: Ek Prem Katha,311.50,no,Shree Narayan Singh
Divyendu Sharma,no,2018,Batti Gul Meter Chalu,56.00,yes,Shree Narayan Singh
Divyendu Sharma,no,2019,Badnaam Gali,,no,Ashwin Shetty
Divyenndu,no,2019,Kanpuriye,,no,Ashish Aryan
Divyenndu,no,2020,Shukranu,,no,Bishnu Dev Halder
Divyenndu,no,2022,Mere Desh Ki Dharti,,no,Faraz Haider
Divyenndu,no,2022,Odd Couple,,no,Prashant Johari
Divyenndu,no,2022,Thai Massage,,no,Mangesh Hadawale
Divyenndu,no,2024,Agni,,no,Rahul Dholakia
Divyenndu,no,2024,Madgaon Express,57.34,no,Kunal Khemu
Divyenndu,no,2025,Saali Mohabbat,,no,Tisca Chopra
Diya Hayat,no,2008,Wafaa,,no,Rakesh Sawant
Diya Mirza,no,2001,Deewaanapan,10.00,no,Ashu Trikha
Diya Mirza,no,2003,Dum,9.07,yes,Eeshwar Nivas
Diya Mirza,no,2003,Tehzeeb,,yes,Khalid Mohamed
Diya Mirza,no,2004,Kyun! Ho Gaya Na...,16.35,yes,Samir Karnik
Diya Mirza,no,2004,Tumsa Nahin Dekha: A Love Story,5.03,yes,Anurag Basu
Diya Mirza,no,2006,Fight Club: Members Only,8.88,yes,Vikram Chopra
Diya Mirza,no,2007,Dus Kahaniyaan,13.00,yes,"Sanjay Gupta , Apoorva Lakhia , Meghna Gulzar , Rohit Roy , Hansal Mehta , Jasmeet Dhodhi"
Diya Mirza,no,2007,Honeymoon Travels Pvt. Ltd.,19.51,yes,Reema Kagti
Diya Mirza,no,2009,Kisaan,5.76,yes,Puneet Sira
Dolly Ahluwalia,no,2009,Love Aaj Kal,119.52,yes,Imtiaz Ali
Dolly Ahluwalia,no,2013,Bajatey Raho,,no,Shashant Shah
Dolly Ahluwalia,no,2018,Khajoor Pe Atke,,no,Harsh Chhaya
Dolly Ahluwalia,no,2020,Axone,,no,Nicholas Kharkongor
Dolly Ahluwalia,no,2020,Doordarshan,,no,Gagan Puri
Dolly Ahluwalia,no,2023,Chhatriwali,,no,Tejas Deoskar
Dolly Singh,no,2023,Thank You for Coming,9.64,no,Karan Boolani
Donny Kapoor,no,2011,I Am Singh,,no,Puneet Issar
Dulquer Salmaan,no,2019,The Zoya Factor,6.96,yes,Abhishek Sharma
Dulquer Salmaan,no,2022,Chup: Revenge of the Artist,23.31,yes,R Balki
Dulquer Salman,no,2018,Karwaan,26.42,no,Akarsh Khurana
Durgesh Kumar,no,2025,The Networker,,no,Vikas Kumar Vishwakarma
Durvesh Rameshwaram,no,2025,Shaila,,no,Saki Shah
Dweep Raj Kochhar,no,2012,Akkad Bakkkad Bam Be Bo,,no,Dweep Raj Kochhar
Dwij Yadav,no,2007,Nanhe Jaisalmer,,yes,Samir Karnik
Dwij Yadav,no,2009,Vaada Raha,,yes,Samir Karnik
Eden Shyodhi,no,2015,Yahaan Sabki Lagi Hai,,no,"Satavisha Bose, Cyrus R. khambhata"
Edilsy Vargas,no,2021,99 Songs,,no,Vishwesh Krishnamoorthy
Ehan Bhat,no,2021,99 Songs,,no,Vishwesh Krishnamoorthy
Ehan Bhat,no,2023,Starfish,0.10,no,Akhilesh Jaiswal
Ehan Bhat,no,2024,Dange,,no,Bejoy Nambiar
Ehan Bhat,no,2025,Dil Dosti Aur Dogs,,yes,Viral Shah
Ehsaan Qureshi,no,2007,Journey Bombay to Goa,,no,Raj Pendurkar
Ehsaan Qureshi,no,2015,Mere Genie Uncle,0.02,no,Ashish Bhavsar
Eijaz Khan,no,2002,Maine Dil Tujhko Diya,,yes,Sohail Khan
Eijaz Khan,no,2007,Just Married,,yes,Meghna Gulzar
Eijaz Khan,no,2008,Meerabai Not Out,,no,Chandrakant Kulkarni
Eijaz Khan,no,2014,Lucky Kabootar,,no,Shammi Chhabra
Eisha Singh,no,2022,Middle Class Love,,no,Rantnaa Sinha
Ekavali Khanna,no,2014,Zed Plus,,no,Chandraprakash Dwivedi
Ekavali Khanna,no,2016,Dear Dad,,no,Tanuj Bhramar
Ekavali Khanna,no,2024,Chote Nawab,,no,Kumud Chaudhary
Ekta Sawant,no,2017,Kadvi Hawa,8.70,no,Nila Madhab Panda
Ekta Singh,no,2017,Bachche Kachche Sachche,,no,Ravi Sadasiv
Elahe Hiptoola,no,2004,Hyderabad Blues 2,,no,Nagesh Kukunoor
Elena Kazan,no,2013,Prague,,no,Ashish R Shukla
Elena Kazan,no,2017,The Final Exit,,yes,Dhwanil Mehta
Elena Kazan,no,2019,Battalion 609,0.01,no,Brijesh Batuknath Tripathi
Elli AvrRam,no,2017,Poster Boys,30.00,yes,Shreyas Talpade
Elli AvrRam,no,2020,Malang,81.50,yes,Mohit Suri
Elli AvrRam,no,2023,Ganapath,13.38,yes,Vikas Bahl
Elli Avram,no,2013,Mickey Virus,,no,Saurabh Varma
Elli Avram,no,2015,Kis Kisko Pyaar Karoon,71.60,no,Abbas–Mustan
Ellora Patnaik,no,2000,Tapish,,no,Jay Prakash
Elnaaz Norouzi,no,2021,Hello Charlie,,yes,Pankaj Saraswat
Elnaaz Norouzi,no,2025,Mastiii 4,15.14,yes,Milap Zaveri
Elvis Chaturvedi,no,2019,Gunwali Dulhaniya,,no,Shantanu Anant Tambe
Emraan Hashmi,yes,2003,Footpath,6.43,yes,Vikram Bhatt
Emraan Hashmi,yes,2004,Murder,25.00,yes,Anurag Basu
Emraan Hashmi,yes,2004,Tumsa Nahin Dekha: A Love Story,5.03,yes,Anurag Basu
Emraan Hashmi,yes,2005,Aashiq Banaya Aapne,9.30,yes,Aditya Datt
Emraan Hashmi,yes,2005,Chocolate,,yes,Vivek Agnihotri
Emraan Hashmi,yes,2005,Kalyug,,yes,Mohit Suri
Emraan Hashmi,yes,2005,Zeher,13.00,yes,Mohit Suri
Emraan Hashmi,yes,2006,Aksar,,yes,Anant Mahadevan
Emraan Hashmi,yes,2006,Dil Diya Hai,3.25,yes,Aaditya Datt
Emraan Hashmi,yes,2006,Gangster: A Love Story,17.93,yes,Anurag Basu
Emraan Hashmi,yes,2006,Jawani Diwani: A Youthful Joyride,,yes,Manish Sharma
Emraan Hashmi,yes,2006,The Killer,6.50,yes,Hasnain Hyderabadwala
Emraan Hashmi,yes,2007,Awarapan,,yes,Mohit Suri
Emraan Hashmi,yes,2007,"Good Boy, Bad Boy",,yes,Ashwini Chaudhary
Emraan Hashmi,yes,2007,The Train,,yes,"Hasnain Hyderabadwala, Raksha Mistry"
Emraan Hashmi,yes,2008,Jannat,41.50,yes,Kunal Deshmukh
Emraan Hashmi,yes,2009,Raaz: The Mystery Continues,38.09,yes,Mohit Suri
Emraan Hashmi,yes,2009,Tum Mile,13.40,yes,Kunal Deshmukh
Emraan Hashmi,yes,2010,Crook,12.40,yes,Mohit Suri
Emraan Hashmi,yes,2010,Once Upon a Time in Mumbaai,96.44,yes,Milan Luthria
Emraan Hashmi,yes,2011,Dil Toh Baccha Hai Ji,28.91,yes,Madhur Bhandarkar
Emraan Hashmi,yes,2011,Murder 2,105.00,yes,Mohit Suri
Emraan Hashmi,yes,2011,The Dirty Picture,130.00,yes,Milan Luthria
Emraan Hashmi,yes,2012,Jannat 2,63.09,yes,Kunal Deshmukh
Emraan Hashmi,yes,2012,Raaz 3: The Third Dimension,101.10,yes,Vikram Bhatt
Emraan Hashmi,yes,2012,Rush,4.60,yes,"Shamin Desai, Priyanka Desai"
Emraan Hashmi,yes,2012,Shanghai,34.90,yes,Dibakar Banerjee
Emraan Hashmi,yes,2013,Ek Thi Daayan,40.25,yes,Kannan Iyer
Emraan Hashmi,yes,2013,Ghanchakkar,38.00,yes,Rajkumar Gupta
Emraan Hashmi,yes,2014,Raja Natwarlal,26.80,yes,Kunal Deshmukh
Emraan Hashmi,yes,2014,Ungli,50.00,yes,Rensil D'Silva
Emraan Hashmi,yes,2015,Hamari Adhuri Kahani,58.00,yes,Mohit Suri
Emraan Hashmi,yes,2015,Mr. X,90.00,yes,Vikram Bhatt
Emraan Hashmi,yes,2016,Azhar,56.69,yes,Tony D'Souza
Emraan Hashmi,yes,2016,Raaz: Reboot,42.07,yes,Vikram Bhatt
Emraan Hashmi,yes,2017,Baadshaho,123.50,yes,Milan Luthria
Emraan Hashmi,yes,2018,Tigers,,yes,Danis Tanović
Emraan Hashmi,yes,2019,The Body,3.47,yes,Jeethu Joseph
Emraan Hashmi,yes,2019,Why Cheat India,,yes,Soumik Sen
Emraan Hashmi,yes,2021,Chehre,8.26,yes,Rumi Jafry
Emraan Hashmi,yes,2021,Dybbuk,,yes,Jay K
Emraan Hashmi,yes,2021,Mumbai Saga,22.29,yes,Sanjay Gupta
Emraan Hashmi,yes,2023,Selfiee,23.63,yes,Raj Mehta
Emraan Hashmi,yes,2023,Tiger 3,466.63,yes,Maneesh Sharma
Emraan Hashmi,yes,2025,Ground Zero,,yes,Tejas Prabha Vijay Deoskar
Emraan Hashmi,yes,2025,Haq,28.68,yes,Suparn Verma
Erica Fernandes,no,2014,Babloo Happy Hai,,no,Nila Madhab Panda
Erika Kaar,no,2016,Shivaay,124.15,no,Ajay Devgn
Esha Deol,yes,2002,Koi Mere Dil Se Poochhe,,yes,Boney Kapoor
Esha Deol,yes,2002,Kyaa Dil Ne Kahaa,,yes,Sanjay Chhel
Esha Deol,yes,2002,Na Tum Jaano Na Hum,19.29,yes,Arjun Sablok
Esha Deol,yes,2003,Chura Liyaa Hai Tumne,5.10,yes,Sangeeth Sivan
Esha Deol,yes,2003,Kucch To Hai,11.00,yes,Anurag Basu
Esha Deol,yes,2003,LOC: Kargil,31.67,yes,J. P. Dutta
Esha Deol,yes,2004,Dhoom,72.47,yes,Sanjay Gadhvi
Esha Deol,yes,2004,Yuva,24.48,yes,Mani Ratnam
Esha Deol,yes,2005,Dus,38.84,yes,Anubhav Sinha
Esha Deol,yes,2005,Insan,10.41,yes,K. Subash
Esha Deol,yes,2005,Kaal,28.50,yes,Soham Shah
Esha Deol,yes,2005,Main Aisa Hi Hoon,6.58,yes,Harry Baweja
Esha Deol,yes,2005,No Entry,95.14,yes,Anees Bazmee
Esha Deol,yes,2005,Shaadi No. 1,20.49,yes,David Dhawan
Esha Deol,yes,2006,Ankahee,,yes,Vikram Bhatt
Esha Deol,yes,2006,Pyare Mohan,,yes,Indra Kumar
Esha Deol,yes,2007,Cash,29.30,yes,Anubhav Sinha
Esha Deol,yes,2007,Darling,4.75,yes,Ram Gopal Verma
Esha Deol,yes,2007,Just Married,,yes,Meghna Gulzar
Esha Deol,yes,2008,Hijack,,yes,Kunal Shivdasani
Esha Deol,yes,2008,One Two Three,27.00,yes,Ashwni Dhir
Esha Deol,yes,2008,Sunday,,yes,Rohit Shetty
Esha Deol,yes,2011,Tell Me O Kkhuda,,yes,Hema Malini
Esha Deol,yes,2025,Tumko Meri Kasam,,yes,Vikram Bhatt
Esha Gupta,no,2012,Chakravyuh,25.70,yes,Prakash Jha
Esha Gupta,no,2012,Jannat 2,63.09,yes,Kunal Deshmukh
Esha Gupta,no,2012,Raaz 3: The Third Dimension,101.10,yes,Vikram Bhatt
Esha Gupta,no,2014,Humshakals,105.28,yes,Sajid Khan
Esha Gupta,no,2016,Rustom,216.35,no,Tinu Suresh Desai
Esha Gupta,no,2017,Baadshaho,123.50,yes,Milan Luthria
Esha Gupta,no,2017,Commando 2,39.04,no,Deven Bhojani
Esha Gupta,no,2018,Paltan,10.22,yes,J. P. Dutta
Esha Gupta,no,2019,One Day: Justice Delivered,4.68,no,Ashok Nanda
Esha Gupta,no,2019,Total Dhamaal,228.27,no,Indra Kumar
Eshu Gambhir,no,2014,Room – The Mystery,,no,Faizal Khan
Eva Ameet Pardeshi,no,2020,Ghost Stories,,yes,Karan Johar Dibakar Banerjee Zoya Akhtar Anurag Kashyap
Eva Grover,no,2010,My Friend Ganesha 3,1.59,no,Rajiv S. Ruia
Evelyn Sharma,no,2012,From Sydney with Love,,no,Prateek Chakraborty
Evelyn Sharma,no,2013,Issaq,5.37,yes,Manish Tiwary
Evelyn Sharma,no,2013,Nautanki Saala,22.30,yes,Rohan Sippy
Evelyn Sharma,no,2013,Rangrezz,6.37,yes,Priyadarshan
Evelyn Sharma,no,2013,Yeh Jawaani Hai Deewani,319.01,yes,Ayan Mukerji
Evelyn Sharma,no,2014,Main Tera Hero,78.00,yes,David Dhawan
Evelyn Sharma,no,2015,Ishqedarriyaan,,yes,V. K. Prakash
Evelyn Sharma,no,2015,Kuch Kuch Locha Hai,3.26,no,Devang Dholakia
Evelyn Sharma,no,2017,Jab Harry Met Sejal,153.43,no,Imtiaz Ali
Evelyn Sharma,no,2018,Bhaiaji Superhit,,yes,Neerraj Pathak
Evelyn Sharma,no,2019,Kissebaaz,,no,Annant Jaaitpaal
Faezeh Jalali,no,2015,Qissa,,no,Anup Singh
Fagun Thakrar,no,2014,Bhopal: A Prayer for Rain,,no,Ravi Kumar
Faisal Khan,yes,2000,Mela,25.00,yes,Dharmesh Darshan
Faisal Khan,yes,2003,Basti,,yes,Basharat Khan
Faisal Khan,yes,2004,Chand Bujh Gaya,0.15,yes,Sharique Minhaj
Faisal Khan,yes,2015,Chinar Daastaan-E-Ishq,,yes,Sharique Minhaj
Faisal Khan,yes,2021,Faactory,,yes,Faisal Khan
Faisal Malik,no,2023,Mast Mein Rehne Ka,,no,Vijay Maurya
Faisal Malik,no,2024,Jo Tera Hai Woh Mera Hai,,no,Raj Trivedi
Faisal Malik,no,2024,Pad Gaye Pange,,no,Santosh Kumar
Faith,no,2012,Qasam Se Qasam Se,,no,Azim Rizvi
Faiz Mohammad,no,2014,Yeh Hai Bakrapur,,no,Janaki Vishwanathan
Faiz Mohammed Khan,no,2023,Dvand: The Internal Conflict,,no,Ishtiyak Khan
Falaq Naaz,no,2024,Chote Nawab,,no,Kumud Chaudhary
Farah Karimi,no,2016,Teraa Surroor,20.21,no,Shawn Arranha
Farah Khan,no,2012,Shirin Farhad Ki Toh Nikal Padi,9.48,no,Bela Sehgal
Fardeen Khan,yes,2000,Jungle,14.34,yes,Ram Gopal Verma
Fardeen Khan,yes,2001,Hum Ho Gaye Aapke,,yes,Agathiyan
Fardeen Khan,yes,2001,Love Ke Liye Kuchh Bhi Karega,10.33,yes,E. Niwas
Fardeen Khan,yes,2001,Pyaar Tune Kya Kiya,11.79,yes,Rajat Mukherjee
Fardeen Khan,yes,2002,Kitne Door Kitne Paas,,yes,Mehul Kumar
Fardeen Khan,yes,2002,Kuch Tum Kaho Kuch Hum Kahein,,yes,K. Ravi Shankar
Fardeen Khan,yes,2002,Om Jai Jagadish,14.00,yes,Anupam Kher
Fardeen Khan,yes,2003,Bhoot,23.90,yes,Ram Gopal Varma
Fardeen Khan,yes,2003,Janasheen,15.87,yes,Feroz Khan
Fardeen Khan,yes,2003,Khushi,,yes,S. J. Suryah
Fardeen Khan,yes,2004,Dev,,yes,Govind Nihalani
Fardeen Khan,yes,2004,Fida,16.90,yes,Ken Ghosh
Fardeen Khan,yes,2005,Ek Khiladi Ek Haseena,7.88,yes,Suparn Verma
Fardeen Khan,yes,2005,No Entry,95.14,yes,Anees Bazmee
Fardeen Khan,yes,2005,Shaadi No. 1,20.49,yes,David Dhawan
Fardeen Khan,yes,2006,Aryan,,yes,Abhishek Kapoor
Fardeen Khan,yes,2006,Pyare Mohan,,yes,Indra Kumar
Fardeen Khan,yes,2007,Darling,4.75,yes,Ram Gopal Verma
Fardeen Khan,yes,2007,Heyy Babyy,84.00,yes,Sajid Khan
Fardeen Khan,yes,2007,Just Married,,yes,Meghna Gulzar
Fardeen Khan,yes,2009,Acid Factory,5.20,yes,Suparn Verma
Fardeen Khan,yes,2009,All the Best: Fun Begins,61.00,yes,Rohit Shetty
Fardeen Khan,yes,2009,Jai Veeru,39.00,yes,Puneet Sira
Fardeen Khan,yes,2009,Life Partner,18.00,yes,Rumi Jaffrey
Fardeen Khan,yes,2010,Dulha Mil Gaya,,yes,Muddassar Aziz
Fardeen Khan,yes,2024,Khel Khel Mein,56.78,yes,Mudassar Aziz
Fardeen Khan,yes,2024,Visfot,,yes,Kookie Gulati
Fardeen Khan,yes,2025,Housefull 5,242.80,yes,Tarun Mansukhani
Farhan Akhtar,no,2008,Rock On!!,36.00,no,Abhishek Kapoor
Farhan Akhtar,no,2009,Luck by Chance,29.00,yes,Zoya Akhtar
Farhan Akhtar,no,2010,Karthik Calling Karthik,,no,Vijay Lalwani
Farhan Akhtar,no,2011,Zindagi Na Milegi Dobara,163.00,yes,Zoya Akhtar
Farhan Akhtar,no,2013,Bhaag Milkha Bhaag,200.00,yes,Rakeysh Omprakash Mehra
Farhan Akhtar,no,2014,Shaadi Ke Side Effects,69.60,no,Saket Chaudhary
Farhan Akhtar,no,2015,Dil Dhadakne Do,145.00,no,Zoya Akhtar
Farhan Akhtar,no,2016,Rock On 2,15.70,no,Sujaat Saudagar
Farhan Akhtar,no,2016,Wazir,78.69,no,Bejoy Nambiar
Farhan Akhtar,no,2017,Lucknow Central,16.95,no,Ranjit Tiwari
Farhan Akhtar,no,2019,The Fakir of Venice,0.20,no,Anand Surapur
Farhan Akhtar,no,2019,The Sky Is Pink,34.41,no,Shonali Bose
Farhan Akhtar,no,2021,Toofaan,,no,Rakeysh Omprakash Mehra
Farhan Akhtar,no,2025,120 Bahadur,20.00,no,Razneesh ‘Razy’ Ghai
Farhan Khan,no,2001,Paagalpan,,no,Aruna Irani
Farid Amiri,no,2005,Mazaa Mazaa,,no,T. L. V. Prasad
Farid Currim,no,2014,A Decent Arrangement,,no,Sarovar Banka
Farida Jalal,no,2000,Kya Kehna,2.17,yes,Kundan Shah
Farida Jalal,no,2002,Kuch Tum Kaho Kuch Hum Kahein,,yes,K. Ravi Shankar
Farida Jalal,no,2003,Aapko Pehle Bhi Kahin Dekha Hai,,no,Anubhav Sinha
Farida Jalal,no,2003,Fun2shh... Dudes in the 10th Century,4.41,no,Imtiaz Punjabi
Farida Jalal,no,2006,Aryan,,yes,Abhishek Kapoor
Farida Jalal,no,2010,Khuda Kasam,,yes,K C Bokadia
Farida Jalal,no,2011,Chala Mussaddi... Office Office,1.40,no,Rajiv Mehra
Farida Jalal,no,2017,Main Terrorist Nahi Hoon,,no,Arjin Uppal
Farida Jalal,no,2025,The Great Shamsuddin Family,,no,Anusha Rizvi
Farnaz Shetty,no,2019,Battalion 609,0.01,no,Brijesh Batuknath Tripathi
Farooq Shaikh,no,2014,Children of War,,no,Mrityunjay Devvrat
Farooq Shaikh,no,2014,Youngistaan,9.45,yes,Syed Ahmad Afzal
Farooq Sheikh,no,2008,Saas Bahu Aur Sensex,,no,Shona Urvashi
Farooq Sheikh,no,2009,Accident on Hill Road,,no,Mahesh Nair
Farooq Sheikh,no,2010,Lahore,,no,Sanjay Puran Singh Chauhan
Farooq Sheikh,no,2013,Listen... Amaya,,no,Avinash Kumar Singh
Farrukh Jaffar,no,2020,Gulabo Sitabo,,no,Shoojit Sircar
Farrukh Seyer,no,2020,Ram Singh Charlie,,no,Nitin Kakkar
Faruk Kabir,no,2010,Allah Ke Banday,,no,Faruk Kabir
Faruque,no,2020,Pagleaazam,,no,"Vikas P Kavvthekaar, Aps Raghuvanshi"
Fatima Sana Shaikh,no,2008,Tahaan,,no,Santosh Sivan
Fatima Sana Shaikh,no,2016,Dangal,2160.00,yes,Nitesh Tiwari
Fatima Sana Shaikh,no,2018,Thugs of Hindostan,335.00,yes,Vijay Krishna Acharya
Fatima Sana Shaikh,no,2020,Ludo,,yes,Anurag Basu
Fatima Sana Shaikh,no,2020,Suraj Pe Mangal Bhari,4.32,no,Abhishek Sharma
Fatima Sana Shaikh,no,2021,Ajeeb Daastaans,,no,Shashank Khaitan Raj Mehta Neeraj Ghaywan Kayoze Irani
Fatima Sana Shaikh,no,2022,Thar,,yes,Raj Singh Chaudhary
Fatima Sana Shaikh,no,2023,Dhak Dhak,,no,Tarun Dudeja
Fatima Sana Shaikh,no,2023,Sam Bahadur,128.17,yes,Meghna Gulzar
Fatima Sana Shaikh,no,2025,Aap Jaisa Koi,,no,Vivek Soni
Fatima Sana Shaikh,no,2025,Gustaakh Ishq,2.29,no,Vibhu Puri
Fatima Sana Shaikh,no,2025,Metro... In Dino,79.00,yes,Anurag Basu
Fawad Khan,no,2014,Khoobsurat,79.43,yes,Shashanka Ghosh
Fawad Khan,no,2016,Kapoor & Sons,143.29,yes,Shakun Batra
Fawad Khan,no,2025,Aabeer Gulaal,,no,Aarti S. Bagdi
Fazlur Rahman Babu,no,2023,Mujib: The Making of a Nation,,no,Shyam Benegal
Ferena Wazeir,no,2010,Sadiyaan,,yes,Raj Kanwar
Ferena Wazeir,no,2016,Airlift,209.97,no,Raja Krishna Menon
Feroz Khan,no,2003,Janasheen,15.87,yes,Feroz Khan
Feroz Khan,no,2005,Ek Khiladi Ek Haseena,7.88,yes,Suparn Verma
Feroz Khan,no,2007,Welcome,122.00,no,Anees Bazmee
Firoz Irani,no,2002,Humraaz,29.71,yes,Abbas–Mustan
Flora Saini,no,2015,MSG: The Messenger,17.70,no,"Gurmeet Ram Rahim Singh , Jeetu Arora"
Flora Saini,no,2020,Bahut Hua Samman,,no,Ashish R Shukla
Flora Saini,no,2020,Darbaan,,no,Bipin Nadkarni
Flora Saini,no,2021,12 'O' Clock,,no,Ram Gopal Varma
Freddy Daruwala,no,2018,Race 3,303.00,yes,Remo D'Souza
Freida Pinto,no,2018,Love Sonia,,no,Tabrez Noorani
Gabriela Bertante,no,2013,Asab Bosana Mera Story Hai,,no,"Shoresa Khan, Herisa Sharma"
Gabriela Bertante,no,2014,Balwinder Singh Famous Ho Gaya,,no,Sunil Agnihotri
Gagan Dev Riar,no,2025,Costao,,no,Sejal Shah
Gagan Pradeep,no,2025,The Rabbit House,,no,Vaibhav Kulkarni
Gajendra Chouhan,no,2000,Tapish,,no,Jay Prakash
Gajraj Rao,no,2000,Dil Pe Mat Le Yaar,,no,Hansal Mehta
Gajraj Rao,no,2005,Hazaaron Khwaishein Aisi,,no,Sudhir Mishra
Gajraj Rao,no,2008,Aamir,,no,Rajkumar Gupta
Gajraj Rao,no,2018,Badhaai Ho,221.44,no,Amit Ravindernath Sharma
Gajraj Rao,no,2019,Made in China,12.81,no,Mikhil Musale
Gajraj Rao,no,2020,Lootcase,,no,Rajesh Krishnan
Gajraj Rao,no,2020,Shubh Mangal Zyada Saavdhan,87.00,no,Hitesh Kewalya
Gajraj Rao,no,2022,Maja Ma,,no,Anand Tiwari
Gajraj Rao,no,2022,Thai Massage,,no,Mangesh Hadawale
Gajraj Rao,no,2023,Satyaprem Ki Katha,117.77,no,Sameer Vidwans
Gajraj Rao,no,2023,Trial Period,,no,Aleya Sen
Gajraj Rao,no,2024,Maidaan,68.09,no,Amit Sharma
Gajraj Rao,no,2024,Yudhra,11.31,no,Ravi Udyawar
Gajraj Rao,no,2025,Jolly LLB 3,166.06,no,Subhash Kapoor
Gamya Wijayadasa,no,2012,Aalaap,,no,Manish Manikpuri
Gandharv Dewan,no,2025,Logout,,yes,Amit Golani
Ganesh Acharya,no,2013,ABCD: Any Body Can Dance,,no,Remo D'Souza
Ganesh Acharya,no,2014,Anuradha,,no,Raju Mavani
Ganesh Acharya,no,2015,Hey Bro,,no,Ajay Chandhok
Ganesh Acharya,no,2022,Dehati Disco,,no,Manoj Sharma
Ganesh Acharya,no,2025,Pintu Ki Pappi,,no,Shiv Hare
Ganesh Venkatraman,no,2020,Guns of Banaras,,no,Sekhar Suri
Ganesh Yadav,no,2014,Dekh Tamasha Dekh,,no,Feroz Abbas Khan
Garima Insan,no,2016,MSG: The Warrior Lion Heart,,no,"Gurmeet Ram Rahim Singh , Honeypreet Insan"
Garima Yagnik,no,2021,Silence... Can You Hear It?,,no,Aban Bharucha Deohans
Garry Gill,no,2011,Na Jaane Kabse Hum Hi,,no,Pammi Somal
Gashmeer Mahajani,no,2010,Muskurake Dekh Zara,,no,Som Shekar
Gashmeer Mahajani,no,2016,Dongri Ka Raja,,no,Hadi Ali Abrar
Gashmeer Mahajani,no,2025,Chhorii 2,,yes,Vishal Furia
Gauahar Khan,no,2009,Rocket Singh: Salesman of the Year,23.65,yes,Shimit Amin
Gauahar Khan,no,2012,Ishaqzaade,,yes,Habib Faisal
Gauahar Khan,no,2016,Fever,,no,Rajeev Jhaveri
Gauahar Khan,no,2017,Begum Jaan,30.60,no,Srijit Mukherji
Gaurav Arora,no,2016,Love Games,4.04,no,Vikram Bhatt
Gaurav Arora,no,2016,Raaz: Reboot,42.07,yes,Vikram Bhatt
Gaurav Chanana,no,2006,Zinda,17.60,yes,Sanjay Gupta
Gaurav Chanana,no,2010,Kajraare,,no,Pooja Bhatt
Gaurav Dixit,no,2014,Dee Saturday Night,,no,Jay Prakash
Gaurav Gera,no,2005,Neal 'n' Nikki,10.43,yes,Arjun Sablok
Gaurav Gera,no,2007,MP3: Mera Pehla Pehla Pyaar,,no,Robbie Grewal
Gaurav Gera,no,2008,"Oh, My God",,no,Saurabh Shrivastava
Gaurav Gera,no,2008,Woodstock Villa,20.00,yes,Hansal Mehta
Gaurav Gera,no,2015,MSG: The Messenger,17.70,no,"Gurmeet Ram Rahim Singh , Jeetu Arora"
Gaurav Kapoor,no,2011,Chala Mussaddi... Office Office,1.40,no,Rajiv Mehra
Gaurav Kapur,no,2008,Ugly Aur Pagli,,no,Sachin Khot
Gaurav Kothari,no,2014,6 – 5 = 2,,no,Bharat Jain
Gaurav More,no,2025,Sangee,,no,Sumit Kulkarni
Gaurav Nanda,no,2017,Shab,32.00,no,Onir
Gaurav Pandey,no,2016,Darling Don't Cheat,,no,Rajkumar Hindusthani
Gaurav Pandey,no,2022,Saroj Ka Rishta,,no,Abhishek Saxena
Gaurav Pandey,no,2023,Tumse Na Ho Payega,,no,Abhishek Sinha
Gaurav Paswala,no,2025,Well Done CA Sahab!,,no,Sarvesh Kumar Singh
Gaurav Sareen,no,2024,Dashmi,,no,Shantanu Anant Tambe
Gaurav Shankar,no,2024,Bajrang Aur Ali,,no,Jaiveer
Gauri Karnik,no,2002,Sur: The Melody of Life,,no,Tanuja Chandra
Gauri Karnik,no,2004,Stop!,,no,Ajai Sinha
Gautam Gulati,no,2016,Azhar,56.69,yes,Tony D'Souza
Gautam Gulati,no,2020,Virgin Bhanupriya,,no,Ajay Lohan
Gautam Gupta,no,2007,Go,,no,Manish Shrivastava
Gautam Rode,no,2005,"U, Bomsi n Me",,no,Jairaj Padmanabhan
Gautam Rode,no,2009,Agyaat,,no,Ram Gopal Varma
Gautam Rode,no,2017,Aksar 2,7.18,no,Ananth Narayan Mahadevan
Gautam Rode,no,2021,State of Siege: Temple Attack,,yes,Ken Ghosh
Gautam Rode,no,2025,Akshardham: Operation Vajra Shakti,,yes,Ken Ghosh
Gautam Sarkar,no,2020,Chippa,,no,Safdar Rehman
Gautam Vij,no,2023,Hukus Bukus,,no,Vinay Bharadwaj Saumitra Singh
Gautami Kapoor,no,2014,Shaadi Ke Side Effects,69.60,no,Saket Chaudhary
Gavie Chahal,no,2014,Neighbours,,no,Shyam Ramsay
Gavie Chahal,no,2019,Yeh Hai India,,no,Lomharsh
Gavie Chahal,no,2020,Torbaaz,,yes,Girish Malik
Gayatri,no,2002,Ghaav: The Wound,,yes,Kumar Jay
Gayatri Joshi,no,2004,Swades,40.20,no,Ashutosh Gowarikar
Gayatri Patel,no,2009,Let's Dance,,no,Aarif Sheikh
Geeta Agrawal,no,2024,All India Rank,0.35,no,Varun Grover
Geeta Agrawal Sharma,no,2025,Ghich Pich,,no,Ankur Singla
Geeta Basra,no,2006,Dil Diya Hai,3.25,yes,Aaditya Datt
Geeta Basra,no,2007,The Train,,yes,"Hasnain Hyderabadwala, Raksha Mistry"
Geetanjali Kulkarni,no,2015,Court,,no,Chaitanya Tamhane
Geetanjali Thapa,no,2017,Trapped,3.53,no,Vikramaditya Motwane
Geetanjali Thapa,no,2018,Bioscopewala,,no,Deb Medhekar
Geetanjali Thapa,no,2018,Kuchh Bheege Alfaaz,,no,Onir
Geetanjali Thapa,no,2018,Tigers,,yes,Danis Tanović
Geetika Tyagi,no,2019,22 Yards,,no,Mitali Ghoshal
Geetika Vidhya Olyan,no,2019,Soni,,no,Ivan Ayr
Gehana Vasisth,no,2021,Sakshi,,no,Ajay Ram
Gemma Atkinson,no,2016,Fever,,no,Rajeev Jhaveri
Genelia D'Souza,no,2003,Tujhe Meri Kasam,14.36,no,K. Vijaya Bhaskar
Genelia D'Souza,no,2008,Jaane Tu... Ya Jaane Na,84.00,yes,Abbas Tyrewala
Genelia D'Souza,no,2008,Mere Baap Pehle Aap,36.00,yes,Priyadarshan
Genelia D'Souza,no,2009,Life Partner,18.00,yes,Rumi Jaffrey
Genelia D'Souza,no,2010,Chance Pe Dance,16.30,yes,Ken Ghosh
Genelia D'Souza,no,2011,Force,40.00,yes,Nishikant Kamat
Genelia D'Souza,no,2012,Tere Naal Love Ho Gaya,32.61,no,Mandeep Kumar
Genelia D'Souza,no,2020,It's My Life,,no,Anees Bazmee
Genelia D'souza,no,2004,Masti,34.14,yes,Indra Kumar
Genelia Deshmukh,no,2014,Jai Ho,186.00,yes,Sohail Khan
Genelia Deshmukh,no,2022,Mister Mummy,,no,Shaad Ali
Genelia Deshmukh,no,2023,Trial Period,,no,Aleya Sen
Genelia Deshmukh,no,2025,Sitaare Zameen Par,266.49,yes,R. S. Prasanna
Giaa Manek,no,2024,Kaam Chalu Hai,,no,Palash Muchhal
Gihana Khan,no,2013,Mumbai Mirror,,no,Ankush Bhatt
Gillian Anderson,no,2017,Partition: 1947,,no,Gurinder Chadha
Gippy Grewal,no,2015,Second Hand Husband,,no,Smeep Kang
Gippy Grewal,no,2017,Lucknow Central,16.95,no,Ranjit Tiwari
Gireesh Sahdev,no,2019,72 Hours: Martyr Who Never Died,,no,Avinash Dhyani
Girija Oak,no,2025,Inspector Zende,,no,Chinmay Mandlekar
Girish Karnad,no,2000,Hey Ram,11.30,yes,Kamal Haasan
Girish Karnad,no,2012,Ek Tha Tiger,334.39,yes,Kabir Khan
Girish Karnad,no,2015,Ek Adbhut Dakshina Guru Dakshina,,no,Kiran Phadnis
Girish Kulkarni,no,2014,Ugly,6.24,no,Anurag Kashyap
Girish Kulkarni,no,2025,Interrogation,,no,Ajoy Varma Raja
Girish Kumar,no,2013,Ramaiya Vastavaiya,38.34,no,Prabhudeva
Girish Kumar,no,2016,LoveShhuda,3.02,no,Vaibhav Mishra
Girish Thapar,no,2023,Pyar Ki Policy,,no,Sudhish Kumar Sharma
Giselle Monteiro,no,2009,Love Aaj Kal,119.52,yes,Imtiaz Ali
Giselli Monteiro,no,2011,Always Kabhi Kabhi,,no,Roshan Abbas
Gita Guha,no,2025,Humans in the Loop,,no,Aranya Sahay
Gitanjali Rao,no,2018,October,58.41,yes,Shoojit Sircar
Gizele Thakral,no,2016,Kyaa Kool Hain Hum 3,33.14,no,Umesh Ghadge
Gizele Thakral,no,2016,Mastizaade,36.44,no,Milap Milan Zaveri
Goonj Chand,no,2018,Falooda,,no,Dhiraj Singh
Gopal Datt,no,2025,Well Done CA Sahab!,,no,Sarvesh Kumar Singh
Gopal Dutt,no,2014,Filmistaan,9.99,no,Nitin Kakkar
Gopal K Singh,no,2007,Traffic Signal,8.50,no,Madhur Bhandarkar
Gopal Thakur,no,2013,Ekk Thee Sanam,,no,Monish Kaushal
Gopi Desai,no,2014,Om-Dar-B-Dar,,no,Kamal Swaroop
Gordon Warnecke,no,2023,Goldfish,,no,Pushan Kripalani
Govind Namdeo,no,2009,Ek Se Bure Do,,no,Tarique
Govind Namdeo,no,2010,Khuda Kasam,,yes,K C Bokadia
Govind Namdeo,no,2013,Hai Golmaal In White House,,no,Salar Sheikh
Govind Namdeo,no,2016,Anna,,yes,Shashank Udapurkar
Govind Namdeo,no,2019,Ram Ki Janmabhoomi,,no,Sanoj Mishra
Govind Namdeo,no,2021,Main Mulayam Singh Yadav,,no,Suvendu Raj Ghosh
Govind Namdeo,no,2023,The Purvanchal Files,,no,Swarup Ghosh
Govind Namdev,no,2005,Nigehbaan: The Third Eye,,no,Dilip Shankar
Govind Namdev,no,2007,Shakalaka Boom Boom,,yes,Suneel Darshan
Govind Namdev,no,2011,Khap,,yes,Ajai Sinha
Govind Namdev,no,2012,Jeena Hai Toh Thok Daal,,no,Manish Vatsalya
Govind Namdev,no,2017,JD,,no,Shailendra Pandey
Govind Namdev,no,2018,Dassehra,,no,Manish Vatsalya
Govind Namdev,no,2018,Kaashi in Search of Ganga,0.93,no,Dhiraj Kumar
Govind Namdev,no,2019,Gunwali Dulhaniya,,no,Shantanu Anant Tambe
Govind Namdev,no,2019,Jhalki,,no,Brahmanand S. Siingh
Govind Namdev,no,2019,Main Zaroor Aaunga,,yes,Chandrakant Singh
Govind Namdev,no,2019,Rangeela Raja,0.18,no,Sikander Bharti
Govind Namdev,no,2025,The Bengal Files,16.19,no,Vivek Agnihotri
Govinda,no,2000,Beti No.1,,no,T. Rama Rao
Govinda,no,2000,Hadh Kar Di Aapne,20.00,yes,Manoj Agrawal
Govinda,no,2000,Jis Desh Mein Ganga Rehta Hain,,yes,Mahesh Manjrekar
Govinda,no,2000,Joru Ka Ghulam,13.10,yes,Shakeel Noorani
Govinda,no,2000,Kunwara,19.34,no,David Dhawan
Govinda,no,2000,Shikari,,yes,N. Chandra
Govinda,no,2001,Aamdani Atthanni Kharcha Rupaiya,,no,K. Raghavendra Rao
Govinda,no,2001,Albela,,no,Deepak Sareen
Govinda,no,2001,Dil Ne Phir Yaad Kiya,,no,C. L. Rawal
Govinda,no,2001,Jodi No.1,34.13,yes,David Dhawan
Govinda,no,2001,Kyo Kii Main Jhuth Nahin Bolta,14.34,yes,David Dhawan
Govinda,no,2002,Akhiyon Se Goli Maare,,no,Harmesh Malhotra
Govinda,no,2002,Chalo Ishq Ladaaye,1.70,yes,Aziz Sejawal
Govinda,no,2002,Pyaar Diwana Hota Hai,,yes,Kirti Kumar
Govinda,no,2002,Waah! Tera Kya Kehna,,no,Manoj Agrawal
Govinda,no,2003,Ek Aur Ek Gyarah,21.00,yes,David Dhawan
Govinda,no,2003,Raja Bhaiya,2.58,no,Raman Kumar
Govinda,no,2005,Khullam Khulla Pyaar Karen,,no,Harmesh Malhotra
Govinda,no,2005,Ssukh,,no,Kirti Ahuja
Govinda,no,2006,Bhagam Bhag,67.00,yes,Priyadarshan
Govinda,no,2006,Sandwich,,no,Anees Bazmee
Govinda,no,2007,Jahan Jaaeyega Hamen Paaeyega,,no,Janmendra Ahuja
Govinda,no,2007,Partner,101.00,yes,David Dhawan
Govinda,no,2007,Salaam-e-Ishq: A Tribute to Love,52.24,yes,Nikhil Advani
Govinda,no,2008,Money Hai Toh Honey Hai,,no,Ganesh Acharya
Govinda,no,2009,Chal Chala Chal,,no,T. K. Rajeev Kumar
Govinda,no,2009,Do Knot Disturb,,yes,David Dhawan
Govinda,no,2009,Life Partner,18.00,yes,Rumi Jaffrey
Govinda,no,2009,Wanted,93.23,yes,Prabhu Deva
Govinda,no,2010,Raavan,49.50,yes,Mani Ratnam
Govinda,no,2011,Loot,,yes,Rajneesh Thakur
Govinda,no,2011,Naughty @ 40,,no,Jagmohan Mundhra
Govinda,no,2012,Delhi Safari,,yes,Nikhil Advani
Govinda,no,2013,Deewana Main Deewana,,no,K.C. Bokadia
Govinda,no,2014,Happy Ending,38.00,yes,Raj Nidimoru and Krishna DK
Govinda,no,2014,Holiday: A Soldier Is Never Off Duty,176.42,yes,A.R. Murugadoss
Govinda,no,2014,Kill Dil,52.10,no,Shaad Ali
Govinda,no,2017,Aa Gaya Hero,1.39,no,Dipankar Senapati
Govinda,no,2018,FryDay,1.52,no,Abhishek Dogra
Govinda,no,2019,Rangeela Raja,0.18,no,Sikander Bharti
Gracy Goswami,no,2023,Music School,,no,Papa Rao Biyyala
Gracy Singh,no,2001,Lagaan: Once Upon a Time in India,65.97,yes,Ashutosh Gowariker
Gracy Singh,no,2003,Armaan,14.92,no,Honey Irani
Gracy Singh,no,2003,Gangaajal,16.67,no,Prakash Jha
Gracy Singh,no,2003,Munna Bhai M.B.B.S.,36.29,yes,Rajkumar Hirani
Gracy Singh,no,2004,Muskaan,,no,"Rohit Nayyar , Rohit Manash"
Gracy Singh,no,2004,Shart: The Challenge,,yes,Puri Jagannadh
Gracy Singh,no,2004,Wajahh: A Reason to Kill,,yes,Gautama Adhikari
Gracy Singh,no,2008,Deshdrohi,0.89,no,Jagdish A. Sharma
Gracy Singh,no,2011,Milta Hai Chance By Chance,,no,Ramesh Modi
Guest appearance in song,no,2017,Baadshaho,123.50,yes,Milan Luthria
Gufi Paintal,no,2010,Kaalo,0.30,no,Wilson Louis
Gul Panag,no,2003,Dhoop,,no,Ashwini Chaudhary
Gul Panag,no,2006,Dor,,no,Nagesh Kukunoor
Gul Panag,no,2007,Manorama Six Feet Under,,yes,Navdeep Singh
Gul Panag,no,2008,Hello,17.96,yes,Atul Agnihotri
Gul Panag,no,2008,Summer 2007,,yes,Suhail Tatari
Gul Panag,no,2009,Straight,,no,Parvati Balagopalan
Gul Panag,no,2010,Hello Darling,,no,Manoj Tiwari
Gul Panag,no,2010,Rann,13.70,no,Ram Gopal Varma
Gul Panag,no,2011,Turning 30!!!,,no,Alankrita Shrivastava
Gul Panag,no,2012,Fatso!,,no,Rajat Kapoor
Gul Panag,no,2015,Ab Tak Chhappan 2,6.64,no,Aejaz Gulab
Gul Panag,no,2019,Bypass Road,1.16,no,Naman Nitin Mukesh
Gul Panag,no,2021,420 IPC,,no,Manish Gupta
Gulki Joshi,no,2021,Bekhudi,,no,Amit Kasaria
Gulshan Devaiah,no,2012,Hate Story,16.43,no,Vivek Agnihotri
Gulshan Devaiah,no,2015,Hunterrr,11.20,no,Harshavardhan Kulkarni
Gulshan Devaiah,no,2016,Junooniyat,4.10,no,Vivek Agnihotri
Gulshan Devaiah,no,2017,A Death in the Gunj,1.37,no,Konkona Sen Sharma
Gulshan Devaiah,no,2019,Cabaret,,no,Kaustav Narayan Niyogi
Gulshan Devaiah,no,2019,Commando 3,40.15,no,Aditya Datt
Gulshan Devaiah,no,2019,Mard Ko Dard Nahi Hota,2.03,no,Vasan Bala
Gulshan Devaiah,no,2020,Ghost Stories,,yes,Karan Johar Dibakar Banerjee Zoya Akhtar Anurag Kashyap
Gulshan Devaiah,no,2020,Unpaused,,no,Raj & D.K Nitya Mehra Nikkhil Advani Tannishtha Chatterjee Avinash Arun
Gulshan Devaiah,no,2022,Blurr,,no,Ajay Bahl
Gulshan Devaiah,no,2023,8 A.M. Metro,,no,Raj R
Gulshan Devaiah,no,2024,Ulajh,11.05,yes,Sudhanshu Saria
Gulshan Grover,no,2002,16 December,,no,Mani Shankar
Gulshan Grover,no,2002,Chalo Ishq Ladaaye,1.70,yes,Aziz Sejawal
Gulshan Grover,no,2003,Boom,1.20,no,Kaizad Gustad
Gulshan Grover,no,2003,Dhund,,no,Shyam Ramsay
Gulshan Grover,no,2003,Ek Aur Ek Gyarah,21.00,yes,David Dhawan
Gulshan Grover,no,2003,Fun2shh... Dudes in the 10th Century,4.41,no,Imtiaz Punjabi
Gulshan Grover,no,2003,Jism,13.41,no,Anurag Basu
Gulshan Grover,no,2003,Paap,,no,Pooja Bhatt
Gulshan Grover,no,2004,Dil Maange More,,yes,Anant Mahadevan
Gulshan Grover,no,2004,Paap,,no,Pooja Bhatt
Gulshan Grover,no,2005,Dus,38.84,yes,Anubhav Sinha
Gulshan Grover,no,2005,Ek Khiladi Ek Haseena,7.88,yes,Suparn Verma
Gulshan Grover,no,2005,Padmashree Laloo Prasad Yadav,,no,Mahesh Manjrekar
Gulshan Grover,no,2006,Anthony Kaun Hai?,17.21,yes,Raj Kaushal
Gulshan Grover,no,2006,Darwaaza Bandh Rakho,2.32,no,J. D. Chakravarthy
Gulshan Grover,no,2006,Eight: The Power of Shani,,no,Karan Razdan
Gulshan Grover,no,2006,Gangster: A Love Story,17.93,yes,Anurag Basu
Gulshan Grover,no,2006,Phir Hera Pheri,69.00,no,Neeraj Vora
Gulshan Grover,no,2006,Souten: The Other Woman,,no,Karan Razdan
Gulshan Grover,no,2006,Tathastu,,yes,Anubhav Sinha
Gulshan Grover,no,2007,Dhokha,,no,Pooja Bhatt
Gulshan Grover,no,2007,Fool & Final,27.62,yes,Ahmed Khan
Gulshan Grover,no,2007,My Bollywood Bride,,no,Rajeev Virani
Gulshan Grover,no,2007,Showbiz,,no,Raju Khan
Gulshan Grover,no,2008,Anamika,,no,Anant Mahadevan
Gulshan Grover,no,2008,Dhoom Dadakka,,no,Shashi Ranjan
Gulshan Grover,no,2008,Jumbo,21.00,no,Kompin Kemgumnird
Gulshan Grover,no,2008,Karzzzz,,no,Satish Kaushik
Gulshan Grover,no,2008,Woodstock Villa,20.00,yes,Hansal Mehta
Gulshan Grover,no,2009,Acid Factory,5.20,yes,Suparn Verma
Gulshan Grover,no,2009,Phir Kabhi,,no,V. K. Prakash
Gulshan Grover,no,2009,Victory,1.92,no,Ajit Pal Mangat
Gulshan Grover,no,2009,Zor Lagaa Ke...Haiya!,,no,Girish Girija Joshi
Gulshan Grover,no,2010,Knock Out,6.20,yes,Mani Shankar
Gulshan Grover,no,2010,Mittal v/s Mittal,,no,Karan Razdan
Gulshan Grover,no,2010,Payback,0.25,no,Sachin P. Karande
Gulshan Grover,no,2010,The Hangman,,no,Vishal Bhandari
Gulshan Grover,no,2011,Bin Bulaye Baraati,,no,Chandrakant Singh
Gulshan Grover,no,2011,I Am Kalam,6.00,no,Nila Madhab Panda
Gulshan Grover,no,2013,Baat Bann Gayi,,no,Shuja Ali
Gulshan Grover,no,2013,Sooper Se Ooper,,no,Shekhar Ghosh
Gulshan Grover,no,2014,Honour Killing,,no,Avtar Bhogal
Gulshan Grover,no,2015,I Love Desi,,no,Pankaj Batra
Gulshan Grover,no,2015,Kaun Kitney Paani Mein,0.29,no,Nila Madhab Panda
Gulshan Grover,no,2017,Main Terrorist Nahi Hoon,,no,Arjin Uppal
Gulshan Grover,no,2018,Hate Story IV,26.60,no,Vishal Pandya
Gulshan Grover,no,2021,Cash,,no,Rishab Seth
Gulshan Grover,no,2021,Mumbai Saga,22.29,yes,Sanjay Gupta
Gulshan Grover,no,2021,Sooryavanshi,302.52,no,Rohit Shetty
Gulshan Grover,no,2025,Heer Express,9.42,no,Umesh Shukla
Gulshan Pandey,no,2016,Dhara 302,,no,Jitender Singh Narukal
Gulshan Rana,no,2006,The Real Dream Girls,,no,Suresh Jain
Gulzar Inder Chahal,no,2004,I Proud to Be an Indian,,yes,Puneet Issar
Gulzar Inder Chahal,no,2011,I Am Singh,,no,Puneet Issar
Gunjan Malhotra,no,2015,Badmashiyaan,,no,Amit Khanna
Gunjan Malhotra,no,2016,Airlift,209.97,no,Raja Krishna Menon
Gunjan Vyas,no,2013,Amdavad Junction,,no,Apurv Bajpai
Gurdas Maan,no,2002,Zindagi Khoobsoorat Hai,,no,Manoj Punj
Gurdas Maan,no,2010,Sukhmani: Hope for Life,,no,Manjeet Mann
Gurdeep Singh Mehndi,no,2013,Meri Shadi Karao,,no,Syed Noor
Gurfateh Pirzada,no,2021,Hum Bhi Akele Tum Bhi Akele,,no,Harish Vyas
Gurfateh Singh Pirzada,no,2020,Guilty,,no,Ruchi Narain
Gurleen Chopra,no,2003,Indian Babu,,no,Lawrence D'Souza
Gurleen Chopra,no,2006,Bhagam Bhag,67.00,yes,Priyadarshan
Gurleen Chopra,no,2017,Game Over,,no,Paresh Vinodray Savani
Gurleen Chopra,no,2019,Jai Chhathi Maa,,no,Murari Sinha
Gurleen Choter,no,2015,International Hero,,no,Sanjay Niranjan
Gurmeet Choudhary,no,2015,Khamoshiyan,19.50,no,Karan Dara
Gurmeet Choudhary,no,2016,Wajah Tum Ho,24.40,no,Vishal Pandya
Gurmeet Choudhary,no,2017,Laali Ki Shaadi Mein Laaddoo Deewana,0.81,no,Manish Harishankar
Gurmeet Choudhary,no,2018,Paltan,10.22,yes,J. P. Dutta
Gurmeet Choudhary,no,2021,The Wife,,no,Sarmad Khan
Gurmeet Ram Rahim Singh,no,2015,MSG: The Messenger,17.70,no,"Gurmeet Ram Rahim Singh , Jeetu Arora"
Gurmeet Ram Rahim Singh,no,2016,MSG: The Warrior Lion Heart,,no,"Gurmeet Ram Rahim Singh , Honeypreet Insan"
Gurmeet Ram Rahim Singh,no,2017,Hind Ka Napak Ko Jawab: MSG Lion Heart 2,,no,"Gurmeet Ram Rahim Singh , Honeypreet Insan"
Gurmeet Ram Rahim Singh,no,2017,Jattu Engineer,7.20,no,"Gurmeet Ram Rahim Singh , Honeypreet Insan"
Gurpreet Ghuggi,no,2011,Na Jaane Kabse Hum Hi,,no,Pammi Somal
Gurpreet Saini,no,2023,Tumse Na Ho Payega,,no,Abhishek Sinha
Guru Randhawa,no,2024,Kuch Khattaa Ho Jaay,1.50,no,G. Ashok
Gyan Prakash,no,2023,InCar,,no,Harsh Warrdhan
Haider Khan,no,2016,Dil Toh Deewana Hai,,no,Raja Bundela
Hansika Motwani,no,2004,Aabra Ka Daabra,1.06,no,Dheeraj Kumar
Hansika Motwani,no,2004,Jaago,1.33,yes,Mrhul Kumar
Hansika Motwani,no,2007,Aap Kaa Surroor,19.50,no,Prashant Chadha
Hansika Motwani,no,2008,Money Hai Toh Honey Hai,,no,Ganesh Acharya
Hardik Sanghani,no,2020,Dheet Patangey,,no,Ravi Adhikari
Hardika Sharma,no,2025,Chhorii 2,,yes,Vishal Furia
Hardil Kanaba,no,2016,Shortcut Safari,,no,Amitabha Singh
Harish Bhimani,no,2017,ISIS: Enemies of Humanity,,no,Yuvraj Kumar
Harish Dudhade,no,2025,Inspector Zende,,no,Chinmay Mandlekar
Harish Hariaudh,no,2017,Saankal,,no,Dedipya Joshii
Harish Khanna,no,2018,Tumbbad,15.46,no,Rahi Anil Barve
Harish Khanna,no,2023,12th Fail,69.64,no,Vidhu Vinod Chopra
Harish Khanna,no,2025,Stolen,,no,Karan Tejpal
Harish Patel,no,2013,Paapi - Ek Satya Katha,,yes,Aziz Sejawal
Harleen Sethi,no,2025,Be Happy,,yes,Remo D'Souza
Harman Baweja,no,2008,Love Story 2050,18.47,no,Harry Baweja
Harman Baweja,no,2009,Victory,1.92,no,Ajit Pal Mangat
Harman Baweja,no,2009,What's Your Raashee?,17.00,no,Ashutosh Gowarikar
Harman Baweja,no,2014,Dishkiyaoon,6.88,yes,Sanamjit Talwar
Harman Baweja,no,2016,Chaar Sahibzaade: Rise of Banda Singh Bahadur,,no,Harry Baweja
Harman Baweja,no,2020,It's My Life,,no,Anees Bazmee
Harnaaz Sandhu,no,2025,Baaghi 4,66.39,yes,A. Harsha
Harrdy Sandhu,no,2021,83,193.73,no,Kabir Khan
Harrdy Sandhu,no,2022,Code Name: Tiranga,1.41,no,Ribhu Dasgupta
Harry Mearing,no,2010,Badmaash Company,53.00,yes,Parmeet Sethi
Harsh Chhaya,no,2004,Stop!,,no,Ajai Sinha
Harsh Chhaya,no,2008,Fashion,39.29,yes,Madhur Bhandarkar
Harsh Chhaya,no,2008,"Oh, My God",,no,Saurabh Shrivastava
Harsh Chhaya,no,2009,Blue Oranges,,no,Rajesh Ganguly
Harsh Chhaya,no,2009,Coffee House,,no,Gurbir Grewal
Harsh Chhaya,no,2013,Ankur Arora Murder Case,10.00,no,Suhail Tatari
Harsh Chhaya,no,2013,Calapor,,no,Dinesh P. Bhonsle
Harsh Khurana,no,2003,88 Antop Hill,,no,Kushan Nandy
Harsh Kumar,no,2020,Khawab Sare Jhoothey,,no,Deepak Baldev Thakur
Harsh Mayar,no,2011,I Am Kalam,6.00,no,Nila Madhab Panda
Harsh Mayar,no,2012,Jalpari: The Desert Mermaid,,no,Nila Madhab Panda
Harsh Mayar,no,2019,Kanpuriye,,no,Ashish Aryan
Harsh Nagar,no,2011,Mujhse Fraaandship Karoge,,no,Nupur Asthana
Harsh Nagar,no,2016,Love Day - Pyaar Ka Din,,no,"Sandeep Choudhary, Harish Kotian"
Harsh Vashisht,no,2002,Sur: The Melody of Life,,no,Tanuja Chandra
Harshaali Malhotra,no,2015,Bajrangi Bhaijaan,920.90,yes,Kabir Khan
Harshh Vardhan Singh Deo,no,2025,Jassi Weds Jassi,,yes,Paran Bawa
Harshita Gaur,no,2019,Kanpuriye,,no,Ashish Aryan
Harshita Panwar,no,2022,Dedh Lakh Ka Dulha,,no,Abhay Pratap Singh
Harshvardhan Deo,no,2014,Jigariyaa,,no,Raj Purohit
Harshvardhan Kapoor,yes,2016,Mirzya,13.50,yes,Rakeysh Omprakash Mehra
Harshvardhan Kapoor,yes,2018,Bhavesh Joshi Superhero,4.75,yes,Vikramaditya Motwane
Harshvardhan Kapoor,yes,2022,Thar,,yes,Raj Singh Chaudhary
Harshvardhan Rane,no,2016,Sanam Teri Kasam,16.03,no,"Radhika Rao , Vinay Sapru"
Harshvardhan Rane,no,2018,Paltan,10.22,yes,J. P. Dutta
Harshvardhan Rane,no,2020,Taish,,no,Bejoy Nambiar
Harshvardhan Rane,no,2021,Haseen Dillruba,,no,Vinil Mathew
Harshvardhan Rane,no,2022,Tara Vs Bilal,,no,Samar Iqbal
Harshvardhan Rane,no,2024,Dange,,no,Bejoy Nambiar
Harshvardhan Rane,no,2024,Savi,17.81,no,Abhinay Deo
Harshvardhan Rane,no,2024,The Miranda Brothers,,yes,Sanjay Gupta
Harshvardhan Rane,no,2025,Ek Deewane Ki Deewaniyat,112.03,no,Milap Zaveri
Hasan Zaidi,no,2013,Horror Story,7.00,no,Ayush Raina
Haseena Sofi,no,2020,Half Widow,,no,Danish Renzu
Hasleen Kaur,no,2014,Karle Pyaar Karle,,no,Rajesh Pandey
Hazel Crowney,no,2007,MP3: Mera Pehla Pehla Pyaar,,no,Robbie Grewal
Hazel Crowney,no,2008,U Me Aur Hum,40.02,yes,Ajay Devgn
Hazel Crowney,no,2012,Jeena Hai Toh Thok Daal,,no,Manish Vatsalya
Hazel Keech,no,2011,Bodyguard,252.99,yes,Siddique
Heena Panchal,no,2014,Hum Hai Teen Khurafaati (हम हैं तीन खुराफाती),,no,Rajeshwar Chauhan
Heena Panchal,no,2018,When Obama Loved Osama,,no,Sudhish Kumar Sharma
Heena Panchal,no,2021,Raag,,no,Arvind Tripathi
Heenee Kaushik,no,2003,Love at Times Square,0.30,no,
Heerok Das,no,2015,Yahaan Sabki Lagi Hai,,no,"Satavisha Bose, Cyrus R. khambhata"
Heet Sharma,no,2023,Guthlee Ladoo,,no,Ishrat R. Khan
Helen,no,2010,Dunno Y... Na Jaane Kyon,,no,Sanjay Sharma
Helena Prinzen Klague,no,2023,Rabia & Olivia,,no,Shadab Khan
Hema Malini,no,2000,Hey Ram,11.30,yes,Kamal Haasan
Hema Malini,no,2003,Baghban,43.11,yes,Ravi Chopra
Hema Malini,no,2004,Veer-Zaara,97.64,yes,Yash Chopra
Hema Malini,no,2006,Baabul,39.00,yes,Ravi Chopra
Hema Malini,no,2010,Sadiyaan,,yes,Raj Kanwar
Hema Malini,no,2011,Bbuddah... Hoga Terra Baap,,no,Puri Jagannadh
Hema Malini,no,2014,Sholay 3D,58.00,no,Ramesh Sippy
Hema Malini,no,2017,Ek Thi Rani Aisi Bhi,,no,Gulbahar Singh
Hema Malini,no,2020,Shimla Mirchi,,no,Ramesh Sippy
Hemant Birje,no,2002,Reshma Aur Sultan,,no,S. Kumar
Hemant Deolekar,no,2023,Sir Madam Sarpanch,,no,Praveen Morchhale
Hemant Pandey,no,2011,Chala Mussaddi... Office Office,1.40,no,Rajiv Mehra
Hemant Pandey,no,2014,Hum Hai Teen Khurafaati (हम हैं तीन खुराफाती),,no,Rajeshwar Chauhan
Hemant Pandey,no,2015,Chal Guru Ho Ja Shuru,,no,Manoj Sharma
Hemant Pandey,no,2016,Dil Toh Deewana Hai,,no,Raja Bundela
Hemant Pandey,no,2016,Wah Taj,,no,Ajit Sinha
Hemant Pandey,no,2017,Prakash Electronic,,no,Manoj Sharma
Hemant Pandey,no,2018,When Obama Loved Osama,,no,Sudhish Kumar Sharma
Hemant Pandey,no,2024,Luv You Shankar,,yes,Rajiv S. Ruia
Hemant Pandey,no,2024,Pushtaini,,no,Vinod Rawat
Henna,no,2004,Insaaf: The Justice,,no,Shrey Srivastava
Herry Tangri,no,2016,M.S. Dhoni: The Untold Story,215.48,no,Neeraj Pandey
Hetal Gadda,no,2016,Dhanak,,no,Nagesh Kukunoor
Highphill Mathew,no,2013,Sixteen,,no,Raj Purohit
Himani Shivpuri,no,2008,Kismat Konnection,,yes,Aziz Mirza
Himani Shivpuri,no,2014,Munna Mange Memsaab,,no,Shareeph Mansuri Saranawala
Himani Shivpuri,no,2018,When Obama Loved Osama,,no,Sudhish Kumar Sharma
Himani Shivpuri,no,2024,Binny And Family,,no,Ssanjay Tripaathy
Himansh Kohli,no,2014,Yaariyan,55.00,no,Divya Khosla Kumar
Himansh Kohli,no,2017,Dil Jo Na Keh Saka,,no,Naresh Lalwani
Himansh Kohli,no,2017,Jeena Isi Ka Naam Hai,,yes,Keshhav Panneriy
Himansh Kohli,no,2017,Ranchi Diaries,,no,Sattwik Mohanty
Himansh Kohli,no,2017,Sweetiee Weds NRI,,no,Hasnain Hyderabadwala
Himansh Kohli,no,2024,Kahan Shuru Kahan Khatam,,no,Saurabh Dasgupta
Himanshu Malik,no,2000,Jungle,14.34,yes,Ram Gopal Verma
Himanshu Malik,no,2001,Tum Bin,,no,Anubhav Sinha
Himanshu Malik,no,2003,Khwahish,,no,Govind Menon
Himanshu Malik,no,2004,Rakht,8.44,yes,Mahesh Manjrekar
Himanshu Malik,no,2005,Jackpot,,no,Samit Baadkar
Himanshu Malik,no,2005,Koi Aap Sa,,no,Partho Mitra
Himanshu Malik,no,2005,Rog,,no,Himanshu Brahmbhatt
Himanshu Malik,no,2010,Mallika,,no,Wilson Louis
Himanshu Malik,no,2011,Yamla Pagla Deewana,88.00,yes,Samir Karnik
Himanshu Sharma,no,2016,Dear Dad,,no,Tanuj Bhramar
Himanshu Thakkar,no,2014,Paranthe Wali Gali,,no,Sachin Gupta
Himanshu Tiwari,no,2015,MSG: The Messenger,17.70,no,"Gurmeet Ram Rahim Singh , Jeetu Arora"
Himansu Bhatt,no,2012,Login,,no,Sanjeev Reddy
Himarsha Venkatsamy,no,2014,Roar: Tigers of the Sundarbans,,no,Kamal Sadanah
Himesh Reshammiya,no,2007,Aap Kaa Surroor,19.50,no,Prashant Chadha
Himesh Reshammiya,no,2008,Karzzzz,,no,Satish Kaushik
Himesh Reshammiya,no,2009,Radio,,no,Ishaan Trivedi
Himesh Reshammiya,no,2010,Kajraare,,no,Pooja Bhatt
Himesh Reshammiya,no,2011,Damadamm!,,no,Swapna Waghmare
Himesh Reshammiya,no,2012,Khiladi 786,107.00,no,Ashish R Mohan
Himesh Reshammiya,no,2014,The Xposé,20.00,no,Ananth Narayan Mahadevan
Himesh Reshammiya,no,2016,Teraa Surroor,20.21,no,Shawn Arranha
Himesh Reshammiya,no,2020,Happy Hardy and Heer,,no,Raka
Himesh Reshammiya,no,2025,Badass Ravi Kumar,9.66,no,Keith Gomes
Himir Gandhi,no,2014,Room – The Mystery,,no,Faizal Khan
Himmanshoo A. Malhotra,no,2021,Shershaah,,no,Vishnuvardhan
Hina Khan,no,2020,Hacked,1.82,no,Vikram Bhatt
Hina Khan,no,2020,Unlock,,no,Debatma Mandal
Hina Rehman,no,2005,Fun – Can Be Dangerous Sometimes,,no,Sunjay Zaveri
Hina Tasleem,no,2009,Meri Padosan,,no,Prakash Saini
Hira Warina,no,2025,Kis Kisko Pyaar Karoon 2,14.87,no,Anukalp Goswami
Hiral Sidhu,no,2025,Jugnuma: The Fable,0.40,no,Raam Reddy
Hirranya Ojha,no,2025,Tu Meri Poori Kahani,,no,Suhrita Das
Hiten Kumar,no,2017,Simran,27.25,no,Hansal Mehta
Hiten Paintal,no,2001,Tere Liye,,no,Sanjay Gadhvi
Hiten Paintal,no,2010,Benny and Babloo,,no,Yunus Sajawal
Hiten Paintal,no,2010,Muskurake Dekh Zara,,no,Som Shekar
Hiten Paintal,no,2024,House of Lies,,yes,Saumitra Singh
Hiten Tejwani,no,2003,Joggers Park,2.10,no,Anant Balani
Hiten Tejwani,no,2007,Anwar,0.12,no,Manish Jha
Hiten Tejwani,no,2015,Thoda Lutf Thoda Ishq,,no,Sachin Gupta
Hiten Tejwani,no,2016,Saansein,,no,Rajiv S. Ruia
Hiten Tejwani,no,2022,Jogi,,no,Ali Abbas Zafar
Hitesh Agrawal,no,2009,Shaabash! You Can Do It,,no,Shankar Mondal
Hitesh Bhojraj,no,2020,Class of '83,,yes,Atul Sabharwal
Hitesh Malhan,no,2017,Ribbon,0.53,no,Rakhee Sandilya
Hitesh Patel,no,2013,Amdavad Junction,,no,Apurv Bajpai
Homi Wadia,no,2015,Lion of Gujarat,,no,Dinesh Lamba
Honeypreet Insan,no,2016,MSG: The Warrior Lion Heart,,no,"Gurmeet Ram Rahim Singh , Honeypreet Insan"
Honeypreet Insan,no,2017,Hind Ka Napak Ko Jawab: MSG Lion Heart 2,,no,"Gurmeet Ram Rahim Singh , Honeypreet Insan"
Hrishita Bhatt,no,2001,Aśoka,28.00,yes,Santosh Sivan
Hrishita Bhatt,no,2002,Dil Vil Pyar Vyar,4.65,no,Anant Mahadevan
Hrishita Bhatt,no,2002,Shararat,,yes,Gurudev Bhalla
Hrishita Bhatt,no,2003,Haasil,,no,Tigmanshu Dhulia
Hrishita Bhatt,no,2003,Out of Control,,no,"Apurva Asrani , Ramanjit Juneja"
Hrishita Bhatt,no,2004,Charas,0.51,yes,Tigmanshu Dhulia
Hrishita Bhatt,no,2006,Ankahee,,yes,Vikram Bhatt
Hrishita Bhatt,no,2006,Jawani Diwani: A Youthful Joyride,,yes,Manish Sharma
Hrishita Bhatt,no,2006,Jigyaasa,,no,Faisal Saif
Hrishita Bhatt,no,2008,Don Muthu Swami,,no,Ashim Samanta
Hrishita Bhatt,no,2009,Dhoondte Reh Jaaoge,,yes,Umesh Shukla
Hrishita Bhatt,no,2009,Marega Salaa,,no,Devang Dholkia
Hrishita Bhatt,no,2010,Idiot Box,,no,Sunanda Mitra
Hrishita Bhatt,no,2016,Junooniyat,4.10,no,Vivek Agnihotri
Hrishitaa Bhatt,no,2004,Ab Tak Chappan,,no,Shimit Amin
Hrishitaa Bhatt,no,2007,Dharm,,no,Bhavna Talwar
Hrishitaa Bhatt,no,2008,Deshdrohi,0.89,no,Jagdish A. Sharma
Hrishitaa Bhatt,no,2009,Aasma: The Sky Is the Limit,,no,Rohit Nayyar
Hrishitaa Bhatt,no,2014,Anuradha,,no,Raju Mavani
Hrishitaa Bhatt,no,2015,Miss Tanakpur Haazir Ho,,no,Vinod Kapri
Hrishitaa Bhatt,no,2017,Prakash Electronic,,no,Manoj Sharma
Hrishitaa Bhatt,no,2019,Happi,,no,Bhavna Talwar
Hrithik Roshan,yes,2000,Fiza,32.20,yes,Khalid Mohammed
Hrithik Roshan,yes,2000,Kaho Naa... Pyaar Hai,80.01,yes,Rakesh Roshan
Hrithik Roshan,yes,2000,Mission Kashmir,43.30,yes,Vidhu Vinod Chopra
Hrithik Roshan,yes,2001,Kabhi Khushi Kabhie Gham,135.53,yes,Karan Johar
Hrithik Roshan,yes,2001,Yaadein,34.59,yes,Subhash Ghai
Hrithik Roshan,yes,2002,Aap Mujhe Achche Lagne Lage,20.20,yes,Vikram Bhatt
Hrithik Roshan,yes,2002,Mujhse Dosti Karoge!,33.61,yes,Kunal Kohli
Hrithik Roshan,yes,2002,Na Tum Jaano Na Hum,19.29,yes,Arjun Sablok
Hrithik Roshan,yes,2003,Koi... Mil Gaya,82.32,yes,Rakesh Roshan
Hrithik Roshan,yes,2003,Main Prem Ki Diwani Hoon,39.31,yes,Sooraj R. Barjatya
Hrithik Roshan,yes,2004,Lakshya,41.68,yes,Farhan Akhtar
Hrithik Roshan,yes,2006,Dhoom 2,151.00,yes,Sanjay Gadhvi
Hrithik Roshan,yes,2006,I See You,1.92,yes,Vivek Agrawal
Hrithik Roshan,yes,2006,Krrish,126.50,yes,Rakesh Roshan
Hrithik Roshan,yes,2008,Jodhaa Akbar,120.00,yes,Ashutosh Gowariker
Hrithik Roshan,yes,2009,Luck by Chance,29.00,yes,Zoya Akhtar
Hrithik Roshan,yes,2010,Guzaarish,61.30,yes,Sanjay Leela Bhansali
Hrithik Roshan,yes,2010,Kites,65.00,yes,Anurag Basu
Hrithik Roshan,yes,2011,Don 2,202.81,yes,Farhan Akhtar
Hrithik Roshan,yes,2011,Zindagi Na Milegi Dobara,163.00,yes,Zoya Akhtar
Hrithik Roshan,yes,2012,Agneepath,193.00,yes,Karan Malhotra
Hrithik Roshan,yes,2013,Krrish 3,393.37,yes,Rakesh Roshan
Hrithik Roshan,yes,2013,Main Krishna Hoon,,yes,Rajiv S. Ruia
Hrithik Roshan,yes,2014,Bang Bang!,333.00,yes,Siddharth Anand
Hrithik Roshan,yes,2016,Mohenjo Daro,107.80,yes,Ashutosh Gowariker
Hrithik Roshan,yes,2017,Kaabil,208.14,yes,Sanjay Gupta
Hrithik Roshan,yes,2019,Super 30,208.93,yes,Vikas Bahl
Hrithik Roshan,yes,2019,War,475.62,yes,Siddharth Anand
Hrithik Roshan,yes,2022,Vikram Vedha,135.03,yes,Pushkar–Gayathri
Hrithik Roshan,yes,2024,Fighter,344.46,yes,Siddharth Anand
Hrithik Roshan,yes,2025,War 2,,yes,Ayan Mukerji
Hritiqa Chheber,no,2023,Operation Mayfair,,no,Sudipto Sarkar
Hritu Dudani,no,2014,Neighbours,,no,Shyam Ramsay
Hugh Bonneville,no,2017,Partition: 1947,,no,Gurinder Chadha
Huma Qureshi,no,2012,Gangs of Wasseypur – Part 1,35.13,no,Anurag Kashyap
Huma Qureshi,no,2012,Gangs of Wasseypur – Part 2,22.04,no,Anurag Kashyap
Huma Qureshi,no,2012,Luv Shuv Tey Chicken Khurana,10.50,no,Sameer Sharma
Huma Qureshi,no,2013,D Day,24.00,yes,Nikhil Advani
Huma Qureshi,no,2013,Ek Thi Daayan,40.25,yes,Kannan Iyer
Huma Qureshi,no,2013,Shorts,,no,"Shlok Sharma, Siddharth Gupt, Anirban Roy, Rohit Pandey, Neeraj Ghaywan"
Huma Qureshi,no,2014,Dedh Ishqiya,40.80,no,Abhishek Chaubey
Huma Qureshi,no,2015,Badlapur,103.00,yes,Sriram Raghavan
Huma Qureshi,no,2015,X: Past Is Present,,no,Various Directors
Huma Qureshi,no,2017,Dobaara: See Your Evil,,no,Prawaal Raman
Huma Qureshi,no,2017,Jolly LLB 2,197.33,no,Subhash Kapoor
Huma Qureshi,no,2017,Partition: 1947,,no,Gurinder Chadha
Huma Qureshi,no,2021,Bell Bottom,50.58,no,Ranjit M Tewari
Huma Qureshi,no,2022,Double XL,1.12,yes,Satramm Ramani
Huma Qureshi,no,2022,"Monica, O My Darling",,yes,Vasan Bala
Huma Qureshi,no,2023,Tarla,,no,Piyush Gupta
Huma Qureshi,no,2025,Jolly LLB 3,166.06,no,Subhash Kapoor
Huma Qureshi,no,2025,Single Salma,,no,Nachiket Samant
Humaima Malick,no,2014,Raja Natwarlal,26.80,yes,Kunal Deshmukh
Humayun Saeed,no,2008,Fashion,39.29,yes,Madhur Bhandarkar
Humayun Saeed,no,2009,Jashnn,,no,Raksha Mistry & Hasnain S Hyderabadwala
Hussain Dalal,no,2015,Margarita with a Straw,7.40,no,Shonali Bose
Hussain Khan,no,2025,Shaila,,no,Saki Shah
Hussain Kuwajerwala,no,2013,Shree,,no,Rajesh Bachchani
Hyder Ali,no,2008,Kismat Konnection,,yes,Aziz Mirza
Hyder Kazmi,no,2003,Patth,,no,
Iain Glen,no,2025,Tanvi the Great,,no,Anupam Kher
Ibra Khan,no,2014,Room – The Mystery,,no,Faizal Khan
Ibraheem Choudhry,no,2021,Tuesdays and Fridays,,no,Taranveer Singh
Ibrahim Ali Khan,yes,2025,Nadaaniyan,,yes,Shauna Gautam
Ibrahim Ali Khan,yes,2025,Sarzameen,,yes,Kayoze Irani
Ihana Dhillon,no,2018,Hate Story IV,26.60,no,Vishal Pandya
Ihana Dhillon,no,2021,Bhuj: The Pride of India,,yes,Abhishek Dudhaiya
Ila Arun,no,2008,Jodhaa Akbar,120.00,yes,Ashutosh Gowariker
Ila Arun,no,2010,Mirch,,no,Vinay Shukla
Ila Arun,no,2011,Aagaah: The Warning,,no,Karan Razdan
Ila Arun,no,2012,Arjun: The Warrior Prince,,no,Arnab Chaudhuri
Ila Arun,no,2017,Begum Jaan,30.60,no,Srijit Mukherji
Ila Arun,no,2020,Ghoomketu,,no,Pushpendra Nath Misra
Ila Arun,no,2020,Raat Akeli Hai,,no,Honey Trehan
Ila Arun,no,2021,Aafat-E-Ishq,,no,Indrajit Nattoji
Ila Arun,no,2021,Sherni,,no,Amit V. Masurkar
Ila Arun,no,2023,Haddi,,no,Akshat Ajay Sharma
Ila Arun,no,2024,Kuch Khattaa Ho Jaay,1.50,no,G. Ashok
Ileana D'Cruz,no,2012,Barfi!,175.00,yes,Anurag Basu
Ileana D'Cruz,no,2013,Phata Poster Nikhla Hero,72.00,yes,Rajkumar Santoshi
Ileana D'Cruz,no,2014,Happy Ending,38.00,yes,Raj Nidimoru and Krishna DK
Ileana D'Cruz,no,2014,Main Tera Hero,78.00,yes,David Dhawan
Ileana D'Cruz,no,2016,Rustom,216.35,no,Tinu Suresh Desai
Ileana D'Cruz,no,2017,Baadshaho,123.50,yes,Milan Luthria
Ileana D'Cruz,no,2017,Mubarakan,93.24,yes,Anees Bazmee
Ileana D'Cruz,no,2018,Raid,153.62,no,Raj Kumar Gupta
Ileana D'Cruz,no,2019,Pagalpanti,49.17,no,Anees Bazmee
Ileana D'Cruz,no,2021,The Big Bull,,yes,Kookie Gulati
Ileana D'Cruz,no,2024,Do Aur Do Pyaar,4.63,no,Shirsha Guha Thakurta
Ileana D'Cruz,no,2024,Tera Kya Hoga Lovely,,no,Balwinder Singh Janjua
Ilene Hamann,no,2005,Rog,,no,Himanshu Brahmbhatt
Imaad Shah,no,2007,Dil Dosti Etc,,no,Manish Tiwary
Imaad Shah,no,2011,404,,no,Prawaal Raman
Imaad Shah,no,2016,M Cream,,no,Agneya Singh
Imran Abbas,no,2014,Creature,20.60,no,Vikram Bhatt
Imran Ahmed Khan,no,2001,Tere Liye,,no,Sanjay Gadhvi
Imran Hasnee,no,2015,Welcome 2 Karachi,,yes,Ashish R Mohan
Imran Khan,yes,2008,Jaane Tu... Ya Jaane Na,84.00,yes,Abbas Tyrewala
Imran Khan,yes,2008,Kidnap,35.60,yes,Sanjay Gadhvi
Imran Khan,yes,2009,Luck,,yes,Soham Shah
Imran Khan,yes,2010,Break Ke Baad,,yes,Danish Aslam
Imran Khan,yes,2010,I Hate Luv Storys,72.52,yes,Punit Malhotra
Imran Khan,yes,2011,Delhi Belly,103.00,yes,Abhinay Deo
Imran Khan,yes,2011,Mere Brother Ki Dulhan,,yes,Ali Abbas Zafar
Imran Khan,yes,2012,Ek Main Aur Ekk Tu,72.10,yes,Shakun Batra
Imran Khan,yes,2013,Gori Tere Pyaar Mein,20.80,yes,Punit Malhotra
Imran Khan,yes,2013,Matru Ki Bijlee Ka Mandola,31.15,yes,Vishal Bhardwaj
Imran Khan,yes,2013,Once Upon ay Time in Mumbai Dobaara!,91.70,yes,Milan Luthria
Imran Khan,yes,2015,Katti Batti,,yes,Nikhil Advani
Imtiaz Ali,no,2007,Black Friday,8.00,no,Anurag Kashyap
Inaamulhaq,no,2014,Filmistaan,9.99,no,Nitin Kakkar
Inaamulhaq,no,2017,Lucknow Central,16.95,no,Ranjit Tiwari
Inaamulhaq,no,2022,Mere Desh Ki Dharti,,no,Faraz Haider
Inayat Sharma,no,2015,Chinar Daastaan-E-Ishq,,yes,Sharique Minhaj
Inayat Verma,no,2020,Ludo,,yes,Anurag Basu
Inayat Verma,no,2021,Ajeeb Daastaans,,no,Shashank Khaitan Raj Mehta Neeraj Ghaywan Kayoze Irani
Inayat Verma,no,2025,Be Happy,,yes,Remo D'Souza
Inder Kumar,no,2000,Baaghi,6.47,yes,Rajesh Kumar Singh
Inder Kumar,no,2002,Maa Tujhhe Salaam,22.84,yes,Tinu Verma
Inder Kumar,no,2002,Maseeha,,no,Partho Ghosh
Inder Kumar,no,2002,Tumko Na Bhool Paayenge,19.89,yes,Pankaj Parashar
Inder Kumar,no,2006,Aryan,,yes,Abhishek Kapoor
Inder Kumar,no,2009,Wanted,93.23,yes,Prabhu Deva
Indira Tiwari,no,2020,Serious Men,,no,Sudhir Mishra
Indraneil Sengupta,no,2008,1920,14.50,no,Vikram Bhatt
Indraneil Sengupta,no,2012,Kahaani,104.00,no,Sujoy Ghosh
Indraneil Sengupta,no,2014,Children of War,,no,Mrityunjay Devvrat
Indraneil Sengupta,no,2021,200 – Halla Ho,,no,Sarthak Dasgupta
Indraneil Sengupta,no,2023,Aazam,,no,Shravan Tiwari
Indraneil Sengupta,no,2025,Maa,51.64,yes,Vishal Furia
Indrani Haldar,no,2014,Strings of Passion,,no,Sanghamitra Chaudhari
Indrasish Roy,no,2023,Mrs. Undercover,,no,Anushree Mehta
Ipshita Chakraborty Singh,no,2020,Bhonsle,,no,Devashish Makhija
Ipshita Chakraborty Singh,no,2023,Dvand: The Internal Conflict,,no,Ishtiyak Khan
Iqbal Khan,no,2005,Bullet: Ek Dhamaka,,no,Irfan Khan
Ira Dubey,no,2010,Aisha,28.65,yes,Rajshree Ojha
Ira Dubey,no,2015,Aisa Yeh Jahaan,,no,Biswajeet Bora
Ira Dubey,no,2015,Dilliwali Zaalim Girlfriend,,no,Japinder Kaur
Ira Dubey,no,2016,Dear Zindagi,138.91,yes,Gauri Shinde
Ira Dubey,no,2016,M Cream,,no,Agneya Singh
Iravati Harshe,no,2009,"Raat Gayi, Baat Gayi?",,no,Saurabh Shukla
Irra Mor,no,2021,D Company,,no,Ram Gopal Varma
Irrfan Khan,no,2002,Gunaah,7.50,no,Amol Shetge
Irrfan Khan,no,2003,Dhund,,no,Shyam Ramsay
Irrfan Khan,no,2003,Footpath,6.43,yes,Vikram Bhatt
Irrfan Khan,no,2003,Haasil,,no,Tigmanshu Dhulia
Irrfan Khan,no,2004,Aan: Men at Work,,no,Madhur Bhandarkar
Irrfan Khan,no,2004,Charas,0.51,yes,Tigmanshu Dhulia
Irrfan Khan,no,2004,Maqbool,,no,Vishal Bhardwaj
Irrfan Khan,no,2005,7½ Phere,,no,Ishaan Trvedi
Irrfan Khan,no,2005,Chehraa,0.60,no,Saurabh Shukla
Irrfan Khan,no,2005,Chocolate,,yes,Vivek Agnihotri
Irrfan Khan,no,2005,Rog,,no,Himanshu Brahmbhatt
Irrfan Khan,no,2006,Deadline: Sirf 24 Ghante,,no,Tanveer Khan
Irrfan Khan,no,2006,The Killer,6.50,yes,Hasnain Hyderabadwala
Irrfan Khan,no,2007,Aaja Nachle,,yes,Anil Mehta
Irrfan Khan,no,2007,Apna Asmaan,,no,Kaushik Roy
Irrfan Khan,no,2007,Life in a... Metro,24.45,no,Anurag Basu
Irrfan Khan,no,2007,The Namesake,,no,Mira Nair
Irrfan Khan,no,2008,Chamku,3.09,yes,Kabeer Kaushik
Irrfan Khan,no,2008,Dil Kabaddi,,yes,Anil Sharma (Senior)
Irrfan Khan,no,2008,Gumnaam – The Mystery,0.55,no,Neeraj Pathak
Irrfan Khan,no,2008,Krazzy 4,32.27,no,Jaideep Sen
Irrfan Khan,no,2008,Sunday,,yes,Rohit Shetty
Irrfan Khan,no,2008,Tulsi,1.20,no,K. Ajay Kumar
Irrfan Khan,no,2009,Acid Factory,5.20,yes,Suparn Verma
Irrfan Khan,no,2009,Billu,47.45,no,Priyadarshan
Irrfan Khan,no,2009,New York,78.34,no,Kabir Khan
Irrfan Khan,no,2010,Hisss,,no,Jennifer Lynch
Irrfan Khan,no,2010,Knock Out,6.20,yes,Mani Shankar
Irrfan Khan,no,2010,Right Yaaa Wrong,,yes,Neeraj Pathak
Irrfan Khan,no,2011,7 Khoon Maaf,33.00,no,Vishal Bhardwaj
Irrfan Khan,no,2011,Chillar Party,,yes,"Vikas Bahl , Nitesh Tiwari"
Irrfan Khan,no,2011,Thank You,104.00,yes,Anees Bazmee
Irrfan Khan,no,2011,Yeh Saali Zindagi,10.75,no,Sudhir Mishra
Irrfan Khan,no,2012,Paan Singh Tomar,20.18,no,Tigmanshu Dhulia
Irrfan Khan,no,2013,D Day,24.00,yes,Nikhil Advani
Irrfan Khan,no,2013,"Saheb, Biwi Aur Gangster Returns",28.80,yes,Tigmanshu Dhulia
Irrfan Khan,no,2013,The Lunchbox,110.00,no,Ritesh Batra
Irrfan Khan,no,2014,Gunday,130.91,yes,Ali Abbas Zafar
Irrfan Khan,no,2014,Haider,85.00,yes,Vishal Bhardwaj
Irrfan Khan,no,2014,The Xposé,20.00,no,Ananth Narayan Mahadevan
Irrfan Khan,no,2015,Jazbaa,42.67,no,Sanjay Gupta
Irrfan Khan,no,2015,Piku,141.00,no,Shoojit Sircar
Irrfan Khan,no,2015,Qissa,,no,Anup Singh
Irrfan Khan,no,2015,Talvar,45.90,no,Meghna Gulzar
Irrfan Khan,no,2016,Madaari,28.70,no,Nishikant Kamat
Irrfan Khan,no,2017,Hindi Medium,334.36,no,Saket Chaudhary
Irrfan Khan,no,2017,Qarib Qarib Singlle,2.41,no,Tanuja Chandra
Irrfan Khan,no,2018,Blackmail,28.81,no,Abhinay Deo
Irrfan Khan,no,2018,Karwaan,26.42,no,Akarsh Khurana
Irrfan Khan,no,2020,Angrezi Medium,13.54,yes,Homi Adajania
Irrfan Khan,no,2021,Murder at Teesri Manzil 302,,no,Navneet Baj Saini
Isabelle Adjani,no,2013,Ishkq in Paris,,no,Prem Raj
Isabelle Kaif,no,2021,Time to Dance,,yes,Stanley D'Costa
Isaiah,no,2010,Prince,,yes,Kookie Gulati
Isha Koppikar,no,2001,Aamdani Atthanni Kharcha Rupaiya,,no,K. Raghavendra Rao
Isha Koppikar,no,2001,Pyaar Ishq Aur Mohabbat,7.15,no,Rajiv Rai
Isha Koppikar,no,2003,Darna Mana Hai,9.00,yes,Prawaal Raman
Isha Koppikar,no,2003,Dil Ka Rishta,14.60,no,Naresh Malhotra
Isha Koppikar,no,2003,LOC: Kargil,31.67,yes,J. P. Dutta
Isha Koppikar,no,2003,Pinjar,,no,Chandrakant Dwivedi
Isha Koppikar,no,2003,Qayamat: City Under Threat,28.52,yes,Harry Baweja
Isha Koppikar,no,2004,Ek Se Badhkar Ek,,no,Kundan Shah
Isha Koppikar,no,2004,Girlfriend,,no,Karan Razdan
Isha Koppikar,no,2004,Hum Tum,43.22,yes,Kunal Kohli
Isha Koppikar,no,2004,Inteqam: The Perfect Game,,no,Pankaj Parashar
Isha Koppikar,no,2004,Krishna Cottage,5.90,yes,Santram Varma
Isha Koppikar,no,2004,Rudraksh,9.87,yes,Mani Shankar
Isha Koppikar,no,2005,Kyaa Kool Hai Hum,22.85,yes,Sangeeth Sivan
Isha Koppikar,no,2005,Maine Pyaar Kyun Kiya?,47.22,yes,David Dhawan
Isha Koppikar,no,2006,36 China Town,38.00,yes,Abbas–Mustan
Isha Koppikar,no,2006,Don: The Chase Begins Again,106.00,yes,Farhan Akhtar
Isha Koppikar,no,2007,Darling,4.75,yes,Ram Gopal Verma
Isha Koppikar,no,2007,Haseena,,no,Vicky Ranawat
Isha Koppikar,no,2007,Salaam-e-Ishq: A Tribute to Love,52.24,yes,Nikhil Advani
Isha Koppikar,no,2008,Ek Vivaah... Aisa Bhi,2.35,no,Kaushik Ghatak
Isha Koppikar,no,2008,Hello,17.96,yes,Atul Agnihotri
Isha Koppikar,no,2008,Rab Ne Bana Di Jodi,157.00,yes,Aditya Chopra
Isha Koppikar,no,2010,Hello Darling,,no,Manoj Tiwari
Isha Koppikar,no,2010,Right Yaaa Wrong,,yes,Neeraj Pathak
Isha Koppikar,no,2011,Shabri,,no,Lalit Marathe
Isha Rikhi,no,2018,Nawabzaade,4.05,no,Jayesh Pradhan
Isha Sharvani,no,2005,Kisna: The Warrior Poet,,yes,Subhash Ghai
Isha Sharvani,no,2006,Rocky,3.04,yes,Suresh Krishna
Isha Sharvani,no,2007,"Good Boy, Bad Boy",,yes,Ashwini Chaudhary
Isha Sharvani,no,2008,U Me Aur Hum,40.02,yes,Ajay Devgn
Isha Sharvani,no,2009,Luck by Chance,29.00,yes,Zoya Akhtar
Isha Talwar,no,2018,Kaalakaandi,10.00,yes,Akshat Verma
Isha Talwar,no,2019,Article 15,93.08,no,Anubhav Sinha
Isha Talwar,no,2024,Ella,,no,Roshan Fernandes
Isha Talwar,no,2025,Kaushaljis vs Kaushal,,no,Seemaa Desai
Ishaan Khatter,yes,2018,Beyond the Clouds,,yes,Majid Majidi
Ishaan Khatter,yes,2018,Dhadak,110.11,yes,Shashank Khaitan
Ishaan Khatter,yes,2020,Khaali Peeli,,yes,Maqbool Khan
Ishaan Khatter,yes,2022,Phone Bhoot,18.73,yes,Gurmmeet Singh
Ishaan Khatter,yes,2023,Pippa,,yes,Raja Krishna Menon
Ishaan Khatter,yes,2025,Homebound,3.00,yes,Neeraj Ghaywan
Ishaan Manhaas,no,2011,Aashiqui.in,,no,Shankhadeep
Ishita Chauhan,no,2008,Hijack,,yes,Kunal Shivdasani
Ishita Chauhan,no,2018,Genius,7.50,no,Anil Sharma
Ishita Dutta,no,2019,Blank,6.41,yes,Behzad Khambata
Ishita Dutta,no,2019,Setters,0.58,no,Ashwini Chaudhary
Ishita Raj Sharma,no,2011,Pyaar Ka Punchnama,17.50,no,Luv Ranjan
Ishita Raj Sharma,no,2019,Yaaram,,yes,Ovais Khan
Ishita Raj Sharma,no,2024,Wild Wild Punjab,,no,Simarpreet Singh
Ishita Salot,no,2013,Amdavad Junction,,no,Apurv Bajpai
Ishita Sharma,no,2007,Dil Dosti Etc,,no,Manish Tiwary
Ishita Sharma,no,2010,Dulha Mil Gaya,,yes,Muddassar Aziz
Ishita Sharma,no,2015,Meeruthiya Gangster,,no,Zeishan Quadri
Ishitta Arun,no,2003,Kahan Ho Tum,,no,Vijay Kumar
Ishitta Arun,no,2004,Stop!,,no,Ajai Sinha
Ishrat Ali,no,2000,Apradhi Kaun,,no,Mohan Bhakri
Ishrat Ali,no,2014,Pyar Ka Live Show,,no,Shailendra Singh Rajput
Ishtiyak Khan,no,2020,Omprakash Zindabad,,no,Ranjeet Gupta
Ishtiyak Khan,no,2022,Dedh Lakh Ka Dulha,,no,Abhay Pratap Singh
Ishtiyak Khan,no,2023,Dvand: The Internal Conflict,,no,Ishtiyak Khan
Ishtiyak Khan,no,2025,The Networker,,no,Vikas Kumar Vishwakarma
Ishwak Singh,no,2020,Unpaused,,no,Raj & D.K Nitya Mehra Nikkhil Advani Tannishtha Chatterjee Avinash Arun
Ishwak Singh,no,2023,Tumse Na Ho Payega,,no,Abhishek Sinha
Ishwak Singh,no,2024,Berlin,,no,Atul Sabharwal
Ishwak Singh,no,2025,Tumko Meri Kasam,,yes,Vikram Bhatt
Izabelle Leite,no,2013,Sixteen,,no,Raj Purohit
Izabelle Leite,no,2014,Purani Jeans,,no,Tanushri Chattrji Bassu
J. B. Rana,no,2013,Kaand: Black Scandal,,no,Santosh K. Gupta
J. Brandon Hill,no,2014,The Dark Secrets Of Tonhi,,no,Shiraz Henry
J. D. Chakravarthy,no,2004,Vaastu Shastra,10.00,no,Saurab Narang
J. D. Chakravarthy,no,2012,Bhoot Returns,6.39,no,Ram Gopal Verma
J.D Chakravarthy,no,2002,Durga,,no,J.D. Chakravarthy
Jaanyaa Joshi,no,2025,Pintu Ki Pappi,,no,Shiv Hare
Jaaved Jaaferi,no,2011,Loot,,yes,Rajneesh Thakur
Jaaved Jaaferi,no,2012,The Forest,,no,Ashvin Kumar
Jaaved Jaaferi,no,2013,War Chhod Na Yaar,,yes,Faraz Haider
Jaaved Jaaferi,no,2014,Bang Bang!,333.00,yes,Siddharth Anand
Jaaved Jaaferi,no,2021,Sooryavanshi,302.52,no,Rohit Shetty
Jaaved Jaaferi,no,2022,Jaadugar,,no,Sameer Saxena
Jabbz Farooqi,no,2016,Shivaay,124.15,no,Ajay Devgn
Jack Gaud,no,2000,The Revenge: Geeta Mera Naam,,no,Dilip Gulati
Jackie Shroff,no,2000,Gang,,no,Mazhar Khan
Jackie Shroff,no,2000,Jung,11.40,yes,Sanjay Gupta
Jackie Shroff,no,2000,Kahin Pyaar Na Ho Jaaye,13.40,yes,K. Muralimohana Rao
Jackie Shroff,no,2000,Mission Kashmir,43.30,yes,Vidhu Vinod Chopra
Jackie Shroff,no,2000,Refugee,35.44,yes,J. P. Dutta
Jackie Shroff,no,2001,Albela,,no,Deepak Sareen
Jackie Shroff,no,2001,Bas Itna Sa Khwaab Hai,,yes,Goldie Behl
Jackie Shroff,no,2001,Farz,19.92,yes,Raj Kanwar
Jackie Shroff,no,2001,Grahan,1.43,no,Shashilal K. Nair
Jackie Shroff,no,2001,Hadh: Life on the Edge of Death,,no,Thampi Kannanthanam
Jackie Shroff,no,2001,Lajja,34.29,yes,Rajkumar Santoshi
Jackie Shroff,no,2001,One 2 Ka 4,13.82,no,Shashilal K. Nair
Jackie Shroff,no,2001,Yaadein,34.59,yes,Subhash Ghai
Jackie Shroff,no,2002,Agni Varsha,,no,Arjun Sajnani
Jackie Shroff,no,2002,Devdas,90.00,no,Sanjay Leela Bhansali
Jackie Shroff,no,2002,Kya Yehi Pyaar Hai,11.36,no,K. Murali Mohan Rao
Jackie Shroff,no,2002,Pitaah,,yes,Mahesh Manjrekar
Jackie Shroff,no,2003,3 Deewarein,,no,Nagesh Kukunoor
Jackie Shroff,no,2003,Baaz: A Bird in Danger,4.80,yes,Tinu Verma
Jackie Shroff,no,2003,Boom,1.20,no,Kaizad Gustad
Jackie Shroff,no,2003,Ek Aur Ek Gyarah,21.00,yes,David Dhawan
Jackie Shroff,no,2003,Samay: When Time Strikes,,no,Robby Grewal
Jackie Shroff,no,2004,Aan: Men at Work,,no,Madhur Bhandarkar
Jackie Shroff,no,2004,Dobara,,no,Shashi Ranjan
Jackie Shroff,no,2004,Hulchul,33.09,yes,Priyadarshan
Jackie Shroff,no,2005,Kyon Ki,23.15,yes,Priyadarshan
Jackie Shroff,no,2006,Apna Sapna Money Money,20.73,no,Sangeeth Sivan
Jackie Shroff,no,2006,Bhagam Bhag,67.00,yes,Priyadarshan
Jackie Shroff,no,2006,Bhoot Unkle,,no,Mukesh Saigal
Jackie Shroff,no,2006,Naksha,,yes,Sachin Bajaj
Jackie Shroff,no,2007,Aur Pappu Paas Ho Gaya,,no,S. Soni
Jackie Shroff,no,2007,Eklavya: The Royal Guard,38.00,yes,Vidhu Vinod Chopra
Jackie Shroff,no,2007,Fool & Final,27.62,yes,Ahmed Khan
Jackie Shroff,no,2008,Halla Bol,19.39,yes,Rajkumar Santoshi
Jackie Shroff,no,2008,Hari Puttar: A Comedy of Terrors,,no,Lucky Kohli & Rajesh Bajaj
Jackie Shroff,no,2008,Mukhbiir,,no,Mani Shankar
Jackie Shroff,no,2008,Thodi Life Thoda Magic,,yes,Vinayak Rajesh
Jackie Shroff,no,2009,Ek: The Power of One,6.00,yes,Sangeeth Sivan
Jackie Shroff,no,2009,Kisaan,5.76,yes,Puneet Sira
Jackie Shroff,no,2009,Raaz: The Mystery Continues,38.09,yes,Mohit Suri
Jackie Shroff,no,2010,Ek Second... Jo Zindagi Badal De?,0.44,no,Partho Ghosh
Jackie Shroff,no,2010,Maalik Ek,,no,Deepak Balraj Vij
Jackie Shroff,no,2010,Veer,68.11,yes,Anil Sharma
Jackie Shroff,no,2011,Chargesheet,0.06,no,Dev Anand
Jackie Shroff,no,2011,Mummy Punjabi,,no,Pammi Somal
Jackie Shroff,no,2011,Satrangee Parachute,,no,Vineet Khetrapal
Jackie Shroff,no,2012,Married 2 America,,no,Dilip Shankar
Jackie Shroff,no,2013,Aurangzeb,35.41,yes,Atul Sabharwal
Jackie Shroff,no,2013,Dhoom 3,589.02,yes,Vijay Krishna Acharya
Jackie Shroff,no,2013,Shootout at Wadala,82.00,no,Sanjay Gupta
Jackie Shroff,no,2013,Super Model,,no,Navin Batra
Jackie Shroff,no,2014,Happy New Year,342.00,yes,Farah Khan
Jackie Shroff,no,2014,Kahin Hai Mera Pyar,,yes,Mahesh Vaijnath Doijode
Jackie Shroff,no,2015,Brothers,140.30,no,Karan Malhotra
Jackie Shroff,no,2015,Dilliwali Zaalim Girlfriend,,no,Japinder Kaur
Jackie Shroff,no,2015,Dirty Politics,,no,K. C. Bokadia
Jackie Shroff,no,2016,Chalk n Duster,,yes,Jayant Gilatar
Jackie Shroff,no,2016,Housefull 3,194.94,yes,Sajid-Farhad
Jackie Shroff,no,2017,Sarkar 3,,no,Ram Gopal Varma
Jackie Shroff,no,2018,Paltan,10.22,yes,J. P. Dutta
Jackie Shroff,no,2018,Phamous,,no,Karan Lalit Butani
Jackie Shroff,no,2019,Prassthanam,5.90,yes,Deva Katta
Jackie Shroff,no,2019,Romeo Akbar Walter,53.48,no,Robbie Garewal
Jackie Shroff,no,2019,Saaho,,no,Sujeeth
Jackie Shroff,no,2021,Hello Charlie,,yes,Pankaj Saraswat
Jackie Shroff,no,2021,Radhe,18.33,yes,Prabhu Deva
Jackie Shroff,no,2021,Satya Sai Baba,,no,Vicky Ranawat
Jackie Shroff,no,2021,Sooryavanshi,302.52,no,Rohit Shetty
Jackie Shroff,no,2022,Atithi Bhooto Bhava,,no,Hardik Gajjar
Jackie Shroff,no,2023,Mast Mein Rehne Ka,,no,Vijay Maurya
Jackie Shroff,no,2024,Baby John,,yes,Kalees
Jackie Shroff,no,2024,Singham Again,389.64,yes,Rohit Shetty
Jackie Shroff,no,2025,Housefull 5,242.80,yes,Tarun Mansukhani
Jackie Shroff,no,2025,Tanvi the Great,,no,Anupam Kher
Jackie Shroff,no,2025,Tu Meri Main Tera Main Tera Tu Meri,48.02,yes,Sameer Vidwans
Jackky Bhagnani,yes,2009,Kal Kissne Dekha,,yes,Vivek Sharma
Jackky Bhagnani,yes,2011,F.A.L.T.U,,yes,Remo D'Souza
Jackky Bhagnani,yes,2012,Ajab Gazabb Love,,yes,Sanjay Gadhvi
Jackky Bhagnani,yes,2013,Rangrezz,6.37,yes,Priyadarshan
Jackky Bhagnani,yes,2014,Youngistaan,9.45,yes,Syed Ahmad Afzal
Jackky Bhagnani,yes,2015,Welcome 2 Karachi,,yes,Ashish R Mohan
Jackky Bhagnani,yes,2018,Mitron,3.85,yes,Nitin Kakar
Jackson Gallagher,no,2025,My Melbourne,,no,Kabir Khan Rima Das Onir Imtiaz Ali
Jacqueline Fernandez,no,2009,Aladin,10.89,yes,Sujoy Ghosh
Jacqueline Fernandez,no,2010,Jaane Kahan Se Aayi Hai,,no,Milap Zaveri
Jacqueline Fernandez,no,2011,Murder 2,105.00,yes,Mohit Suri
Jacqueline Fernandez,no,2012,Housefull 2,179.15,yes,Sajid Khan
Jacqueline Fernandez,no,2013,Race 2,175.75,yes,Abbas–Mustan
Jacqueline Fernandez,no,2014,Kick,402.00,yes,Sajid Nadiadwala
Jacqueline Fernandez,no,2015,Brothers,140.30,no,Karan Malhotra
Jacqueline Fernandez,no,2015,Roy,56.00,yes,Vikramjit Singh
Jacqueline Fernandez,no,2016,A Flying Jatt,56.13,yes,Remo D'Souza
Jacqueline Fernandez,no,2016,Dishoom,119.58,yes,Rohit Dhawan
Jacqueline Fernandez,no,2016,Housefull 3,194.94,yes,Sajid-Farhad
Jacqueline Fernandez,no,2017,A Gentleman,38.30,no,Raj and D.K.
Jacqueline Fernandez,no,2017,Judwaa 2,227.59,yes,David Dhawan
Jacqueline Fernandez,no,2018,Race 3,303.00,yes,Remo D'Souza
Jacqueline Fernandez,no,2019,Drive,,no,Tarun Mansukhani
Jacqueline Fernandez,no,2020,Mrs. Serial Killer,,no,Shirish Kunder
Jacqueline Fernandez,no,2021,Bhoot Police,,yes,Pavan Kirpalani
Jacqueline Fernandez,no,2022,Attack: Part 1,31.61,no,Lakshya Raj Anand
Jacqueline Fernandez,no,2022,Bachchhan Paandey,73.17,no,Farhad Samji
Jacqueline Fernandez,no,2022,Cirkus,61.47,no,Rohit Shetty
Jacqueline Fernandez,no,2022,Ram Setu,94.45,no,Abhishek Sharma
Jacqueline Fernandez,no,2025,Fateh,,no,Sonu Sood
Jacqueline Fernandez,no,2025,Housefull 5,242.80,yes,Tarun Mansukhani
Jacqueline Fitschi-Cornaz,no,2023,Mother Teresa & Me,,no,Kamal Musale
Jagapathi Babu,no,2023,Kisi Ka Bhai Kisi Ki Jaan,182.00,yes,Farhad Samji
Jagapathi Babu,no,2024,Ruslaan,2.70,no,Karan Butani
Jagdeep,no,2020,Omprakash Zindabad,,no,Ranjeet Gupta
Jagrat Desai,no,2011,Tere Mere Phere,,no,Deepa Sahi
Jahan Bloch,no,2010,Krantiveer – The Revolution,,no,Mehul Kumar
Jahnvi Rawat,no,2021,Hum Bhi Akele Tum Bhi Akele,,no,Harish Vyas
Jaid Shaikh,no,2020,The Hundred Bucks,,no,Dushyant Pratap Singh
Jaideep Ahlawat,no,2011,Rockstar,108.70,yes,Imtiaz Ali
Jaideep Ahlawat,no,2013,Commando: A One Man Army,27.00,no,Dilip Ghosh
Jaideep Ahlawat,no,2015,Meeruthiya Gangster,,no,Zeishan Quadri
Jaideep Ahlawat,no,2018,Hotel Milan,,yes,Vishal Mishra
Jaideep Ahlawat,no,2020,Khaali Peeli,,yes,Maqbool Khan
Jaideep Ahlawat,no,2021,Ajeeb Daastaans,,no,Shashank Khaitan Raj Mehta Neeraj Ghaywan Kayoze Irani
Jaideep Ahlawat,no,2022,An Action Hero,,no,Anirudh Iyer
Jaideep Ahlawat,no,2023,Jaane Jaan,,yes,Sujoy Ghosh
Jaideep Ahlawat,no,2023,Three of Us,,no,Avinash Arun Dhaware
Jaideep Ahlawat,no,2024,Maharaj,,yes,Siddharth P. Malhotra
Jaideep Ahlawat,no,2025,Jewel Thief,,yes,Kookie Gulati Robbie Garewal
Jake Ryan,no,2025,My Melbourne,,no,Kabir Khan Rima Das Onir Imtiaz Ali
Jameel Khan,no,2019,Setters,0.58,no,Ashwini Chaudhary
James McAvoy,no,2002,Bollywood Queen,,no,Jeremy Wooding
Jamie Lever,no,2023,Yaatris,,no,Harish Vyas
Jamnadas Majethia,no,2010,Khichdi: The Movie,8.10,no,Aatish Kapadia
Jamnadas Majethia,no,2023,Khichdi 2: Mission Paanthukistan,5.65,no,Aatish Kapadia
Janardhan,no,2007,50 Lakh,,no,Chandra Sekhar Yeleti
Janhvi Kapoor,yes,2020,Ghost Stories,,yes,Karan Johar Dibakar Banerjee Zoya Akhtar Anurag Kashyap
Janhvi Kapoor,yes,2020,Gunjan Saxena: The Kargil Girl,,yes,Sharan Sharma
Janhvi Kapoor,yes,2021,Roohi,30.33,yes,Hardik Mehta
Janhvi Kapoor,yes,2022,Good Luck Jerry,,yes,Sidharth Sengupta
Janhvi Kapoor,yes,2022,Mili,,yes,Mathukutty Xavier
Janhvi Kapoor,yes,2023,Bawaal,,yes,Nitesh Tiwari
Janhvi Kapoor,yes,2024,Mr. & Mrs. Mahi,51.96,yes,Sharan Sharma
Janhvi Kapoor,yes,2024,Ulajh,11.05,yes,Sudhanshu Saria
Janhvi Kapoor,yes,2025,Homebound,3.00,yes,Neeraj Ghaywan
Janhvi Kapoor,yes,2025,Param Sundari,85.83,yes,Tushar Jalota
Janhvi Kapoor,yes,2025,Sunny Sanskari Ki Tulsi Kumari,99.39,yes,Shashank Khaitan
Janki Shah,no,2004,""" Mysteries Shaque """,,no,"Vinod Chhabara ,"
Jannat Zubair Rahmani,no,2011,Aagaah: The Warning,,no,Karan Razdan
Janya Joshi,no,2020,Guilty,,no,Ruchi Narain
Jas Arora,no,2001,Monsoon Wedding,,no,Mira Nair
Jas Arora,no,2003,Chalte Chalte,43.29,yes,Aziz Mirza
Jas Arora,no,2006,Pyaar Ke Side Effects,,no,Saket Chaudhary
Jas Arora,no,2015,Ek Paheli Leela,27.47,no,Bobby Khan
Jas Arora,no,2016,Freaky Ali,21.32,yes,Sohail Khan
Jas Binag,no,2020,London Confidential,,no,Kanwal Sethi
Jas Pandher,no,2004,Shikaar,,no,Darshan Bagga
Jashan Singh & Priyanka Shukla,no,2017,Bhanwarey,,no,Shaurya Singh
Jashn Agnihotri,no,2023,Kaisi Ye Dor,,no,Ratna Neelam Pandey Sandeep S. Choudhary
Jason Lewis,no,2007,My Bollywood Bride,,no,Rajeev Virani
Jassi Gill,no,2018,Happy Phirr Bhag Jayegi,28.06,yes,Mudassar Aziz
Jassi Gill,no,2020,Panga,41.71,no,Ashwiny Iyer Tiwari
Jassie Gill,no,2021,Kya Meri Sonam Gupta Bewafa Hai?,,no,Ssaurabh Tyagi
Jassie Gill,no,2024,Wild Wild Punjab,,no,Simarpreet Singh
Jatin Goswami,no,2017,Babumoshai Bandookbaaz,12.60,no,Kushan Nandy
Jatin Goswami,no,2024,Bhaiyya Ji,11.76,no,Apoorva Singh Karki
Jatin Grewal,no,2001,Rahul,,no,Prakash Jha
Jatin Grewal,no,2005,Chetna: The Excitement,,no,Partho Ghosh
Jatin Grewal,no,2015,International Hero,,no,Sanjay Niranjan
Jatin Khurana,no,2015,Jai Jawaan Jai Kisaan,,no,Milan Ajmera
Jatin Khurana,no,2024,Tauba Tera Jalwa,,no,Akashaditya Lama
Javed Jaffrey,no,2003,Jajantaram Mamantaram,5.70,no,Soumitra Ranade
Javed Jaffrey,no,2005,Salaam Namaste,75.23,yes,Siddharth Anand
Javed Jaffrey,no,2007,Dhamaal,50.73,yes,Indra Kumar
Javed Jaffrey,no,2007,Ta Ra Rum Pum,70.00,yes,Siddharth Anand
Javed Jaffrey,no,2007,Victoria No. 203,,no,Anant Mahadevan
Javed Jaffrey,no,2008,Roadside Romeo,6.46,yes,Jugal Hansraj
Javed Jaffrey,no,2008,Shaurya,,no,Samar Khan
Javed Jaffrey,no,2008,Singh Is Kinng,136.00,no,Anees Bazmee
Javed Jaffrey,no,2009,8 x 10 Tasveer,23.58,no,Nagesh Kukunoor
Javed Jaffrey,no,2009,Daddy Cool,,no,K. Murli Manohar Rao
Javed Jaffrey,no,2009,Kambakkht Ishq,85.56,yes,Sabbir Khan
Javed Jaffrey,no,2009,Paying Guests,,no,Paritossh Painter
Javed Jaffrey,no,2011,Double Dhamaal,70.54,yes,Indra Kumar
Javed Jaffrey,no,2014,Mr Joe B. Carvalho,,yes,Samir Tiwari
Javed Jaffrey,no,2016,Ishq Forever,,no,Sameer Sippy
Javed Jaffrey,no,2019,Bala,172.00,no,Amar Kaushik
Javed Jaffrey,no,2019,Total Dhamaal,228.27,no,Indra Kumar
Javed Jaffrey,no,2020,Maska,,no,Neeraj Udhwani
Javed Jaffrey,no,2021,Bhoot Police,,yes,Pavan Kirpalani
Javed Jaffrey,no,2025,Inn Galiyon Mein,,no,Avinash Das
Javed Shaikh,no,2008,Jannat,41.50,yes,Kunal Deshmukh
Javed Sheikh,no,2005,Dus,38.84,yes,Anubhav Sinha
Javed Sheikh,no,2005,Shikhar,10.30,yes,John Matthew Matthan
Javed Sheikh,no,2007,Namastey London,71.40,yes,Vipul Amrutlal Shah
Javed Sheikh,no,2008,Yuvvraaj,31.22,yes,Subhash Ghai
Javed Sheikh,no,2010,Hum Tum Aur Ghost,8.01,no,Kabeer Kaushik
Javed Sheikh,no,2010,Kajraare,,no,Pooja Bhatt
Javed Sheikh,no,2010,Road To Sangam,,no,Amit Rai
Javed Sheikh,no,2011,Na Jaane Kabse Hum Hi,,no,Pammi Somal
Jawed Sheikh,no,2008,My Name Is Anthony Gonsalves,,no,Eeshwar Nivas
Jay Bhanushali,no,2014,Desi Kattey,,no,Anand Kumar
Jay Bhanushali,no,2014,Hate Story 2,31.07,no,Vishal Pandya
Jay Bhanushali,no,2015,Ek Paheli Leela,27.47,no,Bobby Khan
Jay Singh Rajpoot,no,2015,MSG: The Messenger,17.70,no,"Gurmeet Ram Rahim Singh , Jeetu Arora"
Jay Thakkar,no,2025,Kapkapiii,,yes,Sangeeth Sivan
Jaya Ahsan,no,2023,Kadak Singh,,no,Aniruddha Roy Chowdhury
Jaya Bachchan,no,2000,Dr Mukta,,no,
Jaya Bachchan,no,2000,Fiza,32.20,yes,Khalid Mohammed
Jaya Bachchan,no,2001,Kabhi Khushi Kabhie Gham,135.53,yes,Karan Johar
Jaya Bachchan,no,2002,Koi Mere Dil Se Poochhe,,yes,Boney Kapoor
Jaya Bachchan,no,2003,Kal Ho Naa Ho,86.09,yes,Nikhil Advani
Jaya Bachchan,no,2007,Laaga Chunari Mein Daag,25.00,yes,Pradeep Sarkar
Jaya Bachchan,no,2008,Drona,15.00,yes,Goldie Behl
Jaya Bachchan,no,2016,Ki & Ka,100.33,yes,R. Balki
Jaya Bachchan,no,2023,Rocky Aur Rani Kii Prem Kahaani,355.61,yes,Karan Johar
Jaya Bhaduri,no,2014,Sholay 3D,58.00,no,Ramesh Sippy
Jaya Bhattacharya,no,2006,Jigyaasa,,no,Faisal Saif
Jaya Bhattacharya,no,2023,Minus 31: The Nagpur Files,0.06,no,Pratik Moitro
Jaya Prada,no,2013,Rajjo,,no,Vishwas Patil
Jaya Prada,no,2025,Riwaj,,no,Manoj Sati
Jaya Seal,no,2002,Desh Devi,,no,Milind Ukey
Jayant Kripalani,no,2014,One by Two,3.77,yes,Devika Bhagat
Jayesh Raj & Sonal Singh,no,2017,Flat 211,,no,Sunil Sanjan
Jayshree Soni,no,2015,MSG: The Messenger,17.70,no,"Gurmeet Ram Rahim Singh , Jeetu Arora"
Jaz Pandher,no,2003,Indian Babu,,no,Lawrence D'Souza
Jeet Goshwami,no,2014,Bazaar-E-Husn,,no,Ajay Mehra
Jeetendra,no,2003,Kucch To Hai,11.00,yes,Anurag Basu
Jeetu Shivhare,no,2017,Babumoshai Bandookbaaz,12.60,no,Kushan Nandy
Jennifer Winget,no,2018,Phir Se...,,no,Kunal Kohli
Jesse Randhawa,no,2009,Gulaal,,no,Anurag Kashyap
Jhanvi Kapoor,no,2018,Dhadak,110.11,yes,Shashank Khaitan
Jhataleka Malhotra,no,2021,Tuesdays and Fridays,,no,Taranveer Singh
Jiah Khan,no,2007,Nishabd,,no,Ram Gopal Varma
Jiah Khan,no,2008,Ghajini,232.00,yes,A. R. Murugadoss
Jiah Khan,no,2010,Housefull,114.18,no,Sajid Khan
Jibraan Khan,no,2024,Ishq Vishk Rebound,6.13,yes,Nipun Dharmadhikari
Jigar Rupareliya,no,2020,Street Dancer 3D,97.00,yes,Remo D'Souza
Jihan Jeetendra Hodar,no,2024,OutHouse,,no,Sunil Sukthankar
Jiiva,no,2021,83,193.73,no,Kabir Khan
Jim Sarbh,no,2017,A Death in the Gunj,1.37,no,Konkona Sen Sharma
Jim Sarbh,no,2017,Raabta,39.05,no,Dinesh Vijan
Jim Sarbh,no,2019,House Arrest,,no,Shashanka Ghosh and Samit Basu
Jim Sarbh,no,2019,Moothon,,no,Geetu Mohandas
Jim Sarbh,no,2020,Taish,,no,Bejoy Nambiar
Jim Sarbh,no,2025,Inspector Zende,,no,Chinmay Mandlekar
Jim Sarbh,no,2025,Pune Highway,,no,Rahul da Cunha Bugs Bhargava Krishna
Jimit Trivedi,no,2019,Mard Ko Dard Nahi Hota,2.03,no,Vasan Bala
Jimmy Sheirgill,no,2000,Mohabbatein,76.91,yes,Aditya Chopra
Jimmy Sheirgill,no,2002,Dil Hai Tumhaara,18.03,yes,Kundan Shah
Jimmy Sheirgill,no,2002,Dil Vil Pyar Vyar,4.65,no,Anant Mahadevan
Jimmy Sheirgill,no,2003,Haasil,,no,Tigmanshu Dhulia
Jimmy Sheirgill,no,2003,Munna Bhai M.B.B.S.,36.29,yes,Rajkumar Hirani
Jimmy Sheirgill,no,2004,Hum Tum,43.22,yes,Kunal Kohli
Jimmy Sheirgill,no,2006,Bas Ek Pal,,no,Onir
Jimmy Sheirgill,no,2006,"Tom, Dick, and Harry",,no,Deepak Tijori
Jimmy Sheirgill,no,2006,Umar,,no,Karan Razdan
Jimmy Sheirgill,no,2007,Chhodon Naa Yaar,0.26,no,Dillip Sood
Jimmy Sheirgill,no,2007,Delhii Heights,0.99,no,Anand Kumar
Jimmy Sheirgill,no,2007,Eklavya: The Royal Guard,38.00,yes,Vidhu Vinod Chopra
Jimmy Sheirgill,no,2007,Raqeeb,,no,Anurag Singh
Jimmy Sheirgill,no,2007,Strangers,,no,Aanand L. Rai
Jimmy Sheirgill,no,2007,Victoria No. 203,,no,Anant Mahadevan
Jimmy Sheirgill,no,2008,A Wednesday!,12.00,no,Neeraj Pandey
Jimmy Sheirgill,no,2009,Marega Salaa,,no,Devang Dholkia
Jimmy Sheirgill,no,2011,Game,12.87,yes,Abhinay Deo
Jimmy Sheirgill,no,2011,"Saheb, Biwi Aur Gangster",10.75,no,Tigmanshu Dhulia
Jimmy Sheirgill,no,2011,Tanu Weds Manu,56.00,no,Aanand L. Rai
Jimmy Sheirgill,no,2012,Dangerous Ishq,8.69,yes,Vikram Bhatt
Jimmy Sheirgill,no,2013,Bullett Raja,53.60,yes,Tigmanshu Dhulia
Jimmy Sheirgill,no,2013,"Saheb, Biwi Aur Gangster Returns",28.80,yes,Tigmanshu Dhulia
Jimmy Sheirgill,no,2013,Special 26,103.00,no,Neeraj Pandey
Jimmy Sheirgill,no,2014,Darr @ the Mall,7.80,no,Pawan Kripalani
Jimmy Sheirgill,no,2014,Fugly,13.60,yes,Kabir Sadanand
Jimmy Sheirgill,no,2015,Uvaa,,no,Jasbir Bhaati
Jimmy Sheirgill,no,2016,Happy Bhag Jayegi,46.50,yes,Mudassar Aziz
Jimmy Sheirgill,no,2016,Madaari,28.70,no,Nishikant Kamat
Jimmy Sheirgill,no,2016,Shorgul,,no,"Pranav Kumar Singh , Jitendra Tiwari"
Jimmy Sheirgill,no,2016,Traffic,11.65,no,Rajesh Pillai
Jimmy Sheirgill,no,2016,Yea Toh Two Much Ho Gayaa,,yes,Anwer Khan
Jimmy Sheirgill,no,2017,Ranchi Diaries,,no,Sattwik Mohanty
Jimmy Sheirgill,no,2018,Mukkabaaz,10.51,no,Anurag Kashyap
Jimmy Sheirgill,no,2018,Phamous,,no,Karan Lalit Butani
Jimmy Sheirgill,no,2018,"Saheb, Biwi Aur Gangster 3",10.20,yes,Tigmanshu Dhulia
Jimmy Sheirgill,no,2018,Veerey Ki Wedding,,no,Ashu Trikha
Jimmy Sheirgill,no,2019,De De Pyaar De,143.04,no,Akiv Ali
Jimmy Sheirgill,no,2019,Family of Thakurganj,15.00,no,Manoj K. Jha
Jimmy Sheirgill,no,2019,Jhootha Kahin Ka,2.57,yes,Smeep Kang
Jimmy Sheirgill,no,2019,Judgementall Hai Kya,44.92,no,Prakash Kovelamudi
Jimmy Sheirgill,no,2019,P Se Pyaar F Se Faraar,,no,Manoj Tiwari
Jimmy Sheirgill,no,2021,Collar Bomb,,no,Dnyanesh Zoting
Jimmy Sheirgill,no,2024,Auron Mein Kahan Dum Tha,12.91,no,Neeraj Pandey
Jimmy Sheirgill,no,2024,Phir Aayi Hasseen Dillruba,,yes,Jayprad Desai
Jimmy Shergill,no,2001,Yeh Zindagi Ka Safar,,no,Tanuja Chandra
Jimmy Shergill,no,2002,Kehtaa Hai Dil Baar Baar,,no,Rahul Dholakia
Jimmy Shergill,no,2002,Mere Yaar Ki Shaadi Hai,16.54,yes,Sanjay Gadhvi
Jimmy Shergill,no,2004,Agnipankh,28.00,no,Sanjeev Puri
Jimmy Shergill,no,2004,Charas,0.51,yes,Tigmanshu Dhulia
Jimmy Shergill,no,2005,Silsiilay,,no,Khalid Mohamed
Jimmy Shergill,no,2005,Yahaan,,no,Shoojit Sircar
Jimmy Shergill,no,2006,Lage Raho Munna Bhai,126.20,yes,Rajkumar Hirani
Jimmy Shergill,no,2010,A Flat,,no,Raaj Verma
Jimmy Shergill,no,2010,My Name Is Khan,220.30,yes,Karan Johar
Jimmy Shergill,no,2014,Bang Bang!,333.00,yes,Siddharth Anand
Jimmy Shergill,no,2016,Shortcut Safari,,no,Amitabha Singh
Jimmy Shergill,no,2018,Happy Phirr Bhag Jayegi,28.06,yes,Mudassar Aziz
Jimmy Shergill,no,2019,SP Chauhan,,no,Manoj K Jha
Jimmy Shergill,no,2023,Aazam,,no,Shravan Tiwari
Jimmy Shergill,no,2023,Operation Mayfair,,no,Sudipto Sarkar
Jimmy Shergill,no,2024,Sikandar Ka Muqaddar,,no,Neeraj Pandey
Jinal Belani,no,2017,Patel Ki Punjabi Shaadi,,yes,Sanjay Chhel
Jishnu Raghavan,no,2016,Traffic,11.65,no,Rajesh Pillai
Jisshu Sengupta,no,2008,The Last Lear,,no,Rituparno Ghosh
Jisshu Sengupta,no,2014,Mardaani,59.55,yes,Pradeep Sarkar
Jisshu Sengupta,no,2015,Piku,141.00,no,Shoojit Sircar
Jisshu Sengupta,no,2019,Manikarnika: The Queen of Jhansi,132.95,no,Radha Krishna Jagarlamudi Kangana Ranaut
Jisshu Sengupta,no,2019,Mardaani 2,67.12,yes,Gopi Puthran
Jisshu Sengupta,no,2020,Durgamati,,no,G. Ashok
Jisshu Sengupta,no,2020,Shakuntala Devi,,no,Anu Menon
Jisshu Sengupta,no,2021,The Power,,yes,Mahesh Manjrekar
Jisshu Sengupta,no,2024,Lantrani,,no,Gurvinder Singh Kaushik Ganguly Bhaskar Hazarika
Jitendra Joshi,no,2024,Agni,,no,Rahul Dholakia
Jitendra Kumar,no,2019,Gone Kesh,,no,Qasim Khallow
Jitendra Kumar,no,2020,Chaman Bahaar,,no,Apurva Dhar Badgaiyann
Jitendra Kumar,no,2020,Shubh Mangal Zyada Saavdhan,87.00,no,Hitesh Kewalya
Jitendra Kumar,no,2022,Jaadugar,,no,Sameer Saxena
Jitendra Kumar,no,2023,Dry Day,,no,Saurabh Shukla
Jitendra Kumar,no,2024,Lantrani,,no,Gurvinder Singh Kaushik Ganguly Bhaskar Hazarika
Jitendra Kumar,no,2025,Bhagwat: Chapter One – Raakshas,,no,Akshay Shere
Jitin Gulati,no,2013,Warning,,no,Gurmmeet Singh
Jitu Shivhare,no,2021,Urf Ghanta,,no,Aayush Saxena
Jividha Sharma,no,2002,Yeh Dil Aashiqanaa,10.57,no,Kuku Kohli
Jiya Sarang,no,2009,Aamras,,no,Rupali Guha
John Abraham,no,2003,Jism,13.41,no,Anurag Basu
John Abraham,no,2003,Paap,,no,Pooja Bhatt
John Abraham,no,2003,Saaya,,no,Anurag Basu
John Abraham,no,2004,Aetbaar,8.00,no,Vikram Bhatt
John Abraham,no,2004,Dhoom,72.47,yes,Sanjay Gadhvi
John Abraham,no,2004,Lakeer – Forbidden Lines,,yes,Ahmed Khan
John Abraham,no,2004,Madhoshi,,no,Tanveer Khan
John Abraham,no,2004,Paap,,no,Pooja Bhatt
John Abraham,no,2005,Elaan,,no,Vikram Bhatt
John Abraham,no,2005,Garam Masala,64.65,no,Priyadarshan
John Abraham,no,2005,Kaal,28.50,yes,Soham Shah
John Abraham,no,2005,Karam,7.76,no,Sanjay F. Gupta
John Abraham,no,2005,Shikhar,10.30,yes,John Matthew Matthan
John Abraham,no,2005,Viruddh... Family Comes First,18.51,yes,Mahesh Manjrekar
John Abraham,no,2005,Water,,no,Deepa Mehta
John Abraham,no,2006,Baabul,39.00,yes,Ravi Chopra
John Abraham,no,2006,Kabul Express,,no,Kabir Khan
John Abraham,no,2006,Taxi No. 9211,32.17,no,Milan Luthria
John Abraham,no,2006,Zinda,17.60,yes,Sanjay Gupta
John Abraham,no,2007,Goal,21.72,no,Vivek Agnihotri
John Abraham,no,2007,Hattrick,,no,Milan Luthria
John Abraham,no,2007,No Smoking,3.49,no,Anurag Kashyap
John Abraham,no,2007,Salaam-e-Ishq: A Tribute to Love,52.24,yes,Nikhil Advani
John Abraham,no,2007,Water,,no,Deepa Mehta
John Abraham,no,2008,Dostana,87.00,yes,Tarun Mansukhani
John Abraham,no,2009,Little Zizou,,no,Sooni Taraporevala
John Abraham,no,2009,New York,78.34,no,Kabir Khan
John Abraham,no,2010,Aashayein,2.20,no,Nagesh Kukunoor
John Abraham,no,2010,Jhootha Hi Sahi,15.60,yes,Abbas Tyrewala
John Abraham,no,2011,7 Khoon Maaf,33.00,no,Vishal Bhardwaj
John Abraham,no,2011,Desi Boyz,77.00,yes,Rohit Dhawan
John Abraham,no,2011,Force,40.00,yes,Nishikant Kamat
John Abraham,no,2012,Housefull 2,179.15,yes,Sajid Khan
John Abraham,no,2012,Vicky Donor,68.32,no,Shoojit Sircar
John Abraham,no,2013,"I, Me Aur Main",13.82,no,Kapil Sharma
John Abraham,no,2013,Madras Cafe,67.00,no,Shoojit Sircar
John Abraham,no,2013,Race 2,175.75,yes,Abbas–Mustan
John Abraham,no,2013,Shootout at Wadala,82.00,no,Sanjay Gupta
John Abraham,no,2015,Welcome Back,168.76,no,Anees Bazmee
John Abraham,no,2016,Dishoom,119.58,yes,Rohit Dhawan
John Abraham,no,2016,Force 2,58.80,yes,Abhinay Deo
John Abraham,no,2016,Rocky Handsome,35.00,no,Nishikant Kamat
John Abraham,no,2016,Wazir,78.69,no,Bejoy Nambiar
John Abraham,no,2018,Parmanu: The Story Of Pokhran,91.38,no,Abhishek Sharma
John Abraham,no,2018,Satyameva Jayate,110.00,no,Milap Zaveri
John Abraham,no,2019,Batla House,113.38,no,Nikhil Advani
John Abraham,no,2019,Pagalpanti,49.17,no,Anees Bazmee
John Abraham,no,2019,Romeo Akbar Walter,53.48,no,Robbie Garewal
John Abraham,no,2021,Mumbai Saga,22.29,yes,Sanjay Gupta
John Abraham,no,2021,Sardar Ka Grandson,,yes,Kaashvie Nair
John Abraham,no,2021,Satyameva Jayate 2,17.29,no,Milap Zaveri
John Abraham,no,2022,Attack: Part 1,31.61,no,Lakshya Raj Anand
John Abraham,no,2022,Ek Villain Returns,68.64,yes,Mohit Suri
John Abraham,no,2023,Pathaan,0.00,no,Siddharth Anand
John Abraham,no,2024,Vedaa,26.71,no,Nikkhil Advani
John Abraham,no,2025,Tehran,,no,Arun Gopalan
John Abraham,no,2025,The Diplomat,53.14,no,Shivam Nair
Johnny Lever,no,2000,Badal,26.91,yes,Raj Kanwar
Johnny Lever,no,2000,Dulhan Hum Le Jayenge,36.87,yes,David Dhawan
Johnny Lever,no,2000,Joru Ka Ghulam,13.10,yes,Shakeel Noorani
Johnny Lever,no,2000,Raju Chacha,20.92,yes,Anil Devgan
Johnny Lever,no,2001,Aamdani Atthanni Kharcha Rupaiya,,no,K. Raghavendra Rao
Johnny Lever,no,2001,Aashiq,18.75,yes,Indra Kumar
Johnny Lever,no,2001,Ajnabee,31.83,yes,Abbas Mustan
Johnny Lever,no,2001,Nayak,20.56,yes,S. Shankar
Johnny Lever,no,2002,Akhiyon Se Goli Maare,,no,Harmesh Malhotra
Johnny Lever,no,2002,Awara Paagal Deewana,27.58,no,Vikram Bhatt
Johnny Lever,no,2002,Chalo Ishq Ladaaye,1.70,yes,Aziz Sejawal
Johnny Lever,no,2002,Humraaz,29.71,yes,Abbas–Mustan
Johnny Lever,no,2002,Yeh Mohabbat Hai,,yes,Umesh Mehra
Johnny Lever,no,2003,Indian Babu,,no,Lawrence D'Souza
Johnny Lever,no,2003,Kucch To Hai,11.00,yes,Anurag Basu
Johnny Lever,no,2003,Main Prem Ki Diwani Hoon,39.31,yes,Sooraj R. Barjatya
Johnny Lever,no,2005,Deewane Huye Paagal,26.50,yes,Vikram Bhatt
Johnny Lever,no,2005,Padmashree Laloo Prasad Yadav,,no,Mahesh Manjrekar
Johnny Lever,no,2006,Aisa Kyon Hota Hai?,,no,Ajay Kanchan
Johnny Lever,no,2006,Saawan... The Love Season,,yes,Saawan Kumar Tak
Johnny Lever,no,2007,Fool & Final,27.62,yes,Ahmed Khan
Johnny Lever,no,2007,Victoria No. 203,,no,Anant Mahadevan
Johnny Lever,no,2009,Aao Wish Karein,,no,Glenn Baretto
Johnny Lever,no,2009,All the Best: Fun Begins,61.00,yes,Rohit Shetty
Johnny Lever,no,2009,De Dana Dan,81.85,no,Priyadarshan
Johnny Lever,no,2009,Dhoondte Reh Jaaoge,,yes,Umesh Shukla
Johnny Lever,no,2009,Paying Guests,,no,Paritossh Painter
Johnny Lever,no,2010,Dulha Mil Gaya,,yes,Muddassar Aziz
Johnny Lever,no,2010,Golmaal 3,167.00,yes,Rohit Shetty
Johnny Lever,no,2010,Khatta Meetha,62.79,no,Priyadarshan
Johnny Lever,no,2010,Prem Kaa Game,,yes,Ashok Kheny
Johnny Lever,no,2011,Bin Bulaye Baraati,,no,Chandrakant Singh
Johnny Lever,no,2011,Masti Express,,no,Vikram Pradhan
Johnny Lever,no,2011,Oh God! Saare Hain Fraud,,no,Ashu Trikha
Johnny Lever,no,2011,Yamla Pagla Deewana,88.00,yes,Samir Karnik
Johnny Lever,no,2012,Housefull 2,179.15,yes,Sajid Khan
Johnny Lever,no,2012,Players,45.52,yes,Abbas–Mustan
Johnny Lever,no,2013,Enemmy,,no,Ashu Trikha
Johnny Lever,no,2017,Judwaa 2,227.59,yes,David Dhawan
Johnny Lever,no,2023,Bad Boy,,no,Rajkumar Santoshi
Johnny Lever,no,2024,Lantrani,,no,Gurvinder Singh Kaushik Ganguly Bhaskar Hazarika
Johnny Lever,no,2025,Be Happy,,yes,Remo D'Souza
Johnny Lever,no,2025,Housefull 5,242.80,yes,Tarun Mansukhani
Johny Lever,no,2000,Mela,25.00,yes,Dharmesh Darshan
Johny Lever,no,2000,Phir Bhi Dil Hai Hindustani,25.46,no,Aziz Mirza
Johny Lever,no,2002,Annarth,,yes,Ravi Dewan
Johny Lever,no,2006,36 China Town,38.00,yes,Abbas–Mustan
Johny Lever,no,2006,Phir Hera Pheri,69.00,no,Neeraj Vora
Johny Lever,no,2013,Boss,102.82,no,Anthony D'Souza
Johny Lever,no,2013,Singh Saab The Great,40.67,yes,Anil Sharma
Johny Lever,no,2021,Hungama 2,,yes,Priyadarshan
Johny Lever,no,2024,I Want to Talk,1.25,yes,Shoojit Sircar
Johny Lever,no,2025,Badass Ravi Kumar,9.66,no,Keith Gomes
Jolly Bhatia,no,2023,Pyar Ki Policy,,no,Sudhish Kumar Sharma
Joy Mukherjee,no,2013,Love in Bombay,,no,Joy Mukherjee
Joy Sengupta,no,2014,Bhopal: A Prayer for Rain,,no,Ravi Kumar
Joy Sengupta,no,2015,Take It Easy,,no,Sunil Prem Vyas
Joy Sengupta,no,2019,Jhalki,,no,Brahmanand S. Siingh
Joy Sengupta,no,2020,Class of '83,,yes,Atul Sabharwal
Joydip Mukhopadhyay,no,2016,Kaafiron Ki Namaaz,,no,Ram Ramesh Sharma
Joyraj Bhattacharya,no,2020,Chippa,,no,Safdar Rehman
Jugal Hansraj,no,2000,Mohabbatein,76.91,yes,Aditya Chopra
Jugal Hansraj,no,2002,Hum Pyar Tumhi Se Kar Baithe,,no,Mohan Singh Rathod
Jugal Hansraj,no,2005,Salaam Namaste,75.23,yes,Siddharth Anand
Jugal Hansraj,no,2007,Aaja Nachle,,yes,Anil Mehta
Jugal Hansraj,no,2016,Kahaani 2: Durga Rani Singh,54.70,no,Sujoy Ghosh
Jugal Hansraj,no,2023,Shiv Shastri Balboa,,no,Ajayan Venugopalan
Jugal Hansraj,no,2025,Nadaaniyan,,yes,Shauna Gautam
Juhi Babbar,yes,2003,Kash Aap Hamare Hote,1.64,yes,Ravindra Peepat
Juhi Babbar,yes,2006,Unns...Means Love,,yes,Bhupender Gupta
Juhi Babbar,yes,2023,Faraaz,,yes,Hansal Mehta
Juhi Babbar,yes,2023,Farrey,2.25,yes,Soumendra Padhi
Juhi Chawla,no,2000,Gang,,no,Mazhar Khan
Juhi Chawla,no,2000,Karobaar: The Business of Love,2.84,yes,Rakesh Roshan
Juhi Chawla,no,2000,Phir Bhi Dil Hai Hindustani,25.46,no,Aziz Mirza
Juhi Chawla,no,2001,Aamdani Atthanni Kharcha Rupaiya,,no,K. Raghavendra Rao
Juhi Chawla,no,2001,Ek Rishtaa: The Bond of Love,36.50,yes,Suneel Darshan
Juhi Chawla,no,2001,One 2 Ka 4,13.82,no,Shashilal K. Nair
Juhi Chawla,no,2003,3 Deewarein,,no,Nagesh Kukunoor
Juhi Chawla,no,2003,Jhankaar Beats,,yes,Sujoy Ghosh
Juhi Chawla,no,2005,7½ Phere,,no,Ishaan Trvedi
Juhi Chawla,no,2005,Dosti: Friends Forever,23.00,yes,Suneel Darshan
Juhi Chawla,no,2005,Home Delivery,,yes,Sujoy Ghosh
Juhi Chawla,no,2005,Khamoshh... Khauff Ki Raat,1.04,no,Deepak Tijori
Juhi Chawla,no,2005,My Brother... Nikhil,0.05,no,Onir
Juhi Chawla,no,2005,Paheli,32.00,yes,Amol Palekar
Juhi Chawla,no,2006,Bas Ek Pal,,no,Onir
Juhi Chawla,no,2007,Salaam-e-Ishq: A Tribute to Love,52.24,yes,Nikhil Advani
Juhi Chawla,no,2007,Swami,,no,Ganesh Acharya
Juhi Chawla,no,2008,Bhoothnath,70.00,no,Vivek Sharma
Juhi Chawla,no,2008,Kismat Konnection,,yes,Aziz Mirza
Juhi Chawla,no,2008,Krazzy 4,32.27,no,Jaideep Sen
Juhi Chawla,no,2009,Kal Kissne Dekha,,yes,Vivek Sharma
Juhi Chawla,no,2009,Luck by Chance,29.00,yes,Zoya Akhtar
Juhi Chawla,no,2010,Ramayana: The Epic,0.98,no,Cheetan Desai
Juhi Chawla,no,2010,Sukhmani: Hope for Life,,no,Manjeet Mann
Juhi Chawla,no,2011,I Am,0.67,no,Onir
Juhi Chawla,no,2012,Krishna Aur Kans,,no,Vikram Veturi
Juhi Chawla,no,2012,Son Of Sardaar,161.48,yes,Ashwni Dhir
Juhi Chawla,no,2013,Hum Hai Raahi Car Ke,,yes,Jyotin Goel
Juhi Chawla,no,2013,Main Krishna Hoon,,yes,Rajiv S. Ruia
Juhi Chawla,no,2014,Gulaab Gang,22.70,no,Soumik Sen
Juhi Chawla,no,2016,Chalk n Duster,,yes,Jayant Gilatar
Juhi Chawla,no,2019,Ek Ladki Ko Dekha Toh Aisa Laga,39.86,yes,Shelly Chopra Dhar
Juhi Chawla,no,2022,Sharmaji Namkeen,,yes,Hitesh Bhatia
Juhi Chawla,no,2023,Friday Night Plan,,yes,Vatsal Neelakantan
Julia Bliss,no,2012,Ghost,,no,Puja Jatinder Bedi
Julian Sands,no,2020,Yeh Ballet,,no,Sooni Taraporevala
Julie Tejwani,no,2019,Chhota Bheem Kung Fu Dhamaka,,no,Rajiv Chilaka
Junaid Khan,yes,2024,Maharaj,,yes,Siddharth P. Malhotra
Junaid Khan,yes,2025,Loveyapa,8.99,yes,Advait Chandan
Jyothi Rana,no,2014,Karar: The Deal,,no,Sabir
Jyothika,no,2024,Shaitaan,211.06,no,Vikas Bahl
Jyothika,no,2024,Srikanth,62.92,no,Tushar Hiranandani
Jyoti Dogra,no,2004,Hyderabad Blues 2,,no,Nagesh Kukunoor
Jyoti Dubey,no,2023,Sir Madam Sarpanch,,no,Praveen Morchhale
Jyoti Gauba,no,2010,Idiot Box,,no,Sunanda Mitra
Jyoti Kapoor,no,2025,Well Done CA Sahab!,,no,Sarvesh Kumar Singh
Jyoti Sharma,no,2015,Love Exchange,,no,Raj V Shetty
Jyoti Singh,no,2017,Yadvi – The Dignified Princess,,no,Jyoti Singh
Jyoti Subhash,no,2020,Ghost Stories,,yes,Karan Johar Dibakar Banerjee Zoya Akhtar Anurag Kashyap
K K Binojee,no,2020,Beautiful,,no,Agastya Manju
K K Raina,no,2014,Zed Plus,,no,Chandraprakash Dwivedi
K. K. Raina,no,2014,19th January,,no,Sanjay Amar
K.K. Raina,no,2014,Jigariyaa,,no,Raj Purohit
K.K. Raina,no,2016,Mirzya,13.50,yes,Rakeysh Omprakash Mehra
KK Raina,no,2008,Hijack,,yes,Kunal Shivdasani
Kabir Bedi,no,2002,Maine Dil Tujhko Diya,,yes,Sohail Khan
Kabir Bedi,no,2005,Taj Mahal: An Eternal Love Story,31.10,yes,Akbar Khan
Kabir Bedi,no,2011,Miley Naa Miley Hum,,no,Tanveer Khan
Kabir Bedi,no,2012,Chakravyuh,25.70,yes,Prakash Jha
Kabir Bedi,no,2016,Mohenjo Daro,107.80,yes,Ashutosh Gowariker
Kabir Bedi,no,2018,Jaane Kyun De Yaaron,,no,Akshay Anand
Kabir Bedi,no,2024,Berlin,,no,Atul Sabharwal
Kabir Bedi,no,2025,Aachari Baa,,no,Hardik Gajjar
Kabir Nanda,no,2025,Ghich Pich,,no,Ankur Singla
Kabir Sadanand,no,2001,Deewaanapan,10.00,no,Ashu Trikha
Kabir Sadanand,no,2003,Ek Din 24 Ghante,,no,Anant Balani
Kabir Sadanand,no,2004,Chameli,,yes,Sudhir Mishra
Kabir Sadanand,no,2007,Chhodon Naa Yaar,0.26,no,Dillip Sood
Kader Khan,no,2000,Dulhan Hum Le Jayenge,36.87,yes,David Dhawan
Kader Khan,no,2000,Joru Ka Ghulam,13.10,yes,Shakeel Noorani
Kader Khan,no,2000,Tera Jadoo Chal Gayaa,,yes,A. Muthu
Kader Khan,no,2002,Akhiyon Se Goli Maare,,no,Harmesh Malhotra
Kader Khan,no,2002,Chalo Ishq Ladaaye,1.70,yes,Aziz Sejawal
Kader Khan,no,2004,Kaun Hai Jo Sapno Mein Aaya,,no,Rajesh Bhatt
Kader Khan,no,2004,Muskaan,,no,"Rohit Nayyar , Rohit Manash"
Kader Khan,no,2006,Jigyaasa,,no,Faisal Saif
Kader Khan,no,2006,Umar,,no,Karan Razdan
Kader Khan,no,2007,Jahan Jaaeyega Hamen Paaeyega,,no,Janmendra Ahuja
Kader Khan,no,2008,Mehbooba,3.78,yes,Afzal Khan
Kahkkashan Aryan,no,2012,Sadda Adda,,no,Muazzam Beg
Kainaat Arora,no,2013,Grand Masti,148.23,yes,Indra Kumar
Kainaat Arora,no,2024,Tipppsy,0.08,no,Deepak Tijori
Kainaat Insan,no,2016,MSG: The Warrior Lion Heart,,no,"Gurmeet Ram Rahim Singh , Honeypreet Insan"
Kainaz Motivala,no,2011,Ragini MMS,90.00,no,Pawan Kripalani
Kainaz Motivala,no,2012,Challo Driver,,no,Vickrant Mahajan
Kaishav Arora,no,2011,Yeh Dooriyan,,no,Deepshika
Kajal Aggarwal,no,2004,Kyun! Ho Gaya Na...,16.35,yes,Samir Karnik
Kajal Aggarwal,no,2011,Singham,147.89,no,Rohit Shetty
Kajal Aggarwal,no,2013,Special 26,103.00,no,Neeraj Pandey
Kajal Aggarwal,no,2016,Do Lafzon Ki Kahani,4.00,no,Deepak Tijori
Kajal Aggarwal,no,2016,Final Cut of Director,,no,Bharathiraja
Kajal Aggarwal,no,2021,Mumbai Saga,22.29,yes,Sanjay Gupta
Kajal Aggarwal,no,2025,Sikandar,176.18,yes,AR Murugadoss
Kajol,yes,2000,Raju Chacha,20.92,yes,Anil Devgan
Kajol,yes,2001,Kabhi Khushi Kabhie Gham,135.53,yes,Karan Johar
Kajol,yes,2001,Kuch Khatti Kuch Meethi,10.55,yes,Rahul Rawail
Kajol,yes,2006,Fanaa,103.00,yes,Kunal Kohli
Kajol,yes,2008,Haal-e-Dil,0.72,yes,Anil Devgan
Kajol,yes,2008,Rab Ne Bana Di Jodi,157.00,yes,Aditya Chopra
Kajol,yes,2008,U Me Aur Hum,40.02,yes,Ajay Devgn
Kajol,yes,2010,My Name Is Khan,220.30,yes,Karan Johar
Kajol,yes,2010,Toonpur Ka Superrhero,7.09,yes,Kireet Khurana
Kajol,yes,2010,We Are Family,,yes,Siddharth Malhotra
Kajol,yes,2015,Dilwale,376.00,yes,Rohit Shetty
Kajol,yes,2018,Helicopter Eela,8.24,yes,Pradeep Sarkar
Kajol,yes,2020,Tanhaji,368.00,yes,Om Raut
Kajol,yes,2021,Tribhanga,,yes,Renuka Shahane
Kajol,yes,2022,Salaam Venky,1.99,yes,Revathi
Kajol,yes,2023,Lust Stories 2,,yes,R. Balki Konkona Sen Sharma Amit Ravindernath Sharma Sujoy Ghosh
Kajol,yes,2024,Do Patti,,yes,Shashanka Chaturvedi
Kajol,yes,2025,Maa,51.64,yes,Vishal Furia
Kajol,yes,2025,Sarzameen,,yes,Kayoze Irani
Kal Penn,no,2007,The Namesake,,no,Mira Nair
Kal Penn,no,2014,Bhopal: A Prayer for Rain,,no,Ravi Kumar
Kalki Koechlin,no,2009,Dev.D,20.82,yes,Anurag Kashyap
Kalki Koechlin,no,2010,The Film Emotional Atyachar,,no,Akshay Shere
Kalki Koechlin,no,2011,My Friend Pinto,1.80,yes,Raghav Dar
Kalki Koechlin,no,2011,Shaitan,39.76,no,Bejoy Nambiar
Kalki Koechlin,no,2011,That Girl in Yellow Boots,,no,Anurag Kashyap
Kalki Koechlin,no,2011,Zindagi Na Milegi Dobara,163.00,yes,Zoya Akhtar
Kalki Koechlin,no,2012,Shanghai,34.90,yes,Dibakar Banerjee
Kalki Koechlin,no,2013,Ek Thi Daayan,40.25,yes,Kannan Iyer
Kalki Koechlin,no,2013,Yeh Jawaani Hai Deewani,319.01,yes,Ayan Mukerji
Kalki Koechlin,no,2014,Happy Ending,38.00,yes,Raj Nidimoru and Krishna DK
Kalki Koechlin,no,2015,Margarita with a Straw,7.40,no,Shonali Bose
Kalki Koechlin,no,2015,Waiting,3.50,no,Anu Menon
Kalki Koechlin,no,2017,A Death in the Gunj,1.37,no,Konkona Sen Sharma
Kalki Koechlin,no,2017,Jia aur Jia,0.87,no,Howard Rosemeyer
Kalki Koechlin,no,2017,Mantra,,no,Nicholas Kharkongor
Kalki Koechlin,no,2017,Ribbon,0.53,no,Rakhee Sandilya
Kalki Koechlin,no,2020,Kadakh,,no,Rajat Kapoor
Kalki Koechlin,no,2023,Goldfish,,no,Pushan Kripalani
Kalpan Mitra,no,2020,Chippa,,no,Safdar Rehman
Kalyanee Mulay,no,2023,Guthlee Ladoo,,no,Ishrat R. Khan
Kamaal Khan,no,2005,Jo Bole So Nihaal,,yes,Rahul Rawail
Kamaal Rashid Khan,no,2008,Deshdrohi,0.89,no,Jagdish A. Sharma
Kamal Haasan,no,2000,Hey Ram,11.30,yes,Kamal Haasan
Kamal Haasan,no,2001,Abhay,,no,Suresh Krissna
Kamal Haasan,no,2005,Mumbai Xpress,5.17,no,Singeetam Srinivasa Rao
Kamal Haasan,no,2013,Vishwaroopam,220.00,no,Kamal Haasan
Kamal Sadanah,no,2007,Victoria No. 203,,no,Anant Mahadevan
Kamini Kaushal,no,2019,Kabir Singh,379.02,yes,Sandeep Vanga
Kamlesh Sawant,no,2025,Mission Grey House,,no,Naushad Siddiqui
Kamlesh Sawant,no,2025,Udaipur Files,0.63,no,Bharat Shrinat
Kamya Panjabi,no,2025,Me No Pause Me Play,,no,Samar K Mukharjee
Kanchan Agnihotri,no,2023,Lafzon Mein Pyaar,,no,Raja Randeep Giri Dhiraj Mishra
Kanchan Awasthi,no,2019,Gunwali Dulhaniya,,no,Shantanu Anant Tambe
Kanchi Singh,no,2025,Udaipur Files,0.63,no,Bharat Shrinat
Kangana Ranaut,no,2006,Gangster: A Love Story,17.93,yes,Anurag Basu
Kangana Ranaut,no,2006,Woh Lamhe...,14.98,no,Mohit Suri
Kangana Ranaut,no,2007,Life in a... Metro,24.45,no,Anurag Basu
Kangana Ranaut,no,2007,Shakalaka Boom Boom,,yes,Suneel Darshan
Kangana Ranaut,no,2008,Fashion,39.29,yes,Madhur Bhandarkar
Kangana Ranaut,no,2009,Raaz: The Mystery Continues,38.09,yes,Mohit Suri
Kangana Ranaut,no,2009,Vaada Raha,,yes,Samir Karnik
Kangana Ranaut,no,2010,Kites,65.00,yes,Anurag Basu
Kangana Ranaut,no,2010,Knock Out,6.20,yes,Mani Shankar
Kangana Ranaut,no,2010,No Problem,,yes,Anees Bazmee
Kangana Ranaut,no,2010,Once Upon a Time in Mumbaai,96.44,yes,Milan Luthria
Kangana Ranaut,no,2011,Double Dhamaal,70.54,yes,Indra Kumar
Kangana Ranaut,no,2011,Game,12.87,yes,Abhinay Deo
Kangana Ranaut,no,2011,Miley Naa Miley Hum,,no,Tanveer Khan
Kangana Ranaut,no,2011,Rascals,51.01,yes,David Dhawan
Kangana Ranaut,no,2011,Ready,180.00,yes,Anees Bazmee
Kangana Ranaut,no,2011,Tanu Weds Manu,56.00,no,Aanand L. Rai
Kangana Ranaut,no,2012,Tezz,26.00,yes,Priyadarshan
Kangana Ranaut,no,2013,Krrish 3,393.37,yes,Rakesh Roshan
Kangana Ranaut,no,2013,Rajjo,,no,Vishwas Patil
Kangana Ranaut,no,2013,Shootout at Wadala,82.00,no,Sanjay Gupta
Kangana Ranaut,no,2014,Queen,95.04,no,Vikas Bahl
Kangana Ranaut,no,2014,Revolver Rani,9.00,no,Sai Kabir
Kangana Ranaut,no,2014,Ungli,50.00,yes,Rensil D'Silva
Kangana Ranaut,no,2015,I Love NY,,yes,Radhika Rao
Kangana Ranaut,no,2015,Katti Batti,,yes,Nikhil Advani
Kangana Ranaut,no,2015,Tanu Weds Manu: Returns,243.60,no,Anand L. Rai
Kangana Ranaut,no,2017,Rangoon,41.04,yes,Vishal Bhardwaj
Kangana Ranaut,no,2017,Simran,27.25,no,Hansal Mehta
Kangana Ranaut,no,2019,Judgementall Hai Kya,44.92,no,Prakash Kovelamudi
Kangana Ranaut,no,2019,Manikarnika: The Queen of Jhansi,132.95,no,Radha Krishna Jagarlamudi Kangana Ranaut
Kangana Ranaut,no,2020,Panga,41.71,no,Ashwiny Iyer Tiwari
Kangana Ranaut,no,2021,Thalaivii,,no,A. L. Vijay
Kangana Ranaut,no,2022,Dhaakad,3.77,no,Razy Ghai
Kangana Ranaut,no,2023,Tejas,5.60,no,Sarvesh Mewara
Kangana Ranaut,no,2025,Emergency,21.75,no,Kangana Ranaut
Kanika Batra,no,2014,Station,,no,Saad Khan
Kanikka Kapur,no,2025,Murderbaad,,no,Arnab Chatterjee
Kanishka Sodhi,no,2004,Shikaar,,no,Darshan Bagga
Kanwaljeet Singh,no,2010,Hello Zindagi,,no,Raja Unnithan
Kanwaljit Singh,no,2004,Dil Maange More,,yes,Anant Mahadevan
Kanwaljit Singh,no,2011,Mere Brother Ki Dulhan,,yes,Ali Abbas Zafar
Kanwaljit Singh,no,2013,Inkaar,10.02,no,Sudhir Mishra
Kanwaljit Singh,no,2021,Sardar Ka Grandson,,yes,Kaashvie Nair
Kanwaljit Singh,no,2021,Tribhanga,,yes,Renuka Shahane
Kanwaljit Singh,no,2023,Ishq-e-Nadaan,,no,Avishek Ghosh
Kanwaljit Singh,no,2025,Mrs.,,no,Aarti Kadav
Kanwalpreet Singh,no,2022,Hai Tujhe Salaam India,,no,Avanish Kumar
Kapil Jhaveri,no,2003,Dil Pardesi Ho Gayaa,,no,Saawan Kumar Tak
Kapil Jhaveri,no,2006,Aatma,,no,Deepak Ramsay
Kapil Jhaveri,no,2006,Saawan... The Love Season,,yes,Saawan Kumar Tak
Kapil Sharma,no,2010,Dunno Y... Na Jaane Kyon,,no,Sanjay Sharma
Kapil Sharma,no,2015,Kis Kisko Pyaar Karoon,71.60,no,Abbas–Mustan
Kapil Sharma,no,2017,Firangi,,no,Rajiv Dhingra
Kapil Sharma,no,2023,Zwigato,,no,Nandita Das
Kapil Sharma,no,2025,Kis Kisko Pyaar Karoon 2,14.87,no,Anukalp Goswami
Karan Dave,no,2018,Meri Nimmo,,no,M.M Shanklya
Karan Deol,yes,2019,Pal Pal Dil Ke Paas,10.00,yes,Sunny Deol
Karan Deol,yes,2021,Velle,19.36,yes,Deven Munjal
Karan Grover,no,2015,Wedding Pullav,,yes,Binod Pradhan
Karan Hariharan,no,2023,Pyaar Hai Toh Hai,,no,Pradeep R.K. Chaudhary
Karan Johar,no,2005,Home Delivery,,yes,Sujoy Ghosh
Karan Johar,no,2006,Alag,0.56,no,Ashu Trikha
Karan Johar,no,2008,C Kkompany,,yes,Sachin Yardi
Karan Johar,no,2008,Fashion,39.29,yes,Madhur Bhandarkar
Karan Johar,no,2015,Bombay Velvet,43.13,yes,Anurag Kashyap
Karan Kapadia,no,2019,Blank,6.41,yes,Behzad Khambata
Karan Kapadia,no,2020,Durgamati,,no,G. Ashok
Karan Khanna,no,2005,Bachke Rehna Re Baba,5.51,yes,Govind Menon
Karan Khanna,no,2007,Honeymoon Travels Pvt. Ltd.,19.51,yes,Reema Kagti
Karan Khanna,no,2008,U Me Aur Hum,40.02,yes,Ajay Devgn
Karan Kundra,no,2013,Horror Story,7.00,no,Ayush Raina
Karan Kundra,no,2018,1921,,no,Vikram Bhatt
Karan Kundra,no,2020,Dolly Kitty Aur Woh Chamakte Sitare,,no,Alankrita Shrivastava
Karan Kundrra,no,2023,Thank You for Coming,9.64,no,Karan Boolani
Karan Kundrra,no,2024,Tera Kya Hoga Lovely,,no,Balwinder Singh Janjua
Karan Mehra,no,2015,Badmashiyaan,,no,Amit Khanna
Karan Nath,no,2001,Paagalpan,,no,Aruna Irani
Karan Nath,no,2002,Yeh Dil Aashiqanaa,10.57,no,Kuku Kohli
Karan Nath,no,2003,LOC: Kargil,31.67,yes,J. P. Dutta
Karan Nath,no,2003,Sssshhh...,,yes,Pawan S. Kaul
Karan Nath,no,2020,Guns of Banaras,,no,Sekhar Suri
Karan Oberoi,no,2004,Kiss Kis Ko,,no,Sharad Sharan
Karan Patel,no,2013,Shootout at Wadala,82.00,no,Sanjay Gupta
Karan Patel,no,2023,Darran Chhoo,,no,Bharat Ratan
Karan Sharma,no,2005,Dil Jo Bhi Kahey...,,no,Romesh Sharma
Karan Singh Chhabra,no,2018,Fanney Khan,16.55,no,Atul Manjrekar
Karan Singh Grover,no,2008,Bhram,,no,Pavan Kaul
Karan Singh Grover,no,2012,I M 24,,no,Saurabh Shukla
Karan Singh Grover,no,2015,Alone,25.84,no,Bhushan Patel
Karan Singh Grover,no,2015,Hate Story 3,62.21,no,Vishal Pandya
Karan Singh Grover,no,2024,Fighter,344.46,yes,Siddharth Anand
Karan Tacker,no,2025,Tanvi the Great,,no,Anupam Kher
Karan Thakur,no,2017,Bhanwarey,,no,Shaurya Singh
Karan Verma,no,2023,Ajmer 92,1.00,no,Pushpendra Singh
Karan Wahi,no,2018,Hate Story IV,26.60,no,Vishal Pandya
Karanvir Bohra,no,2008,Kismat Konnection,,yes,Aziz Mirza
Karanvir Bohra,no,2014,Mumbai 125 KM,14.65,no,Hemant Madhukar
Karanvir Bohra,no,2019,Hume Tumse Pyaar Kitna,,no,Lalit Mohan
Karanvir Malhotra,no,2020,What Are the Odds,,yes,Megha Ramaswamy
Karanvir Sharma,no,2012,Sadda Adda,,no,Muazzam Beg
Karanvir Sharma,no,2014,Zid,14.15,no,Vivek Agnihotri
Karanvir Sharma,no,2016,Azhar,56.69,yes,Tony D'Souza
Kareena Kapoor,yes,2000,Refugee,35.44,yes,J. P. Dutta
Kareena Kapoor,yes,2001,Ajnabee,31.83,yes,Abbas Mustan
Kareena Kapoor,yes,2001,Aśoka,28.00,yes,Santosh Sivan
Kareena Kapoor,yes,2001,Kabhi Khushi Kabhie Gham,135.53,yes,Karan Johar
Kareena Kapoor,yes,2001,Mujhe Kucch Kehna Hai,30.99,yes,Satish Kaushik
Kareena Kapoor,yes,2001,Yaadein,34.59,yes,Subhash Ghai
Kareena Kapoor,yes,2002,Jeena Sirf Merre Liye,,yes,Satish Kaushik
Kareena Kapoor,yes,2002,Mujhse Dosti Karoge!,33.61,yes,Kunal Kohli
Kareena Kapoor,yes,2003,Khushi,,yes,S. J. Suryah
Kareena Kapoor,yes,2003,LOC: Kargil,31.67,yes,J. P. Dutta
Kareena Kapoor,yes,2003,Main Prem Ki Diwani Hoon,39.31,yes,Sooraj R. Barjatya
Kareena Kapoor,yes,2003,Talaash: The Hunt Begins...,,yes,Suneel Darshan
Kareena Kapoor,yes,2004,Aitraaz,29.00,yes,Abbas–Mustan
Kareena Kapoor,yes,2004,Chameli,,yes,Sudhir Mishra
Kareena Kapoor,yes,2004,Dev,,yes,Govind Nihalani
Kareena Kapoor,yes,2004,Fida,16.90,yes,Ken Ghosh
Kareena Kapoor,yes,2004,Hulchul,33.09,yes,Priyadarshan
Kareena Kapoor,yes,2004,Yuva,24.48,yes,Mani Ratnam
Kareena Kapoor,yes,2005,Bewafaa,33.18,yes,Dharmesh Darshan
Kareena Kapoor,yes,2005,Dosti: Friends Forever,23.00,yes,Suneel Darshan
Kareena Kapoor,yes,2005,Kyon Ki,23.15,yes,Priyadarshan
Kareena Kapoor,yes,2006,36 China Town,38.00,yes,Abbas–Mustan
Kareena Kapoor,yes,2006,Chup Chup Ke,25.58,yes,Priyadarshan
Kareena Kapoor,yes,2006,Don: The Chase Begins Again,106.00,yes,Farhan Akhtar
Kareena Kapoor,yes,2006,Omkara,42.00,yes,Vishal Bhardwaj
Kareena Kapoor,yes,2007,Jab We Met,50.90,yes,Imtiaz Ali
Kareena Kapoor,yes,2007,Kya Love Story Hai,,yes,Lovely Singh
Kareena Kapoor,yes,2008,Golmaal Returns,95.00,yes,Rohit Shetty
Kareena Kapoor,yes,2008,Halla Bol,19.39,yes,Rajkumar Santoshi
Kareena Kapoor,yes,2008,Roadside Romeo,6.46,yes,Jugal Hansraj
Kareena Kapoor,yes,2008,Tashan,51.00,yes,Vijay Krishna Acharya
Kareena Kapoor,yes,2009,3 Idiots,400.61,yes,Rajkumar Hirani
Kareena Kapoor,yes,2009,Kambakkht Ishq,85.56,yes,Sabbir Khan
Kareena Kapoor,yes,2009,Kurbaan,42.90,yes,Rensil D'Silva
Kareena Kapoor,yes,2009,Main Aurr Mrs Khanna,14.60,yes,Prem Soni
Kareena Kapoor,yes,2010,Golmaal 3,167.00,yes,Rohit Shetty
Kareena Kapoor,yes,2010,Milenge Milenge,,yes,Satish Kaushik
Kareena Kapoor,yes,2010,We Are Family,,yes,Siddharth Malhotra
Kareena Kapoor,yes,2011,Bodyguard,252.99,yes,Siddique
Kareena Kapoor,yes,2011,Ra.One,207.00,yes,Anubhav Sinha
Kareena Kapoor,yes,2012,Agent Vinod,73.00,yes,Sriram Raghavan
Kareena Kapoor,yes,2012,Ek Main Aur Ekk Tu,72.10,yes,Shakun Batra
Kareena Kapoor,yes,2012,Heroine,,yes,Madhur Bhandarkar
Kareena Kapoor,yes,2012,Talaash: The Answer Lies Within,180.83,yes,Reema Kagti
Kareena Kapoor,yes,2013,Gori Tere Pyaar Mein,20.80,yes,Punit Malhotra
Kareena Kapoor,yes,2013,Satyagraha,,yes,Prakash Jha
Kareena Kapoor,yes,2014,Singham Returns,215.00,yes,Rohit Shetty
Kareena Kapoor,yes,2015,Bajrangi Bhaijaan,920.90,yes,Kabir Khan
Kareena Kapoor,yes,2018,Veere Di Wedding,139.00,yes,Shashanka Ghosh
Kareena Kapoor,yes,2019,Good Newwz,318.57,yes,Raj Mehta
Kareena Kapoor,yes,2020,Angrezi Medium,13.54,yes,Homi Adajania
Kareena Kapoor,yes,2022,Laal Singh Chaddha,129.64,yes,Advait Chandan
Kareena Kapoor Khan,yes,2016,Ki & Ka,100.33,yes,R. Balki
Kareena Kapoor Khan,yes,2016,Udta Punjab,,yes,Abhishek Chaubey
Kareena Kapoor Khan,yes,2023,Jaane Jaan,,yes,Sujoy Ghosh
Kareena Kapoor Khan,yes,2024,Crew,157.08,yes,Rajesh A Krishnan
Kareena Kapoor Khan,yes,2024,Singham Again,389.64,yes,Rohit Shetty
Kareena Kapoor Khan,yes,2024,The Buckingham Murders,14.56,yes,Hansal Mehta
Karishma,no,2006,The Real Dream Girls,,no,Suresh Jain
Karishma,no,2025,The Rabbit House,,no,Vaibhav Kulkarni
Karishma Harshada,no,2019,Rangeela Raja,0.18,no,Sikander Bharti
Karishma Kotak,no,2015,Luckhnowi Ishq,,no,Aanand Raut
Karishma Sharma,no,2018,Hotel Milan,,yes,Vishal Mishra
Karishma Sharma,no,2019,Ujda Chaman,12.61,no,Abhishek Pathak
Karishma Tanna,no,2005,Dosti: Friends Forever,23.00,yes,Suneel Darshan
Karishma Tanna,no,2013,Grand Masti,148.23,yes,Indra Kumar
Karishma Tanna,no,2021,Lahore Confidential,,no,Kunal Kohli
Karisma Kapoor,yes,2000,Chal Mere Bhai,22.28,yes,David Dhawan
Karisma Kapoor,yes,2000,Dulhan Hum Le Jayenge,36.87,yes,David Dhawan
Karisma Kapoor,yes,2000,Fiza,32.20,yes,Khalid Mohammed
Karisma Kapoor,yes,2000,Hum To Mohabbat Karega,9.92,yes,Kundan Shah
Karisma Kapoor,yes,2000,Shikari,,yes,N. Chandra
Karisma Kapoor,yes,2001,Aashiq,18.75,yes,Indra Kumar
Karisma Kapoor,yes,2001,Ek Rishtaa: The Bond of Love,36.50,yes,Suneel Darshan
Karisma Kapoor,yes,2001,Zubeidaa,5.60,yes,Shyam Benegal
Karisma Kapoor,yes,2002,Haan Maine Bhi Pyaar Kiya,19.55,yes,Dharmesh Darshan
Karisma Kapoor,yes,2002,Rishtey,12.37,yes,Indra Kumar
Karisma Kapoor,yes,2002,Shakti - The Power,20.00,yes,Boney Kapoor
Karisma Kapoor,yes,2003,Baaz: A Bird in Danger,4.80,yes,Tinu Verma
Karisma Kapoor,yes,2006,Mere Jeevan Saathi,7.82,yes,Suneel Darshan
Karisma Kapoor,yes,2012,Dangerous Ishq,8.69,yes,Vikram Bhatt
Karisma Kapoor,yes,2024,Murder Mubarak,,yes,Homi Adajania
Karthik Jayaram,no,2020,O Pushpa I Hate Tears,,no,Dinkar Kapoor
Kartik Aaryan,no,2011,Pyaar Ka Punchnama,17.50,no,Luv Ranjan
Kartik Aaryan,no,2014,Kaanchi: The Unbreakable,,yes,Subhash Ghai
Kartik Aaryan,no,2015,Pyaar Ka Punchnama 2,88.17,no,Luv Ranjan
Kartik Aaryan,no,2017,Guest iin London,10.64,no,Ashwni Dhir
Kartik Aaryan,no,2018,Sonu Ke Titu Ki Sweety,,no,Luv Ranjan
Kartik Aaryan,no,2019,Luka Chuppi,128.60,no,Laxman Utekar
Kartik Aaryan,no,2019,Pati Patni Aur Woh,118.00,yes,Mudassar Aziz
Kartik Aaryan,no,2020,Love Aaj Kal,52.63,yes,Imtiaz Ali
Kartik Aaryan,no,2021,Dhamaka,,no,Ram Madhvani
Kartik Aaryan,no,2022,Bhool Bhulaiyaa 2,266.88,no,Anees Bazmee
Kartik Aaryan,no,2022,Freddy,,no,Shashanka Ghosh
Kartik Aaryan,no,2023,Satyaprem Ki Katha,117.77,no,Sameer Vidwans
Kartik Aaryan,no,2023,Shehzada,47.43,no,Rohit Dhawan
Kartik Aaryan,no,2024,Bhool Bhulaiyaa 3,423.85,no,Anees Bazmee
Kartik Aaryan,no,2024,Chandu Champion,88.73,no,Kabir Khan
Kartik Aaryan,no,2025,Tu Meri Main Tera Main Tera Tu Meri,48.02,yes,Sameer Vidwans
Kartik Tiwari,no,2013,Akaash Vani,2.24,no,Luv Ranjan
Karuna Pandey,no,2016,Bollywood Diaries,,no,K.D. Satyam
Kasam Ali,no,2000,Aaj Ka Ravan,1.02,no,Imran Khalid
Kashika Kapoor,no,2024,Aayushmati Geeta Matric Pass,,no,Prradip Khairwar
Kashmera Shah,no,2000,Dil Pe Mat Le Yaar,,no,Hansal Mehta
Kashmera Shah,no,2002,Aankhen,33.80,no,Vipul Shah
Kashmera Shah,no,2005,Revati,0.15,no,Farogh Siddique
Kashmera Shah,no,2006,Holiday,,no,Pooja Bhatt
Kashmera Shah,no,2006,Phir Hera Pheri,69.00,no,Neeraj Vora
Kashmera Shah,no,2007,Aur Pappu Paas Ho Gaya,,no,S. Soni
Kashmera Shah,no,2007,My Bollywood Bride,,no,Rajeev Virani
Kashmera Shah,no,2019,Marne Bhi Do Yaaron,,no,Kashmera Shah
Kashmira Shah,no,2010,City of Gold,,no,Mahesh Manjrekar
Kat Stewart,no,2025,My Melbourne,,no,Kabir Khan Rima Das Onir Imtiaz Ali
Katrina Kaif,no,2003,Boom,1.20,no,Kaizad Gustad
Katrina Kaif,no,2005,Maine Pyaar Kyun Kiya?,47.22,yes,David Dhawan
Katrina Kaif,no,2005,Sarkar,39.30,yes,Ram Gopal Varma
Katrina Kaif,no,2006,Humko Deewana Kar Gaye,27.00,no,Raj Kanwar
Katrina Kaif,no,2007,Apne,69.28,yes,Anil Sharma
Katrina Kaif,no,2007,Namastey London,71.40,yes,Vipul Amrutlal Shah
Katrina Kaif,no,2007,Nanhe Jaisalmer,,yes,Samir Karnik
Katrina Kaif,no,2007,Partner,101.00,yes,David Dhawan
Katrina Kaif,no,2007,Welcome,122.00,no,Anees Bazmee
Katrina Kaif,no,2008,Hello,17.96,yes,Atul Agnihotri
Katrina Kaif,no,2008,Race,106.00,yes,Abbas–Mustan
Katrina Kaif,no,2008,Singh Is Kinng,136.00,no,Anees Bazmee
Katrina Kaif,no,2008,Yuvvraaj,31.22,yes,Subhash Ghai
Katrina Kaif,no,2009,Ajab Prem Ki Ghazab Kahani,106.74,yes,Rajkumar Santoshi
Katrina Kaif,no,2009,Blue,63.92,yes,Anthony D'souza
Katrina Kaif,no,2009,De Dana Dan,81.85,no,Priyadarshan
Katrina Kaif,no,2009,New York,78.34,no,Kabir Khan
Katrina Kaif,no,2010,Jaane Kahan Se Aayi Hai,,no,Milap Zaveri
Katrina Kaif,no,2010,Raajneeti,145.50,yes,Prakash Jha
Katrina Kaif,no,2010,Tees Maar Khan,101.89,yes,Farah Khan
Katrina Kaif,no,2011,Mere Brother Ki Dulhan,,yes,Ali Abbas Zafar
Katrina Kaif,no,2011,Zindagi Na Milegi Dobara,163.00,yes,Zoya Akhtar
Katrina Kaif,no,2012,Ek Tha Tiger,334.39,yes,Kabir Khan
Katrina Kaif,no,2012,Jab Tak Hai Jaan,235.00,no,Yash Chopra
Katrina Kaif,no,2013,Bombay Talkies,10.00,yes,"Anurag Kashyap , Karan Johar , Zoya Akhtar , Dibakar Banerjee"
Katrina Kaif,no,2013,Dhoom 3,589.02,yes,Vijay Krishna Acharya
Katrina Kaif,no,2013,Main Krishna Hoon,,yes,Rajiv S. Ruia
Katrina Kaif,no,2014,Bang Bang!,333.00,yes,Siddharth Anand
Katrina Kaif,no,2015,Phantom,84.00,yes,Kabir Khan
Katrina Kaif,no,2016,Baar Baar Dekho,62.67,no,Nitya Mehra
Katrina Kaif,no,2016,Fitoor,42.38,yes,Abhishek Kapoor
Katrina Kaif,no,2017,Jagga Jasoos,86.85,yes,Anurag Basu
Katrina Kaif,no,2017,Tiger Zinda Hai,570.83,yes,Ali Abbas Zafar
Katrina Kaif,no,2018,Thugs of Hindostan,335.00,yes,Vijay Krishna Acharya
Katrina Kaif,no,2018,Zero,191.43,yes,Aanand L. Rai
Katrina Kaif,no,2019,Bharat,325.58,yes,Ali Abbas Zafar
Katrina Kaif,no,2021,Sooryavanshi,302.52,no,Rohit Shetty
Katrina Kaif,no,2022,Phone Bhoot,18.73,yes,Gurmmeet Singh
Katrina Kaif,no,2023,Tiger 3,466.63,yes,Maneesh Sharma
Katrina Kaif,no,2024,Merry Christmas,,no,Sriram Raghavan
Kaustav Sinha,no,2023,Sirf Ek Bandaa Kaafi Hai,,no,Apoorva Singh Karki
Kaveri Jha,no,2007,Bhool Bhulaiyaa,83.00,no,Priyadarshan
Kaveri Jha,no,2009,Jail,10.00,no,Madhur Bhandarkar
Kaveri Jha,no,2010,Bumm Bumm Bole,1.34,no,Priyadarshan
Kaveri Kapur,no,2025,Bobby Aur Rishi Ki Love Story,,no,Kunal Kohli
Kavi Raz,no,2011,I Am Singh,,no,Puneet Issar
Kavi Shastri,no,2009,Love Aaj Kal,119.52,yes,Imtiaz Ali
Kavi Shastri,no,2014,Amit Sahni Ki List,,no,Ajay Bhuyan
Kavi Shastri,no,2014,Main Aur Mr. Riight,,no,Adeeb Rais
Kavin Dave,no,2010,Crook,12.40,yes,Mohit Suri
Kavin Dave,no,2010,I Hate Luv Storys,72.52,yes,Punit Malhotra
Kavin Dave,no,2010,My Name Is Khan,220.30,yes,Karan Johar
Kavin Dave,no,2014,3 A.M.,,no,Vishal Mahadkar
Kavin Dave,no,2015,Ishqedarriyaan,,yes,V. K. Prakash
Kavin Dave,no,2021,Cash,,no,Rishab Seth
Kavita Kapoor,no,2004,King of Bollywood,,no,Piyush Jha
Kavita Radheshyam,no,2012,Paanch Ghantey Mien Paanch Crore,,no,Faisal Saif
Kavita Radheshyam,no,2015,Main Hoon Part-Time Killer,,no,Faisal Saif
Kavita Tripathi,no,2020,The Hundred Bucks,,no,Dushyant Pratap Singh
Kavya Thapar,no,2022,Middle Class Love,,no,Rantnaa Sinha
Kay Kay Menon,no,2004,Deewaar,28.60,yes,Milan Luthria
Kay Kay Menon,no,2005,Dansh,,no,Kanika Verma
Kay Kay Menon,no,2005,Ek Khiladi Ek Haseena,7.88,yes,Suparn Verma
Kay Kay Menon,no,2005,Hazaaron Khwaishein Aisi,,no,Sudhir Mishra
Kay Kay Menon,no,2005,Silsiilay,,no,Khalid Mohamed
Kay Kay Menon,no,2006,Corporate,15.06,no,Madhur Bhandarkar
Kay Kay Menon,no,2007,Black Friday,8.00,no,Anurag Kashyap
Kay Kay Menon,no,2007,Go,,no,Manish Shrivastava
Kay Kay Menon,no,2007,Honeymoon Travels Pvt. Ltd.,19.51,yes,Reema Kagti
Kay Kay Menon,no,2007,Life in a... Metro,24.45,no,Anurag Basu
Kay Kay Menon,no,2007,Strangers,,no,Aanand L. Rai
Kay Kay Menon,no,2008,Drona,15.00,yes,Goldie Behl
Kay Kay Menon,no,2008,Maan Gaye Mughal-e-Azam,,no,Sanjay Chhel
Kay Kay Menon,no,2008,Mumbai Meri Jaan,5.02,yes,Nishikanth Kamat
Kay Kay Menon,no,2008,Shaurya,,no,Samar Khan
Kay Kay Menon,no,2008,Sirf,55.50,no,Rajaatesh Nayar
Kay Kay Menon,no,2008,Via Darjeeling,,no,Arindam Nandy
Kay Kay Menon,no,2009,Aagey Se Right,,no,Indrajit Nattoji
Kay Kay Menon,no,2009,Gulaal,,no,Anurag Kashyap
Kay Kay Menon,no,2009,Sankat City,,no,Pankaj Advani
Kay Kay Menon,no,2009,The Stoneman Murders,,yes,Manish Gupta
Kay Kay Menon,no,2010,Benny and Babloo,,no,Yunus Sajawal
Kay Kay Menon,no,2010,Lafangey Parindey,22.70,no,Pradeep Sarkar
Kay Kay Menon,no,2010,"Shahrukh Bola ""Khoobsurat Hai Tu""",,no,Makrand Deshpande
Kay Kay Menon,no,2010,Tera Kya Hoga Johnny,,yes,Sudhir Mishra
Kay Kay Menon,no,2011,Bheja Fry 2,,no,Sagar Ballary
Kay Kay Menon,no,2011,Bhindi Baazaar Inc.,1.19,no,Ankush Bhatt
Kay Kay Menon,no,2011,Satrangee Parachute,,no,Vineet Khetrapal
Kay Kay Menon,no,2012,Chaalis Chauraasi,,no,Hriday Shetty
Kay Kay Menon,no,2012,Life Ki Toh Lag Gayi,0.32,no,Rakesh Mehta
Kay Kay Menon,no,2013,ABCD: Any Body Can Dance,,no,Remo D'Souza
Kay Kay Menon,no,2013,Ankur Arora Murder Case,10.00,no,Suhail Tatari
Kay Kay Menon,no,2013,Enemmy,,no,Ashu Trikha
Kay Kay Menon,no,2013,Shahid,3.70,no,Hansal Mehta
Kay Kay Menon,no,2014,Haider,85.00,yes,Vishal Bhardwaj
Kay Kay Menon,no,2014,Raja Natwarlal,26.80,yes,Kunal Deshmukh
Kay Kay Menon,no,2015,Baby,142.98,no,Neeraj Pandey
Kay Kay Menon,no,2015,Bombay Velvet,43.13,yes,Anurag Kashyap
Kay Kay Menon,no,2015,Rahasya,,no,Manish Gupta
Kay Kay Menon,no,2016,A Flying Jatt,56.13,yes,Remo D'Souza
Kay Kay Menon,no,2016,Saat Uchakkey,,no,Sanjeev Sharma
Kay Kay Menon,no,2017,The Ghazi Attack,62.00,no,Sankalp Reddy
Kay Kay Menon,no,2018,Phamous,,no,Karan Lalit Butani
Kay Kay Menon,no,2018,Vodka Diaries,1.26,no,Kushal Srivastava
Kay Kay Menon,no,2023,Love All,,no,Sudhanshu Sharma
Kayoze Irani,no,2016,The Legend of Michael Mishra,,no,Manish Jha
Keerthy Suresh,no,2024,Baby John,,yes,Kalees
Keerti Gaekwad Kelkar,no,2025,Dil Dosti Aur Dogs,,yes,Viral Shah
Keith Allen,no,2024,The Buckingham Murders,14.56,yes,Hansal Mehta
Kenny Basumatary,no,2020,Yaara,,no,Tigmanshu Dhulia
Kenny Desai,no,2008,Phoonk,13.62,no,Ram Gopal Varma
Kenton Duty,no,2010,My Name Is Khan,220.30,yes,Karan Johar
Ketaki Narayan,no,2025,Pune Highway,,no,Rahul da Cunha Bugs Bhargava Krishna
Ketan Raj Sharma,no,2025,Shaila,,no,Saki Shah
Ketki Dave,no,2009,Straight,,no,Parvati Balagopalan
KevJumba,no,2009,Chandni Chowk to China,120.00,no,Nikkhil Advani
Khali,no,2010,Kushti,,no,T K Rajeev Kumar
Khalid Abdalla,no,2018,Tigers,,yes,Danis Tanović
Khalid Siddiqui,no,2005,The Film,,no,Junaid Memon
Khalid Siddiqui,no,2008,Ghajini,232.00,yes,A. R. Murugadoss
Khayali,no,2009,Meri Padosan,,no,Prakash Saini
Kherin Sharma,no,2025,Maa,51.64,yes,Vishal Furia
Khusbhoo Purohit,no,2014,Babloo Happy Hai,,no,Nila Madhab Panda
Khushalii Kumar,no,2022,Dhokha: Round D Corner,3.74,no,Kookie Gulati
Khushalii Kumar,no,2023,Starfish,0.10,no,Akhilesh Jaiswal
Khushalii Kumar,no,2024,Dedh Bigha Zameen,,no,Pulkit
Khushalii Kumar,no,2024,Ghudchadi,,yes,Binoy Gandhi
Khushboo Gupta,no,2023,Pinky Beauty Parlour,,no,Akshay Singh
Khushboo Upadhyay,no,2017,Trapped,3.53,no,Vikramaditya Motwane
Khushboo Upadhyay,no,2019,Jaoon Kahan Bata Ae Dil,,no,Aadish Keluskar
Khushi Kapoor,yes,2023,The Archies,,yes,Zoya Akhtar
Khushi Kapoor,yes,2025,Loveyapa,8.99,yes,Advait Chandan
Khushi Kapoor,yes,2025,Nadaaniyan,,yes,Shauna Gautam
Khushmeet Gill,no,2017,Sniff,,no,Amole Gupte
Khả Ngân,no,2025,Love in Vietnam,,no,Rahat Shah Kazmi
Kiara Advani,no,2014,Fugly,13.60,yes,Kabir Sadanand
Kiara Advani,no,2016,M.S. Dhoni: The Untold Story,215.48,no,Neeraj Pandey
Kiara Advani,no,2017,Machine,3.48,no,Abbas–Mustan
Kiara Advani,no,2018,Lust Stories,,yes,"Anurag Kashyap , Karan Johar , Zoya Akhtar , Dibakar Banerjee"
Kiara Advani,no,2019,Good Newwz,318.57,yes,Raj Mehta
Kiara Advani,no,2019,Kabir Singh,379.02,yes,Sandeep Vanga
Kiara Advani,no,2020,Guilty,,no,Ruchi Narain
Kiara Advani,no,2020,Indoo Ki Jawani,1.52,no,Abir Sengupta
Kiara Advani,no,2020,Laxmii,,no,Raghava Lawrence
Kiara Advani,no,2021,Shershaah,,no,Vishnuvardhan
Kiara Advani,no,2022,Bhool Bhulaiyaa 2,266.88,no,Anees Bazmee
Kiara Advani,no,2022,Govinda Naam Mera,,yes,Shashank Khaitan
Kiara Advani,no,2022,Jugjugg Jeeyo,136.13,yes,Raj Mehta
Kiara Advani,no,2023,Satyaprem Ki Katha,117.77,no,Sameer Vidwans
Kiara Advani,no,2025,War 2,,yes,Ayan Mukerji
Kiku Sharda,no,2008,Roadside Romeo,6.46,yes,Jugal Hansraj
Kim Sharma,no,2000,Mohabbatein,76.91,yes,Aditya Chopra
Kim Sharma,no,2002,Kehtaa Hai Dil Baar Baar,,no,Rahul Dholakia
Kim Sharma,no,2002,Tum Se Achcha Kaun Hai,16.00,no,Deepak Anand
Kim Sharma,no,2004,Fida,16.90,yes,Ken Ghosh
Kim Sharma,no,2005,Padmashree Laloo Prasad Yadav,,no,Mahesh Manjrekar
Kim Sharma,no,2005,Yakeen,,no,Girish Dhamija
Kim Sharma,no,2006,Kudiyon Ka Hai Zamana,,yes,Amar Butala
Kim Sharma,no,2006,"Tom, Dick, and Harry",,no,Deepak Tijori
Kim Sharma,no,2007,Chhodon Naa Yaar,0.26,no,Dillip Sood
Kim Sharma,no,2007,Nehlle Pe Dehlla,6.41,yes,Ajay Chandhok
Kim Sharma,no,2008,Money Hai Toh Honey Hai,,no,Ganesh Acharya
Kim Sharma,no,2009,Daddy Cool,,no,K. Murli Manohar Rao
Kim Sharma,no,2009,Marega Salaa,,no,Devang Dholkia
Kiran,no,2005,Revati,0.15,no,Farogh Siddique
Kiran Janjani,no,2003,Oops!,,no,Deepak Tijori
Kiran Janjani,no,2005,Jalwa - Fun in Love,,no,Rajiv S. Ruia
Kiran Janjani,no,2005,Sitam,,no,
Kiran Janjani,no,2007,Haseena,,no,Vicky Ranawat
Kiran Janjani,no,2007,My Friend Ganesha,1.59,no,Rajiv S Ruia
Kiran Jhanjhani,no,2004,Stop!,,no,Ajai Sinha
Kiran Juneja,no,2004,Sheen,,no,Ashok Pandit
Kiran Juneja,no,2006,Khosla Ka Ghosla,6.67,no,Dibakar Banerjee
Kiran Juneja,no,2008,Fashion,39.29,yes,Madhur Bhandarkar
Kiran Karmarkar,no,2015,Crazy Cukkad Family,,no,Ritesh Menon
Kiran Karmarkar,no,2024,Article 370,110.57,no,Aditya Suhas Jambhale
Kiran Kumar,no,2002,Mujhse Dosti Karoge!,33.61,yes,Kunal Kohli
Kiran Kumar,no,2003,Humein Tumse Pyar Ho Gaya Chupke Chupke,,no,Pramod Mandloi
Kiran Kumar,no,2005,Chand Sa Roshan Chehra,0.53,no,Shabah Shamsi
Kiran Kumar,no,2005,Dosti: Friends Forever,23.00,yes,Suneel Darshan
Kiran Kumar,no,2011,Love U...Mr. Kalakaar!,,yes,S. Manasvi
Kiran Kumar,no,2017,Sallu Ki Shaadi,,no,Mohammad Israr Ansari
Kiran Kumar,no,2019,Keep Safe Distance,,no,Raama Mehra
Kiran Kumar,no,2025,Mission Grey House,,no,Naushad Siddiqui
Kiren Jog,no,2020,London Confidential,,no,Kanwal Sethi
Kiron Kher,no,2007,Om Shanti Om,152.00,no,Farah Khan
Kiron Kher,no,2008,Saas Bahu Aur Sensex,,no,Shona Urvashi
Kiron Kher,no,2008,Singh Is Kinng,136.00,no,Anees Bazmee
Kiron Kher,no,2014,Khoobsurat,79.43,yes,Shashanka Ghosh
Kiron Kher,no,2014,Total Siyapaa,13.10,no,E Niwas
Kirron Kher,no,2004,Hum Tum,43.22,yes,Kunal Kohli
Kirron Kher,no,2004,Khamosh Pani,,no,Sabiha Kumar
Kirron Kher,no,2004,Veer-Zaara,97.64,yes,Yash Chopra
Kirron Kher,no,2006,Fanaa,103.00,yes,Kunal Kohli
Kirron Kher,no,2006,I See You,1.92,yes,Vivek Agrawal
Kirron Kher,no,2006,Kabhi Alvida Naa Kehna,113.00,yes,Karan Johar
Kirron Kher,no,2006,Rang De Basanti,97.00,yes,Rakeysh Omprakash Mehra
Kirron Kher,no,2007,Apne,69.28,yes,Anil Sharma
Kirron Kher,no,2007,Just Married,,yes,Meghna Gulzar
Kirron Kher,no,2008,Dostana,87.00,yes,Tarun Mansukhani
Kirron Kher,no,2009,Kambakkht Ishq,85.56,yes,Sabbir Khan
Kirron Kher,no,2009,Kurbaan,42.90,yes,Rensil D'Silva
Kirron Kher,no,2011,Mummy Punjabi,,no,Pammi Somal
Kirron Kher,no,2012,Ajab Gazabb Love,,yes,Sanjay Gadhvi
Kirti Adarkar,no,2016,Rebellious Flower,,no,Krishan Hooda
Kirti Kulhari,no,2013,Sooper Se Ooper,,no,Shekhar Ghosh
Kirti Kulhari,no,2014,Jal,,no,Girish Malik
Kirti Kulhari,no,2016,Pink,157.32,no,Aniruddha Roy Chowdhury
Kirti Kulhari,no,2017,Indu Sarkar,6.07,no,Madhur Bhandarkar
Kirti Kulhari,no,2018,Blackmail,28.81,no,Abhinay Deo
Kirti Kulhari,no,2019,Mission Mangal,290.59,yes,Jagan Shakti
Kirti Kulhari,no,2021,Shaadisthan,,no,Raj Singh Chaudhary
Kirti Kulhari,no,2021,The Girl on the Train,,no,Ribhu Dasgupta
Kirti Kulhari,no,2023,Khichdi 2: Mission Paanthukistan,5.65,no,Aatish Kapadia
Kirti Kulhari,no,2025,Badass Ravi Kumar,9.66,no,Keith Gomes
Kirti Kulhari,no,2025,Hisaab Barabar,,no,Ashwni Dhir
Kirti Reddy,no,2000,Tera Jadoo Chal Gayaa,,yes,A. Muthu
Kirti Reddy,no,2001,Pyaar Ishq Aur Mohabbat,7.15,no,Rajiv Rai
Kirti Reddy,no,2002,Badhaai Ho Badhaai,6.99,no,Satish Kaushik
Kirti Vaidhya,no,2014,Neighbours,,no,Shyam Ramsay
Kishor Kadam,no,2008,Contract,,no,Ram Gopal Varma
Kishor Kadam,no,2016,Anna,,yes,Shashank Udapurkar
Kishor Kadam,no,2019,Albert Pinto Ko Gussa Kyun Aata Hai?,,no,Soumitra Ranade
Kishor Kadam,no,2022,Operation Romeo,,no,Shashant Shah
Kishore Anand Bhanushali,no,2000,Kharidaar,,no,Papu Bahruz
Kishore Kumar,no,2013,Love in Bombay,,no,Joy Mukherjee
Kishore Kumar G,no,2025,Costao,,no,Sejal Shah
Kishori Ballal,no,2004,Swades,40.20,no,Ashutosh Gowarikar
Kishori Shahane,no,2014,Anuradha,,no,Raju Mavani
Kishori Shahane,no,2014,Badlapur Boys,,no,Shailesh Verma
Kishori Shahane,no,2014,Ya Rab,,no,Hasnain Hyderabadwala
Kishori Shahane,no,2015,Lakhon Hain Yahan Dilwale,,no,Munnawar Bhagat
Kishori Shahane,no,2017,Simran,27.25,no,Hansal Mehta
Kitu Gidwani,no,2006,Dil Diya Hai,3.25,yes,Aaditya Datt
Kitu Gidwani,no,2016,Traffic,11.65,no,Rajesh Pillai
Kitu Gidwani,no,2020,Ghost Stories,,yes,Karan Johar Dibakar Banerjee Zoya Akhtar Anurag Kashyap
Koel Purie,no,2008,Rock On!!,36.00,no,Abhishek Kapoor
Koena Mitra,no,2004,Musafir,18.71,yes,Sanjay Gupta
Koena Mitra,no,2005,Ek Khiladi Ek Haseena,7.88,yes,Suparn Verma
Koena Mitra,no,2005,Insan,10.41,yes,K. Subash
Koena Mitra,no,2006,Apna Sapna Money Money,20.73,no,Sangeeth Sivan
Koena Mitra,no,2008,Anamika,,no,Anant Mahadevan
Komal Thacker,no,2016,My Father Iqbal,,no,Suzad Iqbal Khan
Konkana Sen Sharma,no,2007,Life in a... Metro,24.45,no,Anurag Basu
Konkona Sen Sharma,no,2005,Amavas,,no,Sidharth Srinivasan
Konkona Sen Sharma,no,2005,Page 3,,no,Madhur Bhandarkar
Konkona Sen Sharma,no,2006,Deadline: Sirf 24 Ghante,,no,Tanveer Khan
Konkona Sen Sharma,no,2006,Omkara,42.00,yes,Vishal Bhardwaj
Konkona Sen Sharma,no,2006,Yun Hota Toh Kya Hota,,no,Nasseruddin Shah
Konkona Sen Sharma,no,2007,Aaja Nachle,,yes,Anil Mehta
Konkona Sen Sharma,no,2007,Laaga Chunari Mein Daag,25.00,yes,Pradeep Sarkar
Konkona Sen Sharma,no,2007,Traffic Signal,8.50,no,Madhur Bhandarkar
Konkona Sen Sharma,no,2008,Dil Kabaddi,,yes,Anil Sharma (Senior)
Konkona Sen Sharma,no,2008,Fashion,39.29,yes,Madhur Bhandarkar
Konkona Sen Sharma,no,2009,Luck by Chance,29.00,yes,Zoya Akhtar
Konkona Sen Sharma,no,2009,Wake Up Sid,47.10,yes,Ayan Mukerji
Konkona Sen Sharma,no,2010,Atithi Tum Kab Jaoge?,3.90,no,Ashwni Dhir
Konkona Sen Sharma,no,2010,Mirch,,no,Vinay Shukla
Konkona Sen Sharma,no,2010,Right Yaaa Wrong,,yes,Neeraj Pathak
Konkona Sen Sharma,no,2011,7 Khoon Maaf,33.00,no,Vishal Bhardwaj
Konkona Sen Sharma,no,2013,Ek Thi Daayan,40.25,yes,Kannan Iyer
Konkona Sen Sharma,no,2015,Gour Hari Dastaan,,no,Ananth Narayan Mahadevan
Konkona Sen Sharma,no,2015,Talvar,45.90,no,Meghna Gulzar
Konkona Sen Sharma,no,2016,Akira,15.06,yes,A.R. Murugadoss
Konkona Sen Sharma,no,2017,Lipstick Under My Burkha,26.68,no,Alankrita Shrivastava
Konkona Sen Sharma,no,2020,Dolly Kitty Aur Woh Chamakte Sitare,,no,Alankrita Shrivastava
Konkona Sen Sharma,no,2021,Ajeeb Daastaans,,no,Shashank Khaitan Raj Mehta Neeraj Ghaywan Kayoze Irani
Konkona Sen Sharma,no,2021,Ramprasad Ki Tehrvi,,no,Seema Pahwa
Konkona Sen Sharma,no,2023,Kuttey,4.65,yes,Aasmaan Bhardwaj
Konkona Sen Sharma,no,2025,Metro... In Dino,79.00,yes,Anurag Basu
Kota Srinivasa Rao,no,2010,Rakta Charitra,,yes,Ram Gopal Verma
Kranti Prakash Jha,no,2015,Once Upon a Time in Bihar,,no,Nitin Chandra
Krishna Abhishek,no,2002,Yeh Kaisi Mohabbat,,no,Dinkar Kapur
Krishna Abhishek,no,2005,Hum Tum Aur Mom,,yes,Ashok Nanda
Krishna Abhishek,no,2007,Aur Pappu Paas Ho Gaya,,no,S. Soni
Krishna Abhishek,no,2007,Jahan Jaaeyega Hamen Paaeyega,,no,Janmendra Ahuja
Krishna Abhishek,no,2008,Deshdrohi,0.89,no,Jagdish A. Sharma
Krishna Abhishek,no,2019,Marne Bhi Do Yaaron,,no,Kashmera Shah
Krishna Chaturvedi,no,2016,Ishq Forever,,no,Sameer Sippy
Krishna Gautam,no,2021,12 'O' Clock,,no,Ram Gopal Varma
Krishna Kumar,no,2000,Papa the Great,,no,K. Bhagyaraj
Krishna Singh Bisht,no,2021,Jamun,,no,Gaurav Mehra
Kristina Akheeva,no,2013,Yamla Pagla Deewana 2,,yes,Sangeeth Sivan
Kriti Kharbanda,no,2016,Raaz: Reboot,42.07,yes,Vikram Bhatt
Kriti Kharbanda,no,2017,Guest iin London,10.64,no,Ashwni Dhir
Kriti Kharbanda,no,2017,Shaadi Mein Zaroor Aana,19.40,no,Ratnaa Sinha
Kriti Kharbanda,no,2018,Karwaan,26.42,no,Akarsh Khurana
Kriti Kharbanda,no,2018,Veerey Ki Wedding,,no,Ashu Trikha
Kriti Kharbanda,no,2018,Yamla Pagla Deewana: Phir Se,15.00,yes,Navaniat Singh
Kriti Kharbanda,no,2019,Housefull 4,280.27,yes,Farhad Samji
Kriti Kharbanda,no,2019,Pagalpanti,49.17,no,Anees Bazmee
Kriti Kharbanda,no,2020,Taish,,no,Bejoy Nambiar
Kriti Kharbanda,no,2021,14 Phere,,no,Devanshu Singh
Kriti Sanon,no,2014,Heropanti,82.00,yes,Sabbir Khan
Kriti Sanon,no,2015,Dilwale,376.00,yes,Rohit Shetty
Kriti Sanon,no,2017,Bareilly Ki Barfi,58.75,no,Ashwini Iyer Tiwari
Kriti Sanon,no,2017,Raabta,39.05,no,Dinesh Vijan
Kriti Sanon,no,2019,Arjun Patiala,9.26,no,Rohit Jugraj
Kriti Sanon,no,2019,Housefull 4,280.27,yes,Farhad Samji
Kriti Sanon,no,2019,Luka Chuppi,128.60,no,Laxman Utekar
Kriti Sanon,no,2019,Panipat,49.29,yes,Ashutosh Gowariker
Kriti Sanon,no,2021,Hum Do Hamare Do,,no,Abhishek Jain
Kriti Sanon,no,2021,Mimi,,no,Laxman Utekar
Kriti Sanon,no,2022,Bachchhan Paandey,73.17,no,Farhad Samji
Kriti Sanon,no,2022,Bhediya,89.97,yes,Amar Kaushik
Kriti Sanon,no,2023,Adipurush,350.00,yes,Om Raut
Kriti Sanon,no,2023,Ganapath,13.38,yes,Vikas Bahl
Kriti Sanon,no,2023,Shehzada,47.43,no,Rohit Dhawan
Kriti Sanon,no,2024,Crew,157.08,yes,Rajesh A Krishnan
Kriti Sanon,no,2024,Do Patti,,yes,Shashanka Chaturvedi
Kriti Sanon,no,2024,Teri Baaton Mein Aisa Uljha Jiya,133.64,yes,Amit Joshi Aradhana Sah
Kriti Sanon,no,2025,Tere Ishk Mein,148.50,no,Aanand L. Rai
Kritika Kamra,no,2018,Mitron,3.85,yes,Nitin Kakar
Kritika Kamra,no,2025,The Great Shamsuddin Family,,no,Anusha Rizvi
Kritika Singh,no,2021,Maassab,,no,Aditya Om
Krrish Chabbria,no,2016,Dhanak,,no,Nagesh Kukunoor
Krushna Abhishek,no,2016,Kyaa Kool Hain Hum 3,33.14,no,Umesh Ghadge
Krushna Abhishek,no,2020,O Pushpa I Hate Tears,,no,Dinkar Kapoor
Kruttika Desai,no,2001,Dattak,,no,Gul Bahar Singh
Krystle D'Souza,no,2021,Chehre,8.26,yes,Rumi Jafry
Krystle D'Souza,no,2024,Visfot,,yes,Kookie Gulati
Kshayp,no,2017,Sallu Ki Shaadi,,no,Mohammad Israr Ansari
Kshitee Jog,no,2023,Rocky Aur Rani Kii Prem Kahaani,355.61,yes,Karan Johar
Kubbra Sait,no,2020,Dolly Kitty Aur Woh Chamakte Sitare,,no,Alankrita Shrivastava
Kubbra Sait,no,2022,RK/RKay,,no,Rajat Kapoor
Kubbra Sait,no,2024,Khwaabon Ka Jhamela,,yes,Danish Aslam
Kulbhushan Kharbanda,no,2004,Netaji Subhas Chandra Bose: The Forgotten Hero,1.25,no,Shyam Benegal
Kulbhushan Kharbanda,no,2009,Aloo Chaat,,no,Robby Grewal
Kulbhushan Kharbanda,no,2009,Ek: The Power of One,6.00,yes,Sangeeth Sivan
Kulbhushan Kharbanda,no,2014,Zed Plus,,no,Chandraprakash Dwivedi
Kulbhushan Kharbanda,no,2020,Omprakash Zindabad,,no,Ranjeet Gupta
Kuldeep Ruhil,no,2015,Kajarya,,no,Madhureeta Anand
Kuldeep Sareen,no,2025,Chhorii 2,,yes,Vishal Furia
Kuldip Ruhil,no,2011,Sahi Dhandhe Galat Bande,,no,Parvin Dabas
Kulraj Randhawa,no,2009,Chintu Ji,,yes,Ranjit Kapoor
Kulraj Randhawa,no,2011,Yamla Pagla Deewana,88.00,yes,Samir Karnik
Kulraj Randhawa,no,2012,Chaar Din Ki Chandni,,yes,Samir Karnik
Kulraj Randhawa,no,2014,Lucky Kabootar,,no,Shammi Chhabra
Kulraj Randhawa,no,2020,London Confidential,,no,Kanwal Sethi
Kulraj Randhawa,no,2021,Oye Mamu,,no,Vikram Singh
Kumar Gaurav,no,2002,Kaante,36.37,yes,Sanjay Gupta
Kumar Mayank,no,2013,Prague,,no,Ashish R Shukla
Kumar Saurabh,no,2023,UT69,,no,Shahnawaz Ali
Kumud Mishra,no,2011,Rockstar,108.70,yes,Imtiaz Ali
Kumud Mishra,no,2014,Filmistaan,9.99,no,Nitin Kakkar
Kumud Mishra,no,2016,Sultan,631.25,yes,Ali Abbas Zafar
Kumud Mishra,no,2017,Rukh,,no,Atanu Mukherjee
Kumud Mishra,no,2018,Halkaa,,no,Nila Madhab Panda
Kumud Mishra,no,2018,High Jack,0.34,no,Akash Khurana
Kumud Mishra,no,2019,Article 15,93.08,no,Anubhav Sinha
Kumud Mishra,no,2019,One Day: Justice Delivered,4.68,no,Ashok Nanda
Kumud Mishra,no,2019,P Se Pyaar F Se Faraar,,no,Manoj Tiwari
Kumud Mishra,no,2020,Ram Singh Charlie,,no,Nitin Kakkar
Kumud Mishra,no,2021,Sardar Ka Grandson,,yes,Kaashvie Nair
Kumud Mishra,no,2022,Jogi,,no,Ali Abbas Zafar
Kumud Mishra,no,2022,Nazar Andaaz,,no,Vikrant Deshmukh
Kumud Mishra,no,2022,Saroj Ka Rishta,,no,Abhishek Saxena
Kumud Mishra,no,2023,Lust Stories 2,,yes,R. Balki Konkona Sen Sharma Amit Ravindernath Sharma Sujoy Ghosh
Kumud Mishra,no,2023,Mission Majnu,,no,Shantanu Bagchi
Kumud Mishra,no,2025,Mannu Kya Karegga,,no,Ssanjay Tripaathy
Kumud Mishra,no,2025,The Diplomat,53.14,no,Shivam Nair
Kunaal Roy Kapur,yes,2013,Nautanki Saala,22.30,yes,Rohan Sippy
Kunaal Roy Kapur,yes,2014,Action Jackson,88.87,yes,Prabhu Deva
Kunaal Roy Kapur,yes,2014,Gollu Aur Pappu,,yes,Kabir Sadanand
Kunaal Roy Kapur,yes,2016,Azhar,56.69,yes,Tony D'Souza
Kunaal Roy Kapur,yes,2017,The Final Exit,,yes,Dhwanil Mehta
Kunaal Roy Kapur,yes,2018,Hotel Milan,,yes,Vishal Mishra
Kunaal Roy Kapur,yes,2018,Kaalakaandi,10.00,yes,Akshat Verma
Kunaal Roy Kapur,yes,2019,Marudhar Express,,yes,Vishal Mishra
Kunaal Roy Kapur,yes,2021,Tribhanga,,yes,Renuka Shahane
Kunaal Roy Kapur,yes,2025,Dil Dosti Aur Dogs,,yes,Viral Shah
Kunal Kapoor,no,2004,Meenaxi: A Tale of Three Cities,,no,M. F. Hussain
Kunal Kapoor,no,2006,Rang De Basanti,97.00,yes,Rakeysh Omprakash Mehra
Kunal Kapoor,no,2007,Aaja Nachle,,yes,Anil Mehta
Kunal Kapoor,no,2007,Hattrick,,no,Milan Luthria
Kunal Kapoor,no,2007,Laaga Chunari Mein Daag,25.00,yes,Pradeep Sarkar
Kunal Kapoor,no,2008,Bachna Ae Haseeno,79.00,yes,Siddharth Anand
Kunal Kapoor,no,2008,Welcome to Sajjanpur,14.70,no,Shyam Benegal
Kunal Kapoor,no,2010,Lamhaa,,yes,Rahul Dholakia
Kunal Kapoor,no,2011,Don 2,202.81,yes,Farhan Akhtar
Kunal Kapoor,no,2012,Luv Shuv Tey Chicken Khurana,10.50,no,Sameer Sharma
Kunal Kapoor,no,2016,Dear Zindagi,138.91,yes,Gauri Shinde
Kunal Kapoor,no,2017,Raag Desh,0.33,no,Tigmanshu Dhulia
Kunal Kapoor,no,2018,Gold,158.00,no,Reema Kagti
Kunal Kapoor,no,2021,Ankahi Kahaniya,,no,Ashwiny Iyer Tiwari Abhishek Chaubey Saket Chaudhary
Kunal Kapoor,no,2021,Koi Jaane Na,,no,Amin Hajee
Kunal Kapoor,no,2025,Jewel Thief,,yes,Kookie Gulati Robbie Garewal
Kunal Khemu,no,2005,Kalyug,,yes,Mohit Suri
Kunal Khemu,no,2007,Dhol,33.27,yes,Priyadarshan
Kunal Khemu,no,2007,Traffic Signal,8.50,no,Madhur Bhandarkar
Kunal Khemu,no,2008,Superstar,,no,Rohit Jugraj
Kunal Khemu,no,2009,99,14.76,yes,Raj and D.K.
Kunal Khemu,no,2009,Dhoondte Reh Jaaoge,,yes,Umesh Shukla
Kunal Khemu,no,2009,Jai Veeru,39.00,yes,Puneet Sira
Kunal Khemu,no,2010,Golmaal 3,167.00,yes,Rohit Shetty
Kunal Khemu,no,2012,Blood Money,12.00,no,Vishal Mahadkar
Kunal Khemu,no,2013,Go Goa Gone,39.00,yes,"Raj Nidimoru , Krishna D.K."
Kunal Khemu,no,2015,Bhaag Johnny,,no,Shivam Nair
Kunal Khemu,no,2015,Guddu Ki Gun,,no,"Shantanu Ray Chhibber, Sheershak Anand"
Kunal Khemu,no,2017,Golmaal Again,311.05,yes,Rohit Shetty
Kunal Khemu,no,2017,Hanuman: Da' Damdaar,2.00,yes,Ruchi Narain
Kunal Khemu,no,2020,Lootcase,,no,Rajesh Krishnan
Kunal Khemu,no,2020,Malang,81.50,yes,Mohit Suri
Kunal Khemu,no,2023,Kanjoos Makhichoos,,no,Vipul Mehta
Kunal Kohli,no,2018,Phir Se...,,no,Kunal Kohli
Kunal Kumar,no,2002,Saathiya,29.15,yes,Shaad Ali
Kunal Kumar,no,2005,Bunty Aur Babli,90.40,yes,Shaad Ali
Kunal Kumar,no,2011,Love U...Mr. Kalakaar!,,yes,S. Manasvi
Kunal Kumar,no,2011,Miley Naa Miley Hum,,no,Tanveer Khan
Kunal Roy Kapoor,no,2013,Yeh Jawaani Hai Deewani,319.01,yes,Ayan Mukerji
Kunal Thakur,no,2019,Kabir Singh,379.02,yes,Sandeep Vanga
Kunal Vijaykar,no,2005,Salaam Namaste,75.23,yes,Siddharth Anand
Kunal Vijaykar,no,2020,Guilty,,no,Ruchi Narain
Kurangi Nagraj,no,2024,Kaam Chalu Hai,,no,Palash Muchhal
Kurush Deboo,no,2003,Jhankaar Beats,,yes,Sujoy Ghosh
Kurush Deboo,no,2005,Ek Khiladi Ek Haseena,7.88,yes,Suparn Verma
Kurush Deboo,no,2007,Apne,69.28,yes,Anil Sharma
Kurush Deboo,no,2007,Dhamaal,50.73,yes,Indra Kumar
Kurush Deboo,no,2009,Fox,,yes,Deepak Tijori
Kurush Deboo,no,2009,Little Zizou,,no,Sooni Taraporevala
Kurush Deboo,no,2009,Sankat City,,no,Pankaj Advani
Kurush Deboo,no,2011,Happy Husbands,,no,Anay
Kurush Deboo,no,2011,Utt Pataang,,no,Srikanth V. Velagaleti
Kusha Kapila,no,2022,Plan A Plan B,,no,Shashanka Ghosh
Kusha Kapila,no,2023,Sukhee,1.65,no,Sonal Joshi
Kusha Kapila,no,2023,Thank You for Coming,9.64,no,Karan Boolani
Kushal Punjabi,no,2004,Lakshya,41.68,yes,Farhan Akhtar
Kushal Punjabi,no,2005,Kaal,28.50,yes,Soham Shah
Kushal Punjabi,no,2007,Goal,21.72,no,Vivek Agnihotri
Kushal Punjabi,no,2015,Crazy Cukkad Family,,no,Ritesh Menon
Kushal Tandon,no,2020,Unlock,,no,Debatma Mandal
Kymsleen Kholie,no,2015,Aisa Yeh Jahaan,,no,Biswajeet Bora
Laila Khan,no,2008,Wafaa,,no,Rakesh Sawant
Laksh Singh,no,2018,3 Storeys,,no,Arjun Mukerjee
Lakshmi Manchu,no,2012,Department,19.05,yes,Ram Gopal Varma
Lakshvir Saran,no,2021,Meel Patthar,,no,Ivan Ayr
Lakshvir Singh Saran,no,2024,A Wedding Story,,no,Abhinav Pareek
Lakshya,no,2024,Kill,47.12,no,Nikhil Nagesh Bhat
Lalit Behl,no,2015,Titli,,no,Kanu Behl
Lalit Behl,no,2017,Mukti Bhawan,,no,Shubhashish Bhutiani
Lalit Bisht,no,2017,JD,,no,Shailendra Pandey
Lalit Prabhakar,no,2025,Ground Zero,,yes,Tejas Prabha Vijay Deoskar
Lalit Tiwari,no,2024,Chote Nawab,,no,Kumud Chaudhary
Lankesh Bhardwaj,no,2021,Kaagaz,,no,Satish Kaushik
Lanuakum Ao,no,2020,Axone,,no,Nicholas Kharkongor
Lara Dutta,no,2003,Andaaz,28.81,no,Suneel Darshan
Lara Dutta,no,2003,Mumbai Se Aaya Mera Dost,,yes,Apoorva Agnihotri
Lara Dutta,no,2004,Aan: Men at Work,,no,Madhur Bhandarkar
Lara Dutta,no,2004,Bardaasht,,yes,E.Nivas
Lara Dutta,no,2004,Masti,34.14,yes,Indra Kumar
Lara Dutta,no,2005,Dosti: Friends Forever,23.00,yes,Suneel Darshan
Lara Dutta,no,2005,Elaan,,no,Vikram Bhatt
Lara Dutta,no,2005,Insan,10.41,yes,K. Subash
Lara Dutta,no,2005,Jurm,,yes,Vikram Bhatt
Lara Dutta,no,2005,Kaal,28.50,yes,Soham Shah
Lara Dutta,no,2005,No Entry,95.14,yes,Anees Bazmee
Lara Dutta,no,2006,Bhagam Bhag,67.00,yes,Priyadarshan
Lara Dutta,no,2006,Fanaa,103.00,yes,Kunal Kohli
Lara Dutta,no,2006,Zinda,17.60,yes,Sanjay Gupta
Lara Dutta,no,2007,Jhoom Barabar Jhoom,51.08,yes,Shaad Ali
Lara Dutta,no,2007,Partner,101.00,yes,David Dhawan
Lara Dutta,no,2008,Jumbo,21.00,no,Kompin Kemgumnird
Lara Dutta,no,2008,Rab Ne Bana Di Jodi,157.00,yes,Aditya Chopra
Lara Dutta,no,2009,Billu,47.45,no,Priyadarshan
Lara Dutta,no,2009,Blue,63.92,yes,Anthony D'souza
Lara Dutta,no,2009,Do Knot Disturb,,yes,David Dhawan
Lara Dutta,no,2010,Housefull,114.18,no,Sajid Khan
Lara Dutta,no,2011,Chalo Dilli,,no,Shashant Shah
Lara Dutta,no,2011,Don 2,202.81,yes,Farhan Akhtar
Lara Dutta,no,2013,David,17.00,no,Bejoy Nambiar
Lara Dutta,no,2016,Azhar,56.69,yes,Tony D'Souza
Lara Dutta,no,2016,Fitoor,42.38,yes,Abhishek Kapoor
Lara Dutta,no,2021,Bell Bottom,50.58,no,Ranjit M Tewari
Lara Dutta,no,2023,Ishq-e-Nadaan,,no,Avishek Ghosh
Lauren Gottlieb,no,2013,ABCD: Any Body Can Dance,,no,Remo D'Souza
Lauren Gottlieb,no,2015,ABCD 2,158.31,yes,Remo D'Souza
Lauren Gottlieb,no,2015,Welcome 2 Karachi,,yes,Ashish R Mohan
Lavrenti Lopes,no,2012,"Love, Lies & Seeta",,no,Chandra Pemmaraju
Lee Nicholas Harris,no,2023,Operation Mayfair,,no,Sudipto Sarkar
Leena,no,2013,Zindagi Jalebi,,no,Karan Kashyap
Lehar Khan,no,2012,Jalpari: The Desert Mermaid,,no,Nila Madhab Panda
Lena Christensen,no,2008,Bombay to Bangkok,,no,Nagesh Kukunoor
Lethia Nall,no,2014,A Decent Arrangement,,no,Sarovar Banka
Lilette Dubey,no,2001,Zubeidaa,5.60,yes,Shyam Benegal
Lilette Dubey,no,2011,Always Kabhi Kabhi,,no,Roshan Abbas
Lilette Dubey,no,2011,Na Jaane Kabse Hum Hi,,no,Pammi Somal
Lilette Dubey,no,2014,One by Two,3.77,yes,Devika Bhagat
Liliput,no,2020,Pagleaazam,,no,"Vikas P Kavvthekaar, Aps Raghuvanshi"
Lillete Dubey,no,2001,Gadar: Ek Prem Katha,133.13,yes,Anil Sharma
Lillete Dubey,no,2001,Monsoon Wedding,,no,Mira Nair
Lillete Dubey,no,2002,Om Jai Jagadish,14.00,yes,Anupam Kher
Lillete Dubey,no,2003,Baghban,43.11,yes,Ravi Chopra
Lillete Dubey,no,2003,Chalte Chalte,43.29,yes,Aziz Mirza
Lillete Dubey,no,2004,Lakshya,41.68,yes,Farhan Akhtar
Lillete Dubey,no,2005,Dosti: Friends Forever,23.00,yes,Suneel Darshan
Lillete Dubey,no,2006,Aap Ki Khatir,13.00,yes,Dharmesh Darshan
Lillete Dubey,no,2008,Hari Puttar: A Comedy of Terrors,,no,Lucky Kohli & Rajesh Bajaj
Lillete Dubey,no,2008,My Name Is Anthony Gonsalves,,no,Eeshwar Nivas
Lillete Dubey,no,2010,Break Ke Baad,,yes,Danish Aslam
Lillete Dubey,no,2010,Housefull,114.18,no,Sajid Khan
Lillete Dubey,no,2012,Heroine,,yes,Madhur Bhandarkar
Lillete Dubey,no,2012,I M 24,,no,Saurabh Shukla
Lillete Dubey,no,2019,Jhootha Kahin Ka,2.57,yes,Smeep Kang
Lillete Dubey,no,2023,Blind,,yes,Shome Makhija
Lin Laishram,no,2020,Axone,,no,Nicholas Kharkongor
Linda Arsenio,no,2006,Kabul Express,,no,Kabir Khan
Linda Arsenio,no,2007,Mumbai Salsa,,no,Manoj Tyagi
Linda Arsenio,no,2009,Aloo Chaat,,no,Robby Grewal
Lisa Haydon,no,2010,Aisha,28.65,yes,Rajshree Ojha
Lisa Haydon,no,2011,Rascals,51.01,yes,David Dhawan
Lisa Haydon,no,2014,Queen,95.04,no,Vikas Bahl
Lisa Haydon,no,2014,The Shaukeens,46.30,no,Abhishek Sharma
Lisa Haydon,no,2016,Housefull 3,194.94,yes,Sajid-Farhad
Lisa Haydon,no,2016,Santa Banta Pvt Ltd,,no,Akashdeep Sabir
Lisa Ray,no,2001,Kasoor,14.10,no,Vikram Bhatt
Lisa Ray,no,2005,Water,,no,Deepa Mehta
Lisa Ray,no,2007,Water,,no,Deepa Mehta
Lisa Ray,no,2016,Ishq Forever,,no,Sameer Sippy
Lisa Ray,no,2016,Veerappan,,no,Ram Gopal Varma
Lisa Ray,no,2021,99 Songs,,no,Vishwesh Krishnamoorthy
Lubna Salim,no,2012,OMG – Oh My God!,149.90,yes,Umesh Shukla
Lucky Ali,no,2002,Kaante,36.37,yes,Sanjay Gupta
Lucky Ali,no,2002,Sur: The Melody of Life,,no,Tanuja Chandra
Lucky Ali,no,2005,Kasak,,no,Rajiv Babbar
Lucky Ali,no,2008,Good Luck!,,no,Aditya Datt
Lucky Ali,no,2021,Murder at Teesri Manzil 302,,no,Navneet Baj Saini
Lucy Pinder,no,2016,Waarrior Savitri,,no,Param Gill
Luke Kenny,no,2008,Rock On!!,36.00,no,Abhishek Kapoor
Lushin Dubey,no,2017,Mantra,,no,Nicholas Kharkongor
Luv Sinha,yes,2010,Sadiyaan,,yes,Raj Kanwar
Luv Sinha,yes,2018,Paltan,10.22,yes,J. P. Dutta
M. K. Raina,no,2008,Rab Ne Bana Di Jodi,157.00,yes,Aditya Chopra
M.A. Guddu,no,2014,M3 - Midsummer Midnight Mumbai,,no,Braj Bhushan
Maan Singh Deep,no,2013,Beehad - The Ravines,,no,Krishna Mishra
Maanas Srivastavam,no,2012,Rakhtbeej,,no,Anil Balani
Maanuv Bhardawaj,no,2015,The Silent Heroes,,no,Mahesh Bhatt
Maanvi Gagroo,no,2012,?: A Question Mark,,no,Allyson Patel Yash Dave
Maanvi Gagroo,no,2019,377 Ab Normal,,no,Faruk Kabir
Maanvi Gagroo,no,2019,Ujda Chaman,12.61,no,Abhishek Pathak
Maanvi Gagroo,no,2020,Shubh Mangal Zyada Saavdhan,87.00,no,Hitesh Kewalya
Madalasa Sharma,no,2011,Angel,,no,Ganesh Acharya
Madalasa Sharma,no,2014,Samrat & Co.,,no,Kaushik Ghatak
Madan Jain,no,2014,Heartless,1.18,no,Shekhar Suman
Madhavan,no,2005,Ramji Londonwale,2.95,no,Sanjay Dayma
Madhavan,no,2006,Rang De Basanti,97.00,yes,Rakeysh Omprakash Mehra
Madhavan,no,2011,Tanu Weds Manu,56.00,no,Aanand L. Rai
Madhavi Sharma,no,2014,Lucky Kabootar,,no,Shammi Chhabra
Madhavi Singh,no,2014,Ugly,6.24,no,Anurag Kashyap
Madhoo,no,2021,Nail Polish,,no,Bugs Bhargava Krishna
Madhoo,no,2024,Kartam Bhugtam,1.00,no,Soham P. Shah
Madhu Sapre,no,2003,Boom,1.20,no,Kaizad Gustad
Madhu Sneha,no,2021,Switchh,,no,Mustufa Raj
Madhumita Bishwas,no,2021,Sakshi,,no,Ajay Ram
Madhur Mittal,no,2001,One 2 Ka 4,13.82,no,Shashilal K. Nair
Madhuri Bhatia,no,2014,19th January,,no,Sanjay Amar
Madhuri Bhattacharya,no,2010,Prem Kaa Game,,yes,Ashok Kheny
Madhuri Dixit,no,2000,Gaja Gamini,,no,M. F. Hussain
Madhuri Dixit,no,2000,Pukar,,no,Rajkumar Santoshi
Madhuri Dixit,no,2001,Lajja,34.29,yes,Rajkumar Santoshi
Madhuri Dixit,no,2001,Yeh Raaste Hain Pyaar Ke,15.69,yes,Deepak S. Shivdasani
Madhuri Dixit,no,2002,Devdas,90.00,no,Sanjay Leela Bhansali
Madhuri Dixit,no,2002,Hum Tumhare Hain Sanam,34.76,yes,K. S. Adhiyaman
Madhuri Dixit,no,2007,Aaja Nachle,,yes,Anil Mehta
Madhuri Dixit,no,2013,Yeh Jawaani Hai Deewani,319.01,yes,Ayan Mukerji
Madhuri Dixit,no,2014,Dedh Ishqiya,40.80,no,Abhishek Chaubey
Madhuri Dixit,no,2014,Gulaab Gang,22.70,no,Soumik Sen
Madhuri Dixit,no,2019,Kalank,146.31,yes,Abhishek Varman
Madhuri Dixit,no,2019,Total Dhamaal,228.27,no,Indra Kumar
Madhuri Dixit,no,2022,Maja Ma,,no,Anand Tiwari
Madhuri Dixit,no,2024,Bhool Bhulaiyaa 3,423.85,no,Anees Bazmee
Madhurima Tuli,no,2012,Cigarette Ki Tarah,,no,Akashaditya Lama
Madhurima Tuli,no,2013,Warning,,no,Gurmmeet Singh
Mahaakshay Chakraborty,yes,2011,Loot,,yes,Rajneesh Thakur
Mahaakshay Chakraborty,yes,2015,Ishqedarriyaan,,yes,V. K. Prakash
Mahaakshay Chakraborty,yes,2023,Jogira Sara Ra Ra,1.75,yes,Kushan Nandy
Mahaakshay Chakraborty,yes,2025,Oye Bhootni Ke,,yes,Ajay Kailash Yadav
Mahakshay Chakraborty,no,2011,Haunted – 3D,36.00,no,Vikram Bhatt
Mahakshay Chakraborty,no,2013,Enemmy,,no,Ashu Trikha
Mahat Raghavendra,no,2022,Double XL,1.12,yes,Satramm Ramani
Mahek Chahal,no,2003,Nayee Padosan,,no,B. H. Tharun Kumar
Mahek Chahal,no,2011,Yamla Pagla Deewana,88.00,yes,Samir Karnik
Mahek Chahal,no,2014,Karar: The Deal,,no,Sabir
Mahek Chahal,no,2018,Nirdosh,,yes,Pradeep Rangwani
Mahender Nath,no,2020,Eeb Allay Ooo!,,no,Prateek Vats
Mahesh Anand,no,2000,Baaghi,6.47,yes,Rajesh Kumar Singh
Mahesh Balraj,no,2019,Hume Tumse Pyaar Kitna,,no,Lalit Mohan
Mahesh Manjrekar,no,2002,Kaante,36.37,yes,Sanjay Gupta
Mahesh Manjrekar,no,2004,Musafir,18.71,yes,Sanjay Gupta
Mahesh Manjrekar,no,2004,Run,,yes,Jeeva
Mahesh Manjrekar,no,2005,Padmashree Laloo Prasad Yadav,,no,Mahesh Manjrekar
Mahesh Manjrekar,no,2006,Zinda,17.60,yes,Sanjay Gupta
Mahesh Manjrekar,no,2008,Meerabai Not Out,,no,Chandrakant Kulkarni
Mahesh Manjrekar,no,2009,99,14.76,yes,Raj and D.K.
Mahesh Manjrekar,no,2009,Fruit and Nut,0.15,no,Kunal Vijaykar
Mahesh Manjrekar,no,2009,Wanted,93.23,yes,Prabhu Deva
Mahesh Manjrekar,no,2009,Zor Lagaa Ke...Haiya!,,no,Girish Girija Joshi
Mahesh Manjrekar,no,2010,Dabangg,221.14,yes,Abhinav Kashyap
Mahesh Manjrekar,no,2010,Pankh,0.20,no,Sudipto Chattopadhyaya
Mahesh Manjrekar,no,2010,Teen Patti,7.63,no,Leena Yadav
Mahesh Manjrekar,no,2011,Ready,180.00,yes,Anees Bazmee
Mahesh Manjrekar,no,2013,Enemmy,,no,Ashu Trikha
Mahesh Manjrekar,no,2013,Himmatwala,68.87,no,Sajid Khan
Mahesh Manjrekar,no,2013,Once Upon ay Time in Mumbai Dobaara!,91.70,yes,Milan Luthria
Mahesh Manjrekar,no,2013,Rajjo,,no,Vishwas Patil
Mahesh Manjrekar,no,2013,Shootout at Wadala,82.00,no,Sanjay Gupta
Mahesh Manjrekar,no,2019,Mard Ko Dard Nahi Hota,2.03,no,Vasan Bala
Mahesh Manjrekar,no,2021,Mumbai Saga,22.29,yes,Sanjay Gupta
Mahesh Manjrekar,no,2021,The Power,,yes,Mahesh Manjrekar
Mahesh Manjrekar,no,2022,Mister Mummy,,no,Shaad Ali
Mahesh Manjrekar,no,2025,Kaal Trighori,,yes,Nitin Vaidya
Mahesh Manjrekar,no,2025,The Secret of Devkaali,,no,Niraj Chauhan
Mahesh Thakur,no,2005,Bluffmaster!,32.70,yes,Rohan Sippy
Mahesh Thakur,no,2011,Milta Hai Chance By Chance,,no,Ramesh Modi
Mahesh Thakur,no,2013,Satya 2,,no,Ram Gopal Varma
Mahi Gill,no,2009,Aagey Se Right,,no,Indrajit Nattoji
Mahi Gill,no,2009,Dev.D,20.82,yes,Anurag Kashyap
Mahi Gill,no,2009,Gulaal,,no,Anurag Kashyap
Mahi Gill,no,2018,"Saheb, Biwi Aur Gangster 3",10.20,yes,Tigmanshu Dhulia
Mahi Khanduri,no,2014,Dee Saturday Night,,no,Jay Prakash
Mahi Soni,no,2023,Panch Kriti,,no,Sannjoy Bhargv
Mahie Gill,no,2009,Pal Pal Dil Ke Ssaat,,no,V Krishna Kumar
Mahie Gill,no,2010,Dabangg,221.14,yes,Abhinav Kashyap
Mahie Gill,no,2011,Not a Love Story,,no,Ram Gopal Varma
Mahie Gill,no,2011,"Saheb, Biwi Aur Gangster",10.75,no,Tigmanshu Dhulia
Mahie Gill,no,2011,Utt Pataang,,no,Srikanth V. Velagaleti
Mahie Gill,no,2012,Paan Singh Tomar,20.18,no,Tigmanshu Dhulia
Mahie Gill,no,2013,"Saheb, Biwi Aur Gangster Returns",28.80,yes,Tigmanshu Dhulia
Mahie Gill,no,2013,Zanjeer,,yes,Apoorva Lakhia
Mahie Gill,no,2014,Gang of Ghosts,,no,Satish Kaushik
Mahie Gill,no,2016,Buddha in a Traffic Jam,,no,Vivek Agnihotri
Mahie Gill,no,2017,Wedding Anniversary,0.24,no,Shekhar S Jha
Mahie Gill,no,2018,Phamous,,no,Karan Lalit Butani
Mahie Gill,no,2019,Family of Thakurganj,15.00,no,Manoj K. Jha
Mahie Gill,no,2019,Posham Pa,,no,Suman Mukhopadhyay
Mahie Gill,no,2020,Doordarshan,,no,Gagan Puri
Mahie Gill,no,2020,Durgamati,,no,G. Ashok
Mahima Chaudhry,no,2000,Deewane,12.25,no,Harry Baweja
Mahima Chaudhry,no,2000,Khiladi 420,10.20,no,Neeraj Vora
Mahima Chaudhry,no,2000,Kurukshetra,19.87,yes,Mahesh Manjrekar
Mahima Chaudhry,no,2001,Lajja,34.29,yes,Rajkumar Santoshi
Mahima Chaudhry,no,2001,Yeh Teraa Ghar Yeh Meraa Ghar,,no,Priyadarshan
Mahima Chaudhry,no,2002,Dil Hai Tumhaara,18.03,yes,Kundan Shah
Mahima Chaudhry,no,2002,Om Jai Jagadish,14.00,yes,Anupam Kher
Mahima Chaudhry,no,2003,Baghban,43.11,yes,Ravi Chopra
Mahima Chaudhry,no,2003,LOC: Kargil,31.67,yes,J. P. Dutta
Mahima Chaudhry,no,2003,Saaya,,no,Anurag Basu
Mahima Chaudhry,no,2004,Dobara,,no,Shashi Ranjan
Mahima Chaudhry,no,2005,Bhagmati,,no,Ashok Kaul
Mahima Chaudhry,no,2005,Film Star,,no,Tanuja Chandra
Mahima Chaudhry,no,2005,Home Delivery,,yes,Sujoy Ghosh
Mahima Chaudhry,no,2005,Kuchh Meetha Ho Jaye,,no,Samar Khan
Mahima Chaudhry,no,2005,Sehar,2.40,no,Kabeer Kaushik
Mahima Chaudhry,no,2005,The Film,,no,Junaid Memon
Mahima Chaudhry,no,2005,Zameer: The Fire Within,1.58,no,Kamal
Mahima Chaudhry,no,2006,Kudiyon Ka Hai Zamana,,yes,Amar Butala
Mahima Chaudhry,no,2006,Sandwich,,no,Anees Bazmee
Mahima Chaudhry,no,2006,Sarhad Paar,,yes,Raman Kumar
Mahima Chaudhry,no,2006,Souten: The Other Woman,,no,Karan Razdan
Mahima Chaudhry,no,2008,Gumnaam – The Mystery,0.55,no,Neeraj Pathak
Mahima Chaudhry,no,2010,Pusher,,no,Assad Raja
Mahima Chaudhry,no,2024,The Signature,,no,Gajendra Ahire
Mahima Chaudhry,no,2025,Durlabh Prasad Ki Dusri Shadi,,no,Siddhant Raj Singh
Mahima Chaudhry,no,2025,Emergency,21.75,no,Kangana Ranaut
Mahima Chaudhry,no,2025,Nadaaniyan,,yes,Shauna Gautam
Mahima Makwana,no,2021,Antim: The Final Truth,59.11,yes,Mahesh Manjrekar
Mahima Makwana,no,2023,Tumse Na Ho Payega,,no,Abhishek Sinha
Mahira Khan,no,2017,Raees,308.10,no,Rahul Dholakia
Mahmood Hashmi,no,2021,Machaan,,no,Nitesh Tiwari
Maia Sethna,no,2014,Main Aur Mr. Riight,,no,Adeeb Rais
Makarand Deshpande,no,2002,Makdee,,no,Vishal Bhardwaj
Makarand Deshpande,no,2011,My Friend Pinto,1.80,yes,Raghav Dar
Makarand Deshpande,no,2013,Issaq,5.37,yes,Manish Tiwary
Makarand Deshpande,no,2019,Mere Pyare Prime Minister,0.39,no,Rakeysh Omprakash Mehra
Makarand Deshpande,no,2021,12 'O' Clock,,no,Ram Gopal Varma
Makarand Deshpande,no,2024,Ella,,no,Roshan Fernandes
Makrand Deshpande,no,2000,Snip!,,no,Sunil Sippy
Makrand Deshpande,no,2002,Lal Salaam,,no,Gaganvihari Borate
Makrand Deshpande,no,2004,Paisa Vasool,0.69,no,Srinivas Bhashyam
Makrand Deshpande,no,2011,Chala Mussaddi... Office Office,1.40,no,Rajiv Mehra
Makrand Deshpande,no,2014,Objection My God,,no,Amit Khan
Makrand Deshpande,no,2019,Chicken Curry Law,,no,Shekhar Sirrinn
Makrand Deshpande,no,2021,Bombay Rose,,no,Gitanjali Rao
Makrand Deshpande,no,2024,Chhota Bheem and the Curse of Damyaan,,no,Rajiv Chilaka
Makrand Shukla,no,2025,Well Done CA Sahab!,,no,Sarvesh Kumar Singh
Malaika Arora,no,2000,Bichhoo,19.75,yes,Guddu Dhanoa
Malaika Arora,no,2002,Kaante,36.37,yes,Sanjay Gupta
Malaika Arora,no,2005,Kaal,28.50,yes,Soham Shah
Malaika Arora,no,2008,EMI - Liya Hai Toh Chukana Parega,,yes,Saurabh Kabra
Malaika Arora,no,2010,Housefull,114.18,no,Sajid Khan
Malaika Arora,no,2012,Housefull 2,179.15,yes,Sajid Khan
Malaika Arora Khan,no,2010,Dabangg,221.14,yes,Abhinav Kashyap
Malak Shah,no,2007,Return of Hanuman,6.14,no,Anurag Kashyap
Malavika Mohanan,no,2018,Beyond the Clouds,,yes,Majid Majidi
Malavika Mohanan,no,2024,Yudhra,11.31,no,Ravi Udyawar
Mallika Kapoor,no,2004,Dil Bechara Pyaar Ka Maara,,no,Omkarnath Mishra
Mallika Sherawat,no,2002,Jeena Sirf Merre Liye,,yes,Satish Kaushik
Mallika Sherawat,no,2003,Khwahish,,no,Govind Menon
Mallika Sherawat,no,2004,Kis Kis Ki Kismat,,no,Govind Menon
Mallika Sherawat,no,2004,Murder,25.00,yes,Anurag Basu
Mallika Sherawat,no,2005,Bachke Rehna Re Baba,5.51,yes,Govind Menon
Mallika Sherawat,no,2006,Darna Zaroori Hai,10.65,no,Ram Gopal Varma
Mallika Sherawat,no,2006,Pyaar Ke Side Effects,,no,Saket Chaudhary
Mallika Sherawat,no,2006,Shaadi Se Pehle,18.88,yes,Satish Kaushik
Mallika Sherawat,no,2007,Aap Kaa Surroor,19.50,no,Prashant Chadha
Mallika Sherawat,no,2007,Welcome,122.00,no,Anees Bazmee
Mallika Sherawat,no,2008,Maan Gaye Mughal-e-Azam,,no,Sanjay Chhel
Mallika Sherawat,no,2008,Ugly Aur Pagli,,no,Sachin Khot
Mallika Sherawat,no,2010,Hisss,,no,Jennifer Lynch
Mallika Sherawat,no,2011,Bin Bulaye Baraati,,no,Chandrakant Singh
Mallika Sherawat,no,2011,Double Dhamaal,70.54,yes,Indra Kumar
Mallika Sherawat,no,2011,Thank You,104.00,yes,Anees Bazmee
Mallika Sherawat,no,2012,Kismat Love Paisa Dilli,3.27,yes,Sanjay Khanduri
Mallika Sherawat,no,2012,Tezz,26.00,yes,Priyadarshan
Mallika Sherawat,no,2015,Dirty Politics,,no,K. C. Bokadia
Mallika Sherawat,no,2022,RK/RKay,,no,Rajat Kapoor
Malti Chahar,no,2022,Ishq Pashmina,,no,Arvind Pandey
Malvika Raaj,no,2021,Squad,,no,Nilesh Sahay
Mammootty,no,2000,Dr. Babasaheb Ambedkar,,no,Jabbar Patel
Mammootty,no,2005,Sau Jhooth Ek Sach,0.02,no,Bappaditya Roy
Mamta Kulkarni,no,2001,Chhupa Rustam: A Musical Thriller,9.46,yes,Aziz Sejawal
Mamta Kulkarni,no,2002,Kabhie Tum Kabhie Hum,,no,
Manasvi Mamgai,no,2014,Action Jackson,88.87,yes,Prabhu Deva
Manav Gohil,no,2021,Tribhanga,,yes,Renuka Shahane
Manav Kaul,no,2007,1971,,no,Amrit Sagar
Manav Kaul,no,2016,A Scandall,,no,Ishaan Shrivedi
Manav Kaul,no,2016,Wazir,78.69,no,Bejoy Nambiar
Manav Kaul,no,2017,Tumhari Sulu,51.39,no,Suresh Triveni
Manav Kaul,no,2019,Albert Pinto Ko Gussa Kyun Aata Hai?,,no,Soumitra Ranade
Manav Kaul,no,2019,Music Teacher,,no,Sarthak Dasgupta
Manav Kaul,no,2021,12 'O' Clock,,no,Ram Gopal Varma
Manav Kaul,no,2021,Ajeeb Daastaans,,no,Shashank Khaitan Raj Mehta Neeraj Ghaywan Kayoze Irani
Manav Kaul,no,2021,Dybbuk,,yes,Jay K
Manav Kaul,no,2021,Madam Chief Minister,0.05,no,Subhash Kapoor
Manav Kaul,no,2021,Nail Polish,,no,Bugs Bhargava Krishna
Manav Kaul,no,2021,Saina,1.50,no,Amole Gupte
Manav Kaul,no,2023,Trial Period,,no,Aleya Sen
Manav Kaul,no,2025,Baramulla,,no,Aditya Suhas Jambhale
Manav Vij,no,2019,Laal Kaptaan,2.36,yes,Navdeep Singh
Manav Vij,no,2020,Gunjan Saxena: The Kargil Girl,,yes,Sharan Sharma
Manav Vij,no,2024,Patna Shuklla,,no,Vivek Budakoti
Mandana Karimi,no,2015,Bhaag Johnny,,no,Shivam Nair
Mandana Karimi,no,2016,Kyaa Kool Hain Hum 3,33.14,no,Umesh Ghadge
Mandeep Kaur Mannnat,no,2020,Pagleaazam,,no,"Vikas P Kavvthekaar, Aps Raghuvanshi"
Mandira Bedi,no,2004,Shaadi Ka Laddoo,,no,Raj Kaushal
Mandira Bedi,no,2008,Meerabai Not Out,,no,Chandrakant Kulkarni
Mandira Bedi,no,2009,Mumbai Chakachak,,no,Sanjay Jha
Mandira Bedi,no,2014,O Teri,3.60,no,Umesh Bist
Mandira Bedi,no,2018,Vodka Diaries,1.26,no,Kushal Srivastava
Mandira Bedi,no,2019,The Tashkent Files,20.84,no,Vivek Agnihotri
Manek Bedi,no,2002,Maseeha,,no,Partho Ghosh
Mangal Singh,no,2013,Beehad - The Ravines,,no,Krishna Mishra
Manikk Chaudhary,no,2021,Ye Mard Bechara,,no,Anuup Thapa
Maninder Singh,no,2015,Hey Bro,,no,Ajay Chandhok
Manish Bhawan,no,2019,Goopi Gawaiya Bagha Bajaiya,,no,Shilpa Ranade
Manish Bishla,no,2024,The Legacy of Jineshwar,,no,Pradeep P. Jadhav Vivek Iyer
Manish Chaudhari,no,2012,Blood Money,12.00,no,Vishal Mahadkar
Manish Chaudhary,no,2013,Maazii,,no,Jaideep Chopra
Manish Chaudhary,no,2013,Mickey Virus,,no,Saurabh Varma
Manish Chauhan,no,2020,Yeh Ballet,,no,Sooni Taraporevala
Manish Dayal,no,2017,Partition: 1947,,no,Gurinder Chadha
Manish Gupta,no,2014,Om-Dar-B-Dar,,no,Kamal Swaroop
Manish Jhanjholia,no,2023,InCar,,no,Harsh Warrdhan
Manish Paul,no,2013,Mickey Virus,,no,Saurabh Varma
Manish Paul,no,2015,Ranbanka,,no,Aryeman Ramsay
Manish Paul,no,2016,Tere Bin Laden: Dead or Alive,,no,Abhishek Sharma
Manish Paul,no,2022,Jugjugg Jeeyo,136.13,yes,Raj Mehta
Manish Wadhwa,no,2025,Badass Ravi Kumar,9.66,no,Keith Gomes
Manisha Kelkar,no,2009,Lottery,,no,Hemant Prabhu
Manisha Kelkar,no,2013,Bandook,,no,Aditya Om
Manisha Koirala,no,2000,Baaghi,6.47,yes,Rajesh Kumar Singh
Manisha Koirala,no,2000,Champion,16.00,yes,Padam Kumar
Manisha Koirala,no,2000,Khauff,10.58,yes,Sanjay Gupta
Manisha Koirala,no,2000,Raja Ko Rani Se Pyar Ho Gaya,64.87,no,T.K. Rajeev Kumar
Manisha Koirala,no,2001,Abhay,,no,Suresh Krissna
Manisha Koirala,no,2001,Chhupa Rustam: A Musical Thriller,9.46,yes,Aziz Sejawal
Manisha Koirala,no,2001,Grahan,1.43,no,Shashilal K. Nair
Manisha Koirala,no,2001,Lajja,34.29,yes,Rajkumar Santoshi
Manisha Koirala,no,2001,Moksha,0.82,no,Ashok Mehta
Manisha Koirala,no,2002,Company,25.02,yes,Ram Gopal Varma
Manisha Koirala,no,2002,Ek Chhotisi Love Story,8.10,no,Shashilal K. Nair
Manisha Koirala,no,2002,Jaani Dushman: Ek Anokhi Kahani,18.56,yes,Rajkumar Kohli
Manisha Koirala,no,2003,Calcutta Mail,4.34,yes,Sudhir Mishra
Manisha Koirala,no,2003,Escape from Taliban,1.44,no,Ujjal Chattopadhyaya
Manisha Koirala,no,2003,Market,427.00,no,Jay Prakash
Manisha Koirala,no,2004,Paisa Vasool,0.69,no,Srinivas Bhashyam
Manisha Koirala,no,2005,Anjaane,0.14,yes,Harry W. Fernandes
Manisha Koirala,no,2005,Chaahat – Ek Nasha,153.00,no,Jai Prakash
Manisha Koirala,no,2005,Mumbai Xpress,5.17,no,Singeetam Srinivasa Rao
Manisha Koirala,no,2005,Taj Mahal: An Eternal Love Story,31.10,yes,Akbar Khan
Manisha Koirala,no,2006,Darwaaza Bandh Rakho,2.32,no,J. D. Chakravarthy
Manisha Koirala,no,2007,Anwar,0.12,no,Manish Jha
Manisha Koirala,no,2008,Mehbooba,3.78,yes,Afzal Khan
Manisha Koirala,no,2008,Sirf,55.50,no,Rajaatesh Nayar
Manisha Koirala,no,2008,Tulsi,1.20,no,K. Ajay Kumar
Manisha Koirala,no,2010,Ek Second... Jo Zindagi Badal De?,0.44,no,Partho Ghosh
Manisha Koirala,no,2011,I Am,0.67,no,Onir
Manisha Koirala,no,2012,Bhoot Returns,6.39,no,Ram Gopal Verma
Manisha Koirala,no,2017,Dear Maya,,no,Sunaina Bhatnagar
Manisha Koirala,no,2018,Lust Stories,,yes,"Anurag Kashyap , Karan Johar , Zoya Akhtar , Dibakar Banerjee"
Manisha Koirala,no,2019,Prassthanam,5.90,yes,Deva Katta
Manisha Koirala,no,2020,Maska,,no,Neeraj Udhwani
Manisha Koirala,no,2021,99 Songs,,no,Vishwesh Krishnamoorthy
Manisha Koirala,no,2023,Shehzada,47.43,no,Rohit Dhawan
Manisha Rai,no,2025,Baida,,no,Puneet Sharma
Manisha Singh,no,2016,Aakhir Kab Tak,,no,Mithilesh Avinash
Manit Joura,no,2016,Love Shagun,,no,Sandesh Nayak
Manjari Fadnis,no,2008,Jaane Tu... Ya Jaane Na,84.00,yes,Abbas Tyrewala
Manjari Fadnis,no,2012,I M 24,,no,Saurabh Shukla
Manjari Fadnis,no,2013,Grand Masti,148.23,yes,Indra Kumar
Manjari Fadnis,no,2013,Warning,,no,Gurmmeet Singh
Manjari Fadnis,no,2018,Nirdosh,,yes,Pradeep Rangwani
Manjari Fadnis,no,2019,Barot House,,no,Bugs Bhargava
Manjari Fadnis,no,2021,State of Siege: Temple Attack,,yes,Ken Ghosh
Manjari Fadnis,no,2025,Akshardham: Operation Vajra Shakti,,yes,Ken Ghosh
Manjari Fadnis,no,2025,Pune Highway,,no,Rahul da Cunha Bugs Bhargava Krishna
Manjari Phadnis,no,2007,Mumbai Salsa,,no,Manoj Tyagi
Manjari Phadnis,no,2011,Zokkomon,,no,Satyajit Bhatkal
Manjari Phadnis,no,2015,Kis Kisko Pyaar Karoon,71.60,no,Abbas–Mustan
Manjari Phadnis,no,2016,Wah Taj,,no,Ajit Sinha
Manjot Singh,no,2013,Fukrey,53.00,no,Mrigdeep Singh Lamba
Manjot Singh,no,2013,What the Fish,,no,Gurmmet Singh
Manjot Singh,no,2023,Dream Girl 2,140.56,yes,Raaj Shaandilyaa
Manjot Singh,no,2023,Fukrey 3,128.37,no,Mrighdeep Singh
Manjot Singh,no,2024,Wild Wild Punjab,,no,Simarpreet Singh
Manjot Singh,no,2025,Kis Kisko Pyaar Karoon 2,14.87,no,Anukalp Goswami
Manju,no,2013,The Adventures of Sinbad,,no,"Shinjan Neogi , Abhishek Panchal"
Manjul Aazad,no,2015,Ishq Ke Parindey,,no,Shakir Khan
Manmeet Singh,no,2008,Rab Ne Bana Di Jodi,157.00,yes,Aditya Chopra
Mann Bagga,no,2015,The Silent Heroes,,no,Mahesh Bhatt
Mann Patel,no,2016,Shortcut Safari,,no,Amitabha Singh
Mannara Chopra,no,2014,Zid,14.15,no,Vivek Agnihotri
Manoj Amarnani,no,2014,Life is Beautiful!,,no,Manoj Amarnani
Manoj Bajpai,no,2000,Dil Pe Mat Le Yaar,,no,Hansal Mehta
Manoj Bajpai,no,2000,Ghaath,,no,Akashdeep
Manoj Bajpai,no,2001,Aks,14.30,no,Rakeysh Omprakash Mehra
Manoj Bajpai,no,2001,Zubeidaa,5.60,yes,Shyam Benegal
Manoj Bajpai,no,2002,Road,,yes,Rajat Mukherjee
Manoj Bajpai,no,2003,LOC: Kargil,31.67,yes,J. P. Dutta
Manoj Bajpai,no,2003,Pinjar,,no,Chandrakant Dwivedi
Manoj Bajpai,no,2004,Inteqam: The Perfect Game,,no,Pankaj Parashar
Manoj Bajpai,no,2004,Veer-Zaara,97.64,yes,Yash Chopra
Manoj Bajpai,no,2005,Bewafaa,33.18,yes,Dharmesh Darshan
Manoj Bajpai,no,2005,Fareb,1.08,no,Deepak Tijori
Manoj Bajpai,no,2007,1971,,no,Amrit Sagar
Manoj Bajpai,no,2007,Dus Kahaniyaan,13.00,yes,"Sanjay Gupta , Apoorva Lakhia , Meghna Gulzar , Rohit Roy , Hansal Mehta , Jasmeet Dhodhi"
Manoj Bajpai,no,2007,Swami,,no,Ganesh Acharya
Manoj Bajpai,no,2009,Acid Factory,5.20,yes,Suparn Verma
Manoj Bajpai,no,2010,Raajneeti,145.50,yes,Prakash Jha
Manoj Bajpai,no,2010,Ramayana: The Epic,0.98,no,Cheetan Desai
Manoj Bajpai,no,2011,Aarakshan,64.50,yes,Prakash Jha
Manoj Bajpai,no,2012,Chakravyuh,25.70,yes,Prakash Jha
Manoj Bajpai,no,2012,Chittagong,0.31,no,Bedabrata Pain
Manoj Bajpai,no,2012,Gangs of Wasseypur – Part 1,35.13,no,Anurag Kashyap
Manoj Bajpai,no,2012,Krishna Aur Kans,,no,Vikram Veturi
Manoj Bajpai,no,2013,Satyagraha,,yes,Prakash Jha
Manoj Bajpai,no,2015,Tevar,56.00,yes,Amit Sharma
Manoj Bajpayee,no,2004,Jaago,1.33,yes,Mrhul Kumar
Manoj Bajpayee,no,2008,Money Hai Toh Honey Hai,,no,Ganesh Acharya
Manoj Bajpayee,no,2009,Jail,10.00,no,Madhur Bhandarkar
Manoj Bajpayee,no,2013,Shootout at Wadala,82.00,no,Sanjay Gupta
Manoj Bajpayee,no,2013,Special 26,103.00,no,Neeraj Pandey
Manoj Bajpayee,no,2016,Aligarh,4.27,no,Hansal Mehta
Manoj Bajpayee,no,2016,Budhia Singh – Born to Run,,no,Soumendra Padhi
Manoj Bajpayee,no,2016,Saat Uchakkey,,no,Sanjeev Sharma
Manoj Bajpayee,no,2016,Traffic,11.65,no,Rajesh Pillai
Manoj Bajpayee,no,2017,Rukh,,no,Atanu Mukherjee
Manoj Bajpayee,no,2018,Aiyaary,34.07,no,Neeraj Pandey
Manoj Bajpayee,no,2018,Baaghi 2,254.33,yes,Ahmed Khan
Manoj Bajpayee,no,2018,Gali Guleiyan,,no,Dipesh Jain
Manoj Bajpayee,no,2018,Love Sonia,,no,Tabrez Noorani
Manoj Bajpayee,no,2018,Missing,0.85,no,Mukul Abhyankar
Manoj Bajpayee,no,2018,Satyameva Jayate,110.00,no,Milap Zaveri
Manoj Bajpayee,no,2019,Sonchiriya,10.42,no,Abhishek Chaubey
Manoj Bajpayee,no,2020,Bhonsle,,no,Devashish Makhija
Manoj Bajpayee,no,2020,Mrs. Serial Killer,,no,Shirish Kunder
Manoj Bajpayee,no,2020,Suraj Pe Mangal Bhari,4.32,no,Abhishek Sharma
Manoj Bajpayee,no,2021,Dial 100,,no,Rensil D'Silva
Manoj Bajpayee,no,2021,Silence... Can You Hear It?,,no,Aban Bharucha Deohans
Manoj Bajpayee,no,2023,Gulmohar,,no,Rahul V. Chittella
Manoj Bajpayee,no,2023,Joram,0.40,no,Devashish Makhija
Manoj Bajpayee,no,2023,Sirf Ek Bandaa Kaafi Hai,,no,Apoorva Singh Karki
Manoj Bajpayee,no,2024,Bhaiyya Ji,11.76,no,Apoorva Singh Karki
Manoj Bajpayee,no,2024,Despatch,,no,Kanu Behl
Manoj Bajpayee,no,2024,Silence 2: The Night Owl Bar Shootout,,no,Aban Bharucha Deohans
Manoj Bajpayee,no,2025,Inspector Zende,,no,Chinmay Mandlekar
Manoj Bajpayee,no,2025,Jugnuma: The Fable,0.40,no,Raam Reddy
Manoj Bakshi,no,2014,Hum Hai Teen Khurafaati (हम हैं तीन खुराफाती),,no,Rajeshwar Chauhan
Manoj Bakshi,no,2018,When Obama Loved Osama,,no,Sudhish Kumar Sharma
Manoj Bakshi,no,2023,Pyar Ki Policy,,no,Sudhish Kumar Sharma
Manoj Bidwani,no,2005,Dreams,,no,Ashish Chanana
Manoj Joshi,no,2006,Bhagam Bhag,67.00,yes,Priyadarshan
Manoj Joshi,no,2008,EMI - Liya Hai Toh Chukana Parega,,yes,Saurabh Kabra
Manoj Joshi,no,2009,De Dana Dan,81.85,no,Priyadarshan
Manoj Joshi,no,2011,Bin Bulaye Baraati,,no,Chandrakant Singh
Manoj Joshi,no,2011,Masti Express,,no,Vikram Pradhan
Manoj Joshi,no,2013,Wake Up India,,no,Babloo Seshadri
Manoj Joshi,no,2014,Anuradha,,no,Raju Mavani
Manoj Joshi,no,2014,Bhopal: A Prayer for Rain,,no,Ravi Kumar
Manoj Joshi,no,2017,Prakash Electronic,,no,Manoj Sharma
Manoj Joshi,no,2018,Kaashi in Search of Ganga,0.93,no,Dhiraj Kumar
Manoj Joshi,no,2019,Jhootha Kahin Ka,2.57,yes,Smeep Kang
Manoj Joshi,no,2019,PM Narendra Modi,,yes,Omung Kumar
Manoj Joshi,no,2019,Ram Ki Janmabhoomi,,no,Sanoj Mishra
Manoj Joshi,no,2021,Hungama 2,,yes,Priyadarshan
Manoj Joshi,no,2021,Waah Zindagi,,no,Dinesh S Yadav
Manoj Joshi,no,2022,Dehati Disco,,no,Manoj Sharma
Manoj Joshi,no,2023,Ajmer 92,1.00,no,Pushpendra Singh
Manoj Joshi,no,2023,Darran Chhoo,,no,Bharat Ratan
Manoj Joshi,no,2023,Dream Girl 2,140.56,yes,Raaj Shaandilyaa
Manoj Joshi,no,2023,Non Stop Dhamaal,,no,Irshad Khan
Manoj Joshi,no,2024,Accident or Conspiracy: Godhra,,no,M.K Shivaaksh
Manoj Joshi,no,2024,Hamare Baarah,,no,Kamal Chandra
Manoj Kumar Sharma,no,2025,Me No Pause Me Play,,no,Samar K Mukharjee
Manoj Pahwa,no,2001,Tum Bin,,no,Anubhav Sinha
Manoj Pahwa,no,2003,Aapko Pehle Bhi Kahin Dekha Hai,,no,Anubhav Sinha
Manoj Pahwa,no,2005,7½ Phere,,no,Ishaan Trvedi
Manoj Pahwa,no,2007,Dhamaal,50.73,yes,Indra Kumar
Manoj Pahwa,no,2007,Hattrick,,no,Milan Luthria
Manoj Pahwa,no,2007,Life in a... Metro,24.45,no,Anurag Basu
Manoj Pahwa,no,2007,MP3: Mera Pehla Pehla Pyaar,,no,Robbie Grewal
Manoj Pahwa,no,2008,Tashan,51.00,yes,Vijay Krishna Acharya
Manoj Pahwa,no,2009,Aamras,,no,Rupali Guha
Manoj Pahwa,no,2009,Aloo Chaat,,no,Robby Grewal
Manoj Pahwa,no,2009,Sankat City,,no,Pankaj Advani
Manoj Pahwa,no,2011,Chala Mussaddi... Office Office,1.40,no,Rajiv Mehra
Manoj Pahwa,no,2011,Khap,,yes,Ajai Sinha
Manoj Pahwa,no,2012,Challo Driver,,no,Vickrant Mahajan
Manoj Pahwa,no,2014,O Teri,3.60,no,Umesh Bist
Manoj Pahwa,no,2015,Chal Guru Ho Ja Shuru,,no,Manoj Sharma
Manoj Pahwa,no,2017,Prakash Electronic,,no,Manoj Sharma
Manoj Pahwa,no,2018,Kaashi in Search of Ganga,0.93,no,Dhiraj Kumar
Manoj Pahwa,no,2018,Khajoor Pe Atke,,no,Harsh Chhaya
Manoj Pahwa,no,2018,Mulk,28.33,yes,Anubhav Sinha
Manoj Pahwa,no,2019,Article 15,93.08,no,Anubhav Sinha
Manoj Pahwa,no,2019,Family of Thakurganj,15.00,no,Manoj K. Jha
Manoj Pahwa,no,2020,Kadakh,,no,Rajat Kapoor
Manoj Pahwa,no,2021,Mimi,,no,Laxman Utekar
Manoj Pahwa,no,2021,Ramprasad Ki Tehrvi,,no,Seema Pahwa
Manoj Pahwa,no,2022,Middle Class Love,,no,Rantnaa Sinha
Manoj Pahwa,no,2022,Mili,,yes,Mathukutty Xavier
Manoj Tiwari,no,2014,Anuradha,,no,Raju Mavani
Manorama,no,2005,Water,,no,Deepa Mehta
Manorama,no,2007,Water,,no,Deepa Mehta
Mansha Bahl,no,2014,Spark,,no,V. K. Singh
Mansi Dovhal,no,2009,Aasma: The Sky Is the Limit,,no,Rohit Nayyar
Mansi Dovhal,no,2009,Shaabash! You Can Do It,,no,Shankar Mondal
Mansi Dovhal,no,2010,Trump Card,,no,Arshad Khan
Mansi Multani,no,2011,Jo Hum Chahein,,no,Pawan Gill
Mansi Multani,no,2018,Pari,41.40,no,Prosit Roy
Mansi Multani,no,2020,Kadakh,,no,Rajat Kapoor
Mantra,no,2018,High Jack,0.34,no,Akash Khurana
Mantra Mugdha,no,2016,Rebellious Flower,,no,Krishan Hooda
Manu Rishi,no,2008,Oye Lucky! Lucky Oye!,6.10,yes,Dibakar Banerjee
Manu Rishi,no,2012,Ekk Deewana Tha,8.55,yes,Gautham Vasudev Menon
Manu Rishi,no,2012,Life Ki Toh Lag Gayi,0.32,no,Rakesh Mehta
Manu Rishi,no,2013,What the Fish,,no,Gurmmet Singh
Manu Rishi,no,2014,Ekkees Toppon Ki Salaami,1.58,no,Ravindra Gautam
Manu Rishi,no,2014,Kya Dilli Kya Lahore,,no,Vijay Raaz
Manu Rishi,no,2019,Setters,0.58,no,Ashwini Chaudhary
Manu Rishi,no,2020,Guilty,,no,Ruchi Narain
Manu Rishi,no,2022,RK/RKay,,no,Rajat Kapoor
Manu Rishi,no,2023,U-Turn,,no,Arif Khan
Manu Rishi Chaddha,no,2020,Doordarshan,,no,Gagan Puri
Manu Rishi Chadha,no,2025,Jassi Weds Jassi,,yes,Paran Bawa
Manu Singh,no,2025,Interrogation,,no,Ajoy Varma Raja
Manukriti Pahwa,no,2021,Ye Mard Bechara,,no,Anuup Thapa
Manurishi Chaddha,no,2020,Shubh Mangal Zyada Saavdhan,87.00,no,Hitesh Kewalya
Manurishi Chaddha,no,2023,Bhagwan Bharose,,no,Shiladitya Bora
Manushi Chhillar,no,2022,Samrat Prithviraj,90.32,yes,Chandraprakash Dwivedi
Manushi Chhillar,no,2023,The Great Indian Family,5.65,yes,Vijay Krishna Acharya
Manushi Chhillar,no,2024,Bade Miyan Chote Miyan,102.16,yes,Ali Abbas Zafar
Manushi Chhillar,no,2024,Operation Valentine,,no,Shakti Pratap Singh Hada
Manushi Chhillar,no,2025,Maalik,26.30,no,Pulkit
Manushi Chhillar,no,2025,Tehran,,no,Arun Gopalan
Manzar Sehbai,no,2014,Ya Rab,,no,Hasnain Hyderabadwala
Maradona Rebello,no,2010,Pankh,0.20,no,Sudipto Chattopadhyaya
Marc Anwar,no,2010,Pusher,,no,Assad Raja
Martin Brambach,no,2014,Bhopal: A Prayer for Rain,,no,Ravi Kumar
Martin Jishil,no,2025,Sangee,,no,Sumit Kulkarni
Martin Sheen,no,2014,Bhopal: A Prayer for Rain,,no,Ravi Kumar
Masood Akhtar,no,2020,Chippa,,no,Safdar Rehman
Master Abhishek Sharma,no,2009,Royal Utsav,,no,Ravi K. Patwa
Master Ali Haji,no,2007,Ta Ra Rum Pum,70.00,yes,Siddharth Anand
Master Ali Haji,no,2010,Right Yaaa Wrong,,yes,Neeraj Pathak
Masumeh Makhija,no,2003,Chupke Se,,no,Shona Urvashi
Masumeh Makhija,no,2018,3 Storeys,,no,Arjun Mukerjee
Masumeh Makhija,no,2023,Bhagwan Bharose,,no,Shiladitya Bora
Masumeh Makhija,no,2025,Dil Dosti Aur Dogs,,yes,Viral Shah
Matt Phillips,no,2002,"Mitr, My Friend",,no,Revathi
Mausam Sharma,no,2014,Hum Hai Teen Khurafaati (हम हैं तीन खुराफाती),,no,Rajeshwar Chauhan
Maushumi Udeshi,no,2010,Benny and Babloo,,no,Yunus Sajawal
Mawra Hocane,no,2016,Sanam Teri Kasam,16.03,no,"Radhika Rao , Vinay Sapru"
Maya Sarao,no,2020,Thappad,44.54,no,Anubhav Sinha
Mayank Tewari,no,2014,Sulemani Keeda,,no,Amit Masurkar
Mayur Kumar,no,2019,Gunwali Dulhaniya,,no,Shantanu Anant Tambe
Mayur More,no,2020,Kasaai,,no,Gajendra Shrotriya
Mayur Patole,no,2016,Budhia Singh – Born to Run,,no,Soumendra Padhi
Medha Rana,no,2023,Friday Night Plan,,yes,Vatsal Neelakantan
Medha Shankar,no,2023,12th Fail,69.64,no,Vidhu Vinod Chopra
Medha Shankar,no,2024,Zero Se Restart,,no,Vidhu Vinod Chopra
Medha Shankr,no,2021,Shaadisthan,,no,Raj Singh Chaudhary
Meenakshi Dixit,no,2015,P Se PM Tak,,no,Kundan Shah
Meenu Hooda,no,2015,Kajarya,,no,Madhureeta Anand
Meera,no,2005,Kasak,,no,Rajiv Babbar
Meera,no,2012,Paanch Ghantey Mien Paanch Crore,,no,Faisal Saif
Meera Chopra,no,2014,Gang of Ghosts,,no,Satish Kaushik
Meera Chopra,no,2016,1920: London,,no,Tinu Suresh Desai
Meera Chopra,no,2019,Section 375,12.35,yes,Ajay Bahl
Meera Chopra,no,2023,Safed,,no,Sandeep Singh
Meera Vasudevan,no,2006,Jaadu Sa Chal Gaya,,no,Dev Basu
Meera Vasudevan,no,2007,Chain Kulii Ki Main Kulii,,no,Karanjeet Saluja
Meezaan Jaffery,yes,2019,Malaal,2.50,yes,Mangesh Hadawale
Meezaan Jafri,yes,2021,Hungama 2,,yes,Priyadarshan
Meezaan Jafri,yes,2023,Yaariyan 2,2.67,yes,Radhika Rao Vinay Sapru
Meezaan Jafri,yes,2024,The Miranda Brothers,,yes,Sanjay Gupta
Megh Pant,no,2016,Kaafiron Ki Namaaz,,no,Ram Ramesh Sharma
Megha Akash,no,2019,Satellite Shankar,0.54,yes,Irfan Kamal
Megha Akash,no,2021,Radhe,18.33,yes,Prabhu Deva
Megha Saxsena,no,2023,Pyar Ki Policy,,no,Sudhish Kumar Sharma
Megha Verma,no,2016,OK Mein Dhokhe,,no,Utpal S. Chaudhary
Meghna Malik,no,2021,Pagglait,,no,Umesh Bist
Meghna Naidu,no,2004,Hawas,,no,Karan Razdan
Meghna Naidu,no,2005,Classic – Dance of Love,,no,Babbar Subhash
Meghna Naidu,no,2005,Jackpot,,no,Samit Baadkar
Meghna Naidu,no,2005,Mashooka,,no,Afzal Ahmed
Meghna Naidu,no,2011,Rivaaz,,no,Ashok Nanda
Meghna Naidu,no,2016,Kyaa Kool Hain Hum 3,33.14,no,Umesh Ghadge
Meghna Patel,no,2014,LUV...Phir Kabhie,,no,Ajay Yadav
Mehak Manwani,no,2020,Doordarshan,,no,Gagan Puri
Mehdi Nebbou,no,2012,English Vinglish,102.00,no,Gauri Shinde
Meher,no,2009,Aamras,,no,Rupali Guha
Meher Vij,no,2017,Secret Superstar,977.00,yes,Advait Chandan
Meher Vij,no,2022,Jahaan Chaar Yaar,,no,Kamal Pandey
Meher Vij,no,2024,Bandaa Singh Chaudhary,,no,Abhishek Saxena
Meherzan Mazda,no,2022,Judaa Hoke Bhi,0.25,no,Vikram Bhatt
Mehmood Junior,no,2003,Humein Tumse Pyar Ho Gaya Chupke Chupke,,no,Pramod Mandloi
Mehreen Pirzada,no,2017,Phillauri,46.60,no,Anshai Lal
Mehul Buch,no,2017,A Daughter's Tale Pankh,,no,Premraaj
Meiyang Chang,no,2010,Badmaash Company,53.00,yes,Parmeet Sethi
Meiyang Chang,no,2015,Detective Byomkesh Bakshy!,46.80,no,Dibakar Banerjee
Meiyang Chang,no,2024,Ulajh,11.05,yes,Sudhanshu Saria
Melanie Kannokada,no,2012,"Love, Lies & Seeta",,no,Chandra Pemmaraju
Mia Maelzer,no,2025,Stolen,,no,Karan Tejpal
Mia Uyeda,no,2009,Sankat City,,no,Pankaj Advani
Mia Uyeda,no,2010,Tees Maar Khan,101.89,yes,Farah Khan
Michael Gambon,no,2017,Partition: 1947,,no,Gurinder Chadha
Mighty Khan,no,2005,Tezaab – The Acid of Love,,no,Shakeel Noorani
Mihir Ahuja,no,2023,The Archies,,yes,Zoya Akhtar
Mihir Ahuja,no,2024,Vijay 69,,no,Akshay Roy
Mika Singh,no,2014,Babloo Happy Hai,,no,Nila Madhab Panda
Mika Singh,no,2014,Balwinder Singh Famous Ho Gaya,,no,Sunil Agnihotri
Mikaal Zulfikaar,no,2011,U R My Jaan,,no,Aron Govil
Mike Singh,no,2011,I Am Singh,,no,Puneet Issar
Mike Tyson,no,2022,Liger,,no,Puri Jagannadh
Mikhil Chindaramani,no,2010,It's a Man's World,,no,Saurabh Sengupta
Milan Singh,no,2016,OK Mein Dhokhe,,no,Utpal S. Chaudhary
Milind Gunaji,no,2000,Zindagi Zindabad,,no,Sumitra Bhave–Sunil Sukthankar
Milind Gunaji,no,2002,Mulaqaat,,no,K. Ravi Shankar
Milind Gunaji,no,2003,Patth,,no,
Milind Gunaji,no,2005,Mr Prime Minister,,no,Dev Anand
Milind Gunaji,no,2006,Jigyaasa,,no,Faisal Saif
Milind Gunaji,no,2010,Ada... A Way of Life,,no,Tanvir Ahmad
Milind Gunaji,no,2010,Hello Zindagi,,no,Raja Unnithan
Milind Gunaji,no,2010,Idiot Box,,no,Sunanda Mitra
Milind Gunaji,no,2013,Wake Up India,,no,Babloo Seshadri
Milind Gunaji,no,2017,Babuji Ek Ticket Bambai,,no,Arvind Tripathi
Milind Gunaji,no,2021,Raag,,no,Arvind Tripathi
Milind Gunaji,no,2023,The Rise Of Sudarshan Chakra,,no,Anil Kulchainiya
Milind Soman,no,2000,Tarkieb,9.24,no,Esmayeel Shroff
Milind Soman,no,2002,16 December,,no,Mani Shankar
Milind Soman,no,2002,Agni Varsha,,no,Arjun Sajnani
Milind Soman,no,2003,Rules: Pyaar Ka Superhit Formula,,no,Parvati Balagopalan
Milind Soman,no,2005,Bhagmati,,no,Ashok Kaul
Milind Soman,no,2005,Jurm,,yes,Vikram Bhatt
Milind Soman,no,2007,Bheja Fry,12.58,no,Sagar Ballary
Milind Soman,no,2007,Say Salaam India,,no,Subhash Kapoor
Milind Soman,no,2008,Bhram,,no,Pavan Kaul
Milind Soman,no,2009,Love Khichdi,,no,Srinivas Bhashyam
Milind Soman,no,2012,Jodi Breakers,33.40,no,Ashwini Chaudhary
Milind Soman,no,2023,Lakadbaggha,,no,Victor Mukherjee
Milind Soman,no,2023,One Friday Night,,no,Manish Gupta
Milind Soman,no,2023,Starfish,0.10,no,Akhilesh Jaiswal
Milind Soman,no,2025,Emergency,21.75,no,Kangana Ranaut
Mimi Chakraborty,no,2023,Shastry Viruddh Shastry,,no,Shiboprosad Mukherjee Nandita Roy
Mimoh Chakraborty,yes,2008,Jimmy,1.86,yes,Raj N. Sippy
Mimoh Chakraborty,yes,2024,Pride,,yes,Pankaj Kr Virat
Minakkshi Kalitaa,no,2014,Mary Kom,86.19,no,Omung Kumar
Mini Pandit,no,2017,Yadvi – The Dignified Princess,,no,Jyoti Singh
Minissha Lamba,no,2005,Yahaan,,no,Shoojit Sircar
Minissha Lamba,no,2006,Anthony Kaun Hai?,17.21,yes,Raj Kaushal
Minissha Lamba,no,2006,Corporate,15.06,no,Madhur Bhandarkar
Minissha Lamba,no,2006,Rocky,3.04,yes,Suresh Krishna
Minissha Lamba,no,2007,Dus Kahaniyaan,13.00,yes,"Sanjay Gupta , Apoorva Lakhia , Meghna Gulzar , Rohit Roy , Hansal Mehta , Jasmeet Dhodhi"
Minissha Lamba,no,2007,Honeymoon Travels Pvt. Ltd.,19.51,yes,Reema Kagti
Minissha Lamba,no,2008,Anamika,,no,Anant Mahadevan
Minissha Lamba,no,2008,Bachna Ae Haseeno,79.00,yes,Siddharth Anand
Minissha Lamba,no,2008,Kidnap,35.60,yes,Sanjay Gadhvi
Minissha Lamba,no,2008,Shaurya,,no,Samar Khan
Minissha Lamba,no,2010,Well Done Abba,,no,Shyam Benegal
Minissha Lamba,no,2011,Bheja Fry 2,,no,Sagar Ballary
Minissha Lamba,no,2012,Joker,35.87,yes,Shirish Kunder
Minissha Lamba,no,2013,Zila Ghaziabad,,yes,Anand Kumar
Mink Brar,no,2003,Oops!,,no,Deepak Tijori
Minnisha Lamba,no,2011,Hum Tum Shabana,,yes,Sagar Ballary
Mir Sarwar,no,2018,Laila Majnu,11.50,no,Sajid Ali
Mir Sarwar,no,2019,Kesari,207.09,no,Anurag Singh
Mir Sarwar,no,2020,Half Widow,,no,Danish Renzu
Mir Sarwar,no,2021,State of Siege: Temple Attack,,yes,Ken Ghosh
Mir Sarwar,no,2023,Hukus Bukus,,no,Vinay Bharadwaj Saumitra Singh
Mir Sarwar,no,2023,Lafzon Mein Pyaar,,no,Raja Randeep Giri Dhiraj Mishra
Mir Sarwar,no,2025,Akshardham: Operation Vajra Shakti,,yes,Ken Ghosh
Mischa Barton,no,2014,Bhopal: A Prayer for Rain,,no,Ravi Kumar
Mishika Chourasia,no,2019,Rangeela Raja,0.18,no,Sikander Bharti
Mishti,no,2014,Kaanchi: The Unbreakable,,yes,Subhash Ghai
Mishti,no,2016,Great Grand Masti,20.00,yes,Indra Kumar
Mishti Singh,no,2021,Machaan,,no,Nitesh Tiwari
Misti Mukherjee,no,2013,Main Krishna Hoon,,yes,Rajiv S. Ruia
Mita Vashisht,no,2003,Oops!,,no,Deepak Tijori
Mita Vashisht,no,2022,Good Luck Jerry,,yes,Sidharth Sengupta
Mita Vasisht,no,2000,Zindagi Zindabad,,no,Sumitra Bhave–Sunil Sukthankar
Mita Vasisht,no,2001,Maya,,no,Digivijay Singh
Mita Vasisht,no,2013,Gangoobai,,no,Priya Krishnaswamy
Mita Vasisht,no,2020,Kasaai,,no,Gajendra Shrotriya
Mithila Palkar,no,2018,Karwaan,26.42,no,Akarsh Khurana
Mithila Palkar,no,2019,Chopsticks,,yes,Sachin Yardi
Mithila Palkar,no,2021,Tribhanga,,yes,Renuka Shahane
Mithila Palkar,no,2025,Sweet Dreams,,no,Victor Mukherjee
Mithilesh Chaturvedi,no,2018,Mohalla Assi,,yes,Chandraprakash Dwivedi
Mithun Chakraborthy,no,2012,Zindagi Tere Naam,,no,Ashu Trikha
Mithun Chakraborty,no,2000,Aaj Ka Ravan,1.02,no,Imran Khalid
Mithun Chakraborty,no,2000,Billa No. 786,,no,Imran Khalid
Mithun Chakraborty,no,2001,Bengal Tiger,,no,Adarsh Jain
Mithun Chakraborty,no,2001,Bhairav,,no,T. L. V. Prasad
Mithun Chakraborty,no,2005,Classic – Dance of Love,,no,Babbar Subhash
Mithun Chakraborty,no,2005,Elaan,,no,Vikram Bhatt
Mithun Chakraborty,no,2005,Lucky: No Time for Love,27.81,yes,Radhika Rao Vinay Sapru
Mithun Chakraborty,no,2006,Chingaari,,no,Kalpana Lajmi
Mithun Chakraborty,no,2006,Dil Diya Hai,3.25,yes,Aaditya Datt
Mithun Chakraborty,no,2007,Guru,83.67,yes,Mani Ratnam
Mithun Chakraborty,no,2008,Don Muthu Swami,,no,Ashim Samanta
Mithun Chakraborty,no,2008,Heroes,25.44,yes,Samir Karnik
Mithun Chakraborty,no,2008,My Name Is Anthony Gonsalves,,no,Eeshwar Nivas
Mithun Chakraborty,no,2008,Yuvvraaj,31.22,yes,Subhash Ghai
Mithun Chakraborty,no,2009,Baabarr,,no,Ashu Trikha
Mithun Chakraborty,no,2009,Chal Chalein,,no,Ujjwal Singh
Mithun Chakraborty,no,2009,Chandni Chowk to China,120.00,no,Nikkhil Advani
Mithun Chakraborty,no,2009,Luck,,yes,Soham Shah
Mithun Chakraborty,no,2009,Phir Kabhi,,no,V. K. Prakash
Mithun Chakraborty,no,2009,Zor Lagaa Ke...Haiya!,,no,Girish Girija Joshi
Mithun Chakraborty,no,2010,Golmaal 3,167.00,yes,Rohit Shetty
Mithun Chakraborty,no,2010,Veer,68.11,yes,Anil Sharma
Mithun Chakraborty,no,2012,Housefull 2,179.15,yes,Sajid Khan
Mithun Chakraborty,no,2012,Khiladi 786,107.00,no,Ashish R Mohan
Mithun Chakraborty,no,2012,OMG – Oh My God!,149.90,yes,Umesh Shukla
Mithun Chakraborty,no,2013,Boss,102.82,no,Anthony D'Souza
Mithun Chakraborty,no,2013,Enemmy,,no,Ashu Trikha
Mithun Chakraborty,no,2014,Entertainment,115.93,no,Sajid-Farhad
Mithun Chakraborty,no,2014,Kaanchi: The Unbreakable,,yes,Subhash Ghai
Mithun Chakraborty,no,2019,The Tashkent Files,20.84,no,Vivek Agnihotri
Mithun Chakraborty,no,2021,12 'O' Clock,,no,Ram Gopal Varma
Mithun Chakraborty,no,2022,The Kashmir Files,340.92,no,Vivek Agnihotri
Mithun Chakraborty,no,2025,Riwaj,,no,Manoj Sati
Mithun Chakraborty,no,2025,The Bengal Files,16.19,no,Vivek Agnihotri
Moammar Rana,no,2010,Ek Second... Jo Zindagi Badal De?,0.44,no,Partho Ghosh
Mohammad Samad,no,2012,Gattu,,no,Rajan Khosa
Mohammad Samad,no,2024,Malhar,,no,Vishal Kumbhar
Mohammed Faisal Usmani,no,2010,"Road, Movie",,yes,Dev Benegal
Mohammed Zeeshan Ayyub,no,2011,Mere Brother Ki Dulhan,,yes,Ali Abbas Zafar
Mohammed Zeeshan Ayyub,no,2013,Raanjhanaa,105.00,yes,Anand L. Rai
Mohammed Zeeshan Ayyub,no,2017,Raees,308.10,no,Rahul Dholakia
Mohammed Zeeshan Ayyub,no,2018,Thugs of Hindostan,335.00,yes,Vijay Krishna Acharya
Mohammed Zeeshan Ayyub,no,2019,377 Ab Normal,,no,Faruk Kabir
Mohammed Zeeshan Ayyub,no,2019,Article 15,93.08,no,Anubhav Sinha
Mohammed Zeeshan Ayyub,no,2019,Manikarnika: The Queen of Jhansi,132.95,no,Radha Krishna Jagarlamudi Kangana Ranaut
Mohammed Zeeshan Ayyub,no,2022,Jogi,,no,Ali Abbas Zafar
Mohammed Zeeshan Ayyub,no,2023,Joram,0.40,no,Devashish Makhija
Mohammed Zeeshan Ayyub,no,2025,Kaalidhar Laapata,,yes,Madhumita
Mohammed Zeeshan Ayyub,no,2025,Nishaanchi,1.00,no,Anurag Kashyap
Mohammed Zeeshan Ayyub,no,2025,Nishaanchi 2,,no,Anurag Kashyap
Mohan Agashe,no,2004,Ab Tak Chappan,,no,Shimit Amin
Mohan Agashe,no,2004,Paap,,no,Pooja Bhatt
Mohan Agashe,no,2005,James,,no,Rohit Jugraj
Mohan Agashe,no,2006,Rang De Basanti,97.00,yes,Rakeysh Omprakash Mehra
Mohan Agashe,no,2020,Guns of Banaras,,no,Sekhar Suri
Mohan Agashe,no,2024,OutHouse,,no,Sunil Sukthankar
Mohan Aghashe,no,2019,Yeh Hai India,,no,Lomharsh
Mohan Joshi,no,2004,Police Force: An Inside Story,1.80,no,Dilip Shukla
Mohan Joshi,no,2013,Wake Up India,,no,Babloo Seshadri
Mohan Joshi,no,2019,Yeh Hai India,,no,Lomharsh
Mohan Joshi,no,2021,Raag,,no,Arvind Tripathi
Mohan Kapoor,no,2021,Squad,,no,Nilesh Sahay
Mohan Kapur,no,2015,Coffee Bloom,,no,Manu Warrier
Mohanlal,no,2002,Company,25.02,yes,Ram Gopal Varma
Mohanlal,no,2007,Aag,22.73,no,Ram Gopal Varma
Mohanlal,no,2012,Tezz,26.00,yes,Priyadarshan
Mohd Nazim,no,2013,Pyaar Mein Aisa Hota Hai,,no,Rajesh Kumar
Mohd. Zeeshan Ayyub,no,2013,Maazii,,no,Jaideep Chopra
Mohinder Gujral,no,2014,Paranthe Wali Gali,,no,Sachin Gupta
Mohit Agarwal,no,2025,Agra,,no,Kanu Behl
Mohit Ahlawat,no,2005,James,,no,Rohit Jugraj
Mohit Ahlawat,no,2006,Shiva,,no,Ram Gopal Varma
Mohit Ahlawat,no,2011,Shagird,,no,Tigmanshu Dhulia
Mohit Ahlawat,no,2015,Ek Paheli Leela,27.47,no,Bobby Khan
Mohit Alawat,no,2010,The Film Emotional Atyachar,,no,Akshay Shere
Mohit Baghel,no,2018,When Obama Loved Osama,,no,Sudhish Kumar Sharma
Mohit Baisla,no,2017,Romeo-N-Bullet,,no,Aditya Kumar
Mohit Chadda,no,2007,50 Lakh,,no,Chandra Sekhar Yeleti
Mohit Chadda,no,2010,Do Dooni Chaar,,yes,Habib Faisal
Mohit Chadda,no,2010,Dulha Mil Gaya,,yes,Muddassar Aziz
Mohit Chadda,no,2021,Flight,,no,Suraj Joshi
Mohit Dutta,no,2015,Ishqedarriyaan,,yes,V. K. Prakash
Mohit Ghai,no,2011,Happy Husbands,,no,Anay
Mohit Madaan,no,2017,Aksar 2,7.18,no,Ananth Narayan Mahadevan
Mohit Madan,no,2015,Love Exchange,,no,Raj V Shetty
Mohit Malhotra,no,2020,Hacked,1.82,no,Vikram Bhatt
Mohit Malik,no,2025,Azaad,9.17,yes,Abhishek Kapoor
Mohit Marwah,yes,2014,Fugly,13.60,yes,Kabir Sadanand
Mohit Raina,no,2019,Uri: The Surgical Strike,342.06,yes,Aditya Dhar
Mohit Raina,no,2020,Mrs. Serial Killer,,no,Shirish Kunder
Mohit Raina,no,2021,Shiddat,,yes,Kunal Deshmukh
Mohit Raina,no,2023,Ishq-e-Nadaan,,no,Avishek Ghosh
Mohnish Bahl,yes,2000,Astitva,2.16,yes,Mahesh Manjrekar
Mohnish Bahl,yes,2000,Kaho Naa... Pyaar Hai,80.01,yes,Rakesh Roshan
Mohnish Bahl,yes,2001,Ek Rishtaa: The Bond of Love,36.50,yes,Suneel Darshan
Mohnish Bahl,yes,2001,Kyo Kii Main Jhuth Nahin Bolta,14.34,yes,David Dhawan
Mohnish Bahl,yes,2001,Pyaar Zindagi Hai,0.11,yes,Vijay Sadanah
Mohnish Bahl,yes,2002,Haan Maine Bhi Pyaar Kiya,19.55,yes,Dharmesh Darshan
Mohnish Bahl,yes,2002,Shararat,,yes,Gurudev Bhalla
Mohnish Bahl,yes,2004,Yeh Lamhe Judaai Ke,,yes,Birendra Nath Tiwary
Mohnish Bahl,yes,2005,Hum Tum Aur Mom,,yes,Ashok Nanda
Mohnish Bahl,yes,2005,Vaah! Life Ho Toh Aisi!,19.00,yes,Mahesh Manjrekar
Mohnish Bahl,yes,2006,Shaadi Karke Phas Gaya Yaar,5.02,yes,K. S. Adiyaman
Mohnish Bahl,yes,2006,Vivah,49.00,yes,Sooraj R. Barjatya
Mohnish Bahl,yes,2009,Vaada Raha,,yes,Samir Karnik
Mohnish Bahl,yes,2010,Chance Pe Dance,16.30,yes,Ken Ghosh
Mohnish Bahl,yes,2011,Desi Boyz,77.00,yes,Rohit Dhawan
Mohnish Bahl,yes,2011,Force,40.00,yes,Nishikant Kamat
Mohnish Bahl,yes,2011,Khap,,yes,Ajai Sinha
Mohnish Bahl,yes,2019,Panipat,49.29,yes,Ashutosh Gowariker
Mohnish Behl,no,2010,Isi Life Mein...!,,no,Vidhi Kasliwal
Mohnish Behl,no,2010,Rann,13.70,no,Ram Gopal Varma
Mohnish Behl,no,2010,Tum Milo Toh Sahi,3.52,no,Kabir Sadanand
Mohnish Behl,no,2014,Jai Ho,186.00,yes,Sohail Khan
Mohsin Akhtar,no,2010,It's a Man's World,,no,Saurabh Sengupta
Mohsin Akhtar,no,2011,Mumbai Mast Kallander,,no,Aman Mihani
Momal Sheikh,no,2016,Happy Bhag Jayegi,46.50,yes,Mudassar Aziz
Mona Ambegaonkar,no,2019,Evening Shadows,,no,Sridhar Rangayan
Mona Ambegaonkar,no,2023,Music School,,no,Papa Rao Biyyala
Mona Singh,no,2009,3 Idiots,400.61,yes,Rajkumar Hirani
Mona Singh,no,2011,Utt Pataang,,no,Srikanth V. Velagaleti
Mona Singh,no,2014,Zed Plus,,no,Chandraprakash Dwivedi
Mona Singh,no,2022,Laal Singh Chaddha,129.64,yes,Advait Chandan
Mona Singh,no,2024,Munjya,132.13,no,Aditya Sarpotdar
Mona Wasu,no,2013,Maazii,,no,Jaideep Chopra
Monal Gajjar,no,2021,Kaagaz,,no,Satish Kaushik
Monali A,no,2016,Fuddu,,no,Sunil Subramani
Monali Thakur,no,2014,Lakshmi,,no,Nagesh Kukunoor
Monali Thakur,no,2024,Dukaan,0.18,yes,Siddharth–Garima
Monalisa,no,2005,Jalwa - Fun in Love,,no,Rajiv S. Ruia
Monalisa,no,2009,Royal Utsav,,no,Ravi K. Patwa
Money Sabharwal,no,2021,Tank Cleaner,,no,Parvinder Singh Wraich
Monica Bedi,no,2001,Jodi No.1,34.13,yes,David Dhawan
Monica Bedi,no,2003,Tada,,no,Sisir. P. Mishra
Monica Castelino,no,2006,Rafta Rafta – The Speed,,no,Raj Sharma
Monica Chaudhary,no,2024,A Wedding Story,,no,Abhinav Pareek
Monica Dogra,no,2011,Dhobi Ghat,25.60,yes,Kiran Rao
Monica Dogra,no,2014,Fireflies,,no,Sabal Singh Sheikhawat
Monica Dogra,no,2016,Teraa Surroor,20.21,no,Shawn Arranha
Monica Gill,no,2018,Paltan,10.22,yes,J. P. Dutta
Monica Sehgal,no,2017,Sniff,,no,Amole Gupte
Monika Panwar,no,2023,Mast Mein Rehne Ka,,no,Vijay Maurya
Monika Panwar,no,2024,Dukaan,0.18,yes,Siddharth–Garima
Monika Panwar,no,2025,Nishaanchi,1.00,no,Anurag Kashyap
Monika Panwar,no,2025,Nishaanchi 2,,no,Anurag Kashyap
Monuj Borkotoky,no,2020,Pepper Chicken,,no,Ratan Sil Ram
Moon Moon Sen,no,2003,Love at Times Square,0.30,no,
Moonmoon Sen,no,2003,Kucch To Hai,11.00,yes,Anurag Basu
Mouli Ganguly,no,2010,It's a Man's World,,no,Saurabh Sengupta
Mouli Ganguly,no,2019,Kissebaaz,,no,Annant Jaaitpaal
Mouni Roy,no,2018,Gold,158.00,no,Reema Kagti
Mouni Roy,no,2019,Made in China,12.81,no,Mikhil Musale
Mouni Roy,no,2019,Romeo Akbar Walter,53.48,no,Robbie Garewal
Mouni Roy,no,2020,London Confidential,,no,Kanwal Sethi
Mouni Roy,no,2021,Velle,19.36,yes,Deven Munjal
Mouni Roy,no,2022,Brahmāstra: Part One – Shiva,435.00,yes,Ayan Mukerji
Mouni Roy,no,2024,Blackout,,no,Devang Shashin Bhavsar
Mouni Roy,no,2024,Love Sex Aur Dhokha 2,0.50,yes,Dibakar Banerjee
Mouni Roy,no,2025,The Bhootnii,,yes,Sidhaant Sachdev
Mousam Sharma,no,2018,When Obama Loved Osama,,no,Sudhish Kumar Sharma
Moushmi Chatterjee,no,2010,The Japanese Wife,,no,Aparna Sen
Moushumi Chatterjee,no,2004,Maqbool,,no,Vishal Bhardwaj
Moushumi Chatterjee,no,2015,Piku,141.00,no,Shoojit Sircar
Mridula Mahajan,no,2021,Tank Cleaner,,no,Parvinder Singh Wraich
Mrinal Kulkarni,no,2000,Lekroo,,no,Shrabani Deodhar
Mrinalini Sharma,no,2005,Apaharan,23.16,no,Prakash Jha
Mrinalini Sharma,no,2007,Awarapan,,yes,Mohit Suri
Mrinalini Sharma,no,2007,Showbiz,,no,Raju Khan
Mrinalini Sharma,no,2010,Hide & Seek,,no,Shawn Arranha
Mrinalini Sharma,no,2012,Jodi Breakers,33.40,no,Ashwini Chaudhary
Mrunal Thakur,no,2018,Love Sonia,,no,Tabrez Noorani
Mrunal Thakur,no,2019,Batla House,113.38,no,Nikhil Advani
Mrunal Thakur,no,2019,Super 30,208.93,yes,Vikas Bahl
Mrunal Thakur,no,2020,Ghost Stories,,yes,Karan Johar Dibakar Banerjee Zoya Akhtar Anurag Kashyap
Mrunal Thakur,no,2021,Dhamaka,,no,Ram Madhvani
Mrunal Thakur,no,2021,Toofaan,,no,Rakeysh Omprakash Mehra
Mrunal Thakur,no,2022,Jersey,27.90,yes,Gowtam Tinnanuri
Mrunal Thakur,no,2023,Aankh Micholi,1.50,no,Umesh Shukla
Mrunal Thakur,no,2023,Gumraah,10.68,yes,Vardhan Ketkar
Mrunal Thakur,no,2023,Lust Stories 2,,yes,R. Balki Konkona Sen Sharma Amit Ravindernath Sharma Sujoy Ghosh
Mrunal Thakur,no,2023,Pippa,,yes,Raja Krishna Menon
Mrunal Thakur,no,2025,Son of Sardaar 2,60.90,no,Vijay Kumar Arora
Mrunmayee Lagoo,no,2010,Hello Zindagi,,no,Raja Unnithan
Mrunmayi Deshpande,no,2008,Humne Jeena Seekh Liya,,no,Milind Ukey
Mugdha Godse,no,2008,Fashion,39.29,yes,Madhur Bhandarkar
Mugdha Godse,no,2009,All the Best: Fun Begins,61.00,yes,Rohit Shetty
Mugdha Godse,no,2009,Jail,10.00,no,Madhur Bhandarkar
Mugdha Godse,no,2010,Help,,yes,Rajeev Virani
Mugdha Godse,no,2011,Oh God! Saare Hain Fraud,,no,Ashu Trikha
Mugdha Godse,no,2012,Gali Gali Chor Hai,13.07,yes,Rumi Jaffrey
Mugdha Godse,no,2012,Heroine,,yes,Madhur Bhandarkar
Mugdha Godse,no,2012,Will You Marry Me?,,no,Aditya Dutt
Mugdha Godse,no,2015,Bezubaan Ishq,,no,Jashwant Gangani
Mugdha Godse,no,2015,Kaagaz Ke Fools,,no,Anil Kumar Chaudhary
Mugdha Godse,no,2021,Mera Fauji Calling,,no,Aaryaan Saxena
Mugdha Godse,no,2025,Kaal Trighori,,yes,Nitin Vaidya
Mukesh Ahuja,no,2004,Kaash... Hamara Dil Pagal Na Hota,,no,Mangal Anand
Mukesh Khanna,no,2009,Chal Chalein,,no,Ujjwal Singh
Mukesh Manas,no,2017,Chakallaspur,,no,Rajnish Jaiswal
Mukesh Rishi,no,2002,Maseeha,,no,Partho Ghosh
Mukesh Rishi,no,2002,Yeh Kaisi Mohabbat,,no,Dinkar Kapur
Mukesh Rishi,no,2004,Garv,23.48,yes,Puneet Issar
Mukesh Rishi,no,2006,Teesri Aankh: The Hidden Camera,,yes,Harry Baweja
Mukesh Rishi,no,2007,Jahan Jaaeyega Hamen Paaeyega,,no,Janmendra Ahuja
Mukesh Rishi,no,2008,Krazzy 4,32.27,no,Jaideep Sen
Mukesh Rishi,no,2020,Gul Makai,,no,H.E. Amjad khan
Mukesh Tiwari,no,2002,Aap Mujhe Achche Lagne Lage,20.20,yes,Vikram Bhatt
Mukesh Tiwari,no,2003,2 October,,no,Sunil Tiwari
Mukesh Tiwari,no,2005,Apaharan,23.16,no,Prakash Jha
Mukesh Tiwari,no,2006,Alag,0.56,no,Ashu Trikha
Mukesh Tiwari,no,2006,Jigyaasa,,no,Faisal Saif
Mukesh Tiwari,no,2008,Haal-e-Dil,0.72,yes,Anil Devgan
Mukesh Tiwari,no,2009,Lottery,,no,Hemant Prabhu
Mukesh Tiwari,no,2011,Hostel,,no,Manish Gupta
Mukesh Tiwari,no,2012,MLA,,no,Shiv Dube
Mukesh Tiwari,no,2012,Qasam Se Qasam Se,,no,Azim Rizvi
Mukesh Tiwari,no,2013,Wake Up India,,no,Babloo Seshadri
Mukesh Tiwari,no,2014,Zed Plus,,no,Chandraprakash Dwivedi
Mukesh Tiwari,no,2015,Mumbai Can Dance Saala,,no,Sachindra Sharma
Mukesh Tiwari,no,2015,Sorry Daddy,,no,Vijay Pal and Shakur
Mukesh Tiwari,no,2017,Bachche Kachche Sachche,,no,Ravi Sadasiv
Mukesh Tiwari,no,2017,Thodi Thodi Si Manmaaniyan,,no,Aditya Sarpotdar
Mukesh Tiwari,no,2018,Mohalla Assi,,yes,Chandraprakash Dwivedi
Mukesh Tiwari,no,2019,72 Hours: Martyr Who Never Died,,no,Avinash Dhyani
Mukesh Tiwari,no,2019,Family of Thakurganj,15.00,no,Manoj K. Jha
Mukesh Tiwari,no,2023,The Purvanchal Files,,no,Swarup Ghosh
Mukesh Tiwari,no,2025,Ground Zero,,yes,Tejas Prabha Vijay Deoskar
Mukti Mohan,no,2024,A Wedding Story,,no,Abhinav Pareek
Mukul Chadda,no,2024,Fairy Folk,,no,Karan Gour
Mukul Chaddha,no,2021,Sherni,,no,Amit V. Masurkar
Mukul Dev,no,2005,Ek Khiladi Ek Haseena,7.88,yes,Suparn Verma
Mukul Dev,no,2008,De Taali,,no,Eeshwar Nivas
Mukul Dev,no,2018,Nirdosh,,yes,Pradeep Rangwani
Mukul Nag,no,2021,Aa Bhi Ja O Piya,,no,Rajesh Harivansh Mishra
Munish Khan,no,2010,Payback,0.25,no,Sachin P. Karande
Munni Pankaj,no,2024,Nasha Jurm Aur Gangsters,,no,Rajkumar Patra
Murali Sharma,no,2004,Maqbool,,no,Vishal Bhardwaj
Murali Sharma,no,2004,Masti,34.14,yes,Indra Kumar
Murali Sharma,no,2005,Chocolate,,yes,Vivek Agnihotri
Murali Sharma,no,2005,Ek Khiladi Ek Haseena,7.88,yes,Suparn Verma
Murali Sharma,no,2005,Mangal Pandey: The Rising,52.58,yes,Ketan Mehta
Murali Sharma,no,2006,Fight Club: Members Only,8.88,yes,Vikram Chopra
Murali Sharma,no,2007,Dhamaal,50.73,yes,Indra Kumar
Murali Sharma,no,2008,Jaane Tu... Ya Jaane Na,84.00,yes,Abbas Tyrewala
Murali Sharma,no,2010,Lamhaa,,yes,Rahul Dholakia
Murali Sharma,no,2010,Tees Maar Khan,101.89,yes,Farah Khan
Murali Sharma,no,2011,Utt Pataang,,no,Srikanth V. Velagaleti
Murali Sharma,no,2014,Machhli Jal Ki Rani Hai,,no,Debaloy Dey
Murali Sharma,no,2015,Dharam Sankat Mein,,no,Fuwad Khan
Murali Sharma,no,2016,Wazir,78.69,no,Bejoy Nambiar
Murali Sharma,no,2017,Aa Gaya Hero,1.39,no,Dipankar Senapati
Murali Sharma,no,2017,Babumoshai Bandookbaaz,12.60,no,Kushan Nandy
Murali Sharma,no,2020,Street Dancer 3D,97.00,yes,Remo D'Souza
Murali Sharma,no,2025,Pintu Ki Pappi,,no,Shiv Hare
Murli Sharma,no,2003,Dhoop,,no,Ashwini Chaudhary
Murli Sharma,no,2004,Ek Hasina Thi,10.00,yes,Sriram Raghavan
Murli Sharma,no,2005,Apaharan,23.16,no,Prakash Jha
Murli Sharma,no,2005,Karam,7.76,no,Sanjay F. Gupta
Murli Sharma,no,2006,Teesri Aankh: The Hidden Camera,,yes,Harry Baweja
Murli Sharma,no,2007,Dhol,33.27,yes,Priyadarshan
Murli Sharma,no,2008,One Two Three,27.00,yes,Ashwni Dhir
Murli Sharma,no,2008,Sunday,,yes,Rohit Shetty
Murli Sharma,no,2009,13B,23.00,no,Vikram K. Kumar
Murli Sharma,no,2009,Mere Khwabon Mein Jo Aaye,,yes,Madhureeta Anand
Murli Sharma,no,2010,Golmaal 3,167.00,yes,Rohit Shetty
Murli Sharma,no,2010,Red Alert: The War Within,,no,Anant Mahadevan
Murli Sharma,no,2011,Singham,147.89,no,Rohit Shetty
Mushtaq Khan,no,2000,Kharidaar,,no,Papu Bahruz
Mushtaq Khan,no,2005,Hum Tum Aur Mom,,yes,Ashok Nanda
Mushtaq Khan,no,2008,Good Luck!,,no,Aditya Datt
Mushtaq Khan,no,2010,Aakhari Decision,,no,Deepak Bandhu
Mushtaq Khan,no,2013,Wake Up India,,no,Babloo Seshadri
Mushtaq Khan,no,2014,Pyar Ka Live Show,,no,Shailendra Singh Rajput
Mushtaq Khan,no,2018,Shaadi Teri Bajayenge Hum Band,,no,Gurpreet Sondh
Mushtaq Khan,no,2020,Dolly Kitty Aur Woh Chamakte Sitare,,no,Alankrita Shrivastava
Mushtaq Khan,no,2021,Raag,,no,Arvind Tripathi
Muskaan Mihani,no,2007,Heyy Babyy,84.00,yes,Sajid Khan
Musskan Sethi,no,2020,Sayonee,,no,Nitin Kumar Gupta Abhay Singhal
Mustafa Burmawalla,no,2017,Machine,3.48,no,Abbas–Mustan
Muzamil Ibrahim,no,2009,Horn 'Ok' Pleassss,,no,Rakesh Sarang
Muzammil Ibrahim,no,2007,Dhokha,,no,Pooja Bhatt
Muzammil Ibrahim,no,2012,Will You Marry Me?,,no,Aditya Dutt
Myra Sareen,no,2025,Riwaj,,no,Manoj Sati
Myra Vishwakarma,no,2018,Pihu,2.95,no,Vinod Kapri
N. T. Rama Rao Jr.,no,2025,War 2,,yes,Ayan Mukerji
Nadira Babbar,no,2004,Meenaxi: A Tale of Three Cities,,no,M. F. Hussain
Nafisa Ali,no,2010,Lahore,,no,Sanjay Puran Singh Chauhan
Nafisa Ali,no,2014,Khwaabb,,no,Zaid Ali Khan
Naga Chaitanya,no,2022,Laal Singh Chaddha,129.64,yes,Advait Chandan
Nagarjuna,no,2022,Brahmāstra: Part One – Shiva,435.00,yes,Ayan Mukerji
Nagesh Bhonsle,no,2010,Aakhari Decision,,no,Deepak Bandhu
Nagma,no,2000,Papa the Great,,no,K. Bhagyaraj
Naila Grewal,no,2020,Thappad,44.54,no,Anubhav Sinha
Naila Grrewal,no,2024,Ishq Vishk Rebound,6.13,yes,Nipun Dharmadhikari
Naina Ganguly,no,2020,Beautiful,,no,Agastya Manju
Naina Ganguly,no,2021,D Company,,no,Ram Gopal Varma
Naina Sareen,no,2020,Eeb Allay Ooo!,,no,Prateek Vats
Najneen Patni,no,2019,Ram Ki Janmabhoomi,,no,Sanoj Mishra
Nakul Kapoor,no,2002,Tum Se Achcha Kaun Hai,16.00,no,Deepak Anand
Nakul Roshan Sahdev,no,2025,Murderbaad,,no,Arnab Chatterjee
Nakul Vaid,no,2007,Chak De! India,109.00,no,Shimit Amin
Nakul Vaid,no,2015,International Hero,,no,Sanjay Niranjan
Nakuul Mehta,no,2008,Haal-e-Dil,0.72,yes,Anil Devgan
Nalneesh Neel,no,2020,Gulabo Sitabo,,no,Shoojit Sircar
Naman Jain,no,2011,Chillar Party,,yes,"Vikas Bahl , Nitesh Tiwari"
Naman Tripathy,no,2024,Binny And Family,,no,Ssanjay Tripaathy
Namashi Chakraborty,no,2023,Bad Boy,,no,Rajkumar Santoshi
Namish Anand,no,2021,B.A. Pass 3,,no,Narendra Singh
Namit Das,no,2009,Wake Up Sid,47.10,yes,Ayan Mukerji
Namit Das,no,2010,Lafangey Parindey,22.70,no,Pradeep Sarkar
Namit Das,no,2020,Bahut Hua Samman,,no,Ashish R Shukla
Namit Das,no,2020,Captain Vidyut,,no,Atish Tipathi
Namit Das,no,2021,Aafat-E-Ishq,,no,Indrajit Nattoji
Namit Das,no,2025,The Taj Story,,no,Tushar Amrish Goel
Namitha,no,2006,Love Ke Chakkar Mein,,yes,B. H. Tharunkumar
Namrata Sawhney,no,2007,Bal Ganesh,0.69,no,Pankaj Sharma
Namrata Shirodkar,no,2000,Aaghaaz,,no,Yogesh Ishwar
Namrata Shirodkar,no,2000,Pukar,,no,Rajkumar Santoshi
Namrata Shirodkar,no,2001,Albela,,no,Deepak Sareen
Namrata Shirodkar,no,2001,Tera Mera Saath Rahen,,no,Mahesh Manjrekar
Namrata Shirodkar,no,2002,Dil Vil Pyar Vyar,4.65,no,Anant Mahadevan
Namrata Shirodkar,no,2002,Hathyar,9.63,yes,Mahesh Manjrekar
Namrata Shirodkar,no,2002,Maseeha,,no,Partho Ghosh
Namrata Shirodkar,no,2003,Praan Jaye Par Shaan Na Jaye,2.35,yes,Sanjay Manjrekar
Namrata Shirodkar,no,2003,Supari,2.65,yes,
Namrata Shirodkar,no,2003,Tehzeeb,,yes,Khalid Mohamed
Namrata Shirodkar,no,2004,Charas,0.51,yes,Tigmanshu Dhulia
Namrata Shirodkar,no,2004,Insaaf: The Justice,,no,Shrey Srivastava
Namya Saxena,no,2017,Yadvi – The Dignified Princess,,no,Jyoti Singh
Nana Patekar,no,2000,Gang,,no,Mazhar Khan
Nana Patekar,no,2000,Tarkieb,9.24,no,Esmayeel Shroff
Nana Patekar,no,2002,Shakti - The Power,20.00,yes,Boney Kapoor
Nana Patekar,no,2003,Aanch,,no,Rajesh Kumar Singh
Nana Patekar,no,2003,Bhoot,23.90,yes,Ram Gopal Varma
Nana Patekar,no,2003,Darna Mana Hai,9.00,yes,Prawaal Raman
Nana Patekar,no,2004,Ab Tak Chappan,,no,Shimit Amin
Nana Patekar,no,2005,Apaharan,23.16,no,Prakash Jha
Nana Patekar,no,2005,Bluffmaster!,32.70,yes,Rohan Sippy
Nana Patekar,no,2006,Taxi No. 9211,32.17,no,Milan Luthria
Nana Patekar,no,2007,Dus Kahaniyaan,13.00,yes,"Sanjay Gupta , Apoorva Lakhia , Meghna Gulzar , Rohit Roy , Hansal Mehta , Jasmeet Dhodhi"
Nana Patekar,no,2007,Hattrick,,no,Milan Luthria
Nana Patekar,no,2007,Welcome,122.00,no,Anees Bazmee
Nana Patekar,no,2007,Yatra,,yes,Gautam Ghose
Nana Patekar,no,2009,Ek: The Power of One,6.00,yes,Sangeeth Sivan
Nana Patekar,no,2009,Horn 'Ok' Pleassss,,no,Rakesh Sarang
Nana Patekar,no,2010,Paathshaala,17.00,yes,Milind Ukey
Nana Patekar,no,2010,Raajneeti,145.50,yes,Prakash Jha
Nana Patekar,no,2010,Tum Milo Toh Sahi,3.52,no,Kabir Sadanand
Nana Patekar,no,2011,Shagird,,no,Tigmanshu Dhulia
Nana Patekar,no,2012,Kamaal Dhamaal Malamaal,,no,Priyadarshan
Nana Patekar,no,2013,The Attacks of 26/11,30.90,no,Ram Gopal Varma
Nana Patekar,no,2015,Ab Tak Chhappan 2,6.64,no,Aejaz Gulab
Nana Patekar,no,2015,Welcome Back,168.76,no,Anees Bazmee
Nana Patekar,no,2016,Final Cut of Director,,no,Bharathiraja
Nana Patekar,no,2017,Wedding Anniversary,0.24,no,Shekhar S Jha
Nana Patekar,no,2020,It's My Life,,no,Anees Bazmee
Nana Patekar,no,2022,Tadka,,no,Prakash Raj
Nana Patekar,no,2023,The Vaccine War,9.47,no,Vivek Agnihotri
Nana Patekar,no,2024,Vanvaas,6.37,no,Anil Sharma
Nana Patekar,no,2025,Housefull 5,242.80,yes,Tarun Mansukhani
Nancy Brunetta,no,2014,Life is Beautiful!,,no,Manoj Amarnani
Nandana Sen,no,2005,Black,40.94,no,Sanjay Leela Bhansali
Nandana Sen,no,2005,My Wife's Murder,,no,Jijy Philip
Nandana Sen,no,2005,Tango Charlie,11.08,yes,Mani Shankar
Nandana Sen,no,2007,Strangers,,no,Aanand L. Rai
Nandana Sen,no,2010,Prince,,yes,Kookie Gulati
Nandana Sen,no,2012,The Forest,,no,Ashvin Kumar
Nandana Sen,no,2014,Rang Rasiya,,no,Ketan Mehta
Nandini Rai,no,2012,Login,,no,Sanjeev Reddy
Nandini Vaid,no,2013,Horror Story,7.00,no,Ayush Raina
Nandish Singh,no,2019,Family of Thakurganj,15.00,no,Manoj K. Jha
Nandita Das,no,2000,Bawandar,,no,Jag Mundhra
Nandita Das,no,2000,Hari-Bhari,,no,Shyam Benegal
Nandita Das,no,2000,Saanjh,,no,Sabrina Dhawan
Nandita Das,no,2001,Aks,14.30,no,Rakeysh Omprakash Mehra
Nandita Das,no,2002,Lal Salaam,,no,Gaganvihari Borate
Nandita Das,no,2002,Pitaah,,yes,Mahesh Manjrekar
Nandita Das,no,2003,Bas Yun Hi,,no,Raja Menon
Nandita Das,no,2003,Ek Alag Mausam,,no,K. P. Sasi
Nandita Das,no,2003,Ek Din 24 Ghante,,no,Anant Balani
Nandita Das,no,2003,Kagaar: Life on the Edge,,no,N. Chandra
Nandita Das,no,2011,I Am,0.67,no,Onir
Nandita Das,no,2019,Albert Pinto Ko Gussa Kyun Aata Hai?,,no,Soumitra Ranade
Nandu Madhav,no,2015,Main Aur Charles,8.00,no,Prawaal Raman
Naomi Campbell,no,2009,Karma Aur Holi,,no,Manish Gupta
Narayani Shastri,no,2010,Na Ghar Ke Na Ghaat Ke,,no,Rahul Aggarwal
Narayani Shastri,no,2024,Rautu Ka Raaz,,no,Anand Surapur
Naren Kumar,no,2021,Switchh,,no,Mustufa Raj
Narendra Bedi,no,2014,LUV...Phir Kabhie,,no,Ajay Yadav
Narendra Jha,no,2016,My Father Iqbal,,no,Suzad Iqbal Khan
Narendra Jha,no,2016,Shorgul,,no,"Pranav Kumar Singh , Jitendra Tiwari"
Naresh Gosain,no,2018,Shaadi Teri Bajayenge Hum Band,,no,Gurpreet Sondh
Naresh Kumar,no,2012,Gattu,,no,Rajan Khosa
Nargis,no,2010,Kushti,,no,T K Rajeev Kumar
Nargis Fakhri,no,2011,Rockstar,108.70,yes,Imtiaz Ali
Nargis Fakhri,no,2013,Madras Cafe,67.00,no,Shoojit Sircar
Nargis Fakhri,no,2014,Main Tera Hero,78.00,yes,David Dhawan
Nargis Fakhri,no,2016,Azhar,56.69,yes,Tony D'Souza
Nargis Fakhri,no,2016,Banjo,13.24,no,Ravi Jadhav
Nargis Fakhri,no,2016,Housefull 3,194.94,yes,Sajid-Farhad
Nargis Fakhri,no,2018,5 Weddings,,no,Namrata Singh Gujral
Nargis Fakhri,no,2019,Amavas,3.60,no,Bhushan Patel
Nargis Fakhri,no,2020,Torbaaz,,yes,Girish Malik
Nargis Fakhri,no,2023,Shiv Shastri Balboa,,no,Ajayan Venugopalan
Nargis Fakhri,no,2025,Housefull 5,242.80,yes,Tarun Mansukhani
Nary Singh,no,2018,Kaalakaandi,10.00,yes,Akshat Verma
Naseer Abdullah,no,2007,Traffic Signal,8.50,no,Madhur Bhandarkar
Naseer Abdullah,no,2008,Haal-e-Dil,0.72,yes,Anil Devgan
Naseeruddin Shah,no,2000,Gaja Gamini,,no,M. F. Hussain
Naseeruddin Shah,no,2000,Tune Mera Dil Le Liyaa,,no,B.B. Bhalla
Naseeruddin Shah,no,2001,Monsoon Wedding,,no,Mira Nair
Naseeruddin Shah,no,2001,Mujhe Meri Biwi Se Bachaao,,yes,Harry Baweja
Naseeruddin Shah,no,2002,Encounter: The Killing,,no,Ajay Phansekar
Naseeruddin Shah,no,2003,3 Deewarein,,no,Nagesh Kukunoor
Naseeruddin Shah,no,2004,Asambhav,5.16,no,Rajiv Rai
Naseeruddin Shah,no,2005,Iqbal,5.60,no,Nagesh Kukunoor
Naseeruddin Shah,no,2005,Paheli,32.00,yes,Amol Palekar
Naseeruddin Shah,no,2006,Banaras,,no,Pankaj Parashar
Naseeruddin Shah,no,2006,Being Cyrus,4.60,yes,Homi Adajania
Naseeruddin Shah,no,2006,Krrish,126.50,yes,Rakesh Roshan
Naseeruddin Shah,no,2007,Dus Kahaniyaan,13.00,yes,"Sanjay Gupta , Apoorva Lakhia , Meghna Gulzar , Rohit Roy , Hansal Mehta , Jasmeet Dhodhi"
Naseeruddin Shah,no,2008,A Wednesday!,12.00,no,Neeraj Pandey
Naseeruddin Shah,no,2008,Bombay to Bangkok,,no,Nagesh Kukunoor
Naseeruddin Shah,no,2008,Jaane Tu... Ya Jaane Na,84.00,yes,Abbas Tyrewala
Naseeruddin Shah,no,2008,Maharathi,,no,Shivam Nair
Naseeruddin Shah,no,2009,Barah Aana,,no,Raja Menon
Naseeruddin Shah,no,2009,Firaaq,,no,Nandita Das
Naseeruddin Shah,no,2010,Allah Ke Banday,,no,Faruk Kabir
Naseeruddin Shah,no,2010,Ishqiya,31.81,no,Abhishek Chaubey
Naseeruddin Shah,no,2010,Raajneeti,145.50,yes,Prakash Jha
Naseeruddin Shah,no,2010,Red Alert: The War Within,,no,Anant Mahadevan
Naseeruddin Shah,no,2011,7 Khoon Maaf,33.00,no,Vishal Bhardwaj
Naseeruddin Shah,no,2011,Chargesheet,0.06,no,Dev Anand
Naseeruddin Shah,no,2011,Pappu Can't Dance Saala,,no,Saurabh Shukla
Naseeruddin Shah,no,2011,That Girl in Yellow Boots,,no,Anurag Kashyap
Naseeruddin Shah,no,2011,The Dirty Picture,130.00,yes,Milan Luthria
Naseeruddin Shah,no,2012,Chaalis Chauraasi,,no,Hriday Shetty
Naseeruddin Shah,no,2012,Department,19.05,yes,Ram Gopal Varma
Naseeruddin Shah,no,2012,Maximum,,no,Kabeer Kaushik
Naseeruddin Shah,no,2013,Jackpot,5.00,no,Kaizad Gustad
Naseeruddin Shah,no,2013,John Day,,no,Ahishor Solomon
Naseeruddin Shah,no,2014,Dedh Ishqiya,40.80,no,Abhishek Chaubey
Naseeruddin Shah,no,2015,Charlie Kay Chakkar Mein,,no,Manish Srivasta
Naseeruddin Shah,no,2015,Dharam Sankat Mein,,no,Fuwad Khan
Naseeruddin Shah,no,2015,Dirty Politics,,no,K. C. Bokadia
Naseeruddin Shah,no,2015,Waiting,3.50,no,Anu Menon
Naseeruddin Shah,no,2016,Teraa Surroor,20.21,no,Shawn Arranha
Naseeruddin Shah,no,2016,The Blueberry Hunt,,no,Anup Kurien
Naseeruddin Shah,no,2017,Irada,1.10,no,Aparnaa Singh
Naseeruddin Shah,no,2018,Aiyaary,34.07,no,Neeraj Pandey
Naseeruddin Shah,no,2018,Hope Aur Hum,,no,Sudip Bandyopadhyay
Naseeruddin Shah,no,2019,The Tashkent Files,20.84,no,Vivek Agnihotri
Naseeruddin Shah,no,2020,Mee Raqsam,,no,Baba Azmi
Naseeruddin Shah,no,2021,Ramprasad Ki Tehrvi,,no,Seema Pahwa
Naseeruddin Shah,no,2022,Maarrich,,yes,Dhruv Lather
Naseeruddin Shah,no,2025,Fateh,,no,Sonu Sood
Naseeruddin Shah,no,2025,Gustaakh Ishq,2.29,no,Vibhu Puri
Nasir Khan,no,2009,Shaabash! You Can Do It,,no,Shankar Mondal
Nassar,no,2004,Phir Milenge,5.43,yes,Revathy
Nassar,no,2009,Quick Gun Murugun,2.57,no,Shashanka Ghosh
Nassar,no,2012,Rowdy Rathore,203.39,yes,Prabhu Deva
Nassar,no,2019,Article 15,93.08,no,Anubhav Sinha
Nassar,no,2020,Serious Men,,no,Sudhir Mishra
Nassar,no,2025,Be Happy,,yes,Remo D'Souza
Nassar,no,2025,Tanvi the Great,,no,Anupam Kher
Nassar Abdullah,no,2007,Apna Asmaan,,no,Kaushik Roy
Nassar Abdullah,no,2007,Chain Kulii Ki Main Kulii,,no,Karanjeet Saluja
Natalia Janoszek,no,2019,Chicken Curry Law,,no,Shekhar Sirrinn
Natasa Stankovic,no,2016,7 Hours To Go,,no,Saurabh Varma
Natasha Fernandez,no,2025,Andaaz 2,,no,Suneel Darshan
Natasha Fernandez &,no,2017,Ek Haseena Thi Ek Deewana Tha,,no,Suneel Darshan
Natasha Rastogi,no,2010,Do Dooni Chaar,,yes,Habib Faisal
Natasha Rastogi,no,2014,Jigariyaa,,no,Raj Purohit
Natasha Rastogi,no,2018,High Jack,0.34,no,Akash Khurana
Natasha Sikka,no,2014,The Dark Secrets Of Tonhi,,no,Shiraz Henry
Natasha Suri,no,2024,Tipppsy,0.08,no,Deepak Tijori
Natassha,no,2003,Kucch To Hai,11.00,yes,Anurag Basu
Natassha,no,2003,Yeh Dil,,yes,Teja
Natassha,no,2004,Krishna Cottage,5.90,yes,Santram Varma
Natassha,no,2005,Koi Aap Sa,,no,Partho Mitra
Natassha,no,2005,Silsiilay,,no,Khalid Mohamed
Natassha,no,2007,Dus Kahaniyaan,13.00,yes,"Sanjay Gupta , Apoorva Lakhia , Meghna Gulzar , Rohit Roy , Hansal Mehta , Jasmeet Dhodhi"
Nate Scholz,no,2020,Chintu Ka Birthday,,no,Devanshu Kumar Satyanshu Singh
Nathalia Kaur,no,2016,Rocky Handsome,35.00,no,Nishikant Kamat
Nathalia Kaur,no,2020,Guns of Banaras,,no,Sekhar Suri
Nathan Jones,no,2016,A Flying Jatt,56.13,yes,Remo D'Souza
Nauheed Cyrusi,no,2003,Inteha,,no,Vikram Bhatt
Nauheed Cyrusi,no,2004,Lakeer – Forbidden Lines,,yes,Ahmed Khan
Nauheed Cyrusi,no,2007,Anwar,0.12,no,Manish Jha
Nauheed Cyrusi,no,2007,Life Mein Kabhie Kabhiee,,no,Vikram Bhatt
Nauheed Cyrusi,no,2008,Bhoothnath,70.00,no,Vivek Sharma
Nauheed Cyrusi,no,2009,Aasma: The Sky Is the Limit,,no,Rohit Nayyar
Nauheed Cyrusi,no,2009,Kisaan,5.76,yes,Puneet Sira
Nauheed Cyrusi,no,2009,Kurbaan,42.90,yes,Rensil D'Silva
Nauheed Cyrusi,no,2009,Love Ka Tadka,,no,Rajan Wagdhare
Nauheed Cyrusi,no,2009,Main Aurr Mrs Khanna,14.60,yes,Prem Soni
Nauheed Cyrusi,no,2010,Ada... A Way of Life,,no,Tanvir Ahmad
Nausheen Ali Sardar,no,2009,"Three: Love, Lies, Betrayal",,no,Vishal Pandya
Nausheen Ali Sardar,no,2010,Do Dilon Ke Khel Mein,,no,Akash Pandey
Navdeep Chabbra,no,2015,Kuch Kuch Locha Hai,3.26,no,Devang Dholakia
Navdip Singh,no,2014,Khwaabb,,no,Zaid Ali Khan
Naved Aslam,no,2005,Sehar,2.40,no,Kabeer Kaushik
Naved Aslam,no,2009,Chowrasta Crossroads of Love,,no,Anjan Dutt
Naveen Kasturia,no,2014,Sulemani Keeda,,no,Amit Masurkar
Naveen Kasturia,no,2021,Waah Zindagi,,no,Dinesh S Yadav
Naveen Polishetty,no,2019,Chhichhore,215.41,yes,Nitesh Tiwari
Navin Nischol,no,2001,Rehnaa Hai Terre Dil Mein,,yes,Gautham Vasudev Menon
Navin Nischol,no,2004,Hatya,,no,Kader Kashmiri
Navin Nischol,no,2005,Aashiq Banaya Aapne,9.30,yes,Aditya Datt
Navin Nischol,no,2010,Break Ke Baad,,yes,Danish Aslam
Navneet Kaur,no,2005,Chetna: The Excitement,,no,Partho Ghosh
Navneet Kaur,no,2005,Sitam,,no,
Navneet Kaur Dhillon,no,2016,LoveShhuda,3.02,no,Vaibhav Mishra
Navneet Nishan,no,2004,Yeh Lamhe Judaai Ke,,yes,Birendra Nath Tiwary
Navneet Nishan,no,2009,"Raat Gayi, Baat Gayi?",,no,Saurabh Shukla
Navneet Nishan,no,2025,Badass Ravi Kumar,9.66,no,Keith Gomes
Navni Parihar,no,2009,Jail,10.00,no,Madhur Bhandarkar
Navni Parihar,no,2014,Jigariyaa,,no,Raj Purohit
Navniit Nisshan,no,2014,A Decent Arrangement,,no,Sarovar Banka
Navnindra Behl,no,2017,Mukti Bhawan,,no,Shubhashish Bhutiani
Nawazuddin Siddiqui,no,2000,Jungle,14.34,yes,Ram Gopal Verma
Nawazuddin Siddiqui,no,2007,Ek Chalis Ki Last Local,,yes,Sanjay Khanduri
Nawazuddin Siddiqui,no,2007,Manorama Six Feet Under,,yes,Navdeep Singh
Nawazuddin Siddiqui,no,2012,Chittagong,0.31,no,Bedabrata Pain
Nawazuddin Siddiqui,no,2012,Gangs of Wasseypur – Part 1,35.13,no,Anurag Kashyap
Nawazuddin Siddiqui,no,2012,Gangs of Wasseypur – Part 2,22.04,no,Anurag Kashyap
Nawazuddin Siddiqui,no,2012,Kahaani,104.00,no,Sujoy Ghosh
Nawazuddin Siddiqui,no,2012,Paan Singh Tomar,20.18,no,Tigmanshu Dhulia
Nawazuddin Siddiqui,no,2012,Talaash: The Answer Lies Within,180.83,yes,Reema Kagti
Nawazuddin Siddiqui,no,2013,Bombay Talkies,10.00,yes,"Anurag Kashyap , Karan Johar , Zoya Akhtar , Dibakar Banerjee"
Nawazuddin Siddiqui,no,2013,Shorts,,no,"Shlok Sharma, Siddharth Gupt, Anirban Roy, Rohit Pandey, Neeraj Ghaywan"
Nawazuddin Siddiqui,no,2013,The Lunchbox,110.00,no,Ritesh Batra
Nawazuddin Siddiqui,no,2014,Kick,402.00,yes,Sajid Nadiadwala
Nawazuddin Siddiqui,no,2014,Miss Lovely,,no,Ashim Ahluwalia
Nawazuddin Siddiqui,no,2015,Badlapur,103.00,yes,Sriram Raghavan
Nawazuddin Siddiqui,no,2015,Bajrangi Bhaijaan,920.90,yes,Kabir Khan
Nawazuddin Siddiqui,no,2015,Manjhi – The Mountain Man,18.00,no,Ketan Mehta
Nawazuddin Siddiqui,no,2016,Freaky Ali,21.32,yes,Sohail Khan
Nawazuddin Siddiqui,no,2016,Raman Raghav 2.0,7.00,yes,Anurag Kashyap
Nawazuddin Siddiqui,no,2016,Te3n,32.31,no,Ribhu Dasgupta
Nawazuddin Siddiqui,no,2017,Babumoshai Bandookbaaz,12.60,no,Kushan Nandy
Nawazuddin Siddiqui,no,2017,Haraamkhor,2.27,no,Shlok Sharma
Nawazuddin Siddiqui,no,2017,Mom,175.70,yes,Ravi Udyawar
Nawazuddin Siddiqui,no,2017,Monsoon Shootout,,no,Amit Kumar
Nawazuddin Siddiqui,no,2017,Munna Michael,47.20,yes,Sabbir Khan
Nawazuddin Siddiqui,no,2017,Raees,308.10,no,Rahul Dholakia
Nawazuddin Siddiqui,no,2018,Genius,7.50,no,Anil Sharma
Nawazuddin Siddiqui,no,2018,Manto,3.71,no,Nandita Das
Nawazuddin Siddiqui,no,2019,Motichoor Chaknachoor,,yes,Debamitra Biswal
Nawazuddin Siddiqui,no,2019,Photograph,1.29,no,Ritesh Batra
Nawazuddin Siddiqui,no,2019,Thackeray,31.60,no,Abhijit Panse
Nawazuddin Siddiqui,no,2020,Anwar Ka Ajab Kissa,,no,Buddhadeb Dasgupta
Nawazuddin Siddiqui,no,2020,Ghoomketu,,no,Pushpendra Nath Misra
Nawazuddin Siddiqui,no,2020,Raat Akeli Hai,,no,Honey Trehan
Nawazuddin Siddiqui,no,2020,Serious Men,,no,Sudhir Mishra
Nawazuddin Siddiqui,no,2022,Heropanti 2,35.13,yes,Ahmed Khan
Nawazuddin Siddiqui,no,2022,Holy Cow,,no,Sai Kabir
Nawazuddin Siddiqui,no,2023,Afwaah,,no,Sudhir Mishra
Nawazuddin Siddiqui,no,2023,Haddi,,no,Akshat Ajay Sharma
Nawazuddin Siddiqui,no,2023,Jogira Sara Ra Ra,1.75,yes,Kushan Nandy
Nawazuddin Siddiqui,no,2023,Tiku Weds Sheru,,no,Sai Kabir
Nawazuddin Siddiqui,no,2024,Adbhut,,no,Sabbir Khan
Nawazuddin Siddiqui,no,2024,Rautu Ka Raaz,,no,Anand Surapur
Nawazuddin Siddiqui,no,2025,Costao,,no,Sejal Shah
Nawazuddin Siddiqui,no,2025,Raat Akeli Hai: The Bansal Murders,,yes,Honey Trehan
Nawazuddin Siddiqui,no,2025,Thamma,169.75,no,Aditya Sarpotdar
Nayab Aftab,no,2000,Anokha Moti,,no,Anshul Singla
Nayab Khan,no,2023,Rabia & Olivia,,no,Shadab Khan
Nayan Bhatt,no,2024,Tikdam,,no,Vivek Anchalia
Nayanthara,no,2023,Jawan,0.00,no,Atlee
Nazea Sayed,no,2014,Ebn-E-Batuta,,no,Varun Middha
Nazia Hussain,no,2012,Say Yes to Love,,no,Mahrukh Mirza Beg
Nazia Hussain,no,2024,Tipppsy,0.08,no,Deepak Tijori
Nazneen Ghaani,no,2010,The Hangman,,no,Vishal Bhandari
Nazneen Patel,no,2008,Good Luck!,,no,Aditya Datt
Nazneen Patel,no,2014,Dee Saturday Night,,no,Jay Prakash
Neel Motwani,no,2019,Dosti Ke Side Effects,,no,Hadi Ali Abrar
Neelam Kulkarni,no,2022,Haemolymph,,no,Sudarshan Gamare
Neelam Singh,no,2014,Ebn-E-Batuta,,no,Varun Middha
Neelambari Bhattacharya,no,2004,Kaya Taran,,no,Sashi Kumar
Neelay Mehendale,no,2022,Cobalt Blue,,yes,Sachin Kundalkar
Neelima Azeem,no,2003,Ishq Vishk,12.26,yes,Ken Ghosh
Neelofar Hamid,no,2020,Half Widow,,no,Danish Renzu
Neelu Dogra,no,2023,Am I Next,,no,Rahat Kazmi
Neelu Kohli,no,2001,Tere Liye,,no,Sanjay Gadhvi
Neelu Kohli,no,2012,Housefull 2,179.15,yes,Sajid Khan
Neena Gupta,no,2009,Teree Sang,,no,Satish Kaushik
Neena Gupta,no,2010,Hello Zindagi,,no,Raja Unnithan
Neena Gupta,no,2018,Badhaai Ho,221.44,no,Amit Ravindernath Sharma
Neena Gupta,no,2018,Mulk,28.33,yes,Anubhav Sinha
Neena Gupta,no,2019,Music Teacher,,no,Sarthak Dasgupta
Neena Gupta,no,2020,Panga,41.71,no,Ashwiny Iyer Tiwari
Neena Gupta,no,2020,Shubh Mangal Zyada Saavdhan,87.00,no,Hitesh Kewalya
Neena Gupta,no,2021,Dial 100,,no,Rensil D'Silva
Neena Gupta,no,2021,Sardar Ka Grandson,,yes,Kaashvie Nair
Neena Gupta,no,2022,Goodbye,9.66,no,Vikas Bahl
Neena Gupta,no,2022,Uunchai,48.99,no,Sooraj Barjatya
Neena Gupta,no,2022,Vadh,,no,Jaspal Singh Sandhu
Neena Gupta,no,2023,Ishq-e-Nadaan,,no,Avishek Ghosh
Neena Gupta,no,2023,Lust Stories 2,,yes,R. Balki Konkona Sen Sharma Amit Ravindernath Sharma Sujoy Ghosh
Neena Gupta,no,2023,Mast Mein Rehne Ka,,no,Vijay Maurya
Neena Gupta,no,2023,Shiv Shastri Balboa,,no,Ajayan Venugopalan
Neena Gupta,no,2024,Kaagaz 2,,no,V. K. Prakash
Neena Gupta,no,2025,Aachari Baa,,no,Hardik Gajjar
Neena Gupta,no,2025,Dil Dosti Aur Dogs,,yes,Viral Shah
Neena Gupta,no,2025,Metro... In Dino,79.00,yes,Anurag Basu
Neena Gupta,no,2025,Tu Meri Main Tera Main Tera Tu Meri,48.02,yes,Sameer Vidwans
Neena Kulkarni,no,2013,Dilli Gang,,no,Ashish Tyagi
Neena Kulkarni,no,2023,Shastry Viruddh Shastry,,no,Shiboprosad Mukherjee Nandita Roy
Neena Kulkarni,no,2024,The Signature,,no,Gajendra Ahire
Neeraj Ayush Pandey,no,2024,All India Rank,0.35,no,Varun Grover
Neeraj Kabi,no,2015,Detective Byomkesh Bakshy!,46.80,no,Dibakar Banerjee
Neeraj Kabi,no,2018,Gali Guleiyan,,no,Dipesh Jain
Neeraj Kabi,no,2018,Once Again,,no,Kanwal Sethi
Neeraj Kabi,no,2019,Line of Descent,,yes,Rohit Karn Batra
Neeraj Kabi,no,2021,Sherni,,no,Amit V. Masurkar
Neeraj Kabi,no,2022,Sherdil,10.00,no,Srijit Mukherji
Neeraj Kabi,no,2023,Neeyat,5.50,no,Anu Menon
Neeraj Singh,no,2020,Shubh Mangal Zyada Saavdhan,87.00,no,Hitesh Kewalya
Neeraj Sood,no,2010,Band Baaja Baaraat,96.00,no,Maneesh Sharma
Neeraj Sood,no,2018,Mitron,3.85,yes,Nitin Kakar
Neeraj Sood,no,2020,Yahan Sabhi Gyani Hain,,no,Anant Tripathi
Neeraj Sood,no,2022,Good Luck Jerry,,yes,Sidharth Sengupta
Neeraj Sood,no,2024,Chote Nawab,,no,Kumud Chaudhary
Neeraj Vora,no,2001,Yeh Teraa Ghar Yeh Meraa Ghar,,no,Priyadarshan
Neeru Bajwa,no,2010,Phoonk 2,9.24,no,Milind Gadagkar
Neeru Bajwa,no,2010,Prince,,yes,Kookie Gulati
Neeru Bajwa,no,2011,Miley Naa Miley Hum,,no,Tanveer Khan
Neeru Bajwa,no,2025,Tehran,,no,Arun Gopalan
Neeta Mohindra,no,2004,Kaya Taran,,no,Sashi Kumar
Neetha Mohindra,no,2011,I Am Singh,,no,Puneet Issar
Neetha Shetty,no,2016,Saansein,,no,Rajiv S. Ruia
Neetu Chandra,no,2007,Traffic Signal,8.50,no,Madhur Bhandarkar
Neetu Chandra,no,2008,One Two Three,27.00,yes,Ashwni Dhir
Neetu Chandra,no,2008,Oye Lucky! Lucky Oye!,6.10,yes,Dibakar Banerjee
Neetu Chandra,no,2008,Summer 2007,,yes,Suhail Tatari
Neetu Chandra,no,2009,13B,23.00,no,Vikram K. Kumar
Neetu Chandra,no,2010,Apartment,,no,Jagmohan Mundhra
Neetu Chandra,no,2010,No Problem,,yes,Anees Bazmee
Neetu Chandra,no,2010,Rann,13.70,no,Ram Gopal Varma
Neetu Chandra,no,2011,Kucch Luv Jaisaa,,no,Barnali Ray Shukla
Neetu Kapoor,no,2022,Jugjugg Jeeyo,136.13,yes,Raj Mehta
Neetu Singh,no,2009,Love Aaj Kal,119.52,yes,Imtiaz Ali
Neetu Singh,no,2010,Do Dooni Chaar,,yes,Habib Faisal
Neetu Singh,no,2013,Besharam,102.85,yes,Abhinav Kashyap
Negar Khan,no,2005,Double Cross - Ek Dhoka,,no,Vicky Tejwani
Neha,no,2000,Fiza,32.20,yes,Khalid Mohammed
Neha,no,2001,Ehsaas: The Feeling,,no,Mahesh Manjrekar
Neha,no,2001,Rahul,,no,Prakash Jha
Neha,no,2005,Koi Mere Dil Mein Hai,0.47,no,Deepak Ramsay
Neha,no,2006,Aatma,,no,Deepak Ramsay
Neha Ahuja,no,2013,Ishk Actually,,no,Anish Khanna
Neha Bhasin,no,2012,Life Ki Toh Lag Gayi,0.32,no,Rakesh Mehta
Neha Bhatt,no,2005,Jalwa - Fun in Love,,no,Rajiv S. Ruia
Neha Chaterji,no,2016,Darling Don't Cheat,,no,Rajkumar Hindusthani
Neha Chauhan,no,2010,Love Sex Aur Dhokha,9.80,no,Dibakar Banerjee
Neha Chauhan,no,2017,G Kutta Se,0.90,no,Rahul Dahiya
Neha Dhupia,no,2003,Qayamat: City Under Threat,28.52,yes,Harry Baweja
Neha Dhupia,no,2004,Julie,,yes,Deepak Shivdasani
Neha Dhupia,no,2004,Rakht,8.44,yes,Mahesh Manjrekar
Neha Dhupia,no,2005,Garam Masala,64.65,no,Priyadarshan
Neha Dhupia,no,2005,Kyaa Kool Hai Hum,22.85,yes,Sangeeth Sivan
Neha Dhupia,no,2005,Sheesha,,no,Ashu Trikha
Neha Dhupia,no,2006,Chup Chup Ke,25.58,yes,Priyadarshan
Neha Dhupia,no,2006,Fight Club: Members Only,8.88,yes,Vikram Chopra
Neha Dhupia,no,2006,Teesri Aankh: The Hidden Camera,,yes,Harry Baweja
Neha Dhupia,no,2006,Utthaan,,no,Ujjhal Chatterjee
Neha Dhupia,no,2007,Delhii Heights,0.99,no,Anand Kumar
Neha Dhupia,no,2007,Dus Kahaniyaan,13.00,yes,"Sanjay Gupta , Apoorva Lakhia , Meghna Gulzar , Rohit Roy , Hansal Mehta , Jasmeet Dhodhi"
Neha Dhupia,no,2007,Ek Chalis Ki Last Local,,yes,Sanjay Khanduri
Neha Dhupia,no,2007,Shootout at Lokhandwala,46.04,yes,Apoorva Lakhia
Neha Dhupia,no,2008,Dasvidaniya,1.87,no,Shashant Shah
Neha Dhupia,no,2008,De Taali,,no,Eeshwar Nivas
Neha Dhupia,no,2008,Maharathi,,no,Shivam Nair
Neha Dhupia,no,2008,Rama Rama Kya Hai Dramaa?,,no,S. Chandrakaant
Neha Dhupia,no,2008,Singh Is Kinng,136.00,no,Anees Bazmee
Neha Dhupia,no,2009,De Dana Dan,81.85,no,Priyadarshan
Neha Dhupia,no,2009,Paying Guests,,no,Paritossh Painter
Neha Dhupia,no,2009,"Raat Gayi, Baat Gayi?",,no,Saurabh Shukla
Neha Dhupia,no,2010,Action Replayy,48.00,yes,Vipul Amrutlal Shah
Neha Dhupia,no,2010,Phas Gaye Re Obama,14.00,no,Subhash Kapoor
Neha Dhupia,no,2011,Gandhi to Hitler,,no,Rakesh Ranjan Kumar
Neha Dhupia,no,2011,Pappu Can't Dance Saala,,no,Saurabh Shukla
Neha Dhupia,no,2012,I M 24,,no,Saurabh Shukla
Neha Dhupia,no,2012,Maximum,,no,Kabeer Kaushik
Neha Dhupia,no,2012,Rush,4.60,yes,"Shamin Desai, Priyanka Desai"
Neha Dhupia,no,2014,Ekkees Toppon Ki Salaami,1.58,no,Ravindra Gautam
Neha Dhupia,no,2014,Ungli,50.00,yes,Rensil D'Silva
Neha Dhupia,no,2016,Moh Maya Money,,no,Munish Bharadwaj
Neha Dhupia,no,2016,Santa Banta Pvt Ltd,,no,Akashdeep Sabir
Neha Dhupia,no,2018,Helicopter Eela,8.24,yes,Pradeep Sarkar
Neha Dhupia,no,2018,Lust Stories,,yes,"Anurag Kashyap , Karan Johar , Zoya Akhtar , Dibakar Banerjee"
Neha Dhupia,no,2021,Sanak,,no,Kanishk Varma
Neha Dhupia,no,2022,A Thursday,,no,Behzad Khambata
Neha Dhupia,no,2024,Bad Newz,115.74,yes,Anand Tiwari
Neha Dubey,no,2003,The Perfect Husband,,no,Priya Singh Paul
Neha Ghelot,no,2013,Ishk Actually,,no,Anish Khanna
Neha Gosain,no,2014,Main Aur Mr. Riight,,no,Adeeb Rais
Neha Hinge,no,2013,Luv U Soniyo,2.70,no,Joe Rajan
Neha Oberoi,no,2008,EMI - Liya Hai Toh Chukana Parega,,yes,Saurabh Kabra
Neha Oberoi,no,2008,Woodstock Villa,20.00,yes,Hansal Mehta
Neha Pawar,no,2014,Paranthe Wali Gali,,no,Sachin Gupta
Neha Pendse,no,2005,Dreams,,no,Ashish Chanana
Neha Sharma,no,2010,Crook,12.40,yes,Mohit Suri
Neha Sharma,no,2012,Kyaa Super Kool Hain Hum,60.77,yes,Sachin Yardi
Neha Sharma,no,2012,Teri Meri Kahaani,54.00,yes,Kunal Kohli
Neha Sharma,no,2013,Jayantabhai Ki Luv Story,,yes,Vinnil Markan
Neha Sharma,no,2013,Yamla Pagla Deewana 2,,yes,Sangeeth Sivan
Neha Sharma,no,2014,Youngistaan,9.45,yes,Syed Ahmad Afzal
Neha Sharma,no,2016,Tum Bin II,6.45,no,Anubhav Sinha
Neha Sharma,no,2017,Mubarakan,93.24,yes,Anees Bazmee
Neha Sharma,no,2021,Aafat-E-Ishq,,no,Indrajit Nattoji
Neha Sharma,no,2023,Jogira Sara Ra Ra,1.75,yes,Kushan Nandy
Neha Thakur,no,2012,Valentine's Night,,no,Krishan Kumar
Neil Bhoopalam,no,2009,Mere Khwabon Mein Jo Aaye,,yes,Madhureeta Anand
Neil Bhoopalam,no,2014,Ungli,50.00,yes,Rensil D'Silva
Neil Bhoopalam,no,2015,NH10,49.00,no,Navdeep Singh
Neil Bhoopalam,no,2018,Lust Stories,,yes,"Anurag Kashyap , Karan Johar , Zoya Akhtar , Dibakar Banerjee"
Neil Bhoopalam,no,2022,Cobalt Blue,,yes,Sachin Kundalkar
Neil Bhoopalam,no,2023,Lost,,no,Aniruddha Roy Chowdhury
Neil Mukesh,no,2009,Aa Dekhen Zara,10.38,no,Jehangir Surti
Neil Mukesh,no,2009,New York,78.34,no,Kabir Khan
Neil Nitin Mukesh,no,2007,Johnny Gaddaar,5.68,no,Sriram Raghavan
Neil Nitin Mukesh,no,2009,Jail,10.00,no,Madhur Bhandarkar
Neil Nitin Mukesh,no,2010,Lafangey Parindey,22.70,no,Pradeep Sarkar
Neil Nitin Mukesh,no,2010,Tera Kya Hoga Johnny,,yes,Sudhir Mishra
Neil Nitin Mukesh,no,2011,7 Khoon Maaf,33.00,no,Vishal Bhardwaj
Neil Nitin Mukesh,no,2012,Players,45.52,yes,Abbas–Mustan
Neil Nitin Mukesh,no,2013,3G - A Killer Connection,5.91,no,"Shantanu , Sheershak Anand"
Neil Nitin Mukesh,no,2013,David,17.00,no,Bejoy Nambiar
Neil Nitin Mukesh,no,2013,Shortcut Romeo,,no,Susi Ganeshan
Neil Nitin Mukesh,no,2015,Prem Ratan Dhan Payo,432.00,yes,Sooraj Barjatya
Neil Nitin Mukesh,no,2016,Wazir,78.69,no,Bejoy Nambiar
Neil Nitin Mukesh,no,2017,Golmaal Again,311.05,yes,Rohit Shetty
Neil Nitin Mukesh,no,2017,Indu Sarkar,6.07,no,Madhur Bhandarkar
Neil Nitin Mukesh,no,2018,Dassehra,,no,Manish Vatsalya
Neil Nitin Mukesh,no,2018,Ishqeria,,no,Prerna Wadhawan
Neil Nitin Mukesh,no,2019,Bypass Road,1.16,no,Naman Nitin Mukesh
Neil Nitin Mukesh,no,2019,Saaho,,no,Sujeeth
Neil Nitin Mukesh,no,2025,Ek Chatur Naar,3.20,no,Umesh Shukla
Neil Nitin Mukesh,no,2025,Hisaab Barabar,,no,Ashwni Dhir
Nethra Raghuraman,no,2004,Inteqam: The Perfect Game,,no,Pankaj Parashar
Nicole Faria,no,2014,Yaariyan,55.00,no,Divya Khosla Kumar
Nicolette Bird,no,2008,Rock On!!,36.00,no,Abhishek Kapoor
Nidhi Agerwal,no,2017,Munna Michael,47.20,yes,Sabbir Khan
Nidhi Bisht,no,2016,Umrika,,yes,Prashant Nair
Nidhi Singh,no,2018,Brij Mohan Amar Rahe!,,no,Nikhil Bhatt
Nidhi Singh,no,2018,Dil Juunglee,1.30,no,Aleya Sen
Nidhi Singh,no,2020,Bahut Hua Samman,,no,Ashish R Shukla
Nidhi Subbaiah,no,2012,Ajab Gazabb Love,,yes,Sanjay Gadhvi
Nidhi Subbaiah,no,2012,OMG – Oh My God!,149.90,yes,Umesh Shukla
Nidhi Subbaiah,no,2016,Direct Ishq,0.56,no,Rajiv S. Ruia
Nidhi Subbaiah,no,2016,Love Shagun,,no,Sandesh Nayak
Nigel Borade,no,2004,Kaash... Hamara Dil Pagal Na Hota,,no,Mangal Anand
Niharica Raizada,no,2014,6 – 5 = 2,,no,Bharat Jain
Niharica Raizada,no,2016,Waarrior Savitri,,no,Param Gill
Niharica Raizada,no,2023,IB71,29.19,no,Sankalp Reddy
Niharika Singh,no,2014,Miss Lovely,,no,Ashim Ahluwalia
Niharika Singh,no,2020,Anwar Ka Ajab Kissa,,no,Buddhadeb Dasgupta
Niharika Singh,no,2021,Ahaan,,no,Nikhil Pherwani
Nikhat Khan,no,2025,Mission Grey House,,no,Naushad Siddiqui
Nikhat Khan,no,2025,The Networker,,no,Vikas Kumar Vishwakarma
Nikhil Chinappa,no,2000,Snip!,,no,Sunil Sippy
Nikhil Dwivedi,no,2008,My Name Is Anthony Gonsalves,,no,Eeshwar Nivas
Nikhil Dwivedi,no,2010,Raavan,49.50,yes,Mani Ratnam
Nikhil Dwivedi,no,2011,Crackers,,no,Anil Goyal
Nikhil Dwivedi,no,2012,Hate Story,16.43,no,Vivek Agnihotri
Nikhil Dwivedi,no,2014,Tamanchey,,no,Navneet Behal
Nikhil Dwivedi,no,2021,Ankahi Kahaniya,,no,Ashwiny Iyer Tiwari Abhishek Chaubey Saket Chaudhary
Nikhil Pandey,no,2023,Kaisi Ye Dor,,no,Ratna Neelam Pandey Sandeep S. Choudhary
Nikhil Pandey,no,2023,Sirf Ek Bandaa Kaafi Hai,,no,Apoorva Singh Karki
Nikhil Ratnaparkhi,no,2010,Tere Bin Laden,,no,Abhishek Sharma
Niki Walia,no,2021,Bawri Chhori,,no,Kartik Ramalingam
Niki Walia,no,2021,Tuesdays and Fridays,,no,Taranveer Singh
Nikita Anand,no,2007,Dil Dosti Etc,,no,Manish Tiwary
Nikita Dutta,no,2014,Lekar Hum Deewana Dil,,yes,Arif Ali
Nikita Dutta,no,2019,Kabir Singh,379.02,yes,Sandeep Vanga
Nikita Dutta,no,2020,Maska,,no,Neeraj Udhwani
Nikita Dutta,no,2021,Dybbuk,,yes,Jay K
Nikita Dutta,no,2021,The Big Bull,,yes,Kookie Gulati
Nikita Dutta,no,2022,Rocket Gang,,no,Bosco Martis
Nikita Dutta,no,2024,Dange,,no,Bejoy Nambiar
Nikita Dutta,no,2025,Jewel Thief,,yes,Kookie Gulati Robbie Garewal
Nikita Sharma,no,2025,Oye Bhootni Ke,,yes,Ajay Kailash Yadav
Nikita Thukral,no,2016,Traffic,11.65,no,Rajesh Pillai
Nikitin Dheer,no,2008,Mission Istaanbul,,yes,Apoorva Lakhia
Nikitin Dheer,no,2016,Freaky Ali,21.32,yes,Sohail Khan
Nikitin Dheer,no,2016,Housefull 3,194.94,yes,Sajid-Farhad
Nikitin Dheer,no,2021,Shershaah,,no,Vishnuvardhan
Nikitin Dheer,no,2025,Housefull 5,242.80,yes,Tarun Mansukhani
Nikkitasha Marwaha,no,2017,Yadvi – The Dignified Princess,,no,Jyoti Singh
Nilesh Sahay,no,2011,Angel,,no,Ganesh Acharya
Nimish Kathale,no,2000,Lekroo,,no,Shrabani Deodhar
Nimisha Mehta,no,2016,Days of Tafree,,no,Krishnadev Yagnik
Nimisha Nair,no,2025,Logout,,yes,Amit Golani
Nimisha Sajayan,no,2024,Lantrani,,no,Gurvinder Singh Kaushik Ganguly Bhaskar Hazarika
Nimisha Vakharia,no,2010,Khichdi: The Movie,8.10,no,Aatish Kapadia
Nimrat Kaur,no,2016,Airlift,209.97,no,Raja Krishna Menon
Nimrat Kaur,no,2022,Dasvi,,yes,Tushar Jalota
Nimrat Kaur,no,2023,Sajini Shinde Ka Viral Video,,no,Mikhil Musale
Nimrat Kaur,no,2025,Sky Force,168.88,yes,Sandeep Kewlani Abhishek Anil Kapur
Nimrit Kaur Ahluwalia,no,2024,Love Sex Aur Dhokha 2,0.50,yes,Dibakar Banerjee
Nina Wadia,no,2007,Namastey London,71.40,yes,Vipul Amrutlal Shah
Ninad Kamat,no,2015,Crazy Cukkad Family,,no,Ritesh Menon
Ninad Kamat,no,2021,Ramprasad Ki Tehrvi,,no,Seema Pahwa
Ninad Kamat,no,2023,Friday Night Plan,,yes,Vatsal Neelakantan
Ninad Mahajani,no,2020,Class of '83,,yes,Atul Sabharwal
Niraj Chauhan,no,2025,The Secret of Devkaali,,no,Niraj Chauhan
Niraj Kabi,no,2013,Ship of Theseus,,no,Anand Gandhi
Nirmal Kumar Pant,no,2015,The Silent Heroes,,no,Mahesh Bhatt
Nirmal Pandey,no,2001,One 2 Ka 4,13.82,no,Shashilal K. Nair
Nirmal Pandey,no,2003,Patth,,no,
Nisha Bains,no,2000,Nidaan,,no,Mahesh Manjrekar
Nisha Kothari,no,2005,James,,no,Rohit Jugraj
Nisha Kothari,no,2006,Darna Zaroori Hai,10.65,no,Ram Gopal Varma
Nisha Kothari,no,2006,Shiva,,no,Ram Gopal Varma
Nisha Kothari,no,2006,The Killer,6.50,yes,Hasnain Hyderabadwala
Nisha Kothari,no,2007,Aag,22.73,no,Ram Gopal Varma
Nisha Kothari,no,2007,Darling,4.75,yes,Ram Gopal Verma
Nisha Kothari,no,2007,Go,,no,Manish Shrivastava
Nisha Triloki,no,2013,Ekk Thee Sanam,,no,Monish Kaushal
Nishan,no,2024,Alpha Beta Gamma,,no,Shankar Srikumar
Nishant Dahiya,no,2011,Mujhse Fraaandship Karoge,,no,Nupur Asthana
Nishant Dahiya,no,2014,Titoo MBA,,no,Amit Vats
Nishant Dahiya,no,2023,Akelli,,no,Pranay Meshram
Nishant Dahiya,no,2025,Mrs.,,no,Aarti Kadav
Nishant Singh Malkani,no,2013,Horror Story,7.00,no,Ayush Raina
Nishant Singh Malkani,no,2015,Bezubaan Ishq,,no,Jashwant Gangani
Nishanth,no,2000,Le Chal Apne Sang,,no,Vijay Kondke
Nishigandha Wad,no,2010,Rokkk,1.05,no,Rajesh Ranshinge
Nishigandha Wad,no,2017,A Daughter's Tale Pankh,,no,Premraaj
Nishikant Kamat,no,2004,Hava Aney Dey,,no,Partho Sen-Gupta
Nishikant Kamat,no,2008,Mumbai Meri Jaan,5.02,yes,Nishikanth Kamat
Nishikant Kamat,no,2011,404,,no,Prawaal Raman
Nishikant Kamat,no,2017,Daddy,15.50,no,Ashim Ahluwalia
Nishikant Kamat,no,2018,Bhavesh Joshi Superhero,4.75,yes,Vikramaditya Motwane
Nishma Soni,no,2025,Well Done CA Sahab!,,no,Sarvesh Kumar Singh
Nitanshi Goel,no,2024,Laapataa Ladies,25.26,no,Kiran Rao
Niten Mirani,no,2021,Switchh,,no,Mustufa Raj
Nitesh Pandey,no,2002,Mere Yaar Ki Shaadi Hai,16.54,yes,Sanjay Gadhvi
Nitesh Pandey,no,2006,Khosla Ka Ghosla,6.67,no,Dibakar Banerjee
Nitesh Pandey,no,2025,Ghich Pich,,no,Ankur Singla
Nithya Menen,no,2019,Mission Mangal,290.59,yes,Jagan Shakti
Nitin,no,2002,Sur: The Melody of Life,,no,Tanuja Chandra
Nitin Kumar Reddy,no,2009,Agyaat,,no,Ram Gopal Varma
Nitya Shetty,no,2001,Maya,,no,Digivijay Singh
Nivedita Bhattacharya,no,2014,Darr @ the Mall,7.80,no,Pawan Kripalani
Nivedita Bhattacharya,no,2019,Chicken Curry Law,,no,Shekhar Sirrinn
Nivedita Bhattacharya,no,2021,Shaadisthan,,no,Raj Singh Chaudhary
Nivin Pauly,no,2019,Moothon,,no,Geetu Mohandas
Nora Fatehi,no,2014,Roar: Tigers of the Sundarbans,,no,Kamal Sadanah
Nora Fatehi,no,2018,My Birthday Song,,no,Samir Soni
Nora Fatehi,no,2020,Street Dancer 3D,97.00,yes,Remo D'Souza
Nora Fatehi,no,2021,Bhuj: The Pride of India,,yes,Abhishek Dudhaiya
Nora Fatehi,no,2024,Crakk,17.08,no,Aditya Datt
Nora Fatehi,no,2024,Madgaon Express,57.34,no,Kunal Khemu
Nora Fatehi,no,2025,Be Happy,,yes,Remo D'Souza
Nora Fatehi,no,2025,Ufff Yeh Siyapaa,,no,G. Ashok
Nupur Sharma,no,2015,Hey Bro,,no,Ajay Chandhok
Nushrat Bharucha,no,2011,Pyaar Ka Punchnama,17.50,no,Luv Ranjan
Nushrat Bharucha,no,2013,Akaash Vani,2.24,no,Luv Ranjan
Nushrat Bharucha,no,2014,Darr @ the Mall,7.80,no,Pawan Kripalani
Nushrat Bharucha,no,2015,Meeruthiya Gangster,,no,Zeishan Quadri
Nushrat Bharucha,no,2015,Pyaar Ka Punchnama 2,88.17,no,Luv Ranjan
Nushrat Bharucha,no,2018,Sonu Ke Titu Ki Sweety,,no,Luv Ranjan
Nushrat Bharucha,no,2019,Dream Girl,200.80,no,Raaj Shaandilyaa
Nushrratt Bharuccha,no,2020,Chhalaang,,no,Hansal Mehta
Nushrratt Bharuccha,no,2021,Ajeeb Daastaans,,no,Shashank Khaitan Raj Mehta Neeraj Ghaywan Kayoze Irani
Nushrratt Bharuccha,no,2021,Chhorii,,no,Vishal Furia
Nushrratt Bharuccha,no,2022,Hurdang,,yes,Nikhil Nagesh Bhat
Nushrratt Bharuccha,no,2022,Janhit Mein Jaari,5.12,no,Jai Basantu Singh
Nushrratt Bharuccha,no,2022,Ram Setu,94.45,no,Abhishek Sharma
Nushrratt Bharuccha,no,2023,Akelli,,no,Pranay Meshram
Nushrratt Bharuccha,no,2023,Chatrapathi,,no,V. V. Vinayak
Nushrratt Bharuccha,no,2023,Selfiee,23.63,yes,Raj Mehta
Nushrratt Bharuccha,no,2025,Chhorii 2,,yes,Vishal Furia
Nushrratt Bharuccha,no,2025,Ufff Yeh Siyapaa,,no,G. Ashok
Nusraat Faria,no,2023,Mujib: The Making of a Nation,,no,Shyam Benegal
Nusrat Imrose Tisha,no,2023,Mujib: The Making of a Nation,,no,Shyam Benegal
Nutan Sinha,no,2020,Eeb Allay Ooo!,,no,Prateek Vats
Nyra Banerjee,no,2012,Kamaal Dhamaal Malamaal,,no,Priyadarshan
Nyra Banerjee,no,2016,One Night Stand,4.19,no,Jasmine Moses D'Souza
Olexandra Semen,no,2015,MSG: The Messenger,17.70,no,"Gurmeet Ram Rahim Singh , Jeetu Arora"
Om Kanojiya,no,2019,Mere Pyare Prime Minister,0.39,no,Rakeysh Omprakash Mehra
Om Puri,no,2000,Hey Ram,11.30,yes,Kamal Haasan
Om Puri,no,2001,Deewaanapan,10.00,no,Ashu Trikha
Om Puri,no,2001,Farz,19.92,yes,Raj Kanwar
Om Puri,no,2002,Ansh: The Deadly Part,,no,Rajan Johri
Om Puri,no,2002,Awara Paagal Deewana,27.58,no,Vikram Bhatt
Om Puri,no,2002,Kranti,,yes,Naresh Malhotra
Om Puri,no,2002,Pitaah,,yes,Mahesh Manjrekar
Om Puri,no,2003,Aapko Pehle Bhi Kahin Dekha Hai,,no,Anubhav Sinha
Om Puri,no,2003,Dhoop,,no,Ashwini Chaudhary
Om Puri,no,2003,Kagaar: Life on the Edge,,no,N. Chandra
Om Puri,no,2004,AK-47,,no,Raam Shetty
Om Puri,no,2004,Dev,,yes,Govind Nihalani
Om Puri,no,2004,King of Bollywood,,no,Piyush Jha
Om Puri,no,2004,Lakshya,41.68,yes,Farhan Akhtar
Om Puri,no,2004,Maqbool,,no,Vishal Bhardwaj
Om Puri,no,2005,Deewane Huye Paagal,26.50,yes,Vikram Bhatt
Om Puri,no,2005,Mumbai Xpress,5.17,no,Singeetam Srinivasa Rao
Om Puri,no,2006,Chup Chup Ke,25.58,yes,Priyadarshan
Om Puri,no,2006,Don: The Chase Begins Again,106.00,yes,Farhan Akhtar
Om Puri,no,2006,Malamaal Weekly,42.76,yes,Priyadarshan
Om Puri,no,2006,Rang De Basanti,97.00,yes,Rakeysh Omprakash Mehra
Om Puri,no,2007,Buddha Mar Gaya,,no,Rahul Rawail
Om Puri,no,2007,Delhii Heights,0.99,no,Anand Kumar
Om Puri,no,2007,Dhol,33.27,yes,Priyadarshan
Om Puri,no,2007,Fool & Final,27.62,yes,Ahmed Khan
Om Puri,no,2007,Victoria No. 203,,no,Anant Mahadevan
Om Puri,no,2008,Kismat Konnection,,yes,Aziz Mirza
Om Puri,no,2008,Maharathi,,no,Shivam Nair
Om Puri,no,2008,Mere Baap Pehle Aap,36.00,yes,Priyadarshan
Om Puri,no,2008,Mukhbiir,,no,Mani Shankar
Om Puri,no,2008,Singh Is Kinng,136.00,no,Anees Bazmee
Om Puri,no,2009,Billu,47.45,no,Priyadarshan
Om Puri,no,2009,Chal Chala Chal,,no,T. K. Rajeev Kumar
Om Puri,no,2009,Delhi-6,52.17,yes,Rakeysh Omprakash Mehra
Om Puri,no,2009,Kurbaan,42.90,yes,Rensil D'Silva
Om Puri,no,2009,London Dreams,41.31,yes,Vipul Shah
Om Puri,no,2010,Dabangg,221.14,yes,Abhinav Kashyap
Om Puri,no,2010,Na Ghar Ke Na Ghaat Ke,,no,Rahul Aggarwal
Om Puri,no,2010,Road To Sangam,,no,Amit Rai
Om Puri,no,2010,The Hangman,,no,Vishal Bhandari
Om Puri,no,2011,Bin Bulaye Baraati,,no,Chandrakant Singh
Om Puri,no,2011,Don 2,202.81,yes,Farhan Akhtar
Om Puri,no,2011,Khap,,yes,Ajai Sinha
Om Puri,no,2011,Kucch Luv Jaisaa,,no,Barnali Ray Shukla
Om Puri,no,2011,Teen Thay Bhai,,no,Mirgdeep Singh Lamba
Om Puri,no,2012,Agneepath,193.00,yes,Karan Malhotra
Om Puri,no,2012,Chaar Din Ki Chandni,,yes,Samir Karnik
Om Puri,no,2012,Kamaal Dhamaal Malamaal,,no,Priyadarshan
Om Puri,no,2012,Krishna Aur Kans,,no,Vikram Veturi
Om Puri,no,2012,Tere Naal Love Ho Gaya,32.61,no,Mandeep Kumar
Om Puri,no,2013,Policegiri,,yes,K. S. Ravikumar
Om Puri,no,2014,Bazaar-E-Husn,,no,Ajay Mehra
Om Puri,no,2014,Heartless,1.18,no,Shekhar Suman
Om Puri,no,2015,Jai Jawaan Jai Kisaan,,no,Milan Ajmera
Om Puri,no,2015,Miss Tanakpur Haazir Ho,,no,Vinod Kapri
Om Puri,no,2015,Uvaa,,no,Jasbir Bhaati
Om Puri,no,2016,Mirzya,13.50,yes,Rakeysh Omprakash Mehra
Om Puri,no,2016,Project Marathwada,,no,"Prakash Patel, Bhavin Wadia"
Om Puri,no,2017,A Death in the Gunj,1.37,no,Konkona Sen Sharma
Om Puri,no,2020,Gul Makai,,no,H.E. Amjad khan
Om Puri,no,2020,Omprakash Zindabad,,no,Ranjeet Gupta
Omi Sharma,no,2016,Motu Patlu: King of Kings,4.27,no,Suhas D. Kadavand
Omi Vaidya,no,2009,3 Idiots,400.61,yes,Rajkumar Hirani
Omi Vaidya,no,2011,Desi Boyz,77.00,yes,Rohit Dhawan
Omi Vaidya,no,2011,Dil Toh Baccha Hai Ji,28.91,yes,Madhur Bhandarkar
Omi Vaidya,no,2012,Jodi Breakers,33.40,no,Ashwini Chaudhary
Omi Vaidya,no,2012,Players,45.52,yes,Abbas–Mustan
Omi Vaidya,no,2018,Blackmail,28.81,no,Abhinay Deo
Omkar Das Manikpuri,no,2010,Peepli Live,46.85,no,Anusha Rizvi
Omkar Das Manikpuri,no,2012,Ab Hoga Dharna Unlimited,,no,Deepak Tanwar
Omkar Das Manikpuri,no,2012,MLA,,no,Shiv Dube
Omkar Das Manikpuri,no,2012,Qasam Se Qasam Se,,no,Azim Rizvi
Omkar Das Manikpuri,no,2014,Ebn-E-Batuta,,no,Varun Middha
Omkar Das Manikpuri,no,2014,Munna Mange Memsaab,,no,Shareeph Mansuri Saranawala
Omkar Das Manikpuri,no,2024,Bengal 1947,,no,Akashaditya Lama
Omkar Das Manikpuri,no,2024,Gauraiya Live,,no,Gabriel Vats
Omkar Kapoor,no,2015,Pyaar Ka Punchnama 2,88.17,no,Luv Ranjan
Omkar Kapoor,no,2017,"U, Me Aur Ghar",,no,Abhay Chhabra
Omkar Kapoor,no,2019,Jhootha Kahin Ka,2.57,yes,Smeep Kang
Omkar Kapoor,no,2025,Ufff Yeh Siyapaa,,no,G. Ashok
Onjolee Nair,no,2006,Holiday,,no,Pooja Bhatt
Osama bin Laden,no,2010,My Name Is Khan,220.30,yes,Karan Johar
Paanie Kashyap,no,2023,Pyaar Hai Toh Hai,,no,Pradeep R.K. Chaudhary
Padma Lakshmi,no,2003,Boom,1.20,no,Kaizad Gustad
Padmanabh,no,2025,The Rabbit House,,no,Vaibhav Kulkarni
Padmapriya Janakiraman,no,2017,Chef,10.60,yes,Raja Krishna Menon
Padmini Kolhapure,no,2013,Mai...,,no,Mahesh Kodiyal
Padmini Kolhapure,no,2013,Phata Poster Nikhla Hero,72.00,yes,Rajkumar Santoshi
Pakhi Tyrewala,no,2010,Jhootha Hi Sahi,15.60,yes,Abbas Tyrewala
Palak Tiwari,no,2025,Romeo S3,,no,Guddu Dhanoa
Palak Tiwari,no,2025,The Bhootnii,,yes,Sidhaant Sachdev
Palash Sen,no,2002,Filhaal,,no,Meghna Gulzar
Palash Sen,no,2015,Aisa Yeh Jahaan,,no,Biswajeet Bora
Pallavi Ajay,no,2025,Chhorii 2,,yes,Vishal Furia
Pallavi Batra,no,2014,Kuku Mathur Ki Jhand Ho Gayi,,no,Aman Sachdeva
Pallavi Joshi,no,2016,Buddha in a Traffic Jam,,no,Vivek Agnihotri
Pallavi Joshi,no,2019,The Tashkent Files,20.84,no,Vivek Agnihotri
Pallavi Joshi,no,2022,The Kashmir Files,340.92,no,Vivek Agnihotri
Pallavi Joshi,no,2023,The Vaccine War,9.47,no,Vivek Agnihotri
Pallavi Joshi,no,2025,Tanvi the Great,,no,Anupam Kher
Pallavi Joshi,no,2025,The Bengal Files,16.19,no,Vivek Agnihotri
Pallavi Kulkarni,no,2002,Kranti,,yes,Naresh Malhotra
Pallavi Sharda,no,2011,Love Breakups Zindagi,2.06,yes,Sahil Sangha
Pallavi Sharda,no,2013,Besharam,102.85,yes,Abhinav Kashyap
Pallavi Sharda,no,2015,Hawaizaada,,no,Vibhu Puri
Paloma,no,2023,Dono,0.70,yes,Avnish S. Barjatya
Palomi Ghosh,no,2021,Ankahi Kahaniya,,no,Ashwiny Iyer Tiwari Abhishek Chaubey Saket Chaudhary
Palomi Ghosh,no,2025,The Bengal Files,16.19,no,Vivek Agnihotri
Panchi Bora,no,2019,22 Yards,,no,Mitali Ghoshal
Pankaj Beri,no,2005,Mazaa Mazaa,,no,T. L. V. Prasad
Pankaj Berry,no,2002,Ghaav: The Wound,,yes,Kumar Jay
Pankaj Berry,no,2022,Trahimam,,no,Dushyant Pratap Singh
Pankaj Berry,no,2024,Manihar,,no,Sanjeev Kumar Rajput
Pankaj Choudhary,no,2025,So Long Valley,,no,Man Singh
Pankaj Dheer,no,2003,Om,,no,Ashok Honda
Pankaj Dheer,no,2004,Taarzan: The Wonder Car,6.20,no,Abbas Mustan
Pankaj Jha,no,2015,Once Upon a Time in Bihar,,no,Nitin Chandra
Pankaj Jha,no,2024,Gauraiya Live,,no,Gabriel Vats
Pankaj Kapoor,no,2004,Maqbool,,no,Vishal Bhardwaj
Pankaj Kapoor,no,2019,Happi,,no,Bhavna Talwar
Pankaj Kapur,no,2005,Dus,38.84,yes,Anubhav Sinha
Pankaj Kapur,no,2007,Dharm,,no,Bhavna Talwar
Pankaj Kapur,no,2008,Halla Bol,19.39,yes,Rajkumar Santoshi
Pankaj Kapur,no,2011,Chala Mussaddi... Office Office,1.40,no,Rajiv Mehra
Pankaj Kapur,no,2013,Matru Ki Bijlee Ka Mandola,31.15,yes,Vishal Bhardwaj
Pankaj Kapur,no,2015,Shaandaar,75.70,yes,Vikas Bahl
Pankaj Kapur,no,2018,Toba Tek Singh,,no,Ketan Mehta
Pankaj Kapur,no,2022,Jersey,27.90,yes,Gowtam Tinnanuri
Pankaj Kapur,no,2023,Bheed,3.33,no,Anubhav Sinha
Pankaj Kapur,no,2024,Binny And Family,,no,Ssanjay Tripaathy
Pankaj Sharma,no,2009,School Days,,no,Dilip Sood
Pankaj Tripathi,no,2005,Apaharan,23.16,no,Prakash Jha
Pankaj Tripathi,no,2005,Bunty Aur Babli,90.40,yes,Shaad Ali
Pankaj Tripathi,no,2011,Chillar Party,,yes,"Vikas Bahl , Nitesh Tiwari"
Pankaj Tripathi,no,2013,Fukrey,53.00,no,Mrigdeep Singh Lamba
Pankaj Tripathi,no,2013,Maazii,,no,Jaideep Chopra
Pankaj Tripathi,no,2014,Gunday,130.91,yes,Ali Abbas Zafar
Pankaj Tripathi,no,2016,Global Baba,,no,Manoj Sidheshwari Tewari
Pankaj Tripathi,no,2016,Nil Battey Sannata,6.90,no,Ashwini Iyer Tiwari
Pankaj Tripathi,no,2017,Gurgaon,6.70,no,Shanker Raman
Pankaj Tripathi,no,2017,Newton,15.00,no,Amit Masurkar
Pankaj Tripathi,no,2018,Phamous,,no,Karan Lalit Butani
Pankaj Tripathi,no,2018,Stree,180.76,no,Amar Kaushik
Pankaj Tripathi,no,2019,Drive,,no,Tarun Mansukhani
Pankaj Tripathi,no,2019,Kissebaaz,,no,Annant Jaaitpaal
Pankaj Tripathi,no,2019,Luka Chuppi,128.60,no,Laxman Utekar
Pankaj Tripathi,no,2019,Super 30,208.93,yes,Vikas Bahl
Pankaj Tripathi,no,2019,The Tashkent Files,20.84,no,Vivek Agnihotri
Pankaj Tripathi,no,2019,Yours Truly,,no,Sanjoy Nag
Pankaj Tripathi,no,2020,Angrezi Medium,13.54,yes,Homi Adajania
Pankaj Tripathi,no,2020,Anwar Ka Ajab Kissa,,no,Buddhadeb Dasgupta
Pankaj Tripathi,no,2020,Gul Makai,,no,H.E. Amjad khan
Pankaj Tripathi,no,2020,Gunjan Saxena: The Kargil Girl,,yes,Sharan Sharma
Pankaj Tripathi,no,2020,Ludo,,yes,Anurag Basu
Pankaj Tripathi,no,2020,Shakeela,,no,Indrajit Lankesh
Pankaj Tripathi,no,2021,Kaagaz,,no,Satish Kaushik
Pankaj Tripathi,no,2021,Mimi,,no,Laxman Utekar
Pankaj Tripathi,no,2022,Sherdil,10.00,no,Srijit Mukherji
Pankaj Tripathi,no,2023,Fukrey 3,128.37,no,Mrighdeep Singh
Pankaj Tripathi,no,2023,Kadak Singh,,no,Aniruddha Roy Chowdhury
Pankaj Tripathi,no,2023,OMG 2,221.08,no,Amit Rai
Pankaj Tripathi,no,2024,Main Atal Hoon,8.65,no,Ravi Jadhav
Pankaj Tripathi,no,2024,Murder Mubarak,,yes,Homi Adajania
Pankaj Tripathi,no,2024,Stree 2,874.58,no,Amar Kaushik
Pankaj Tripathi,no,2025,Metro... In Dino,79.00,yes,Anurag Basu
Pankaj Uniyal,no,2020,The Pickup Artist,,no,Rohit Arora
Pankhuri Awasthy,no,2020,Shubh Mangal Zyada Saavdhan,87.00,no,Hitesh Kewalya
Paoli Dam,no,2012,Hate Story,16.43,no,Vivek Agnihotri
Paoli Dam,no,2013,Ankur Arora Murder Case,10.00,no,Suhail Tatari
Paoli Dam,no,2015,Yaara Silly Silly,0.26,no,Subhash Sehgal
Paoli Dam,no,2018,Halkaa,,no,Nila Madhab Panda
Paoli Dam,no,2020,Bulbbul,,no,Anvita Dutt
Paoli Dam,no,2021,Raat Baaki Hai,,no,Avinash Das
Parambrata Chatterjee,no,2012,Kahaani,104.00,no,Sujoy Ghosh
Parambrata Chatterjee,no,2014,Gang of Ghosts,,no,Satish Kaushik
Parambrata Chatterjee,no,2015,Yaara Silly Silly,0.26,no,Subhash Sehgal
Parambrata Chatterjee,no,2016,Traffic,11.65,no,Rajesh Pillai
Parambrata Chatterjee,no,2018,Pari,41.40,no,Prosit Roy
Parambrata Chatterjee,no,2020,Bulbbul,,no,Anvita Dutt
Parambrata Chattopadhyay,no,2021,Ramprasad Ki Tehrvi,,no,Seema Pahwa
Paras Arora,no,2009,Let's Dance,,no,Aarif Sheikh
Paras Arora,no,2013,Rajjo,,no,Vishwas Patil
Paras Chhabra,no,2014,M3 - Midsummer Midnight Mumbai,,no,Braj Bhushan
Paresh Ganatra,no,2012,Rowdy Rathore,203.39,yes,Prabhu Deva
Paresh Ganatra,no,2013,Shree,,no,Rajesh Bachchani
Paresh Ganatra,no,2016,Freaky Ali,21.32,yes,Sohail Khan
Paresh Mehta,no,2016,My Father Iqbal,,no,Suzad Iqbal Khan
Paresh Pahuja,no,2023,Kadak Singh,,no,Aniruddha Roy Chowdhury
Paresh Rawal,no,2000,Hera Pheri,21.40,no,Priyadarshan
Paresh Rawal,no,2000,Phir Bhi Dil Hai Hindustani,25.46,no,Aziz Mirza
Paresh Rawal,no,2001,Nayak,20.56,yes,S. Shankar
Paresh Rawal,no,2001,Yeh Teraa Ghar Yeh Meraa Ghar,,no,Priyadarshan
Paresh Rawal,no,2002,Aankhen,33.80,no,Vipul Shah
Paresh Rawal,no,2002,Awara Paagal Deewana,27.58,no,Vikram Bhatt
Paresh Rawal,no,2002,Hum Kisise Kum Nahin,29.15,yes,David Dhawan
Paresh Rawal,no,2002,Kehtaa Hai Dil Baar Baar,,no,Rahul Dholakia
Paresh Rawal,no,2003,Aanch,,no,Rajesh Kumar Singh
Paresh Rawal,no,2003,Baghban,43.11,yes,Ravi Chopra
Paresh Rawal,no,2003,Dil Ka Rishta,14.60,no,Naresh Malhotra
Paresh Rawal,no,2003,Fun2shh... Dudes in the 10th Century,4.41,no,Imtiaz Punjabi
Paresh Rawal,no,2003,Hungama,21.25,yes,Priyadarshan
Paresh Rawal,no,2004,Aan: Men at Work,,no,Madhur Bhandarkar
Paresh Rawal,no,2004,Hulchul,33.09,yes,Priyadarshan
Paresh Rawal,no,2005,Bachke Rehna Re Baba,5.51,yes,Govind Menon
Paresh Rawal,no,2005,Deewane Huye Paagal,26.50,yes,Vikram Bhatt
Paresh Rawal,no,2005,Garam Masala,64.65,no,Priyadarshan
Paresh Rawal,no,2006,36 China Town,38.00,yes,Abbas–Mustan
Paresh Rawal,no,2006,Bhagam Bhag,67.00,yes,Priyadarshan
Paresh Rawal,no,2006,Chup Chup Ke,25.58,yes,Priyadarshan
Paresh Rawal,no,2006,Golmaal: Fun Unlimited,41.25,yes,Rohit Shetty
Paresh Rawal,no,2006,Jaane Hoga Kya,2.85,no,"Glen Barretto, Ankush Mohla"
Paresh Rawal,no,2006,Malamaal Weekly,42.76,yes,Priyadarshan
Paresh Rawal,no,2006,Phir Hera Pheri,69.00,no,Neeraj Vora
Paresh Rawal,no,2006,Yun Hota Toh Kya Hota,,no,Nasseruddin Shah
Paresh Rawal,no,2007,Bhool Bhulaiyaa,83.00,no,Priyadarshan
Paresh Rawal,no,2007,Buddha Mar Gaya,,no,Rahul Rawail
Paresh Rawal,no,2007,Cheeni Kum,32.03,no,R. Balki
Paresh Rawal,no,2007,Fool & Final,27.62,yes,Ahmed Khan
Paresh Rawal,no,2007,"Good Boy, Bad Boy",,yes,Ashwini Chaudhary
Paresh Rawal,no,2007,Hattrick,,no,Milan Luthria
Paresh Rawal,no,2007,No Smoking,3.49,no,Anurag Kashyap
Paresh Rawal,no,2007,Welcome,122.00,no,Anees Bazmee
Paresh Rawal,no,2008,Jaane Tu... Ya Jaane Na,84.00,yes,Abbas Tyrewala
Paresh Rawal,no,2008,Maan Gaye Mughal-e-Azam,,no,Sanjay Chhel
Paresh Rawal,no,2008,Maharathi,,no,Shivam Nair
Paresh Rawal,no,2008,Mere Baap Pehle Aap,36.00,yes,Priyadarshan
Paresh Rawal,no,2008,Mumbai Meri Jaan,5.02,yes,Nishikanth Kamat
Paresh Rawal,no,2008,One Two Three,27.00,yes,Ashwni Dhir
Paresh Rawal,no,2008,Oye Lucky! Lucky Oye!,6.10,yes,Dibakar Banerjee
Paresh Rawal,no,2008,Thodi Life Thoda Magic,,yes,Vinayak Rajesh
Paresh Rawal,no,2009,De Dana Dan,81.85,no,Priyadarshan
Paresh Rawal,no,2009,Dhoondte Reh Jaaoge,,yes,Umesh Shukla
Paresh Rawal,no,2009,Firaaq,,no,Nandita Das
Paresh Rawal,no,2009,Paa,,yes,R. Balki
Paresh Rawal,no,2010,Aakrosh,19.40,yes,Priyadarshan
Paresh Rawal,no,2010,Atithi Tum Kab Jaoge?,3.90,no,Ashwni Dhir
Paresh Rawal,no,2010,Na Ghar Ke Na Ghaat Ke,,no,Rahul Aggarwal
Paresh Rawal,no,2010,No Problem,,yes,Anees Bazmee
Paresh Rawal,no,2010,Rann,13.70,no,Ram Gopal Varma
Paresh Rawal,no,2010,Road To Sangam,,no,Amit Rai
Paresh Rawal,no,2011,Ready,180.00,yes,Anees Bazmee
Paresh Rawal,no,2012,Kamaal Dhamaal Malamaal,,no,Priyadarshan
Paresh Rawal,no,2012,Khiladi 786,107.00,no,Ashish R Mohan
Paresh Rawal,no,2012,OMG – Oh My God!,149.90,yes,Umesh Shukla
Paresh Rawal,no,2013,Rabba Main Kya Karoon,,no,Amrit Sagar Chopra
Paresh Rawal,no,2013,Table No. 21,17.72,no,Aditya Datt
Paresh Rawal,no,2013,Zila Ghaziabad,,yes,Anand Kumar
Paresh Rawal,no,2014,Raja Natwarlal,26.80,yes,Kunal Deshmukh
Paresh Rawal,no,2014,Rang Rasiya,,no,Ketan Mehta
Paresh Rawal,no,2015,Dharam Sankat Mein,,no,Fuwad Khan
Paresh Rawal,no,2015,Welcome Back,168.76,no,Anees Bazmee
Paresh Rawal,no,2017,Guest iin London,10.64,no,Ashwni Dhir
Paresh Rawal,no,2017,Patel Ki Punjabi Shaadi,,yes,Sanjay Chhel
Paresh Rawal,no,2019,Made in China,12.81,no,Mikhil Musale
Paresh Rawal,no,2019,Uri: The Surgical Strike,342.06,yes,Aditya Dhar
Paresh Rawal,no,2021,Hum Do Hamare Do,,no,Abhishek Jain
Paresh Rawal,no,2021,Hungama 2,,yes,Priyadarshan
Paresh Rawal,no,2021,Saina,1.50,no,Amole Gupte
Paresh Rawal,no,2021,Toofaan,,no,Rakeysh Omprakash Mehra
Paresh Rawal,no,2022,Sharmaji Namkeen,,yes,Hitesh Bhatia
Paresh Rawal,no,2023,Aankh Micholi,1.50,no,Umesh Shukla
Paresh Rawal,no,2023,Dream Girl 2,140.56,yes,Raaj Shaandilyaa
Paresh Rawal,no,2023,Shastry Viruddh Shastry,,no,Shiboprosad Mukherjee Nandita Roy
Paresh Rawal,no,2023,Shehzada,47.43,no,Rohit Dhawan
Paresh Rawal,no,2024,Jo Tera Hai Woh Mera Hai,,no,Raj Trivedi
Paresh Rawal,no,2024,Sarfira,30.02,no,Sudha Kongara
Paresh Rawal,no,2025,Ajey: The Untold Story of a Yogi,1.40,no,Ravindra Gautam
Paresh Rawal,no,2025,Nikita Roy,,yes,Kussh Sinha
Paresh Rawal,no,2025,Thamma,169.75,no,Aditya Sarpotdar
Paresh Rawal,no,2025,The Storyteller,,no,Anant Mahadevan
Paresh Rawal,no,2025,The Taj Story,,no,Tushar Amrish Goel
Pari Sehgal,no,2009,Aamras,,no,Rupali Guha
Parigna Pandya Shah,no,2019,Chhota Bheem Kung Fu Dhamaka,,no,Rajiv Chilaka
Parikshit Sahni,no,2010,Chance Pe Dance,16.30,yes,Ken Ghosh
Parikshit Sahni,no,2011,Mere Brother Ki Dulhan,,yes,Ali Abbas Zafar
Parikshit Sahni,no,2014,PK,769.00,yes,Rajkumar Hirani
Parikshit Sahni,no,2016,Sultan,631.25,yes,Ali Abbas Zafar
Parineeti Chopra,no,2011,Ladies vs Ricky Bahl,84.00,no,Maneesh Sharma
Parineeti Chopra,no,2012,Ishaqzaade,,yes,Habib Faisal
Parineeti Chopra,no,2013,Shuddh Desi Romance,76.00,yes,Maneesh Sharma
Parineeti Chopra,no,2014,Daawat-e-Ishq,35.58,yes,Habib Faisal
Parineeti Chopra,no,2014,Hasee Toh Phasee,63.38,no,Vinil Mathew
Parineeti Chopra,no,2014,Kill Dil,52.10,no,Shaad Ali
Parineeti Chopra,no,2016,Dishoom,119.58,yes,Rohit Dhawan
Parineeti Chopra,no,2017,Golmaal Again,311.05,yes,Rohit Shetty
Parineeti Chopra,no,2017,Meri Pyaari Bindu,17.79,no,Akshay Roy
Parineeti Chopra,no,2018,Namaste England,8.02,yes,Vipul Shah
Parineeti Chopra,no,2019,Jabariya Jodi,21.13,no,Prashant Singh
Parineeti Chopra,no,2019,Kesari,207.09,no,Anurag Singh
Parineeti Chopra,no,2021,Saina,1.50,no,Amole Gupte
Parineeti Chopra,no,2021,Sandeep Aur Pinky Faraar,0.58,yes,Dibakar Banerjee
Parineeti Chopra,no,2021,The Girl on the Train,,no,Ribhu Dasgupta
Parineeti Chopra,no,2022,Code Name: Tiranga,1.41,no,Ribhu Dasgupta
Parineeti Chopra,no,2022,Uunchai,48.99,no,Sooraj Barjatya
Parineeti Chopra,no,2023,Mission Raniganj,45.66,no,Tinu Suresh Desai
Parineeti Chopra,no,2024,Amar Singh Chamkila,,no,Imtiaz Ali
Parmeet Sethi,no,2002,Om Jai Jagadish,14.00,yes,Anupam Kher
Parmeet Sethi,no,2005,Kaal,28.50,yes,Soham Shah
Parmeet Sethi,no,2008,Thodi Life Thoda Magic,,yes,Vinayak Rajesh
Parmeet Sethi,no,2021,Tuesdays and Fridays,,no,Taranveer Singh
Parth Bhalerao,no,2014,Bhoothnath Returns,53.00,no,Nitesh Tiwari
Parth Naik,no,2014,Life is Beautiful!,,no,Manoj Amarnani
Parth Samthaan,no,2024,Ghudchadi,,yes,Binoy Gandhi
Parth Samthaan,no,2024,Hamare Baarah,,no,Kamal Chandra
Parth Suri,no,2020,Beautiful,,no,Agastya Manju
Partho,no,2011,Stanley Ka Dabba,7.63,no,Amole Gupte
Partho Gupte,no,2014,Hawaa Hawaai,11.36,no,Amole Gupte
Paru Uma,no,2013,Chor Chor Super Chor,,no,K. Rajesh
Parul Gulati,no,2024,Silence 2: The Night Owl Bar Shootout,,no,Aban Bharucha Deohans
Parul Gulati,no,2025,Kis Kisko Pyaar Karoon 2,14.87,no,Anukalp Goswami
Parul Yadav,no,2013,Phata Poster Nikhla Hero,72.00,yes,Rajkumar Santoshi
Parvathy,no,2017,Qarib Qarib Singlle,2.41,no,Tanuja Chandra
Parvathy Omanakuttan,no,2011,United Six,,no,Vishal Aryan Singh
Parvathy Omanakuttan,no,2014,Pizza,4.04,no,Akshay Akkineni
Parvathy Thiruvothu,no,2023,Kadak Singh,,no,Aniruddha Roy Chowdhury
Parvesh Rana,no,2020,London Confidential,,no,Kanwal Sethi
Parvin Dabas,no,2000,Tapish,,no,Jay Prakash
Parvin Dabas,no,2003,The Perfect Husband,,no,Priya Singh Paul
Parvin Dabas,no,2004,Muskaan,,no,"Rohit Nayyar , Rohit Manash"
Parvin Dabas,no,2005,Kuchh Meetha Ho Jaye,,no,Samar Khan
Parvin Dabas,no,2005,Maine Gandhi Ko Nahin Mara,,no,Jahnu Barua
Parvin Dabas,no,2005,Tezaab – The Acid of Love,,no,Shakeel Noorani
Parvin Dabas,no,2006,Khosla Ka Ghosla,6.67,no,Dibakar Banerjee
Parvin Dabas,no,2008,Sirf,55.50,no,Rajaatesh Nayar
Parvin Dabas,no,2009,Yeh Mera India,,no,N. Chandra
Parvin Dabas,no,2010,My Name Is Khan,220.30,yes,Karan Johar
Parvin Dabas,no,2011,Sahi Dhandhe Galat Bande,,no,Parvin Dabas
Parvin Dabas,no,2012,Jalpari: The Desert Mermaid,,no,Nila Madhab Panda
Parvin Dabas,no,2014,Babloo Happy Hai,,no,Nila Madhab Panda
Parvin Dabas,no,2014,Ragini MMS 2,63.29,no,Bhushan Patel
Parvin Dabas,no,2017,Indu Sarkar,6.07,no,Madhur Bhandarkar
Parvin Dabas,no,2021,State of Siege: Temple Attack,,yes,Ken Ghosh
Parvin Dabas,no,2025,Akshardham: Operation Vajra Shakti,,yes,Ken Ghosh
Parzan Dastur,no,2009,Sikandar,0.82,no,Piyush Jha
Pasha Bocarie,no,2010,Pusher,,no,Assad Raja
Pashmina Roshan,yes,2024,Ishq Vishk Rebound,6.13,yes,Nipun Dharmadhikari
Patralekha,no,2014,CityLights,79.00,no,Hansal Mehta
Patralekha,no,2016,Love Games,4.04,no,Vikram Bhatt
Patralekha,no,2025,Phule,6.21,no,Anant Mahadevan
Patralekha Paul,no,2019,Badnaam Gali,,no,Ashwin Shetty
Patralekha Paul,no,2024,Wild Wild Punjab,,no,Simarpreet Singh
Patralekhaa,no,2018,Nanu Ki Jaanu,4.12,yes,Faraz Haider
Pavail Gulati,no,2020,Ghost Stories,,yes,Karan Johar Dibakar Banerjee Zoya Akhtar Anurag Kashyap
Pavail Gulati,no,2020,Thappad,44.54,no,Anubhav Sinha
Pavail Gulati,no,2022,Dobaaraa,6.77,no,Anurag Kashyap
Pavail Gulati,no,2023,I Love You,,no,Nikhil Mahajan
Pavail Gulati,no,2025,Kaushaljis vs Kaushal,,no,Seemaa Desai
Pavan Malhotra,no,2007,Black Friday,8.00,no,Anurag Kashyap
Pavan Malhotra,no,2011,Yeh Faasley,,no,Yogesh Mittal
Pavan Malhotra,no,2017,Judwaa 2,227.59,yes,David Dhawan
Pavan Malhotra,no,2019,Family of Thakurganj,15.00,no,Manoj K. Jha
Pavan Malhotra,no,2019,Setters,0.58,no,Ashwini Chaudhary
Pavan Malhotra,no,2021,Flight,,no,Suraj Joshi
Pawan Chopra,no,2021,Shershaah,,no,Vishnuvardhan
Pawan Kumar Sharma,no,2016,Fuddu,,no,Sunil Subramani
Pawan Malhotra,no,2007,50 Lakh,,no,Chandra Sekhar Yeleti
Pawan Malhotra,no,2007,Jab We Met,50.90,yes,Imtiaz Ali
Pawan Malhotra,no,2013,Bhaag Milkha Bhaag,200.00,yes,Rakeysh Omprakash Mehra
Pawan Malhotra,no,2014,Children of War,,no,Mrityunjay Devvrat
Pawan Malhotra,no,2023,72 Hoorain,,no,Sanjay Puran Singh Chauhan
Pawan Waval,no,2021,Machaan,,no,Nitesh Tiwari
Payal Ghosh,no,2017,Patel Ki Punjabi Shaadi,,yes,Sanjay Chhel
Payal Rohatgi,no,2002,Yeh Kya Ho Raha Hai?,,no,Hansal Mehta
Payal Rohatgi,no,2003,Patth,,no,
Payal Rohatgi,no,2003,Xcuse Me,,no,N. Chandra
Payal Rohatgi,no,2004,Tauba Tauba,,no,T L V Prasad
Payal Rohatgi,no,2005,Chetna: The Excitement,,no,Partho Ghosh
Payal Rohatgi,no,2005,Fun – Can Be Dangerous Sometimes,,no,Sunjay Zaveri
Payal Rohatgi,no,2005,Mazaa Mazaa,,no,T. L. V. Prasad
Payal Rohatgi,no,2006,36 China Town,38.00,yes,Abbas–Mustan
Payal Rohatgi,no,2006,Corporate,15.06,no,Madhur Bhandarkar
Payal Rohatgi,no,2008,Dil Kabaddi,,yes,Anil Sharma (Senior)
Payal Rohatgi,no,2008,Ugly Aur Pagli,,no,Sachin Khot
Payal Rohatgi,no,2012,Valentine's Night,,no,Krishan Kumar
Payel Sarkar,no,2015,Guddu Ki Gun,,no,"Shantanu Ray Chhibber, Sheershak Anand"
Pearl V Puri,no,2023,Yaariyan 2,2.67,yes,Radhika Rao Vinay Sapru
Pearle Maaney,no,2020,Ludo,,yes,Anurag Basu
Perizaad Zorabian,no,2003,Joggers Park,2.10,no,Anant Balani
Perizaad Zorabian,no,2003,Mumbai Matinee,,no,Anant Balani
Perizaad Zorabian,no,2004,Morning Raga,,no,Mahesh Dattan
Perizaad Zorabian,no,2005,Ek Ajnabee,,yes,Apoorva Lakhia
Perizaad Zorabian,no,2006,Devaki,,no,Bappaditya Bandopadhyay
Perizaad Zorabian,no,2009,Yeh Mera India,,no,N. Chandra
Pia Bajpai,no,2017,Mirza Juuliet,0.95,no,Rajesh Ram Singh
Pia Bajpiee,no,2023,Lost,,no,Aniruddha Roy Chowdhury
Piaa Bajpai,no,2014,Mumbai Delhi Mumbai,,no,Satish Rajwade
Piaa Bajpai,no,2016,Laal Rang,2.26,no,Syed Ahmad Afzal
Pihu Sharma,no,2018,Falooda,,no,Dhiraj Singh
Pinky Rajput,no,2007,Return of Hanuman,6.14,no,Anurag Kashyap
Pinky Rajput,no,2019,Chhota Bheem Kung Fu Dhamaka,,no,Rajiv Chilaka
Pitobash,no,2018,My Birthday Song,,no,Samir Soni
Pitobash Tripathy,no,2012,Aalaap,,no,Manish Manikpuri
Piyush Mishra,no,2007,1971,,no,Amrit Sagar
Piyush Mishra,no,2007,Jhoom Barabar Jhoom,51.08,yes,Shaad Ali
Piyush Mishra,no,2009,Gulaal,,no,Anurag Kashyap
Piyush Mishra,no,2011,Bhindi Baazaar Inc.,1.19,no,Ankush Bhatt
Piyush Mishra,no,2011,Rockstar,108.70,yes,Imtiaz Ali
Piyush Mishra,no,2012,Gangs of Wasseypur – Part 1,35.13,no,Anurag Kashyap
Piyush Mishra,no,2012,Gangs of Wasseypur – Part 2,22.04,no,Anurag Kashyap
Piyush Mishra,no,2014,Revolver Rani,9.00,no,Sai Kabir
Piyush Mishra,no,2014,The Shaukeens,46.30,no,Abhishek Sharma
Piyush Mishra,no,2023,Kanjoos Makhichoos,,no,Vipul Mehta
Piyush Mishra,no,2024,Jahangir National University,,no,Vinay Sharma
Piyush Mishra,no,2025,Azaad,9.17,yes,Abhishek Kapoor
Plabita Borthakur,no,2021,Ahaan,,no,Nikhil Pherwani
Plabita Borthakur,no,2021,Waah Zindagi,,no,Dinesh S Yadav
Plabita Borthakur,no,2024,Chote Nawab,,no,Kumud Chaudhary
Pooja Banerjee,no,2016,Love Ke Funday,,no,Indervesh Yogee
Pooja Batra,no,2000,Bas Yaari Rakho,,no,Gopi Desai
Pooja Batra,no,2000,Kahin Pyaar Na Ho Jaaye,13.40,yes,K. Muralimohana Rao
Pooja Batra,no,2001,Dil Ne Phir Yaad Kiya,,no,C. L. Rawal
Pooja Batra,no,2001,Ittefaq,,no,Sanjay Khanna
Pooja Batra,no,2001,Nayak,20.56,yes,S. Shankar
Pooja Batra,no,2003,Parwana,7.06,no,Deepak Bahry
Pooja Batra,no,2005,Taj Mahal: An Eternal Love Story,31.10,yes,Akbar Khan
Pooja Batra,no,2021,Squad,,no,Nilesh Sahay
Pooja Bhalekar,no,2022,Ladki: Dragon Girl,,no,Ram Gopal Varma
Pooja Bharti,no,2013,Paapi - Ek Satya Katha,,yes,Aziz Sejawal
Pooja Bhatt,yes,2009,Sanam Teri Kasam,,yes,Lawrence D'Souza
Pooja Bhatt,yes,2020,Sadak 2,,yes,Mahesh Bhatt
Pooja Bhatt,yes,2022,Chup: Revenge of the Artist,23.31,yes,R Balki
Pooja Bose,no,2016,Great Grand Masti,20.00,yes,Indra Kumar
Pooja Chopra,no,2013,Commando: A One Man Army,27.00,no,Dilip Ghosh
Pooja Chopra,no,2016,Yea Toh Two Much Ho Gayaa,,yes,Anwer Khan
Pooja Chopra,no,2018,Aiyaary,34.07,no,Neeraj Pandey
Pooja Chopra,no,2021,Babloo Bachelor,,no,Agnidev Chatterjee
Pooja Chopra,no,2022,Jahaan Chaar Yaar,,no,Kamal Pandey
Pooja Dargan,no,2023,Am I Next,,no,Rahat Kazmi
Pooja Gandhi,no,2011,I Am,0.67,no,Onir
Pooja Hegde,no,2016,Mohenjo Daro,107.80,yes,Ashutosh Gowariker
Pooja Hegde,no,2019,Housefull 4,280.27,yes,Farhad Samji
Pooja Hegde,no,2022,Cirkus,61.47,no,Rohit Shetty
Pooja Hegde,no,2022,Radhe Shyam,,no,Radha Krishna Kumar
Pooja Hegde,no,2023,Kisi Ka Bhai Kisi Ki Jaan,182.00,yes,Farhad Samji
Pooja Hegde,no,2025,Deva,51.73,yes,Rosshan Andrrews
Pooja Kanwal,no,2004,Uuf Kya Jaadoo Mohabbat Hai,,no,Manoj J. Bhatia
Pooja Kumar,no,2013,Vishwaroopam,220.00,no,Kamal Haasan
Pooja Pandey,no,2022,Siya,,no,Manish Mundra
Pooja Pandey,no,2023,Coat,,no,Akshay Ditti
Pooja Salvi,no,2013,Nautanki Saala,22.30,yes,Rohan Sippy
Pooja Sawant,no,2019,Junglee,24.70,no,Chuck Russell
Pooja Tawde,no,2014,Babloo Happy Hai,,no,Nila Madhab Panda
Pooja Thakur,no,2014,M3 - Midsummer Midnight Mumbai,,no,Braj Bhushan
Pooja Thakur,no,2015,Ranbanka,,no,Aryeman Ramsay
Poonam Dhillon,no,2009,13B,23.00,no,Vikram K. Kumar
Poonam Dhillon,no,2011,Miley Naa Miley Hum,,no,Tanveer Khan
Poonam Dhillon,no,2020,Jai Mummy Di,,no,Navjot Gulati
Poonam Dhillon,no,2022,Plan A Plan B,,no,Shashanka Ghosh
Poonam Pandey,no,2013,Nasha,8.00,no,Amit Saxena
Poorna Jagannathan,no,2011,Delhi Belly,103.00,yes,Abhinay Deo
Poornima Indrajith,no,2022,Cobalt Blue,,yes,Sachin Kundalkar
Prabal Panjabi,no,2013,Mere Dad Ki Maruti,12.54,no,Ashima Chibber
Prabal Panjabi,no,2013,Shahid,3.70,no,Hansal Mehta
Prabhas,no,2019,Saaho,,no,Sujeeth
Prabhas,no,2022,Radhe Shyam,,no,Radha Krishna Kumar
Prabhas,no,2023,Adipurush,350.00,yes,Om Raut
Prabhu Deva,no,2002,Agni Varsha,,no,Arjun Sajnani
Prabhu Deva,no,2012,OMG – Oh My God!,149.90,yes,Umesh Shukla
Prabhu Deva,no,2013,ABCD: Any Body Can Dance,,no,Remo D'Souza
Prabhu Deva,no,2015,ABCD 2,158.31,yes,Remo D'Souza
Prabhu Deva,no,2016,Tutak Tutak Tutiya,,no,A. L. Vijay
Prabhu Deva,no,2018,Mercury,,no,Karthik Subbaraj
Prabhu Deva,no,2019,Khamoshi,,no,Chakri Toleti
Prabhu Deva,no,2020,Street Dancer 3D,97.00,yes,Remo D'Souza
Prabhu Deva,no,2025,Badass Ravi Kumar,9.66,no,Keith Gomes
Prachi Desai,no,2008,Rock On!!,36.00,no,Abhishek Kapoor
Prachi Desai,no,2009,Life Partner,18.00,yes,Rumi Jaffrey
Prachi Desai,no,2010,Once Upon a Time in Mumbaai,96.44,yes,Milan Luthria
Prachi Desai,no,2012,Bol Bachchan,165.68,yes,Rohit Shetty
Prachi Desai,no,2012,Teri Meri Kahaani,54.00,yes,Kunal Kohli
Prachi Desai,no,2013,"I, Me Aur Main",13.82,no,Kapil Sharma
Prachi Desai,no,2013,Policegiri,,yes,K. S. Ravikumar
Prachi Desai,no,2016,Azhar,56.69,yes,Tony D'Souza
Prachi Desai,no,2016,Rock On 2,15.70,no,Sujaat Saudagar
Prachi Desai,no,2021,Silence... Can You Hear It?,,no,Aban Bharucha Deohans
Prachi Desai,no,2022,Forensic,,no,Vishal Furia
Prachi Desai,no,2024,Silence 2: The Night Owl Bar Shootout,,no,Aban Bharucha Deohans
Prachi Mishra,no,2015,Dilliwali Zaalim Girlfriend,,no,Japinder Kaur
Prachi Save,no,2012,Krishna Aur Kans,,no,Vikram Veturi
Prachi Shah,no,2024,Do Patti,,yes,Shashanka Chaturvedi
Prachi Sinha,no,2014,Angry Young Man,,no,Ramesh Rout
Pradeep,no,2009,Ek: The Power of One,6.00,yes,Sangeeth Sivan
Pradeep Kharab,no,2009,Ajab Prem Ki Ghazab Kahani,106.74,yes,Rajkumar Santoshi
Pradeep Kharab,no,2010,Aakhari Decision,,no,Deepak Bandhu
Pradeep Rawat,no,2001,Lagaan: Once Upon a Time in India,65.97,yes,Ashutosh Gowariker
Pradeep Rawat,no,2008,Ghajini,232.00,yes,A. R. Murugadoss
Pradhuman Singh,no,2016,Tere Bin Laden: Dead or Alive,,no,Abhishek Sharma
Pragya Jaiswal,no,2014,Titoo MBA,,no,Amit Vats
Pragya Jaiswal,no,2024,Khel Khel Mein,56.78,yes,Mudassar Aziz
Pragya Yadav,no,2014,Hawaa Hawaai,11.36,no,Amole Gupte
Prajakta Koli,no,2022,Jugjugg Jeeyo,136.13,yes,Raj Mehta
Prajakta Koli,no,2023,Neeyat,5.50,no,Anu Menon
Prakash Belawadi,no,2019,The Tashkent Files,20.84,no,Vivek Agnihotri
Prakash Belawadi,no,2022,India Lockdown,,yes,Madhur Bhandarkar
Prakash Jha,no,2016,Jai Gangaajal,49.59,yes,Prakash Jha
Prakash Jha,no,2019,Saand Ki Aankh,30.70,no,Tushar Hiranandani
Prakash Jha,no,2022,Matto Ki Saikil,,no,M. Gani
Prakash Raj,no,2009,Wanted,93.23,yes,Prabhu Deva
Prakash Raj,no,2011,Bbuddah... Hoga Terra Baap,,no,Puri Jagannadh
Prakash Raj,no,2011,Singham,147.89,no,Rohit Shetty
Prakash Raj,no,2012,Dabangg 2,255.00,yes,Arbaaz Khan
Prakash Raj,no,2013,Mumbai Mirror,,no,Ankush Bhatt
Prakash Raj,no,2013,Policegiri,,yes,K. S. Ravikumar
Prakash Raj,no,2013,Rajjo,,no,Vishwas Patil
Prakash Raj,no,2013,Zanjeer,,yes,Apoorva Lakhia
Prakash Raj,no,2014,Entertainment,115.93,no,Sajid-Farhad
Prakash Raj,no,2014,Heropanti,82.00,yes,Sabbir Khan
Prakash Raj,no,2017,Golmaal Again,311.05,yes,Rohit Shetty
Prakash Raj,no,2022,Major,,no,Sashi Kiran Tikka
Prakash Raj,no,2023,Music School,,no,Papa Rao Biyyala
Prakash Sagar,no,2009,Yeh Pal Ho Na Ho kal,,no,Ravi Pun
Pramod Moutho,no,2001,Be-Lagaam,,no,Ram Lakhan
Pramod Moutho,no,2010,Admissions Open,,no,K.D. Satyam
Pramod Moutho,no,2019,Risknamaa,,no,Aarun Nagar
Pramod Pathak,no,2013,Saare Jahaan Se Mehnga,0.84,no,Anshul Sharma
Pranati Rai Prakash,no,2019,Family of Thakurganj,15.00,no,Manoj K. Jha
Pranati Rai Prakash,no,2022,Odd Couple,,no,Prashant Johari
Pranay Dixit,no,2021,D Company,,no,Ram Gopal Varma
Pranay Pachauri,no,2021,Shershaah,,no,Vishnuvardhan
Pranitha Subhash,no,2021,Bhuj: The Pride of India,,yes,Abhishek Dudhaiya
Pranitha Subhash,no,2021,Hungama 2,,yes,Priyadarshan
Pransh Chopra,no,2020,Torbaaz,,yes,Girish Malik
Pranshu Kaushal,no,2014,Hum Hai Teen Khurafaati (हम हैं तीन खुराफाती),,no,Rajeshwar Chauhan
Pranutan Bahl,no,2019,Notebook,3.72,no,Nitin Kakkar
Pranutan Bahl,no,2021,Helmet,,no,Satramm Ramani
Pranutan Bahl,no,2024,Amar Prem Ki Prem Kahani,,no,Hardik Gajjar
Prasad Purandare,no,2004,Ab Tak Chappan,,no,Shimit Amin
Prasanna Bisht,no,2023,Farrey,2.25,yes,Soumendra Padhi
Prasenjit Chatterjee,no,2012,Shanghai,34.90,yes,Dibakar Banerjee
Prashant Chianani,no,2002,Yeh Kya Ho Raha Hai?,,no,Hansal Mehta
Prashant Narayanan,no,2003,Mudda: The Issue,,yes,Saurabh Shukla
Prashant Narayanan,no,2003,Waisa Bhi Hota Hai Part II,,no,Shashanka Ghosh
Prashant Narayanan,no,2010,Mr. Singh Mrs. Mehta,,no,Pravesh Raman
Prashant Narayanan,no,2011,Bhindi Baazaar Inc.,1.19,no,Ankush Bhatt
Prashant Narayanan,no,2011,Murder 2,105.00,yes,Mohit Suri
Prashant Narayanan,no,2012,Cigarette Ki Tarah,,no,Akashaditya Lama
Prashant Narayanan,no,2014,Dee Saturday Night,,no,Jay Prakash
Prashant Narayanan,no,2014,Dishkiyaoon,6.88,yes,Sanamjit Talwar
Prashant Narayanan,no,2015,Mumbai Can Dance Saala,,no,Sachindra Sharma
Prashant Narayanan,no,2016,Fredrick,,no,Rajesh Butalia
Prashant Raj Sachdev,no,2007,Aag,22.73,no,Ram Gopal Varma
Prashant Raj Sachdev,no,2009,Toss,0.19,no,Ramesh Khatkar
Prashant Upadhyay,no,2014,Anuradha,,no,Raju Mavani
Prashanth Alexander,no,2019,India's Most Wanted,16.74,yes,Rajkumar Gupta
Prashanth Gupta,no,2014,6 – 5 = 2,,no,Bharat Jain
Prashil Rawat,no,2019,72 Hours: Martyr Who Never Died,,no,Avinash Dhyani
Prateek Chakraborty,no,2012,From Sydney with Love,,no,Prateek Chakraborty
Prateek Goyal,no,2021,Machaan,,no,Nitesh Tiwari
Prateeksha Lonkar,no,2010,Aashayein,2.20,no,Nagesh Kukunoor
Prateik Babbar,yes,2008,Jaane Tu... Ya Jaane Na,84.00,yes,Abbas Tyrewala
Prateik Babbar,yes,2011,Aarakshan,64.50,yes,Prakash Jha
Prateik Babbar,yes,2011,Dhobi Ghat,25.60,yes,Kiran Rao
Prateik Babbar,yes,2011,Dum Maaro Dum,51.10,yes,Rohan Sippy
Prateik Babbar,yes,2011,My Friend Pinto,1.80,yes,Raghav Dar
Prateik Babbar,yes,2012,Ekk Deewana Tha,8.55,yes,Gautham Vasudev Menon
Prateik Babbar,yes,2013,Issaq,5.37,yes,Manish Tiwary
Prateik Babbar,yes,2016,Umrika,,yes,Prashant Nair
Prateik Babbar,yes,2018,Baaghi 2,254.33,yes,Ahmed Khan
Prateik Babbar,yes,2018,Mulk,28.33,yes,Anubhav Sinha
Prateik Babbar,yes,2019,Chhichhore,215.41,yes,Nitesh Tiwari
Prateik Babbar,yes,2019,Yaaram,,yes,Ovais Khan
Prateik Babbar,yes,2021,Mumbai Saga,22.29,yes,Sanjay Gupta
Prateik Babbar,yes,2021,The Power,,yes,Mahesh Manjrekar
Prateik Babbar,yes,2022,Cobalt Blue,,yes,Sachin Kundalkar
Prateik Babbar,yes,2022,India Lockdown,,yes,Madhur Bhandarkar
Prateik Babbar,yes,2024,Khwaabon Ka Jhamela,,yes,Danish Aslam
Prateik Babbar,yes,2025,Sikandar,176.18,yes,AR Murugadoss
Pratibha Ranta,no,2024,Laapataa Ladies,25.26,no,Kiran Rao
Pratik Gandhi,no,2018,Mitron,3.85,yes,Nitin Kakar
Pratik Gandhi,no,2021,Bhavai,,no,Hardik Gajjar
Pratik Gandhi,no,2022,Atithi Bhooto Bhava,,no,Hardik Gajjar
Pratik Gandhi,no,2024,Agni,,no,Rahul Dholakia
Pratik Gandhi,no,2024,Dedh Bigha Zameen,,no,Pulkit
Pratik Gandhi,no,2024,Do Aur Do Pyaar,4.63,no,Shirsha Guha Thakurta
Pratik Gandhi,no,2024,Madgaon Express,57.34,no,Kunal Khemu
Pratik Gandhi,no,2025,Dhoom Dhaam,,no,Rishab Seth
Pratik Gandhi,no,2025,Phule,6.21,no,Anant Mahadevan
Pratik Katare,no,2011,Shakal Pe Mat Ja,,no,Shubh Mukherjee
Pratima Kazmi,no,2004,Ek Hasina Thi,10.00,yes,Sriram Raghavan
Pratima Kazmi,no,2007,Black Friday,8.00,no,Anurag Kashyap
Pratima Kazmi,no,2013,Hai Golmaal In White House,,no,Salar Sheikh
Praveen Hingonia,no,2024,Navras Katha Collage,,no,Praveen Hingonia
Preet Kamal,no,2014,Babloo Happy Hai,,no,Nila Madhab Panda
Preeti Desai,no,2011,Shor in the City,4.39,yes,"Raj Nidimoru, Krishna Dk"
Preeti Desai,no,2014,One by Two,3.77,yes,Devika Bhagat
Preeti Jhangiani,no,2000,Mohabbatein,76.91,yes,Aditya Chopra
Preeti Jhangiani,no,2002,Annarth,,yes,Ravi Dewan
Preeti Jhangiani,no,2002,Awara Paagal Deewana,27.58,no,Vikram Bhatt
Preeti Jhangiani,no,2002,Waah! Tera Kya Kehna,,no,Manoj Agrawal
Preeti Jhangiani,no,2003,Baaz: A Bird in Danger,4.80,yes,Tinu Verma
Preeti Jhangiani,no,2005,Chaahat – Ek Nasha,153.00,no,Jai Prakash
Preeti Jhangiani,no,2005,Chehraa,0.60,no,Saurabh Shukla
Preeti Jhangiani,no,2005,Sauda - The Deal,,no,Jay Prakash
Preeti Jhangiani,no,2005,Ssukh,,no,Kirti Ahuja
Preeti Jhangiani,no,2006,Chand Ke Paar Chalo,,no,Mustafa Engineer
Preeti Jhangiani,no,2006,Jaane Hoga Kya,2.85,no,"Glen Barretto, Ankush Mohla"
Preeti Jhangiani,no,2007,Haseena,,no,Vicky Ranawat
Preeti Jhangiani,no,2007,Victoria No. 203,,no,Anant Mahadevan
Preeti Jhangiani,no,2019,Jai Chhathi Maa,,no,Murari Sinha
Preeti Jhangiani,no,2023,The Rise Of Sudarshan Chakra,,no,Anil Kulchainiya
Preeti Jhangiani,no,2025,Udaipur Files,0.63,no,Bharat Shrinat
Preeti Mehra,no,2010,Hello! Hum Lallan Bol Rahe Hain,,no,Dileep Shukla
Preeti Sharma,no,2025,The Rabbit House,,no,Vaibhav Kulkarni
Preetika Chawla,no,2010,"Shahrukh Bola ""Khoobsurat Hai Tu""",,no,Makrand Deshpande
Preeya Kalidas,no,2002,Bollywood Queen,,no,Jeremy Wooding
Preity Zinta,no,2000,Har Dil Jo Pyar Karega,32.45,yes,Raj Kanwar
Preity Zinta,no,2000,Kya Kehna,2.17,yes,Kundan Shah
Preity Zinta,no,2000,Mission Kashmir,43.30,yes,Vidhu Vinod Chopra
Preity Zinta,no,2001,Chori Chori Chupke Chupke,37.51,yes,Abbas Mustan
Preity Zinta,no,2001,Dil Chahta Hai,39.72,yes,Farhan Akhtar
Preity Zinta,no,2001,Farz,19.92,yes,Raj Kanwar
Preity Zinta,no,2001,Yeh Raaste Hain Pyaar Ke,15.69,yes,Deepak S. Shivdasani
Preity Zinta,no,2002,Dil Hai Tumhaara,18.03,yes,Kundan Shah
Preity Zinta,no,2003,Armaan,14.92,no,Honey Irani
Preity Zinta,no,2003,Kal Ho Naa Ho,86.09,yes,Nikhil Advani
Preity Zinta,no,2003,Koi... Mil Gaya,82.32,yes,Rakesh Roshan
Preity Zinta,no,2003,The Hero: Love Story of a Spy,45.13,yes,Anil Sharma
Preity Zinta,no,2004,Dil Ne Jise Apna Kahaa,13.54,yes,Atul Agnihotri
Preity Zinta,no,2004,Lakshya,41.68,yes,Farhan Akhtar
Preity Zinta,no,2004,Veer-Zaara,97.64,yes,Yash Chopra
Preity Zinta,no,2005,Khullam Khulla Pyaar Karen,,no,Harmesh Malhotra
Preity Zinta,no,2005,Salaam Namaste,75.23,yes,Siddharth Anand
Preity Zinta,no,2006,Jaan-E-Mann,46.26,yes,Shirish Kunder
Preity Zinta,no,2006,Kabhi Alvida Naa Kehna,113.00,yes,Karan Johar
Preity Zinta,no,2007,Jhoom Barabar Jhoom,51.08,yes,Shaad Ali
Preity Zinta,no,2008,Heroes,25.44,yes,Samir Karnik
Preity Zinta,no,2008,Rab Ne Bana Di Jodi,157.00,yes,Aditya Chopra
Preity Zinta,no,2008,The Last Lear,,no,Rituparno Ghosh
Preity Zinta,no,2009,Main Aurr Mrs Khanna,14.60,yes,Prem Soni
Preity Zinta,no,2013,Ishkq in Paris,,no,Prem Raj
Preity Zinta,no,2018,Bhaiaji Superhit,,yes,Neerraj Pathak
Prem Chopra,no,2004,""" Mysteries Shaque """,,no,"Vinod Chhabara ,"
Prem Chopra,no,2005,Bunty Aur Babli,90.40,yes,Shaad Ali
Prem Chopra,no,2005,Maine Gandhi Ko Nahin Mara,,no,Jahnu Barua
Prem Chopra,no,2005,Mr Prime Minister,,no,Dev Anand
Prem Chopra,no,2005,Viruddh... Family Comes First,18.51,yes,Mahesh Manjrekar
Prem Chopra,no,2009,Daddy Cool,,no,K. Murli Manohar Rao
Prem Chopra,no,2009,Delhi-6,52.17,yes,Rakeysh Omprakash Mehra
Prem Chopra,no,2009,Rocket Singh: Salesman of the Year,23.65,yes,Shimit Amin
Prem Chopra,no,2012,Agent Vinod,73.00,yes,Sriram Raghavan
Prem Chopra,no,2012,Challo Driver,,no,Vickrant Mahajan
Prem Chopra,no,2014,Honour Killing,,no,Avtar Bhogal
Prem Chopra,no,2015,Jai Jawaan Jai Kisaan,,no,Milan Ajmera
Prem Chopra,no,2017,Patel Ki Punjabi Shaadi,,yes,Sanjay Chhel
Prem Chopra,no,2019,Line of Descent,,yes,Rohit Karn Batra
Prem Chopra,no,2019,Rangeela Raja,0.18,no,Sikander Bharti
Prem Sagar Singh,no,2021,Machaan,,no,Nitesh Tiwari
Prerna Sharma,no,2018,Pihu,2.95,no,Vinod Kapri
Prince Parvinder Singh,no,2017,Qaidi Band,,yes,Habib Faisal
Prince Shah,no,2016,Rebellious Flower,,no,Krishan Hooda
Prince Sodhi,no,2014,Neighbours,,no,Shyam Ramsay
Prit Kamani,no,2019,Hum Chaar,,no,Abhishek Dixit
Prit Kamani,no,2020,Maska,,no,Neeraj Udhwani
Prit Kamani,no,2022,Middle Class Love,,no,Rantnaa Sinha
Prit Kamani,no,2025,Heer Express,9.42,no,Umesh Shukla
Pritam Singh,no,2021,Flight,,no,Suraj Joshi
Prithvi Zutshi,no,2003,Ek Din 24 Ghante,,no,Anant Balani
Prithvik Pratap,no,2020,Class of '83,,yes,Atul Sabharwal
Prithviraj Sukumaran,no,2012,Aiyyaa,9.58,yes,Sachin Kundalkar
Prithviraj Sukumaran,no,2013,Aurangzeb,35.41,yes,Atul Sabharwal
Prithviraj Sukumaran,no,2017,Naam Shabana,60.00,no,Shivam Nair
Prithviraj Sukumaran,no,2024,Bade Miyan Chote Miyan,102.16,yes,Ali Abbas Zafar
Prithviraj Sukumaran,no,2025,Sarzameen,,yes,Kayoze Irani
Priti Soni,no,2011,U R My Jaan,,no,Aron Govil
Priya Anand,no,2012,English Vinglish,102.00,no,Gauri Shinde
Priya Anand,no,2013,Fukrey,53.00,no,Mrigdeep Singh Lamba
Priya Anand,no,2013,Rangrezz,6.37,yes,Priyadarshan
Priya Anand,no,2017,Fukrey Returns,112.30,no,Mrighdeep Singh Lamba
Priya Anand,no,2025,Controll,,no,Safdar Abbas
Priya Banerjee,no,2017,Dil Jo Na Keh Saka,,no,Naresh Lalwani
Priya Banerjee,no,2019,Hume Tumse Pyaar Kitna,,no,Lalit Mohan
Priya Banerjee,no,2020,Dheet Patangey,,no,Ravi Adhikari
Priya Bapat,no,2024,Visfot,,yes,Kookie Gulati
Priya Bapat,no,2025,Costao,,no,Sejal Shah
Priya Bathija,no,2013,Chor Chor Super Chor,,no,K. Rajesh
Priya Gill,no,2000,Josh,35.06,no,Mansoor Khan
Priya Prakash Varrier,no,2023,Yaariyan 2,2.67,yes,Radhika Rao Vinay Sapru
Priya Raina,no,2016,Kaafiron Ki Namaaz,,no,Ram Ramesh Sharma
Priyamani,no,2010,Raavan,49.50,yes,Mani Ratnam
Priyamani,no,2020,Ateet,,no,Tanuj Bhramar
Priyamani,no,2023,Jawan,0.00,no,Atlee
Priyamani,no,2024,Article 370,110.57,no,Aditya Suhas Jambhale
Priyamani,no,2024,Maidaan,68.09,no,Amit Sharma
Priyank Sharma,no,2020,Sab Kushal Mangal,0.45,yes,Karan Vishwanath Kashyap
Priyanka Bose,no,2010,Guzaarish,61.30,yes,Sanjay Leela Bhansali
Priyanka Bose,no,2018,Ascharyachakit!,,no,Samit Kakkad
Priyanka Bose,no,2020,Pareeksha,,no,Prakash Jha
Priyanka Bose,no,2025,Agra,,no,Kanu Behl
Priyanka Bose,no,2025,Jugnuma: The Fable,0.40,no,Raam Reddy
Priyanka Chopra,no,2003,Andaaz,28.81,no,Suneel Darshan
Priyanka Chopra,no,2003,The Hero: Love Story of a Spy,45.13,yes,Anil Sharma
Priyanka Chopra,no,2004,Aitraaz,29.00,yes,Abbas–Mustan
Priyanka Chopra,no,2004,Asambhav,5.16,no,Rajiv Rai
Priyanka Chopra,no,2004,Kismat,8.46,yes,Guddu Dhanoa
Priyanka Chopra,no,2004,Mujhse Shaadi Karogi,62.00,yes,David Dhawan
Priyanka Chopra,no,2004,Plan,10.83,yes,Hriday Shetty
Priyanka Chopra,no,2005,Barsaat,19.56,yes,Suneel Darshan
Priyanka Chopra,no,2005,Blackmail,6.58,no,Anil Devgan
Priyanka Chopra,no,2005,Bluffmaster!,32.70,yes,Rohan Sippy
Priyanka Chopra,no,2005,Karam,7.76,no,Sanjay F. Gupta
Priyanka Chopra,no,2005,Waqt: The Race Against Time,42.49,no,Vipul Shah
Priyanka Chopra,no,2005,Yakeen,,no,Girish Dhamija
Priyanka Chopra,no,2006,36 China Town,38.00,yes,Abbas–Mustan
Priyanka Chopra,no,2006,Aap Ki Khatir,13.00,yes,Dharmesh Darshan
Priyanka Chopra,no,2006,Don: The Chase Begins Again,106.00,yes,Farhan Akhtar
Priyanka Chopra,no,2006,Krrish,126.50,yes,Rakesh Roshan
Priyanka Chopra,no,2007,Big Brother,12.09,yes,Guddu Dhanoa
Priyanka Chopra,no,2007,Salaam-e-Ishq: A Tribute to Love,52.24,yes,Nikhil Advani
Priyanka Chopra,no,2008,Chamku,3.09,yes,Kabeer Kaushik
Priyanka Chopra,no,2008,Dostana,87.00,yes,Tarun Mansukhani
Priyanka Chopra,no,2008,Drona,15.00,yes,Goldie Behl
Priyanka Chopra,no,2008,Fashion,39.29,yes,Madhur Bhandarkar
Priyanka Chopra,no,2008,God Tussi Great Ho,25.61,yes,Rumi Jaffery
Priyanka Chopra,no,2008,Love Story 2050,18.47,no,Harry Baweja
Priyanka Chopra,no,2009,Kaminey,71.57,yes,Vishal Bhardwaj
Priyanka Chopra,no,2009,What's Your Raashee?,17.00,no,Ashutosh Gowarikar
Priyanka Chopra,no,2010,Anjaana Anjaani,69.85,yes,Siddharth Anand
Priyanka Chopra,no,2010,Jaane Kahan Se Aayi Hai,,no,Milap Zaveri
Priyanka Chopra,no,2010,Pyaar Impossible!,,yes,Jugal Hansraj
Priyanka Chopra,no,2011,7 Khoon Maaf,33.00,no,Vishal Bhardwaj
Priyanka Chopra,no,2011,Don 2,202.81,yes,Farhan Akhtar
Priyanka Chopra,no,2011,Ra.One,207.00,yes,Anubhav Sinha
Priyanka Chopra,no,2012,Agneepath,193.00,yes,Karan Malhotra
Priyanka Chopra,no,2012,Barfi!,175.00,yes,Anurag Basu
Priyanka Chopra,no,2012,Teri Meri Kahaani,54.00,yes,Kunal Kohli
Priyanka Chopra,no,2013,Deewana Main Deewana,,no,K.C. Bokadia
Priyanka Chopra,no,2013,Krrish 3,393.37,yes,Rakesh Roshan
Priyanka Chopra,no,2013,Zanjeer,,yes,Apoorva Lakhia
Priyanka Chopra,no,2014,Gunday,130.91,yes,Ali Abbas Zafar
Priyanka Chopra,no,2014,Mary Kom,86.19,no,Omung Kumar
Priyanka Chopra,no,2015,Bajirao Mastani,356.20,no,Sanjay Leela Bhansali
Priyanka Chopra,no,2015,Dil Dhadakne Do,145.00,no,Zoya Akhtar
Priyanka Chopra,no,2016,Jai Gangaajal,49.59,yes,Prakash Jha
Priyanka Chopra,no,2019,The Sky Is Pink,34.41,no,Shonali Bose
Priyanka Joshi,no,2014,The Dark Secrets Of Tonhi,,no,Shiraz Henry
Priyanka Kothari,no,2009,Agyaat,,no,Ram Gopal Varma
Priyanka Kothari,no,2011,Bin Bulaye Baraati,,no,Chandrakant Singh
Priyanka Mehta,no,2015,Ishq Ke Parindey,,no,Shakir Khan
Priyanka Panchal,no,2015,The Silent Heroes,,no,Mahesh Bhatt
Priyanka Shah,no,2015,I Love Desi,,no,Pankaj Batra
Priyanka Sharma,no,2008,Money Hai Toh Honey Hai,,no,Ganesh Acharya
Priyanka Upendra,no,2002,Durga,,no,J.D. Chakravarthy
Priyanshu Chatterjee,no,2001,Tum Bin,,no,Anubhav Sinha
Priyanshu Chatterjee,no,2003,Aapko Pehle Bhi Kahin Dekha Hai,,no,Anubhav Sinha
Priyanshu Chatterjee,no,2003,Dil Ka Rishta,14.60,no,Naresh Malhotra
Priyanshu Chatterjee,no,2003,Pinjar,,no,Chandrakant Dwivedi
Priyanshu Chatterjee,no,2004,Julie,,yes,Deepak Shivdasani
Priyanshu Chatterjee,no,2004,Madhoshi,,no,Tanveer Khan
Priyanshu Chatterjee,no,2004,Woh,,no,Raj N. Sippy
Priyanshu Chatterjee,no,2005,Film Star,,no,Tanuja Chandra
Priyanshu Chatterjee,no,2005,Koi Mere Dil Mein Hai,0.47,no,Deepak Ramsay
Priyanshu Chatterjee,no,2006,Utthaan,,no,Ujjhal Chatterjee
Priyanshu Chatterjee,no,2008,Bhoothnath,70.00,no,Vivek Sharma
Priyanshu Chatterjee,no,2009,Chintu Ji,,yes,Ranjit Kapoor
Priyanshu Chatterjee,no,2013,Calapor,,no,Dinesh P. Bhonsle
Priyanshu Chatterjee,no,2015,Barkhaa,1.33,no,Shadaab Mirza
Priyanshu Chatterjee,no,2017,Wedding Anniversary,0.24,no,Shekhar S Jha
Priyanshu Chatterjee,no,2019,Officer Arjun Singh IPS Batch 2000,,no,Arshad Siddiqui
Priyanshu Chatterjee,no,2023,12th Fail,69.64,no,Vidhu Vinod Chopra
Priyanshu Chatterjee,no,2023,Non Stop Dhamaal,,no,Irshad Khan
Priyanshu Painyuli,no,2018,Bhavesh Joshi Superhero,4.75,yes,Vikramaditya Motwane
Priyanshu Painyuli,no,2018,High Jack,0.34,no,Akash Khurana
Priyanshu Painyuli,no,2019,Upstarts,,no,Udai Singh Pawar
Priyanshu Painyuli,no,2021,Rashmi Rocket,,no,Akarsh Khurana
Priyanshu Painyuli,no,2023,Pippa,,yes,Raja Krishna Menon
Priyanshu Painyuli,no,2023,U-Turn,,no,Arif Khan
Prosenjit Chatterjee,no,2013,Paapi - Ek Satya Katha,,yes,Aziz Sejawal
Prosenjit Chatterjee,no,2016,Traffic,11.65,no,Rajesh Pillai
Prosenjit Chatterjee,no,2025,Maalik,26.30,no,Pulkit
Puja Gupta,no,2011,F.A.L.T.U,,yes,Remo D'Souza
Puja Gupta,no,2012,Blood Money,12.00,no,Vishal Mahadkar
Puja Gupta,no,2013,Go Goa Gone,39.00,yes,"Raj Nidimoru , Krishna D.K."
Puja Gupta,no,2013,Mickey Virus,,no,Saurabh Varma
Puja Gupta,no,2013,Shortcut Romeo,,no,Susi Ganeshan
Puja Kanwal,no,2009,Blue Oranges,,no,Rajesh Ganguly
Puja Sharma,no,2025,Mission Grey House,,no,Naushad Siddiqui
Pulkit Samrat,no,2012,Bittoo Boss,2.00,no,Supavitra Babul
Pulkit Samrat,no,2013,Fukrey,53.00,no,Mrigdeep Singh Lamba
Pulkit Samrat,no,2014,Jai Ho,186.00,yes,Sohail Khan
Pulkit Samrat,no,2014,O Teri,3.60,no,Umesh Bist
Pulkit Samrat,no,2015,Bangistan,,no,Karan Anshuman
Pulkit Samrat,no,2015,Dolly Ki Doli,,yes,Abhishek Dogra
Pulkit Samrat,no,2016,Junooniyat,4.10,no,Vivek Agnihotri
Pulkit Samrat,no,2016,Sanam Re,31.46,yes,Divya Khosla Kumar
Pulkit Samrat,no,2017,Fukrey Returns,112.30,no,Mrighdeep Singh Lamba
Pulkit Samrat,no,2018,3 Storeys,,no,Arjun Mukerjee
Pulkit Samrat,no,2018,Veerey Ki Wedding,,no,Ashu Trikha
Pulkit Samrat,no,2019,Pagalpanti,49.17,no,Anees Bazmee
Pulkit Samrat,no,2020,Taish,,no,Bejoy Nambiar
Pulkit Samrat,no,2021,Haathi Mere Saathi,,no,Prabhu Solomon
Pulkit Samrat,no,2023,Fukrey 3,128.37,no,Mrighdeep Singh
Puneet Issar,no,2004,I Proud to Be an Indian,,yes,Puneet Issar
Puneet Issar,no,2006,Aryan,,yes,Abhishek Kapoor
Puneet Issar,no,2011,I Am Singh,,no,Puneet Issar
Puneet Issar,no,2025,The Bengal Files,16.19,no,Vivek Agnihotri
Puneet Singh Ratn,no,2013,Satya 2,,no,Ram Gopal Varma
Puneet Vashisht,no,2000,Kya Kehna,2.17,yes,Kundan Shah
Punit Pathak,no,2013,ABCD: Any Body Can Dance,,no,Remo D'Souza
Punit Pathak,no,2015,ABCD 2,158.31,yes,Remo D'Souza
Punit Pathak,no,2018,Nawabzaade,4.05,no,Jayesh Pradhan
Punit Pathak,no,2020,Street Dancer 3D,97.00,yes,Remo D'Souza
Purab Kohli,no,2003,Bas Yun Hi,,no,Raja Menon
Purab Kohli,no,2005,My Brother... Nikhil,0.05,no,Onir
Purab Kohli,no,2006,Woh Lamhe...,14.98,no,Mohit Suri
Purab Kohli,no,2007,Awarapan,,yes,Mohit Suri
Purab Kohli,no,2008,Rock On!!,36.00,no,Abhishek Kapoor
Purab Kohli,no,2009,Yeh Mera India,,no,N. Chandra
Purab Kohli,no,2010,Hide & Seek,,no,Shawn Arranha
Purab Kohli,no,2011,I Am,0.67,no,Onir
Purab Kohli,no,2011,Turning 30!!!,,no,Alankrita Shrivastava
Purab Kohli,no,2012,Fatso!,,no,Rajat Kapoor
Purab Kohli,no,2013,Gangoobai,,no,Priya Krishnaswamy
Purab Kohli,no,2014,Jal,,no,Girish Malik
Purab Kohli,no,2014,Shaadi Ke Side Effects,69.60,no,Saket Chaudhary
Purab Kohli,no,2016,Airlift,209.97,no,Raja Krishna Menon
Purab Kohli,no,2016,Rock On 2,15.70,no,Sujaat Saudagar
Purab Kohli,no,2017,Noor,11.64,yes,Sunhil Sippy
Purab Kohli,no,2020,London Confidential,,no,Kanwal Sethi
Purab Kohli,no,2023,Blind,,yes,Shome Makhija
Purab Kohli,no,2025,The Great Shamsuddin Family,,no,Anusha Rizvi
Purbi Joshi,no,2011,Damadamm!,,no,Swapna Waghmare
Purnanand Wandekar,no,2017,Daddy,15.50,no,Ashim Ahluwalia
Puru Chibber,no,2014,Meinu Ek Ladki Chaahiye,,no,Abhishek Bindal
Puru Raaj Kumar,no,2000,Mission Kashmir,43.30,yes,Vidhu Vinod Chopra
Purva Parag,no,2023,Panch Kriti,,no,Sannjoy Bhargv
Qasim Bilal,no,2014,Akela The Alone,,no,Abrar Qazi
Quber Chauhan]],no,2004,""" Mysteries Shaque """,,no,"Vinod Chhabara ,"
R Madhavan,no,2007,Delhii Heights,0.99,no,Anand Kumar
R. Madhavan,no,2001,Rehnaa Hai Terre Dil Mein,,yes,Gautham Vasudev Menon
R. Madhavan,no,2002,Dil Vil Pyar Vyar,4.65,no,Anant Mahadevan
R. Madhavan,no,2007,Guru,83.67,yes,Mani Ratnam
R. Madhavan,no,2008,Mumbai Meri Jaan,5.02,yes,Nishikanth Kamat
R. Madhavan,no,2009,13B,23.00,no,Vikram K. Kumar
R. Madhavan,no,2009,3 Idiots,400.61,yes,Rajkumar Hirani
R. Madhavan,no,2009,Sikandar,0.82,no,Piyush Jha
R. Madhavan,no,2010,Teen Patti,7.63,no,Leena Yadav
R. Madhavan,no,2012,Jodi Breakers,33.40,no,Ashwini Chaudhary
R. Madhavan,no,2015,Tanu Weds Manu: Returns,243.60,no,Anand L. Rai
R. Madhavan,no,2016,Saala Khadoos,,no,Sudha Kongara Prasad
R. Madhavan,no,2022,Dhokha: Round D Corner,3.74,no,Kookie Gulati
R. Madhavan,no,2022,Rocketry: The Nambi Effect,,no,R. Madhavan
R. Madhavan,no,2024,Shaitaan,211.06,no,Vikas Bahl
R. Madhavan,no,2025,Aap Jaisa Koi,,no,Vivek Soni
R. Madhavan,no,2025,De De Pyaar De 2,104.67,no,Anshul Sharma
R. Madhavan,no,2025,Dhurandhar,1349.65,yes,Aditya Dhar
R. Madhavan,no,2025,Hisaab Barabar,,no,Ashwni Dhir
R. Madhavan,no,2025,Kesari Chapter 2,,yes,Karan Singh Tyagi
Raaghav Chanana,no,2016,M Cream,,no,Agneya Singh
Raai Laxmi,no,2016,Akira,15.06,yes,A.R. Murugadoss
Raai Laxmi,no,2017,Julie 2,,no,Deepak Shivdasani
Raai Laxmi,no,2019,Officer Arjun Singh IPS Batch 2000,,no,Arshad Siddiqui
Raakhee,no,2003,Dil Ka Rishta,14.60,no,Naresh Malhotra
Raakhee Gulzar,no,2001,Ek Rishtaa: The Bond of Love,36.50,yes,Suneel Darshan
Raashii Khanna,no,2013,Madras Cafe,67.00,no,Shoojit Sircar
Raashii Khanna,no,2024,The Sabarmati Report,31.31,no,Dheeraj Sarna
Raashii Khanna,no,2024,Yodha,52.00,no,Sagar Ambre Pushkar Ojha
Raashii Khanna,no,2025,120 Bahadur,20.00,no,Razneesh ‘Razy’ Ghai
Raayo S Bakhirta,no,2013,Ishk Actually,,no,Anish Khanna
Raayo S. Bakhirta,no,2011,Pyaar Ka Punchnama,17.50,no,Luv Ranjan
Rachel Sanchita Gupta,no,2021,Skater Girl,,no,Manjari Makijany
Rachel Shelley,no,2001,Lagaan: Once Upon a Time in India,65.97,yes,Ashutosh Gowariker
Radha Bhatt,no,2018,Shaadi Teri Bajayenge Hum Band,,no,Gurpreet Sondh
Radhika Apte,no,2005,Vaah! Life Ho Toh Aisi!,19.00,yes,Mahesh Manjrekar
Radhika Apte,no,2010,Rakta Charitra,,yes,Ram Gopal Verma
Radhika Apte,no,2011,I Am,0.67,no,Onir
Radhika Apte,no,2015,Hunterrr,11.20,no,Harshavardhan Kulkarni
Radhika Apte,no,2015,Kaun Kitney Paani Mein,0.29,no,Nila Madhab Panda
Radhika Apte,no,2015,Manjhi – The Mountain Man,18.00,no,Ketan Mehta
Radhika Apte,no,2016,Parched,12.03,no,Leena Yadav
Radhika Apte,no,2016,Phobia,3.25,no,Pawan Kripalani
Radhika Apte,no,2018,Andhadhun,456.89,no,Sriram Raghavan
Radhika Apte,no,2018,Baazaar,,yes,Gauravv K. Chawla
Radhika Apte,no,2018,Lust Stories,,yes,"Anurag Kashyap , Karan Johar , Zoya Akhtar , Dibakar Banerjee"
Radhika Apte,no,2018,Pad Man,212.02,yes,R. Balki
Radhika Apte,no,2019,Bombairiya,0.14,no,Pia Sukanya
Radhika Apte,no,2020,Raat Akeli Hai,,no,Honey Trehan
Radhika Apte,no,2022,Forensic,,no,Vishal Furia
Radhika Apte,no,2022,"Monica, O My Darling",,yes,Vasan Bala
Radhika Apte,no,2022,Vikram Vedha,135.03,yes,Pushkar–Gayathri
Radhika Apte,no,2023,Mrs. Undercover,,no,Anushree Mehta
Radhika Apte,no,2025,Raat Akeli Hai: The Bansal Murders,,yes,Honey Trehan
Radhika Apte,no,2025,Saali Mohabbat,,no,Tisca Chopra
Radhika Madan,no,2018,Pataakha,,no,Vishal Bhardwaj
Radhika Madan,no,2019,Mard Ko Dard Nahi Hota,2.03,no,Vasan Bala
Radhika Madan,no,2020,Angrezi Medium,13.54,yes,Homi Adajania
Radhika Madan,no,2021,Shiddat,,yes,Kunal Deshmukh
Radhika Madan,no,2023,Kacchey Limbu,,no,Shubham Yogi
Radhika Madan,no,2023,Kuttey,4.65,yes,Aasmaan Bhardwaj
Radhika Madan,no,2023,Sajini Shinde Ka Viral Video,,no,Mikhil Musale
Radhika Madan,no,2024,Sarfira,30.02,no,Sudha Kongara
Radhika Menon,no,2013,Horror Story,7.00,no,Ayush Raina
Radhika Roy,no,2012,Login,,no,Sanjeev Reddy
Rafiq Batcha,no,2014,Mumbhai Connection,,no,Atlanta Nagendra
Raghav Chanana,no,2016,Zubaan,,yes,Mozez Singh
Raghav Juyal,no,2014,Sonali Cable,,no,Charudutt Acharya
Raghav Juyal,no,2015,ABCD 2,158.31,yes,Remo D'Souza
Raghav Juyal,no,2018,Nawabzaade,4.05,no,Jayesh Pradhan
Raghav Juyal,no,2020,Bahut Hua Samman,,no,Ashish R Shukla
Raghav Juyal,no,2020,Street Dancer 3D,97.00,yes,Remo D'Souza
Raghav Juyal,no,2024,Kill,47.12,no,Nikhil Nagesh Bhat
Raghav Juyal,no,2024,Yudhra,11.31,no,Ravi Udyawar
Raghu Raja,no,2018,Jaane Kyun De Yaaron,,no,Akshay Anand
Raghubir Yadav,no,2004,Gayab,,yes,Prawal Raman
Raghubir Yadav,no,2007,Water,,no,Deepa Mehta
Raghubir Yadav,no,2009,Firaaq,,no,Nandita Das
Raghubir Yadav,no,2010,Peepli Live,46.85,no,Anusha Rizvi
Raghubir Yadav,no,2011,Gandhi to Hitler,,no,Rakesh Ranjan Kumar
Raghubir Yadav,no,2011,Mod,0.63,no,Nagesh Kukunoor
Raghubir Yadav,no,2011,Shakal Pe Mat Ja,,no,Shubh Mukherjee
Raghubir Yadav,no,2012,Married 2 America,,no,Dilip Shankar
Raghubir Yadav,no,2012,Yeh Khula Aasmaan,,no,Gitanjali Sinha
Raghubir Yadav,no,2013,Calapor,,no,Dinesh P. Bhonsle
Raghubir Yadav,no,2017,Mantostaan,,no,Rahat Kazmi
Raghubir Yadav,no,2018,Love per Square Foot,,yes,Anand Tiwari
Raghubir Yadav,no,2019,Blackboard vs Whiteboard,,no,Tarun S. Bisht
Raghubir Yadav,no,2019,Jacqueline I Am Coming,,no,Banty Dubey
Raghubir Yadav,no,2021,Chehre,8.26,yes,Rumi Jafry
Raghubir Yadav,no,2021,Jamun,,no,Gaurav Mehra
Raghubir Yadav,no,2021,Pagglait,,no,Umesh Bist
Raghubir Yadav,no,2023,Minus 31: The Nagpur Files,0.06,no,Pratik Moitro
Raghubir Yadav,no,2023,Yaatris,,no,Harish Vyas
Raghuvardhan Garlapati,no,2013,Mere Haule Dost,,no,Nitin Raghunath
Raghuveer Yadav,no,2010,Thanks Maa,,no,Irfan Kamal
Raghuvir Yadav,no,2014,Meinu Ek Ladki Chaahiye,,no,Abhishek Bindal
Raghuvir Yadav,no,2017,Newton,15.00,no,Amit Masurkar
Raghuvir Yadav,no,2020,Captain Vidyut,,no,Atish Tipathi
Raghuvir Yadav,no,2020,Ghoomketu,,no,Pushpendra Nath Misra
Raghuvir Yadav,no,2020,Ghost Stories,,yes,Karan Johar Dibakar Banerjee Zoya Akhtar Anurag Kashyap
Raghvendra Singh,no,2017,The Great Leader Kanshiram,,no,Arjun Singh
Ragini Khanna,no,2011,Teen Thay Bhai,,no,Mirgdeep Singh Lamba
Ragini Khanna,no,2017,Gurgaon,6.70,no,Shanker Raman
Ragini Khanna,no,2019,Posham Pa,,no,Suman Mukhopadhyay
Ragini Khanna,no,2020,Ghoomketu,,no,Pushpendra Nath Misra
Ragini Nandwani,no,2013,Dehraadun Diary,,no,Milind Ukey
Rahil Tandon,no,2012,Chal Pichchur Banate Hain,,no,Pritish Chakraborty
Rahul,no,2008,Pehli Nazar Ka Pyaar,,no,Arshad Khan
Rahul Aggarwal,no,2010,Na Ghar Ke Na Ghaat Ke,,no,Rahul Aggarwal
Rahul Avana,no,2018,When Obama Loved Osama,,no,Sudhish Kumar Sharma
Rahul Bagga,no,2014,Mastram,4.50,no,Akhilesh Jaiswal
Rahul Bagga,no,2015,Miss Tanakpur Haazir Ho,,no,Vinod Kapri
Rahul Bagga,no,2018,Shaadi Teri Bajayenge Hum Band,,no,Gurpreet Sondh
Rahul Bagga,no,2019,Kissebaaz,,no,Annant Jaaitpaal
Rahul Bhat,no,2014,Ugly,6.24,no,Anurag Kashyap
Rahul Bhat,no,2018,Daas Dev,,no,Sudhir Mishra
Rahul Bhat,no,2018,Union Leader,,no,Sanjay Patel
Rahul Bhat,no,2019,Section 375,12.35,yes,Ajay Bahl
Rahul Bhatt,yes,2002,Ghaav: The Wound,,yes,Kumar Jay
Rahul Bhatt,yes,2002,Yeh Mohabbat Hai,,yes,Umesh Mehra
Rahul Bhatt,yes,2016,Fitoor,42.38,yes,Abhishek Kapoor
Rahul Bhatt,yes,2016,Jai Gangaajal,49.59,yes,Prakash Jha
Rahul Bose,no,2003,Ek Din 24 Ghante,,no,Anant Balani
Rahul Bose,no,2003,Jhankaar Beats,,yes,Sujoy Ghosh
Rahul Bose,no,2003,Mumbai Matinee,,no,Anant Balani
Rahul Bose,no,2004,Chameli,,yes,Sudhir Mishra
Rahul Bose,no,2005,Silsiilay,,no,Khalid Mohamed
Rahul Bose,no,2006,Pyaar Ke Side Effects,,no,Saket Chaudhary
Rahul Bose,no,2007,Chain Kulii Ki Main Kulii,,no,Karanjeet Saluja
Rahul Bose,no,2008,Dil Kabaddi,,yes,Anil Sharma (Senior)
Rahul Bose,no,2008,Maan Gaye Mughal-e-Azam,,no,Sanjay Chhel
Rahul Bose,no,2008,Shaurya,,no,Samar Khan
Rahul Bose,no,2008,Tahaan,,no,Santosh Sivan
Rahul Bose,no,2009,Mumbai Chakachak,,no,Sanjay Jha
Rahul Bose,no,2010,The Japanese Wife,,no,Aparna Sen
Rahul Bose,no,2011,I Am,0.67,no,Onir
Rahul Bose,no,2011,Kucch Luv Jaisaa,,no,Barnali Ray Shukla
Rahul Bose,no,2013,Vishwaroopam,220.00,no,Kamal Haasan
Rahul Bose,no,2015,Dil Dhadakne Do,145.00,no,Zoya Akhtar
Rahul Bose,no,2017,Poorna: Courage Has No Limit,,no,Rahul Bose
Rahul Bose,no,2020,Bulbbul,,no,Anvita Dutt
Rahul Bose,no,2023,Neeyat,5.50,no,Anu Menon
Rahul Bose,no,2024,Berlin,,no,Atul Sabharwal
Rahul Dev,no,2001,Aashiq,18.75,yes,Indra Kumar
Rahul Dev,no,2002,Awara Paagal Deewana,27.58,no,Vikram Bhatt
Rahul Dev,no,2003,88 Antop Hill,,no,Kushan Nandy
Rahul Dev,no,2003,Footpath,6.43,yes,Vikram Bhatt
Rahul Dev,no,2004,Agnipankh,28.00,no,Sanjeev Puri
Rahul Dev,no,2004,Bardaasht,,yes,E.Nivas
Rahul Dev,no,2005,Insan,10.41,yes,K. Subash
Rahul Dev,no,2006,Fight Club: Members Only,8.88,yes,Vikram Chopra
Rahul Dev,no,2006,Iqraar by Chance,,yes,K. Ravi Shankar
Rahul Dev,no,2006,Jaane Hoga Kya,2.85,no,"Glen Barretto, Ankush Mohla"
Rahul Dev,no,2006,Sarhad Paar,,yes,Raman Kumar
Rahul Dev,no,2008,Kidnap,35.60,yes,Sanjay Gadhvi
Rahul Dev,no,2008,Mukhbiir,,no,Mani Shankar
Rahul Dev,no,2009,Aa Dekhen Zara,10.38,no,Jehangir Surti
Rahul Dev,no,2009,Blue,63.92,yes,Anthony D'souza
Rahul Dev,no,2009,Sankat City,,no,Pankaj Advani
Rahul Dev,no,2010,Shaapit,,no,Vikram Bhatt
Rahul Dev,no,2015,Ek Paheli Leela,27.47,no,Bobby Khan
Rahul Dev,no,2017,ISIS: Enemies of Humanity,,no,Yuvraj Kumar
Rahul Dev,no,2017,Main Terrorist Nahi Hoon,,no,Arjin Uppal
Rahul Dev,no,2020,Operation Parindey,,no,Sanjay Gadhvi
Rahul Dev,no,2020,Torbaaz,,yes,Girish Malik
Rahul Dev,no,2021,Raat Baaki Hai,,no,Avinash Das
Rahul Dev,no,2022,Maarrich,,yes,Dhruv Lather
Rahul Dev,no,2023,1920: Horrors of the Heart,17.35,no,Krishna Bhatt
Rahul Dev,no,2024,Naam,,no,Anees Bazmee
Rahul Godara,no,2017,Yadvi – The Dignified Princess,,no,Jyoti Singh
Rahul Handa,no,2009,Marega Salaa,,no,Devang Dholkia
Rahul Jain,no,2014,Anuradha,,no,Raju Mavani
Rahul Khanna,no,2000,Bawandar,,no,Jag Mundhra
Rahul Khanna,no,2007,Raqeeb,,no,Anurag Singh
Rahul Khanna,no,2008,Dil Kabaddi,,yes,Anil Sharma (Senior)
Rahul Khanna,no,2008,Tahaan,,no,Santosh Sivan
Rahul Khanna,no,2009,Love Aaj Kal,119.52,yes,Imtiaz Ali
Rahul Khanna,no,2009,Wake Up Sid,47.10,yes,Ayan Mukerji
Rahul Khanna,no,2014,Fireflies,,no,Sabal Singh Sheikhawat
Rahul Khanna,no,2023,Lost,,no,Aniruddha Roy Chowdhury
Rahul Kumar,no,2018,Zoo,,no,Shlok Sharma
Rahul Minz,no,2012,Valentine's Night,,no,Krishan Kumar
Rahul Mittra,no,2020,Torbaaz,,yes,Girish Malik
Rahul Pendkalkar,no,2010,My Friend Ganesha 3,1.59,no,Rajiv S. Ruia
Rahul Pendkalkar,no,2011,Delhi Belly,103.00,yes,Abhinay Deo
Rahul Roy,no,2000,Tune Mera Dil Le Liyaa,,no,B.B. Bhalla
Rahul Roy,no,2010,Ada... A Way of Life,,no,Tanvir Ahmad
Rahul Roy,no,2020,Sayonee,,no,Nitin Kumar Gupta Abhay Singhal
Rahul Roy,no,2025,Agra,,no,Kanu Behl
Rahul Singh,no,2009,Jail,10.00,no,Madhur Bhandarkar
Rahul Singh,no,2009,Sikandar,0.82,no,Piyush Jha
Rahul Singh,no,2010,Tere Bin Laden,,no,Abhishek Sharma
Rahul Singh,no,2011,Bheja Fry 2,,no,Sagar Ballary
Rahul Singh,no,2011,Chitkabrey – Shades of Grey,,no,Suneet Arora
Rahul Singh,no,2012,Jalpari: The Desert Mermaid,,no,Nila Madhab Panda
Rahul Singh,no,2014,Zed Plus,,no,Chandraprakash Dwivedi
Rahul Vohra,no,2000,Saanjh,,no,Sabrina Dhawan
Raima Sen,no,2001,Daman,,no,Kalpana Lajmi
Raima Sen,no,2005,99.9 FM,,no,Sanjay Bhatia
Raima Sen,no,2005,Dus,38.84,yes,Anubhav Sinha
Raima Sen,no,2005,Parineeta,32.63,yes,Pradeep Sarkar
Raima Sen,no,2007,Eklavya: The Royal Guard,38.00,yes,Vidhu Vinod Chopra
Raima Sen,no,2007,Honeymoon Travels Pvt. Ltd.,19.51,yes,Reema Kagti
Raima Sen,no,2007,Manorama Six Feet Under,,yes,Navdeep Singh
Raima Sen,no,2008,C Kkompany,,yes,Sachin Yardi
Raima Sen,no,2008,Mukhbiir,,no,Mani Shankar
Raima Sen,no,2009,Mere Khwabon Mein Jo Aaye,,yes,Madhureeta Anand
Raima Sen,no,2010,Mirch,,no,Vinay Shukla
Raima Sen,no,2010,Teen Patti,7.63,no,Leena Yadav
Raima Sen,no,2010,The Japanese Wife,,no,Aparna Sen
Raima Sen,no,2011,Memories in March,,no,Sanjoy Nag
Raima Sen,no,2012,3 Bachelors,,no,Ajay Sinha
Raima Sen,no,2015,Kaagaz Ke Fools,,no,Anil Kumar Chaudhary
Raima Sen,no,2016,Bollywood Diaries,,no,K.D. Satyam
Raima Sen,no,2018,Vodka Diaries,1.26,no,Kushal Srivastava
Raima Sen,no,2023,The Vaccine War,9.47,no,Vivek Agnihotri
Raima Sen,no,2024,Aliya Basu Gayab Hai,,no,Preeti Singh
Raima Sen,no,2024,Bastar: The Naxal Story,,no,Sudipto Sen
Raj Arjun,no,2017,Daddy,15.50,no,Ashim Ahluwalia
Raj Arjun,no,2021,Shershaah,,no,Vishnuvardhan
Raj Arjun,no,2025,Match Fixing,5.00,no,Kedar Gaekwad
Raj Aryan,no,2016,Ishq Junoon,,no,Sanjay Sharma
Raj Babbar,no,2002,Kyaa Dil Ne Kahaa,,yes,Sanjay Chhel
Raj Babbar,no,2002,The Legend of Bhagat Singh,12.90,no,Rajkumar Santoshi
Raj Babbar,no,2004,Bhola in Bollywood,,no,Sumbul Gazi
Raj Babbar,no,2004,Police Force: An Inside Story,1.80,no,Dilip Shukla
Raj Babbar,no,2004,Sheen,,no,Ashok Pandit
Raj Babbar,no,2005,Bunty Aur Babli,90.40,yes,Shaad Ali
Raj Babbar,no,2006,Banaras,,no,Pankaj Parashar
Raj Babbar,no,2007,Aap Kaa Surroor,19.50,no,Prashant Chadha
Raj Babbar,no,2007,Haseena,,no,Vicky Ranawat
Raj Babbar,no,2008,Fashion,39.29,yes,Madhur Bhandarkar
Raj Babbar,no,2011,Force,40.00,yes,Nishikant Kamat
Raj Babbar,no,2012,Khiladi 786,107.00,no,Ashish R Mohan
Raj Babbar,no,2015,Tevar,56.00,yes,Amit Sharma
Raj Babbar,no,2016,Dil Toh Deewana Hai,,no,Raja Bundela
Raj Babbar,no,2024,Mirg,,no,Tarun Sharma
Raj Kumar,no,2017,Romeo-N-Bullet,,no,Aditya Kumar
Raj Kumar Yadav,no,2013,Boyss Toh Boyss Hain,,no,Amit Vats
Raj Kundra,no,2023,UT69,,no,Shahnawaz Ali
Raj Premi,no,2013,Satya 2,,no,Ram Gopal Varma
Raj Suri,no,2017,Shab,32.00,no,Onir
Raj Tara,no,2006,Eight: The Power of Shani,,no,Karan Razdan
Raj Zutshi,no,2002,Shaheed-E-Azam,,no,Sukumar Nair
Raj Zutshi,no,2008,Kidnap,35.60,yes,Sanjay Gadhvi
Raj Zutshi,no,2009,Love Aaj Kal,119.52,yes,Imtiaz Ali
Raj Zutshi,no,2009,Zor Lagaa Ke...Haiya!,,no,Girish Girija Joshi
Raj Zutshi,no,2014,Kya Dilli Kya Lahore,,no,Vijay Raaz
Raj Zutshi,no,2014,Life is Beautiful!,,no,Manoj Amarnani
Raj Zutshi,no,2015,Take It Easy,,no,Sunil Prem Vyas
Raj Zutshi,no,2019,Family of Thakurganj,15.00,no,Manoj K. Jha
Raja,no,2014,Kaho Na Kaho,,no,Sanjay Niranjan
Raja Chaudhary,no,2010,Antardwand,,no,Sushil Rajpal
Raja Murad,no,2014,Riyasat,,no,Ashok Tyagi
Rajan Verma,no,2013,Zindagi 50-50,11.00,yes,Rajiv S. Ruia
Rajat Barmecha,no,2010,Udaan,33.50,no,Vikramaditya Motwane
Rajat Barmecha,no,2011,Desi Boyz,77.00,yes,Rohit Dhawan
Rajat Barmecha,no,2016,Waarrior Savitri,,no,Param Gill
Rajat Barmecha,no,2023,Kacchey Limbu,,no,Shubham Yogi
Rajat Bedi,no,2002,Chor Machaaye Shor,13.62,yes,Aziz Sejawal
Rajat Bedi,no,2002,Maa Tujhhe Salaam,22.84,yes,Tinu Verma
Rajat Bedi,no,2005,Vaah! Life Ho Toh Aisi!,19.00,yes,Mahesh Manjrekar
Rajat Bedi,no,2006,Aksar,,yes,Anant Mahadevan
Rajat Bedi,no,2006,Rocky,3.04,yes,Suresh Krishna
Rajat Bedi,no,2007,Partner,101.00,yes,David Dhawan
Rajat Bedi,no,2007,The Train,,yes,"Hasnain Hyderabadwala, Raksha Mistry"
Rajat Kapoor,no,2001,Monsoon Wedding,,no,Mira Nair
Rajat Kapoor,no,2002,Zindagi Khoobsoorat Hai,,no,Manoj Punj
Rajat Kapoor,no,2005,Kisna: The Warrior Poet,,yes,Subhash Ghai
Rajat Kapoor,no,2007,Apna Asmaan,,no,Kaushik Roy
Rajat Kapoor,no,2007,Bheja Fry,12.58,no,Sagar Ballary
Rajat Kapoor,no,2007,Khoya Khoya Chand,,yes,Sudhir Mishra
Rajat Kapoor,no,2008,Dasvidaniya,1.87,no,Shashant Shah
Rajat Kapoor,no,2008,Jaane Tu... Ya Jaane Na,84.00,yes,Abbas Tyrewala
Rajat Kapoor,no,2008,Krazzy 4,32.27,no,Jaideep Sen
Rajat Kapoor,no,2008,Via Darjeeling,,no,Arindam Nandy
Rajat Kapoor,no,2009,Blue Oranges,,no,Rajesh Ganguly
Rajat Kapoor,no,2009,"Raat Gayi, Baat Gayi?",,no,Saurabh Shukla
Rajat Kapoor,no,2010,...And Once Again,,no,Amol Palekar
Rajat Kapoor,no,2010,Phas Gaye Re Obama,14.00,no,Subhash Kapoor
Rajat Kapoor,no,2010,Rann,13.70,no,Ram Gopal Varma
Rajat Kapoor,no,2011,Pappu Can't Dance Saala,,no,Saurabh Shukla
Rajat Kapoor,no,2012,I M 24,,no,Saurabh Shukla
Rajat Kapoor,no,2014,Ankhon Dekhi,47.23,no,Rajat Kapoor
Rajat Kapoor,no,2015,Drishyam,147.00,no,Nishikant Kamat
Rajat Kapoor,no,2015,Waiting,3.50,no,Anu Menon
Rajat Kapoor,no,2015,X: Past Is Present,,no,Various Directors
Rajat Kapoor,no,2017,Mantra,,no,Nicholas Kharkongor
Rajat Kapoor,no,2018,Mulk,28.33,yes,Anubhav Sinha
Rajat Kapoor,no,2018,Pari,41.40,no,Prosit Roy
Rajat Kapoor,no,2022,RK/RKay,,no,Rajat Kapoor
Rajat Kapoor,no,2025,Raat Akeli Hai: The Bansal Murders,,yes,Honey Trehan
Rajat Rawail,no,2017,Judwaa 2,227.59,yes,David Dhawan
Rajat Rawail,no,2020,Coolie No. 1,,yes,David Dhawan
Rajbeer Singh,no,2016,Ishq Junoon,,no,Sanjay Sharma
Rajbeer Singh,no,2017,G Kutta Se,0.90,no,Rahul Dahiya
Rajeev Govinda Pillai,no,2015,Ek Adbhut Dakshina Guru Dakshina,,no,Kiran Phadnis
Rajeev Khandelwal,no,2008,Aamir,,no,Rajkumar Gupta
Rajeev Khandelwal,no,2011,Shaitan,39.76,no,Bejoy Nambiar
Rajeev Khandelwal,no,2012,Will You Marry Me?,,no,Aditya Dutt
Rajeev Khandelwal,no,2013,Ishk Actually,,no,Anish Khanna
Rajeev Khandelwal,no,2013,Table No. 21,17.72,no,Aditya Datt
Rajeev Khandelwal,no,2014,Samrat & Co.,,no,Kaushik Ghatak
Rajeev Khandelwal,no,2016,Fever,,no,Rajeev Jhaveri
Rajeev Khandelwal,no,2019,Pranaam,,no,Sanjiv Jaiswal
Rajeev Khandelwal,no,2019,Salt Bridge,,no,Abhijit Deonath
Rajeev Khandelwal,no,2020,Ateet,,no,Tanuj Bhramar
Rajeev Khandelwal,no,2020,Court Martial,,no,Sourabh Srivastava
Rajeev Khandelwal,no,2023,Bloody Daddy,,yes,Ali Abbas Zafar
Rajeev Mehta,no,2005,Waqt: The Race Against Time,42.49,no,Vipul Shah
Rajeev Mehta,no,2010,Khichdi: The Movie,8.10,no,Aatish Kapadia
Rajeev Mehta,no,2023,Khichdi 2: Mission Paanthukistan,5.65,no,Aatish Kapadia
Rajeev Pillai,no,2020,Shakeela,,no,Indrajit Lankesh
Rajeev Raj,no,2007,Return of Hanuman,6.14,no,Anurag Kashyap
Rajeev Raj,no,2019,Goopi Gawaiya Bagha Bajaiya,,no,Shilpa Ranade
Rajeev Siddhartha,no,2024,"Love, Sitara",,no,Vandana Kataria
Rajeev Verma,no,2003,Chalte Chalte,43.29,yes,Aziz Mirza
Rajeev Verma,no,2006,Deadline: Sirf 24 Ghante,,no,Tanveer Khan
Rajeev Verma,no,2006,Jaana - Let's Fall In Love,,no,"Glen Barretto, Ankush Mohla"
Rajeev Verma,no,2014,Ebn-E-Batuta,,no,Varun Middha
Rajeev Verma,no,2016,Wah Taj,,no,Ajit Sinha
Rajender Thakur,no,2013,Ekk Thee Sanam,,no,Monish Kaushal
Rajendra Chawla,no,2009,Suno Na.. Ek Nanhi Aawaz,,no,Amy Thanawala
Rajendra Gupta,no,2005,Sehar,2.40,no,Kabeer Kaushik
Rajendra Gupta,no,2007,Return of Hanuman,6.14,no,Anurag Kashyap
Rajendra Gupta,no,2018,Mohalla Assi,,yes,Chandraprakash Dwivedi
Rajendra Prasad,no,2009,Quick Gun Murugun,2.57,no,Shashanka Ghosh
Rajendra Sethi,no,2015,Kaagaz Ke Fools,,no,Anil Kumar Chaudhary
Rajendranath Zutshi,no,2006,Zinda,17.60,yes,Sanjay Gupta
Rajendranath Zutshi,no,2011,My Friend Pinto,1.80,yes,Raghav Dar
Rajesh Bhatt,no,2004,Kaun Hai Jo Sapno Mein Aaya,,no,Rajesh Bhatt
Rajesh Insan,no,2016,MSG: The Warrior Lion Heart,,no,"Gurmeet Ram Rahim Singh , Honeypreet Insan"
Rajesh Jais,no,2008,Tashan,51.00,yes,Vijay Krishna Acharya
Rajesh Jais,no,2017,Ajab Singh Ki Gajab Kahani,,no,Rishi Prakash Mishra
Rajesh Jais,no,2023,Lakeerein,,no,Durgesh Pathak
Rajesh Jais,no,2024,Dashmi,,no,Shantanu Anant Tambe
Rajesh Kava,no,2019,Chhota Bheem Kung Fu Dhamaka,,no,Rajiv Chilaka
Rajesh Khanna,no,2001,Pyaar Zindagi Hai,0.11,yes,Vijay Sadanah
Rajesh Khanna,no,2006,Jaana - Let's Fall In Love,,no,"Glen Barretto, Ankush Mohla"
Rajesh Khanna,no,2008,Wafaa,,no,Rakesh Sawant
Rajesh Khanna,no,2010,Do Dilon Ke Khel Mein,,no,Akash Pandey
Rajesh Khanna,no,2014,Riyasat,,no,Ashok Tyagi
Rajesh Khattar,no,2009,Jai Veeru,39.00,yes,Puneet Sira
Rajesh Khattar,no,2010,Chase,5.00,no,Jagmohan Mundhra
Rajesh Khattar,no,2014,Objection My God,,no,Amit Khan
Rajesh Khera,no,2002,23rd March 1931: Shaheed,14.25,yes,Guddu Dhanoa
Rajesh Khera,no,2014,Hate Story 2,31.07,no,Vishal Pandya
Rajesh Kumar,no,2024,Binny And Family,,no,Ssanjay Tripaathy
Rajesh Kumar,no,2024,Rautu Ka Raaz,,no,Anand Surapur
Rajesh Kumar,no,2025,Mannu Kya Karegga,,no,Ssanjay Tripaathy
Rajesh Sharma,no,2010,Ishqiya,31.81,no,Abhishek Chaubey
Rajesh Sharma,no,2011,Chillar Party,,yes,"Vikas Bahl , Nitesh Tiwari"
Rajesh Sharma,no,2013,B.A. Pass,28.40,no,Ajay Bahl
Rajesh Sharma,no,2013,Ghanchakkar,38.00,yes,Rajkumar Gupta
Rajesh Sharma,no,2013,Paapi - Ek Satya Katha,,yes,Aziz Sejawal
Rajesh Sharma,no,2014,Strings of Passion,,no,Sanghamitra Chaudhari
Rajesh Sharma,no,2016,Wah Taj,,no,Ajit Sinha
Rajesh Sharma,no,2017,Game Over,,no,Paresh Vinodray Savani
Rajesh Sharma,no,2017,Lucknow Central,16.95,no,Ranjit Tiwari
Rajesh Sharma,no,2018,Hotel Milan,,yes,Vishal Mishra
Rajesh Sharma,no,2019,22 Yards,,no,Mitali Ghoshal
Rajesh Sharma,no,2019,India's Most Wanted,16.74,yes,Rajkumar Gupta
Rajesh Sharma,no,2019,Kissebaaz,,no,Annant Jaaitpaal
Rajesh Sharma,no,2019,Marudhar Express,,yes,Vishal Mishra
Rajesh Sharma,no,2020,Doordarshan,,no,Gagan Puri
Rajesh Sharma,no,2022,Dehati Disco,,no,Manoj Sharma
Rajesh Sharma,no,2023,Ajmer 92,1.00,no,Pushpendra Singh
Rajesh Sharma,no,2023,Minus 31: The Nagpur Files,0.06,no,Pratik Moitro
Rajesh Sharma,no,2023,Mrs. Undercover,,no,Anushree Mehta
Rajesh Sharma,no,2023,U-Turn,,no,Arif Khan
Rajesh Sharma,no,2024,Kahan Shuru Kahan Khatam,,no,Saurabh Dasgupta
Rajesh Sharma,no,2024,Navras Katha Collage,,no,Praveen Hingonia
Rajesh Sharma,no,2024,Pad Gaye Pange,,no,Santosh Kumar
Rajesh Sharma,no,2025,Badass Ravi Kumar,9.66,no,Keith Gomes
Rajesh Sharma,no,2025,Kaal Trighori,,yes,Nitin Vaidya
Rajesh Sharma,no,2025,Mission Grey House,,no,Naushad Siddiqui
Rajesh Shringapure,no,2011,Chitkabrey – Shades of Grey,,no,Suneet Arora
Rajesh Shringarpure,no,2015,Ek Adbhut Dakshina Guru Dakshina,,no,Kiran Phadnis
Rajesh Shringarpure,no,2017,Daddy,15.50,no,Ashim Ahluwalia
Rajesh Tailang,no,2013,Siddharth,,no,Richie Mehta
Rajesh Tailang,no,2017,Haseena Parkar,9.00,no,Apoorva Lakhia
Rajesh Tailang,no,2021,Pagglait,,no,Umesh Bist
Rajesh Tailang,no,2023,Chhatriwali,,no,Tejas Deoskar
Rajesh Tailang,no,2024,Kooki,,no,Pranab J Deka
Rajesh Tailang,no,2024,Ulajh,11.05,yes,Sudhanshu Saria
Rajesh Vivek,no,2010,Do Dooni Chaar,,yes,Habib Faisal
Rajeshwari Sachdev,no,2000,Hari-Bhari,,no,Shyam Benegal
Rajeshwari Sachdev,no,2001,Rahul,,no,Prakash Jha
Rajeshwari Sachdev,no,2003,The Perfect Husband,,no,Priya Singh Paul
Rajeshwari Sachdev,no,2013,Issaq,5.37,yes,Manish Tiwary
Rajinikanth,no,2000,Bulandi,,yes,T. Rama Rao
Rajit Kapoor,no,2001,Dattak,,no,Gul Bahar Singh
Rajit Kapoor,no,2023,Goldfish,,no,Pushan Kripalani
Rajit Kapoor,no,2025,Kaisi Ye Paheli,,no,Ananyabrata Chakravorty
Rajit Kapur,no,2000,Hari-Bhari,,no,Shyam Benegal
Rajit Kapur,no,2004,Netaji Subhas Chandra Bose: The Forgotten Hero,1.25,no,Shyam Benegal
Rajit Kapur,no,2005,Maine Gandhi Ko Nahin Mara,,no,Jahnu Barua
Rajit Kapur,no,2016,Anna,,yes,Shashank Udapurkar
Rajit Kapur,no,2018,Phir Se...,,no,Kunal Kohli
Rajit Kapur,no,2019,22 Yards,,no,Mitali Ghoshal
Rajit Kapur,no,2019,Bypass Road,1.16,no,Naman Nitin Mukesh
Rajit Kapur,no,2021,Ahaan,,no,Nikhil Pherwani
Rajiv Kapoor,no,2022,Toolsidas Junior,,yes,Mridul
Rajiv Kumar,no,2025,Rasa,,no,Angith Jayaraj Preetish Jayaraj
Rajiv Sethi,no,2009,School Days,,no,Dilip Sood
Rajkumar Kanojia,no,2021,Faactory,,yes,Faisal Khan
Rajkumar Patra,no,2024,Nasha Jurm Aur Gangsters,,no,Rajkumar Patra
Rajkumar Rao,no,2012,Talaash: The Answer Lies Within,180.83,yes,Reema Kagti
Rajkumar Rao,no,2013,Kai Po Che!,83.00,no,Abhishek Kapoor
Rajkummar Rao,no,2011,Ragini MMS,90.00,no,Pawan Kripalani
Rajkummar Rao,no,2013,Shahid,3.70,no,Hansal Mehta
Rajkummar Rao,no,2014,CityLights,79.00,no,Hansal Mehta
Rajkummar Rao,no,2014,Queen,95.04,no,Vikas Bahl
Rajkummar Rao,no,2015,Dolly Ki Doli,,yes,Abhishek Dogra
Rajkummar Rao,no,2015,Hamari Adhuri Kahani,58.00,yes,Mohit Suri
Rajkummar Rao,no,2016,Aligarh,4.27,no,Hansal Mehta
Rajkummar Rao,no,2017,Bareilly Ki Barfi,58.75,no,Ashwini Iyer Tiwari
Rajkummar Rao,no,2017,Behen Hogi Teri,2.76,no,Ajay K Pannalal
Rajkummar Rao,no,2017,Newton,15.00,no,Amit Masurkar
Rajkummar Rao,no,2017,Shaadi Mein Zaroor Aana,19.40,no,Ratnaa Sinha
Rajkummar Rao,no,2017,Trapped,3.53,no,Vikramaditya Motwane
Rajkummar Rao,no,2018,5 Weddings,,no,Namrata Singh Gujral
Rajkummar Rao,no,2018,Fanney Khan,16.55,no,Atul Manjrekar
Rajkummar Rao,no,2018,Love Sonia,,no,Tabrez Noorani
Rajkummar Rao,no,2018,Omerta,4.49,no,Hansal Mehta
Rajkummar Rao,no,2018,Stree,180.76,no,Amar Kaushik
Rajkummar Rao,no,2019,Ek Ladki Ko Dekha Toh Aisa Laga,39.86,yes,Shelly Chopra Dhar
Rajkummar Rao,no,2019,Judgementall Hai Kya,44.92,no,Prakash Kovelamudi
Rajkummar Rao,no,2019,Made in China,12.81,no,Mikhil Musale
Rajkummar Rao,no,2020,Chhalaang,,no,Hansal Mehta
Rajkummar Rao,no,2020,Ludo,,yes,Anurag Basu
Rajkummar Rao,no,2020,Shimla Mirchi,,no,Ramesh Sippy
Rajkummar Rao,no,2021,Hum Do Hamare Do,,no,Abhishek Jain
Rajkummar Rao,no,2021,Roohi,30.33,yes,Hardik Mehta
Rajkummar Rao,no,2022,Badhaai Do,28.33,no,Harshavardhan Kulkarni
Rajkummar Rao,no,2022,HIT: The First Case,11.78,no,Shailesh Kolanu
Rajkummar Rao,no,2022,"Monica, O My Darling",,yes,Vasan Bala
Rajkummar Rao,no,2023,Bheed,3.33,no,Anubhav Sinha
Rajkummar Rao,no,2024,Mr. & Mrs. Mahi,51.96,yes,Sharan Sharma
Rajkummar Rao,no,2024,Srikanth,62.92,no,Tushar Hiranandani
Rajkummar Rao,no,2024,Stree 2,874.58,no,Amar Kaushik
Rajkummar Rao,no,2024,Vicky Vidya Ka Woh Wala Video,55.51,no,Raaj Shaandilyaa
Rajkummar Rao,no,2025,Bhool Chuk Maaf,90.78,no,Karan Sharma
Rajkummar Rao,no,2025,Maalik,26.30,no,Pulkit
Rajneesh Duggal,no,2008,1920,14.50,no,Vikram Bhatt
Rajneesh Duggal,no,2011,Phhir,,no,Girish Dhamija
Rajneesh Duggal,no,2012,Dangerous Ishq,8.69,yes,Vikram Bhatt
Rajneesh Duggal,no,2013,Main Krishna Hoon,,yes,Rajiv S. Ruia
Rajneesh Duggal,no,2015,Ek Paheli Leela,27.47,no,Bobby Khan
Rajneesh Duggal,no,2016,Beiimaan Love,,no,Rajeev Chaudhary
Rajneesh Duggal,no,2016,Direct Ishq,0.56,no,Rajiv S. Ruia
Rajneesh Duggal,no,2016,Laal Rang,2.26,no,Syed Ahmad Afzal
Rajneesh Duggal,no,2016,Saansein,,no,Rajiv S. Ruia
Rajneesh Duggal,no,2016,Wajah Tum Ho,24.40,no,Vishal Pandya
Rajneesh Duggal,no,2025,Udaipur Files,0.63,no,Bharat Shrinat
Rajni Mehta,no,2014,Pyar Ka Live Show,,no,Shailendra Singh Rajput
Rajniesh Duggal,no,2014,Spark,,no,V. K. Singh
Rajniesh Duggall,no,2023,Mandali,,no,Rakesh Chaturvedi Om
Rajnikanth,no,2018,2.0,,no,S Shankar
Rajpal Yadav,no,2001,Chandni Bar,6.60,no,Madhur Bhandarkar
Rajpal Yadav,no,2001,Yeh Zindagi Ka Safar,,no,Tanuja Chandra
Rajpal Yadav,no,2002,Chor Machaaye Shor,13.62,yes,Aziz Sejawal
Rajpal Yadav,no,2002,Hum Kisise Kum Nahin,29.15,yes,David Dhawan
Rajpal Yadav,no,2002,Maseeha,,no,Partho Ghosh
Rajpal Yadav,no,2002,Road,,yes,Rajat Mukherjee
Rajpal Yadav,no,2003,Darna Mana Hai,9.00,yes,Prawaal Raman
Rajpal Yadav,no,2003,Hungama,21.25,yes,Priyadarshan
Rajpal Yadav,no,2003,Main Madhuri Dixit Banna Chahti Hoon,,no,Chandan Arora
Rajpal Yadav,no,2004,Dil Bechara Pyaar Ka Maara,,no,Omkarnath Mishra
Rajpal Yadav,no,2004,Insaaf: The Justice,,no,Shrey Srivastava
Rajpal Yadav,no,2004,Meenaxi: A Tale of Three Cities,,no,M. F. Hussain
Rajpal Yadav,no,2005,Garam Masala,64.65,no,Priyadarshan
Rajpal Yadav,no,2005,James,,no,Rohit Jugraj
Rajpal Yadav,no,2005,Kyaa Kool Hai Hum,22.85,yes,Sangeeth Sivan
Rajpal Yadav,no,2005,"Main, Meri Patni Aur Woh",3.37,no,Chandan Arora
Rajpal Yadav,no,2005,Maine Pyaar Kyun Kiya?,47.22,yes,David Dhawan
Rajpal Yadav,no,2005,Paheli,32.00,yes,Amol Palekar
Rajpal Yadav,no,2005,Shaadi No. 1,20.49,yes,David Dhawan
Rajpal Yadav,no,2005,Waqt: The Race Against Time,42.49,no,Vipul Shah
Rajpal Yadav,no,2006,Apna Sapna Money Money,20.73,no,Sangeeth Sivan
Rajpal Yadav,no,2006,Bhagam Bhag,67.00,yes,Priyadarshan
Rajpal Yadav,no,2006,Chup Chup Ke,25.58,yes,Priyadarshan
Rajpal Yadav,no,2006,Darna Zaroori Hai,10.65,no,Ram Gopal Varma
Rajpal Yadav,no,2007,Aag,22.73,no,Ram Gopal Varma
Rajpal Yadav,no,2007,Anwar,0.12,no,Manish Jha
Rajpal Yadav,no,2007,Bhool Bhulaiyaa,83.00,no,Priyadarshan
Rajpal Yadav,no,2007,Dhol,33.27,yes,Priyadarshan
Rajpal Yadav,no,2007,Go,,no,Manish Shrivastava
Rajpal Yadav,no,2007,Partner,101.00,yes,David Dhawan
Rajpal Yadav,no,2008,Bhoothnath,70.00,no,Vivek Sharma
Rajpal Yadav,no,2008,C Kkompany,,yes,Sachin Yardi
Rajpal Yadav,no,2008,Chamku,3.09,yes,Kabeer Kaushik
Rajpal Yadav,no,2008,Jumbo,21.00,no,Kompin Kemgumnird
Rajpal Yadav,no,2008,Krazzy 4,32.27,no,Jaideep Sen
Rajpal Yadav,no,2008,Mere Baap Pehle Aap,36.00,yes,Priyadarshan
Rajpal Yadav,no,2008,Rama Rama Kya Hai Dramaa?,,no,S. Chandrakaant
Rajpal Yadav,no,2009,Billu,47.45,no,Priyadarshan
Rajpal Yadav,no,2009,Chal Chala Chal,,no,T. K. Rajeev Kumar
Rajpal Yadav,no,2009,Daddy Cool,,no,K. Murli Manohar Rao
Rajpal Yadav,no,2009,De Dana Dan,81.85,no,Priyadarshan
Rajpal Yadav,no,2009,Do Knot Disturb,,yes,David Dhawan
Rajpal Yadav,no,2009,Ek Se Bure Do,,no,Tarique
Rajpal Yadav,no,2009,Yeh Mera India,,no,N. Chandra
Rajpal Yadav,no,2010,Action Replayy,48.00,yes,Vipul Amrutlal Shah
Rajpal Yadav,no,2010,Benny and Babloo,,no,Yunus Sajawal
Rajpal Yadav,no,2010,Hello! Hum Lallan Bol Rahe Hain,,no,Dileep Shukla
Rajpal Yadav,no,2010,Khatta Meetha,62.79,no,Priyadarshan
Rajpal Yadav,no,2010,Kushti,,no,T K Rajeev Kumar
Rajpal Yadav,no,2010,Rann,13.70,no,Ram Gopal Varma
Rajpal Yadav,no,2011,Masti Express,,no,Vikram Pradhan
Rajpal Yadav,no,2012,Ata Pata Laapata,,no,Rajpal Yadav
Rajpal Yadav,no,2012,Kamaal Dhamaal Malamaal,,no,Priyadarshan
Rajpal Yadav,no,2012,Mere Dost Picture Abhi Baki Hai,,no,Rajnish Raj Thakur
Rajpal Yadav,no,2013,Hai Golmaal In White House,,no,Salar Sheikh
Rajpal Yadav,no,2013,Rangrezz,6.37,yes,Priyadarshan
Rajpal Yadav,no,2013,Zindagi 50-50,11.00,yes,Rajiv S. Ruia
Rajpal Yadav,no,2014,Bhopal: A Prayer for Rain,,no,Ravi Kumar
Rajpal Yadav,no,2015,Bumper Draw,,no,Irshad Khan
Rajpal Yadav,no,2017,Babuji Ek Ticket Bambai,,no,Arvind Tripathi
Rajpal Yadav,no,2017,Judwaa 2,227.59,yes,David Dhawan
Rajpal Yadav,no,2018,Shaadi Teri Bajayenge Hum Band,,no,Gurpreet Sondh
Rajpal Yadav,no,2021,Hungama 2,,yes,Priyadarshan
Rajpal Yadav,no,2021,Raag,,no,Arvind Tripathi
Rajpal Yadav,no,2022,Ardh,,no,Palash Muchhal
Rajpal Yadav,no,2022,Thai Massage,,no,Mangesh Hadawale
Rajpal Yadav,no,2023,Apurva,,no,Nikhil Nagesh Bhat
Rajpal Yadav,no,2023,Dream Girl 2,140.56,yes,Raaj Shaandilyaa
Rajpal Yadav,no,2023,Kathal,,no,Yashowardhan Mishra
Rajpal Yadav,no,2023,Non Stop Dhamaal,,no,Irshad Khan
Rajpal Yadav,no,2024,Kaam Chalu Hai,,no,Palash Muchhal
Rajpal Yadav,no,2024,Luv Ki Arrange Marriage,,no,Ishrat R. Khan
Rajpal Yadav,no,2024,Pad Gaye Pange,,no,Santosh Kumar
Rajpal Yadav,no,2024,Vanvaas,6.37,no,Anil Sharma
Rajpal Yadav,no,2025,Interrogation,,no,Ajoy Varma Raja
Rajshree Thakur,no,2004,Hava Aney Dey,,no,Partho Sen-Gupta
Rajshri Deshpande,no,2018,Manto,3.71,no,Nandita Das
Rajshri Deshpande,no,2019,Kanpuriye,,no,Ashish Aryan
Rajshri Deshpande,no,2020,Choked,,no,Anurag Kashyap
Rajshri Deshpande,no,2020,Nirvana Inn,,no,Vijay Jayapal
Rajshri Deshpande,no,2021,Collar Bomb,,no,Dnyanesh Zoting
Rajshri Deshpande,no,2024,Chote Nawab,,no,Kumud Chaudhary
Raju Kher,no,2004,Bardaasht,,yes,E.Nivas
Raju Kher,no,2013,Shootout at Wadala,82.00,no,Sanjay Gupta
Raju Kher,no,2014,Ya Rab,,no,Hasnain Hyderabadwala
Raju Mavani,no,2014,Anuradha,,no,Raju Mavani
Raju Shrivastav,no,2007,Journey Bombay to Goa,,no,Raj Pendurkar
Raju Srivastav,no,2007,Jahan Jaaeyega Hamen Paaeyega,,no,Janmendra Ahuja
Raju Srivastav,no,2023,Kanjoos Makhichoos,,no,Vipul Mehta
Raju Srivastava,no,2007,Big Brother,12.09,yes,Guddu Dhanoa
Raju Sundaram,no,2009,Quick Gun Murugun,2.57,no,Shashanka Ghosh
Rajveer Deol,yes,2023,Dono,0.70,yes,Avnish S. Barjatya
Rajveer Singh,no,2019,Ram Ki Janmabhoomi,,no,Sanoj Mishra
Rajvvir Aroraa,no,2011,404,,no,Prawaal Raman
Rakesh Bapat,no,2001,Tum Bin,,no,Anubhav Sinha
Rakesh Bapat,no,2002,Dil Vil Pyar Vyar,4.65,no,Anant Mahadevan
Rakesh Bapat,no,2004,Kaun Hai Jo Sapno Mein Aaya,,no,Rajesh Bhatt
Rakesh Bapat,no,2005,Koi Mere Dil Mein Hai,0.47,no,Deepak Ramsay
Rakesh Bapat,no,2005,Naam Gum Jaayega,3.50,no,Amol Shetge
Rakesh Bedi,no,2021,Raag,,no,Arvind Tripathi
Rakesh Bedi,no,2023,The Rise Of Sudarshan Chakra,,no,Anil Kulchainiya
Rakesh Bedi,no,2024,Kahan Shuru Kahan Khatam,,no,Saurabh Dasgupta
Rakesh Bedi,no,2025,Dhurandhar,1349.65,yes,Aditya Dhar
Rakesh Chaturvedi,no,2020,Mee Raqsam,,no,Baba Azmi
Rakesh Shrivastav,no,2021,Aa Bhi Ja O Piya,,no,Rajesh Harivansh Mishra
Rakhi Chadda,no,2009,Aamras,,no,Rupali Guha
Rakhi Sawant,no,2004,Masti,34.14,yes,Indra Kumar
Rakhi Sawant,no,2005,Ek Khiladi Ek Haseena,7.88,yes,Suparn Verma
Rakhi Sawant,no,2007,Buddha Mar Gaya,,no,Rahul Rawail
Rakhi Sawant,no,2009,Dil Bole Hadippa!,46.12,yes,Anurag Singh
Rakhi Sawant,no,2011,Loot,,yes,Rajneesh Thakur
Rakhi Sawant,no,2012,Qasam Se Qasam Se,,no,Azim Rizvi
Rakhi Sawant,no,2016,Ek Kahani Julie Ki,,no,Aziz Zee
Rakhi Sawant,no,2023,Mast Mein Rehne Ka,,no,Vijay Maurya
Rakul Preet Singh,no,2014,Yaariyan,55.00,no,Divya Khosla Kumar
Rakul Preet Singh,no,2018,Aiyaary,34.07,no,Neeraj Pandey
Rakul Preet Singh,no,2019,De De Pyaar De,143.04,no,Akiv Ali
Rakul Preet Singh,no,2019,Marjaavaan,65.34,no,Milap Milan Zaveri
Rakul Preet Singh,no,2020,Shimla Mirchi,,no,Ramesh Sippy
Rakul Preet Singh,no,2021,Sardar Ka Grandson,,yes,Kaashvie Nair
Rakul Preet Singh,no,2022,Attack: Part 1,31.61,no,Lakshya Raj Anand
Rakul Preet Singh,no,2022,Cuttputlli,,no,Ranjit M Tewari
Rakul Preet Singh,no,2022,Doctor G,40.71,no,Anubhuti Kashyap
Rakul Preet Singh,no,2022,Runway 34,53.77,no,Ajay Devgn
Rakul Preet Singh,no,2022,Thank God,48.92,no,Indra Kumar
Rakul Preet Singh,no,2023,Chhatriwali,,no,Tejas Deoskar
Rakul Preet Singh,no,2023,I Love You,,no,Nikhil Mahajan
Rakul Preet Singh,no,2025,De De Pyaar De 2,104.67,no,Anshul Sharma
Rakul Preet Singh,no,2025,Mere Husband Ki Biwi,,yes,Mudassar Aziz
Ram Charan,no,2013,Zanjeer,,yes,Apoorva Lakhia
Ram Kapoor,no,2005,Hazaaron Khwaishein Aisi,,no,Sudhir Mishra
Ram Kapoor,no,2010,Karthik Calling Karthik,,no,Vijay Lalwani
Ram Kapoor,no,2011,Love U...Mr. Kalakaar!,,yes,S. Manasvi
Ram Kapoor,no,2012,Agent Vinod,73.00,yes,Sriram Raghavan
Ram Kapoor,no,2012,Ek Main Aur Ekk Tu,72.10,yes,Shakun Batra
Ram Kapoor,no,2013,Mai...,,no,Mahesh Kodiyal
Ram Kapoor,no,2013,Mere Dad Ki Maruti,12.54,no,Ashima Chibber
Ram Kapoor,no,2014,Humshakals,105.28,yes,Sajid Khan
Ram Kapoor,no,2014,Lakshmi,,no,Nagesh Kukunoor
Ram Kapoor,no,2014,Shaadi Ke Side Effects,69.60,no,Saket Chaudhary
Ram Kapoor,no,2015,Kuch Kuch Locha Hai,3.26,no,Devang Dholakia
Ram Kapoor,no,2016,Baar Baar Dekho,62.67,no,Nitya Mehra
Ram Kapoor,no,2016,Dishoom,119.58,yes,Rohit Dhawan
Ram Kapoor,no,2016,Santa Banta Pvt Ltd,,no,Akashdeep Sabir
Ram Kapoor,no,2020,Bahut Hua Samman,,no,Ashish R Shukla
Ram Kapoor,no,2023,Neeyat,5.50,no,Anu Menon
Ram Kapoor,no,2024,Yudhra,11.31,no,Ravi Udyawar
Ram Kapur,no,2006,Devaki,,no,Bappaditya Bandopadhyay
Rama Krishna Dixit,no,2025,Well Done CA Sahab!,,no,Sarvesh Kumar Singh
Rambha,no,2000,Beti No.1,,no,T. Rama Rao
Rambha,no,2000,Dil Ki Dhadkan,,no,
Rambha,no,2000,Krodh,,no,Ashok Honda
Rambha,no,2004,Dukaan,,no,Iqbal Durrani
Rambha,no,2009,Quick Gun Murugun,2.57,no,Shashanka Ghosh
Ramesh Sippy,no,2012,Ekk Deewana Tha,8.55,yes,Gautham Vasudev Menon
Ramkrishan Dhakad,no,2025,The Secret of Devkaali,,no,Niraj Chauhan
Ramya Krishna,no,2022,Liger,,no,Puri Jagannadh
Rana Daggubati,no,2011,Dum Maaro Dum,51.10,yes,Rohan Sippy
Rana Daggubati,no,2012,Department,19.05,yes,Ram Gopal Varma
Rana Daggubati,no,2015,Baby,142.98,no,Neeraj Pandey
Rana Daggubati,no,2017,The Ghazi Attack,62.00,no,Sankalp Reddy
Rana Daggubati,no,2019,Housefull 4,280.27,yes,Farhad Samji
Rana Daggubati,no,2021,Haathi Mere Saathi,,no,Prabhu Solomon
Ranbir Chakma,no,2013,Nasha,8.00,no,Amit Saxena
Ranbir Kapoor,yes,2007,Saawariya,39.22,yes,Sanjay Leela Bhansali
Ranbir Kapoor,yes,2008,Bachna Ae Haseeno,79.00,yes,Siddharth Anand
Ranbir Kapoor,yes,2009,Ajab Prem Ki Ghazab Kahani,106.74,yes,Rajkumar Santoshi
Ranbir Kapoor,yes,2009,Rocket Singh: Salesman of the Year,23.65,yes,Shimit Amin
Ranbir Kapoor,yes,2009,Wake Up Sid,47.10,yes,Ayan Mukerji
Ranbir Kapoor,yes,2010,Anjaana Anjaani,69.85,yes,Siddharth Anand
Ranbir Kapoor,yes,2010,Raajneeti,145.50,yes,Prakash Jha
Ranbir Kapoor,yes,2011,Chillar Party,,yes,"Vikas Bahl , Nitesh Tiwari"
Ranbir Kapoor,yes,2011,Rockstar,108.70,yes,Imtiaz Ali
Ranbir Kapoor,yes,2012,Barfi!,175.00,yes,Anurag Basu
Ranbir Kapoor,yes,2013,Besharam,102.85,yes,Abhinav Kashyap
Ranbir Kapoor,yes,2013,Yeh Jawaani Hai Deewani,319.01,yes,Ayan Mukerji
Ranbir Kapoor,yes,2014,PK,769.00,yes,Rajkumar Hirani
Ranbir Kapoor,yes,2015,Bombay Velvet,43.13,yes,Anurag Kashyap
Ranbir Kapoor,yes,2015,Roy,56.00,yes,Vikramjit Singh
Ranbir Kapoor,yes,2015,Tamasha,136.63,yes,Imtiaz Ali
Ranbir Kapoor,yes,2016,Ae Dil Hai Mushkil,239.56,yes,Karan Johar
Ranbir Kapoor,yes,2017,Jagga Jasoos,86.85,yes,Anurag Basu
Ranbir Kapoor,yes,2018,Sanju,586.85,yes,Rajkumar Hirani
Ranbir Kapoor,yes,2022,Brahmāstra: Part One – Shiva,435.00,yes,Ayan Mukerji
Ranbir Kapoor,yes,2022,Shamshera,63.58,yes,Karan Malhotra
Ranbir Kapoor,yes,2023,Animal,917.82,yes,Sandeep Reddy Vanga
Ranbir Kapoor,yes,2023,Tu Jhoothi Main Makkaar,220.10,yes,Luv Ranjan
Randeep Hooda,no,2001,Monsoon Wedding,,no,Mira Nair
Randeep Hooda,no,2006,Darna Zaroori Hai,10.65,no,Ram Gopal Varma
Randeep Hooda,no,2007,Risk,,no,Vishram Sawant
Randeep Hooda,no,2009,Karma Aur Holi,,no,Manish Gupta
Randeep Hooda,no,2009,Love Khichdi,,no,Srinivas Bhashyam
Randeep Hooda,no,2009,Mere Khwabon Mein Jo Aaye,,yes,Madhureeta Anand
Randeep Hooda,no,2010,Once Upon a Time in Mumbaai,96.44,yes,Milan Luthria
Randeep Hooda,no,2011,"Saheb, Biwi Aur Gangster",10.75,no,Tigmanshu Dhulia
Randeep Hooda,no,2012,Cocktail,125.70,yes,Homi Adajania
Randeep Hooda,no,2012,Heroine,,yes,Madhur Bhandarkar
Randeep Hooda,no,2012,Jannat 2,63.09,yes,Kunal Deshmukh
Randeep Hooda,no,2012,Jism 2,49.00,no,Pooja Bhatt
Randeep Hooda,no,2013,Bombay Talkies,10.00,yes,"Anurag Kashyap , Karan Johar , Zoya Akhtar , Dibakar Banerjee"
Randeep Hooda,no,2013,John Day,,no,Ahishor Solomon
Randeep Hooda,no,2013,Murder 3,27.75,no,Vishesh Bhatt
Randeep Hooda,no,2014,Highway,47.70,yes,Imtiaz Ali
Randeep Hooda,no,2014,Kick,402.00,yes,Sajid Nadiadwala
Randeep Hooda,no,2014,Rang Rasiya,,no,Ketan Mehta
Randeep Hooda,no,2014,Ungli,50.00,yes,Rensil D'Silva
Randeep Hooda,no,2015,Main Aur Charles,8.00,no,Prawaal Raman
Randeep Hooda,no,2016,Do Lafzon Ki Kahani,4.00,no,Deepak Tijori
Randeep Hooda,no,2016,Laal Rang,2.26,no,Syed Ahmad Afzal
Randeep Hooda,no,2016,Sarbjit,43.80,no,Omung Kumar
Randeep Hooda,no,2016,Sultan,631.25,yes,Ali Abbas Zafar
Randeep Hooda,no,2018,Baaghi 2,254.33,yes,Ahmed Khan
Randeep Hooda,no,2020,Love Aaj Kal,52.63,yes,Imtiaz Ali
Randeep Hooda,no,2021,Radhe,18.33,yes,Prabhu Deva
Randeep Hooda,no,2023,Operation Fryday,,no,Vishram Sawant
Randeep Hooda,no,2023,Sergeant,,no,Prawaal Raman
Randeep Hooda,no,2024,Swatantrya Veer Savarkar,31.23,no,Randeep Hooda
Randeep Hooda,no,2024,Tera Kya Hoga Lovely,,no,Balwinder Singh Janjua
Randeep Hooda,no,2025,Jaat,119.24,yes,Gopichand Malineni
Randeep Rai,no,2022,Saroj Ka Rishta,,no,Abhishek Saxena
Randheer Rai,no,2017,Poster Boys,30.00,yes,Shreyas Talpade
Randheer Rai,no,2023,1920: Horrors of the Heart,17.35,no,Krishna Bhatt
Randhir Kapoor,no,2003,Armaan,14.92,no,Honey Irani
Randhir Kapoor,no,2010,Action Replayy,48.00,yes,Vipul Amrutlal Shah
Randhir Kapoor,no,2010,Housefull,114.18,no,Sajid Khan
Randhir Kapoor,no,2012,Housefull 2,179.15,yes,Sajid Khan
Randhir Kapoor,no,2014,Super Nani,,yes,Indra Kumar
Randhir Singh Thakur,no,2024,Gauraiya Live,,no,Gabriel Vats
Rani Mukerji,yes,2000,Badal,26.91,yes,Raj Kanwar
Rani Mukerji,yes,2000,Bichhoo,19.75,yes,Guddu Dhanoa
Rani Mukerji,yes,2000,Hadh Kar Di Aapne,20.00,yes,Manoj Agrawal
Rani Mukerji,yes,2000,Har Dil Jo Pyar Karega,32.45,yes,Raj Kanwar
Rani Mukerji,yes,2000,Hey Ram,11.30,yes,Kamal Haasan
Rani Mukerji,yes,2000,Kahin Pyaar Na Ho Jaaye,13.40,yes,K. Muralimohana Rao
Rani Mukerji,yes,2001,Bas Itna Sa Khwaab Hai,,yes,Goldie Behl
Rani Mukerji,yes,2001,Chori Chori Chupke Chupke,37.51,yes,Abbas Mustan
Rani Mukerji,yes,2001,Nayak,20.56,yes,S. Shankar
Rani Mukerji,yes,2002,Chalo Ishq Ladaaye,1.70,yes,Aziz Sejawal
Rani Mukerji,yes,2002,Mujhse Dosti Karoge!,33.61,yes,Kunal Kohli
Rani Mukerji,yes,2002,Pyaar Diwana Hota Hai,,yes,Kirti Kumar
Rani Mukerji,yes,2002,Saathiya,29.15,yes,Shaad Ali
Rani Mukerji,yes,2003,Calcutta Mail,4.34,yes,Sudhir Mishra
Rani Mukerji,yes,2003,Chalte Chalte,43.29,yes,Aziz Mirza
Rani Mukerji,yes,2003,Chori Chori,5.64,yes,Milan Luthria
Rani Mukerji,yes,2003,LOC: Kargil,31.67,yes,J. P. Dutta
Rani Mukerji,yes,2004,Veer-Zaara,97.64,yes,Yash Chopra
Rani Mukerji,yes,2005,Bunty Aur Babli,90.40,yes,Shaad Ali
Rani Mukerji,yes,2005,Paheli,32.00,yes,Amol Palekar
Rani Mukerji,yes,2006,Kabhi Alvida Naa Kehna,113.00,yes,Karan Johar
Rani Mukerji,yes,2007,Laaga Chunari Mein Daag,25.00,yes,Pradeep Sarkar
Rani Mukerji,yes,2007,Saawariya,39.22,yes,Sanjay Leela Bhansali
Rani Mukerji,yes,2007,Ta Ra Rum Pum,70.00,yes,Siddharth Anand
Rani Mukerji,yes,2008,Thoda Pyaar Thoda Magic,37.25,yes,Kunal Kohli
Rani Mukerji,yes,2012,Aiyyaa,9.58,yes,Sachin Kundalkar
Rani Mukerji,yes,2012,Talaash: The Answer Lies Within,180.83,yes,Reema Kagti
Rani Mukerji,yes,2013,Bombay Talkies,10.00,yes,"Anurag Kashyap , Karan Johar , Zoya Akhtar , Dibakar Banerjee"
Rani Mukerji,yes,2014,Mardaani,59.55,yes,Pradeep Sarkar
Rani Mukerji,yes,2018,Hichki,239.79,yes,Siddharth P Malhotra
Rani Mukerji,yes,2019,Mardaani 2,67.12,yes,Gopi Puthran
Rani Mukerji,yes,2021,Bunty Aur Babli 2,22.12,yes,Varun V. Sharma
Rani Mukerji,yes,2023,Mrs. Chatterjee vs Norway,36.53,yes,Ashima Chibber
Rani Mukherjee,no,2008,Rab Ne Bana Di Jodi,157.00,yes,Aditya Chopra
Rani Mukherjee,no,2009,Dil Bole Hadippa!,46.12,yes,Anurag Singh
Rani Mukherjee,no,2011,No One Killed Jessica,45.72,no,Raj Kumar Gupta
Rani Mukherji,no,2004,Hum Tum,43.22,yes,Kunal Kohli
Rani Mukherji,no,2004,Yuva,24.48,yes,Mani Ratnam
Rani Mukherji,no,2005,Black,40.94,no,Sanjay Leela Bhansali
Rani Mukherji,no,2005,Mangal Pandey: The Rising,52.58,yes,Ketan Mehta
Rani Mukherji,no,2006,Baabul,39.00,yes,Ravi Chopra
Ranjan Chhabra,no,2013,Saare Jahaan Se Mehnga,0.84,no,Anshul Sharma
Ranjeet,no,2006,Dil Diya Hai,3.25,yes,Aaditya Datt
Ranjeet,no,2019,Housefull 4,280.27,yes,Farhad Samji
Ranjeet,no,2025,Housefull 5,242.80,yes,Tarun Mansukhani
Ranjeet Jha,no,2010,It's a Man's World,,no,Saurabh Sengupta
Ranjeeta Kaur,no,2012,Zindagi Tere Naam,,no,Ashu Trikha
Rannvijay Singh,no,2009,London Dreams,41.31,yes,Vipul Shah
Rannvijay Singh,no,2009,Toss,0.19,no,Ramesh Khatkar
Rannvijay Singh,no,2010,Action Replayy,48.00,yes,Vipul Amrutlal Shah
Rannvijay Singh,no,2011,Mod,0.63,no,Nagesh Kukunoor
Rannvijay Singh,no,2014,3 A.M.,,no,Vishal Mahadkar
Rannvijay Singh,no,2015,Sharafat Gayi Tel Lene,,yes,Gurmmeet Singh
Ranveer Brar,no,2024,The Buckingham Murders,14.56,yes,Hansal Mehta
Ranveer Singh,no,2010,Band Baaja Baaraat,96.00,no,Maneesh Sharma
Ranveer Singh,no,2011,Ladies vs Ricky Bahl,84.00,no,Maneesh Sharma
Ranveer Singh,no,2013,Goliyon Ki Raasleela Ram-Leela,220.58,no,Sanjay Leela Bhansali
Ranveer Singh,no,2013,Lootera,46.14,yes,Vikramaditya Motwane
Ranveer Singh,no,2014,Gunday,130.91,yes,Ali Abbas Zafar
Ranveer Singh,no,2014,Kill Dil,52.10,no,Shaad Ali
Ranveer Singh,no,2015,Bajirao Mastani,356.20,no,Sanjay Leela Bhansali
Ranveer Singh,no,2015,Dil Dhadakne Do,145.00,no,Zoya Akhtar
Ranveer Singh,no,2016,Befikre,103.00,no,Aditya Chopra
Ranveer Singh,no,2018,Padmaavat,571.98,yes,Sanjay Leela Bhansali
Ranveer Singh,no,2018,Simmba,400.19,yes,Rohit Shetty
Ranveer Singh,no,2019,Gully Boy,238.16,yes,Zoya Akhtar
Ranveer Singh,no,2021,83,193.73,no,Kabir Khan
Ranveer Singh,no,2021,Sooryavanshi,302.52,no,Rohit Shetty
Ranveer Singh,no,2022,Cirkus,61.47,no,Rohit Shetty
Ranveer Singh,no,2022,Jayeshbhai Jordaar,26.31,no,Divyang Thakkar
Ranveer Singh,no,2023,Rocky Aur Rani Kii Prem Kahaani,355.61,yes,Karan Johar
Ranveer Singh,no,2024,Singham Again,389.64,yes,Rohit Shetty
Ranveer Singh,no,2025,Dhurandhar,1349.65,yes,Aditya Dhar
Ranvir Shorey,no,2002,Ek Chhotisi Love Story,8.10,no,Shashilal K. Nair
Ranvir Shorey,no,2005,Hum Dum,,no,Kushan Nandy
Ranvir Shorey,no,2006,Khosla Ka Ghosla,6.67,no,Dibakar Banerjee
Ranvir Shorey,no,2006,Pyaar Ke Side Effects,,no,Saket Chaudhary
Ranvir Shorey,no,2007,Aaja Nachle,,yes,Anil Mehta
Ranvir Shorey,no,2007,Bheja Fry,12.58,no,Sagar Ballary
Ranvir Shorey,no,2007,Buddha Mar Gaya,,no,Rahul Rawail
Ranvir Shorey,no,2007,Honeymoon Travels Pvt. Ltd.,19.51,yes,Reema Kagti
Ranvir Shorey,no,2007,No Smoking,3.49,no,Anurag Kashyap
Ranvir Shorey,no,2007,Traffic Signal,8.50,no,Madhur Bhandarkar
Ranvir Shorey,no,2008,Dasvidaniya,1.87,no,Shashant Shah
Ranvir Shorey,no,2008,Fashion,39.29,yes,Madhur Bhandarkar
Ranvir Shorey,no,2008,Good Luck!,,no,Aditya Datt
Ranvir Shorey,no,2008,Singh Is Kinng,136.00,no,Anees Bazmee
Ranvir Shorey,no,2008,Sirf,55.50,no,Rajaatesh Nayar
Ranvir Shorey,no,2008,Ugly Aur Pagli,,no,Sachin Khot
Ranvir Shorey,no,2009,Chandni Chowk to China,120.00,no,Nikkhil Advani
Ranvir Shorey,no,2009,Do Knot Disturb,,yes,David Dhawan
Ranvir Shorey,no,2010,Thanks Maa,,no,Irfan Kamal
Ranvir Shorey,no,2010,The Film Emotional Atyachar,,no,Akshay Shere
Ranvir Shorey,no,2012,Ek Tha Tiger,334.39,yes,Kabir Khan
Ranvir Shorey,no,2012,Fatso!,,no,Rajat Kapoor
Ranvir Shorey,no,2012,I M 24,,no,Saurabh Shukla
Ranvir Shorey,no,2012,Life Ki Toh Lag Gayi,0.32,no,Rakesh Mehta
Ranvir Shorey,no,2013,Bajatey Raho,,no,Shashant Shah
Ranvir Shorey,no,2014,Happy Ending,38.00,yes,Raj Nidimoru and Krishna DK
Ranvir Shorey,no,2015,Gour Hari Dastaan,,no,Ananth Narayan Mahadevan
Ranvir Shorey,no,2015,Titli,,no,Kanu Behl
Ranvir Shorey,no,2016,Moh Maya Money,,no,Munish Bharadwaj
Ranvir Shorey,no,2017,A Death in the Gunj,1.37,no,Konkona Sen Sharma
Ranvir Shorey,no,2017,Kadvi Hawa,8.70,no,Nila Madhab Panda
Ranvir Shorey,no,2018,Gali Guleiyan,,no,Dipesh Jain
Ranvir Shorey,no,2018,Halkaa,,no,Nila Madhab Panda
Ranvir Shorey,no,2019,Sonchiriya,10.42,no,Abhishek Chaubey
Ranvir Shorey,no,2020,Kadakh,,no,Rajat Kapoor
Ranvir Shorey,no,2020,Lootcase,,no,Rajesh Krishnan
Ranvir Shorey,no,2021,420 IPC,,no,Manish Gupta
Ranvir Shorey,no,2021,Murder at Teesri Manzil 302,,no,Navneet Baj Saini
Ranvir Shorey,no,2022,RK/RKay,,no,Rajat Kapoor
Ranvir Shorey,no,2023,Mumbaikar,,no,Santosh Sivan
Ranvir Shorey,no,2024,Accident or Conspiracy: Godhra,,no,M.K Shivaaksh
Ranvir Shorey,no,2024,The Signature,,no,Gajendra Ahire
Ranvir Shorey,no,2025,Jassi Weds Jassi,,yes,Paran Bawa
Raqesh Bapat,no,2006,Jaadu Sa Chal Gaya,,no,Dev Basu
Raqesh Bapat,no,2012,Heroine,,yes,Madhur Bhandarkar
Rasha Thadani,yes,2025,Azaad,9.17,yes,Abhishek Kapoor
Rashami Desai,no,2024,Jahangir National University,,no,Vinay Sharma
Rashami Desai,no,2025,Hisaab Barabar,,no,Ashwni Dhir
Rasheed Naz,no,2017,ISIS: Enemies of Humanity,,no,Yuvraj Kumar
Rasheed Naz,no,2023,72 Hoorain,,no,Sanjay Puran Singh Chauhan
Rashmi Desai,no,2004,Yeh Lamhe Judaai Ke,,yes,Birendra Nath Tiwary
Rashmi Gautam,no,2012,Login,,no,Sanjeev Reddy
Rashmi Nigam,no,2008,Mr. Black Mr. White,,no,Deepak Shivdasani
Rashmi Somvanshi,no,2019,Chhoriyan Chhoron Se Kam Nahi Hoti,,no,Rajesh Amarlal Babbar
Rashmi Somvanshi,no,2022,Siya,,no,Manish Mundra
Rashmika Mandanna,no,2022,Goodbye,9.66,no,Vikas Bahl
Rashmika Mandanna,no,2023,Animal,917.82,yes,Sandeep Reddy Vanga
Rashmika Mandanna,no,2023,Mission Majnu,,no,Shantanu Bagchi
Rashmika Mandanna,no,2025,Chhaava,797.34,yes,Laxman Utekar
Rashmika Mandanna,no,2025,Sikandar,176.18,yes,AR Murugadoss
Rashmika Mandanna,no,2025,Thamma,169.75,no,Aditya Sarpotdar
Rasika Aagashe,no,2019,Mere Pyare Prime Minister,0.39,no,Rakeysh Omprakash Mehra
Rasika Dugal,no,2007,Anwar,0.12,no,Manish Jha
Rasika Dugal,no,2018,Manto,3.71,no,Nandita Das
Rasika Dugal,no,2019,Hamid,0.07,no,Aijaz Khan
Rasika Dugal,no,2020,Darbaan,,no,Bipin Nadkarni
Rasika Dugal,no,2020,Lootcase,,no,Rajesh Krishnan
Rasika Dugal,no,2025,Logout,,yes,Amit Golani
Rasika Dugal,no,2025,Lord Curzon Ki Haveli,,no,Anshuman Jha
Rasika Duggal,no,2015,Qissa,,no,Anup Singh
Rasika Duggal,no,2024,Fairy Folk,,no,Karan Gour
Rasika Joshi,no,2004,Ek Hasina Thi,10.00,yes,Sriram Raghavan
Rati Agnihotri,no,2001,Kuch Khatti Kuch Meethi,10.55,yes,Rahul Rawail
Rati Agnihotri,no,2002,Kaante,36.37,yes,Sanjay Gupta
Rati Agnihotri,no,2002,Tum Se Achcha Kaun Hai,16.00,no,Deepak Anand
Rati Agnihotri,no,2002,Yeh Hai Jalwa,10.88,yes,David Dhawan
Rati Agnihotri,no,2004,Dev,,yes,Govind Nihalani
Rati Agnihotri,no,2004,Dukaan,,no,Iqbal Durrani
Rati Agnihotri,no,2004,Hum Tum,43.22,yes,Kunal Kohli
Rati Agnihotri,no,2004,Kis Kis Ki Kismat,,no,Govind Menon
Rati Agnihotri,no,2004,Kyun! Ho Gaya Na...,16.35,yes,Samir Karnik
Rati Agnihotri,no,2005,Pehchaan: The Face of Truth,,no,Shrabani Deodhar
Rati Agnihotri,no,2006,Aisa Kyon Hota Hai?,,no,Ajay Kanchan
Rati Agnihotri,no,2008,Jimmy,1.86,yes,Raj N. Sippy
Rati Agnihotri,no,2008,Rama Rama Kya Hai Dramaa?,,no,S. Chandrakaant
Rati Agnihotri,no,2009,Blue Oranges,,no,Rajesh Ganguly
Rati Agnihotri,no,2009,Chal Chalein,,no,Ujjwal Singh
Rati Agnihotri,no,2009,Luck,,yes,Soham Shah
Rati Agnihotri,no,2009,Phir Kabhi,,no,V. K. Prakash
Rati Agnihotri,no,2011,Bin Bulaye Baraati,,no,Chandrakant Singh
Rati Agnihotri,no,2013,Dehraadun Diary,,no,Milind Ukey
Rati Agnihotri,no,2014,One by Two,3.77,yes,Devika Bhagat
Rati Agnihotri,no,2014,Purani Jeans,,no,Tanushri Chattrji Bassu
Rati Agnihotri,no,2014,Shaadi Ke Side Effects,69.60,no,Saket Chaudhary
Rati Agnihotri,no,2015,Jai Jawaan Jai Kisaan,,no,Milan Ajmera
Ratna Neelam Pandey,no,2023,Kaisi Ye Dor,,no,Ratna Neelam Pandey Sandeep S. Choudhary
Ratna Pathak,no,2008,Jaane Tu... Ya Jaane Na,84.00,yes,Abbas Tyrewala
Ratna Pathak,no,2010,Golmaal 3,167.00,yes,Rohit Shetty
Ratna Pathak,no,2014,Khoobsurat,79.43,yes,Shashanka Ghosh
Ratna Pathak,no,2016,Nil Battey Sannata,6.90,no,Ashwini Iyer Tiwari
Ratna Pathak Shah,no,2005,Paheli,32.00,yes,Amol Palekar
Ratna Pathak Shah,no,2009,Aladin,10.89,yes,Sujoy Ghosh
Ratna Pathak Shah,no,2012,Ek Main Aur Ekk Tu,72.10,yes,Shakun Batra
Ratna Pathak Shah,no,2017,Lipstick Under My Burkha,26.68,no,Alankrita Shrivastava
Ratna Pathak Shah,no,2020,Unpaused,,no,Raj & D.K Nitya Mehra Nikkhil Advani Tannishtha Chatterjee Avinash Arun
Ratna Pathak Shah,no,2021,Hum Do Hamare Do,,no,Abhishek Jain
Ratna Pathak Shah,no,2022,Jayeshbhai Jordaar,26.31,no,Divyang Thakkar
Ratna Pathak Shah,no,2023,Dhak Dhak,,no,Tarun Dudeja
Ratna Pathak Shah,no,2025,Detective Sherdil,,no,Ravi Chhabriya
Raveena Tandon,no,2000,Anjaane,,no,Ravi Rai
Raveena Tandon,no,2000,Bulandi,,yes,T. Rama Rao
Raveena Tandon,no,2000,Jung,11.40,yes,Sanjay Gupta
Raveena Tandon,no,2000,Kahin Pyaar Na Ho Jaaye,13.40,yes,K. Muralimohana Rao
Raveena Tandon,no,2000,Tune Mera Dil Le Liyaa,,no,B.B. Bhalla
Raveena Tandon,no,2001,Abhay,,no,Suresh Krissna
Raveena Tandon,no,2001,Aks,14.30,no,Rakeysh Omprakash Mehra
Raveena Tandon,no,2001,Daman,,no,Kalpana Lajmi
Raveena Tandon,no,2001,Officer,,no,Naeem Sha
Raveena Tandon,no,2002,Agni Varsha,,no,Arjun Sajnani
Raveena Tandon,no,2002,Akhiyon Se Goli Maare,,no,Harmesh Malhotra
Raveena Tandon,no,2002,Soch,,yes,Sushen Bhatnagar
Raveena Tandon,no,2002,Waah! Tera Kya Kehna,,no,Manoj Agrawal
Raveena Tandon,no,2003,LOC: Kargil,31.67,yes,J. P. Dutta
Raveena Tandon,no,2003,Praan Jaye Par Shaan Na Jaye,2.35,yes,Sanjay Manjrekar
Raveena Tandon,no,2003,Satta,,no,Madhur Bhandarkar
Raveena Tandon,no,2004,Aan: Men at Work,,no,Madhur Bhandarkar
Raveena Tandon,no,2004,Dobara,,no,Shashi Ranjan
Raveena Tandon,no,2004,Ek Se Badhkar Ek,,no,Kundan Shah
Raveena Tandon,no,2004,Jaago,1.33,yes,Mrhul Kumar
Raveena Tandon,no,2004,Police Force: An Inside Story,1.80,no,Dilip Shukla
Raveena Tandon,no,2004,Yeh Lamhe Judaai Ke,,yes,Birendra Nath Tiwary
Raveena Tandon,no,2005,Pehchaan: The Face of Truth,,no,Shrabani Deodhar
Raveena Tandon,no,2006,Sandwich,,no,Anees Bazmee
Raveena Tandon,no,2011,Bbuddah... Hoga Terra Baap,,no,Puri Jagannadh
Raveena Tandon,no,2017,Hanuman: Da' Damdaar,2.00,yes,Ruchi Narain
Raveena Tandon,no,2017,Maatr,93.90,no,Ashtar Sayed
Raveena Tandon,no,2017,Shab,32.00,no,Onir
Raveena Tandon,no,2023,One Friday Night,,no,Manish Gupta
Raveena Tandon,no,2024,Ghudchadi,,yes,Binoy Gandhi
Raveena Tandon,no,2024,Patna Shuklla,,no,Vivek Budakoti
Ravi Bhatia,no,2007,Go,,no,Manish Shrivastava
Ravi Gossain,no,2005,The Film,,no,Junaid Memon
Ravi Gossain,no,2009,Aasma: The Sky Is the Limit,,no,Rohit Nayyar
Ravi Kale,no,2008,Sarkar Raj,63.00,yes,Ram Gopal Verma
Ravi Kale,no,2017,Baadshaho,123.50,yes,Milan Luthria
Ravi Kishan,no,2007,1971,,no,Amrit Sagar
Ravi Kishan,no,2008,Welcome to Sajjanpur,14.70,no,Shyam Benegal
Ravi Kishan,no,2009,Luck,,yes,Soham Shah
Ravi Kishan,no,2010,The Film Emotional Atyachar,,no,Akshay Shere
Ravi Kishan,no,2011,Tanu Weds Manu,56.00,no,Aanand L. Rai
Ravi Kishan,no,2012,Agent Vinod,73.00,yes,Sriram Raghavan
Ravi Kishan,no,2012,Chaalis Chauraasi,,no,Hriday Shetty
Ravi Kishan,no,2012,Jeena Hai Toh Thok Daal,,no,Manish Vatsalya
Ravi Kishan,no,2013,Bajatey Raho,,no,Shashant Shah
Ravi Kishan,no,2013,Issaq,5.37,yes,Manish Tiwary
Ravi Kishan,no,2013,Zila Ghaziabad,,yes,Anand Kumar
Ravi Kishan,no,2014,Lucky Kabootar,,no,Shammi Chhabra
Ravi Kishan,no,2015,Ranbanka,,no,Aryeman Ramsay
Ravi Kishan,no,2016,Global Baba,,no,Manoj Sidheshwari Tewari
Ravi Kishan,no,2017,Julie 2,,no,Deepak Shivdasani
Ravi Kishan,no,2018,Mohalla Assi,,yes,Chandraprakash Dwivedi
Ravi Kishan,no,2018,Mukkabaaz,10.51,no,Anurag Kashyap
Ravi Kishan,no,2019,Bombairiya,0.14,no,Pia Sukanya
Ravi Kishan,no,2019,Jai Chhathi Maa,,no,Murari Sinha
Ravi Kishan,no,2021,Urf Ghanta,,no,Aayush Saxena
Ravi Kishan,no,2022,Dehati Disco,,no,Manoj Sharma
Ravi Kishan,no,2024,Jahangir National University,,no,Vinay Sharma
Ravi Kishan,no,2024,Laapataa Ladies,25.26,no,Kiran Rao
Ravi Kishan,no,2025,Son of Sardaar 2,60.90,no,Vijay Kumar Arora
Ravi Kissen,no,2010,Well Done Abba,,no,Shyam Benegal
Ravi Kissen,no,2011,Chitkabrey – Shades of Grey,,no,Suneet Arora
Ravi Mann,no,2020,Pagleaazam,,no,"Vikas P Kavvthekaar, Aps Raghuvanshi"
Ravi Sarma,no,2020,Pepper Chicken,,no,Ratan Sil Ram
Ravi Thakur,no,2016,OK Mein Dhokhe,,no,Utpal S. Chaudhary
Ravi Verma,no,2019,Risknamaa,,no,Aarun Nagar
Ravibabu,no,2009,13B,23.00,no,Vikram K. Kumar
Ravish Desai,no,2013,Horror Story,7.00,no,Ayush Raina
Ravneet Kaur,no,2015,NH-8 Road to Nidhivan,,no,Munindra Gupta
Raza Murad,no,2001,Tamboo Mein Bamoo,,no,Dil Kumar
Raza Murad,no,2003,Humein Tumse Pyar Ho Gaya Chupke Chupke,,no,Pramod Mandloi
Raza Murad,no,2023,Aazam,,no,Shravan Tiwari
Raza Murad,no,2025,Mission Grey House,,no,Naushad Siddiqui
Razak Khan,no,2014,Munna Mange Memsaab,,no,Shareeph Mansuri Saranawala
Razzak Khan,no,2009,Ek Se Bure Do,,no,Tarique
Razzak Khan,no,2011,Masti Express,,no,Vikram Pradhan
Razzak Khan,no,2014,Hum Hai Teen Khurafaati (हम हैं तीन खुराफाती),,no,Rajeshwar Chauhan
Reecha Sinha,no,2014,Meinu Ek Ladki Chaahiye,,no,Abhishek Bindal
Reecha Sinha,no,2016,Dongri Ka Raja,,no,Hadi Ali Abrar
Reecha Sinha,no,2019,Milan Talkies,,yes,Tigmanshu Dhulia
Reem Shaikh,no,2020,Gul Makai,,no,H.E. Amjad khan
Reem Sheikh,no,2021,Tuesdays and Fridays,,no,Taranveer Singh
Reema,no,2009,Aamras,,no,Rupali Guha
Reema Debnath,no,2014,Machhli Jal Ki Rani Hai,,no,Debaloy Dey
Reema Lagoo,no,2000,Nidaan,,no,Mahesh Manjrekar
Reema Lagoo,no,2004,Hatya,,no,Kader Kashmiri
Reema Lagoo,no,2005,Hum Tum Aur Mom,,yes,Ashok Nanda
Reema Lagoo,no,2006,Shaadi Karke Phas Gaya Yaar,5.02,yes,K. S. Adiyaman
Reema Lagoo,no,2008,Kidnap,35.60,yes,Sanjay Gadhvi
Reema Lagoo,no,2008,Superstar,,no,Rohit Jugraj
Reema Lagoo,no,2011,Rivaaz,,no,Ashok Nanda
Reema Sen,no,2001,Hum Ho Gaye Aapke,,yes,Agathiyan
Reema Sen,no,2003,Jaal: The Trap,,yes,Guddu Dhanoa
Reema Sen,no,2003,Jodi Kya Banayi Wah Wah Ramji,,no,Raman Kumar
Reema Sen,no,2006,Malamaal Weekly,42.76,yes,Priyadarshan
Reema Sen,no,2010,Aakrosh,19.40,yes,Priyadarshan
Reema Sen,no,2012,Gangs of Wasseypur – Part 1,35.13,no,Anurag Kashyap
Reema Sen,no,2012,Gangs of Wasseypur – Part 2,22.04,no,Anurag Kashyap
Reemma Sen,no,2009,Chal Chala Chal,,no,T. K. Rajeev Kumar
Reena Aggarwal,no,2024,Alpha Beta Gamma,,no,Shankar Srikumar
Reeth Mazumder,no,2016,A Scandall,,no,Ishaan Shrivedi
Regina Cassandra,no,2025,Jaat,119.24,yes,Gopichand Malineni
Rehan Khan,no,2006,Jaana - Let's Fall In Love,,no,"Glen Barretto, Ankush Mohla"
Rehan Khan,no,2007,Awarapan,,yes,Mohit Suri
Rehan Khan,no,2010,Tum Milo Toh Sahi,3.52,no,Kabir Sadanand
Rehman,no,2013,Love in Bombay,,no,Joy Mukherjee
Rehmat Rattan,no,2025,Jassi Weds Jassi,,yes,Paran Bawa
Rekha,yes,2000,Bulandi,,yes,T. Rama Rao
Rekha,yes,2001,Lajja,34.29,yes,Rajkumar Santoshi
Rekha,yes,2001,Mujhe Meri Biwi Se Bachaao,,yes,Harry Baweja
Rekha,yes,2001,Zubeidaa,5.60,yes,Shyam Benegal
Rekha,yes,2002,Dil Hai Tumhaara,18.03,yes,Kundan Shah
Rekha,yes,2003,Bhoot,23.90,yes,Ram Gopal Varma
Rekha,yes,2003,Koi... Mil Gaya,82.32,yes,Rakesh Roshan
Rekha,yes,2005,Bachke Rehna Re Baba,5.51,yes,Govind Menon
Rekha,yes,2006,Krrish,126.50,yes,Rakesh Roshan
Rekha,yes,2006,Kudiyon Ka Hai Zamana,,yes,Amar Butala
Rekha,yes,2007,Yatra,,yes,Gautam Ghose
Rekha,yes,2010,Sadiyaan,,yes,Raj Kanwar
Rekha,yes,2014,Super Nani,,yes,Indra Kumar
Rekha Rana,no,2012,Ab Hoga Dharna Unlimited,,no,Deepak Tanwar
Rekha Rana,no,2024,Ameena,,no,Kumar Raj
Remo D'Souza,no,2022,Dehati Disco,,no,Manoj Sharma
Remya Nambeesan,no,2018,Mercury,,no,Karthik Subbaraj
Renuka Shahane,no,2018,3 Storeys,,no,Arjun Mukerjee
Reshaa Sabarawal,no,2017,Yadvi – The Dignified Princess,,no,Jyoti Singh
Reshma Modi,no,2011,Milta Hai Chance By Chance,,no,Ramesh Modi
Reshmi Ghosh,no,2014,Bazaar-E-Husn,,no,Ajay Mehra
Reshmi Nigam,no,2004,Popcorn Khao! Mast Ho Jao,,no,Kabir Sadanand
Revathi,no,2003,Dhoop,,no,Ashwini Chaudhary
Revathi,no,2004,Ab Tak Chappan,,no,Shimit Amin
Revathi,no,2004,Phir Milenge,5.43,yes,Revathy
Revathi,no,2005,Dil Jo Bhi Kahey...,,no,Romesh Sharma
Revathi,no,2007,Nishabd,,no,Ram Gopal Varma
Revathi,no,2015,Margarita with a Straw,7.40,no,Shonali Bose
Revathi,no,2022,Major,,no,Sashi Kiran Tikka
Revathi,no,2025,Raat Akeli Hai: The Bansal Murders,,yes,Honey Trehan
Revathi,no,2025,The Storyteller,,no,Anant Mahadevan
Revathi Pillai,no,2024,Navras Katha Collage,,no,Praveen Hingonia
Revathy,no,2025,The Diplomat,53.14,no,Shivam Nair
Reyhna Malhotra,no,2014,Babloo Happy Hai,,no,Nila Madhab Panda
Reyhna Malhotra,no,2017,The Final Exit,,yes,Dhwanil Mehta
Rhea Chakraborty,no,2013,Mere Dad Ki Maruti,12.54,no,Ashima Chibber
Rhea Chakraborty,no,2014,Sonali Cable,,no,Charudutt Acharya
Rhea Chakraborty,no,2017,Bank Chor,9.85,yes,Bumpy
Rhea Chakraborty,no,2018,Jalebi,2.41,no,Pushpdeep Bhardwaj
Rhea Chakraborty,no,2021,Chehre,8.26,yes,Rumi Jafry
Rhehan Malliek,no,2013,Ishkq in Paris,,no,Prem Raj
Ribbhu Mehra,no,2021,Faactory,,yes,Faisal Khan
Richa Chadda,no,2006,Ahista Ahista,,yes,Shivam Nair
Richa Chadda,no,2008,Oye Lucky! Lucky Oye!,6.10,yes,Dibakar Banerjee
Richa Chadda,no,2012,Gangs of Wasseypur – Part 1,35.13,no,Anurag Kashyap
Richa Chadda,no,2012,Gangs of Wasseypur – Part 2,22.04,no,Anurag Kashyap
Richa Chadda,no,2013,Fukrey,53.00,no,Mrigdeep Singh Lamba
Richa Chadda,no,2013,Shorts,,no,"Shlok Sharma, Siddharth Gupt, Anirban Roy, Rohit Pandey, Neeraj Ghaywan"
Richa Chadda,no,2014,Tamanchey,,no,Navneet Behal
Richa Chadda,no,2018,Love Sonia,,no,Tabrez Noorani
Richa Chadda,no,2019,Cabaret,,no,Kaustav Narayan Niyogi
Richa Chadda,no,2020,Shakeela,,no,Indrajit Lankesh
Richa Chadda,no,2020,Unpaused,,no,Raj & D.K Nitya Mehra Nikkhil Advani Tannishtha Chatterjee Avinash Arun
Richa Chadda,no,2021,Madam Chief Minister,0.05,no,Subhash Kapoor
Richa Chaddha,no,2017,Jia aur Jia,0.87,no,Howard Rosemeyer
Richa Chaddha,no,2018,3 Storeys,,no,Arjun Mukerjee
Richa Chaddha,no,2018,Daas Dev,,no,Sudhir Mishra
Richa Chaddha,no,2018,Ishqeria,,no,Prerna Wadhawan
Richa Chadha,no,2010,Benny and Babloo,,no,Yunus Sajawal
Richa Chadha,no,2013,Goliyon Ki Raasleela Ram-Leela,220.58,no,Sanjay Leela Bhansali
Richa Chadha,no,2015,Main Aur Charles,8.00,no,Prawaal Raman
Richa Chadha,no,2015,Masaan,,yes,Neeraj Ghaywan
Richa Chadha,no,2016,Chalk n Duster,,yes,Jayant Gilatar
Richa Chadha,no,2016,Sarbjit,43.80,no,Omung Kumar
Richa Chadha,no,2019,Section 375,12.35,yes,Ajay Bahl
Richa Chadha,no,2020,Ghoomketu,,no,Pushpendra Nath Misra
Richa Chadha,no,2020,Panga,41.71,no,Ashwiny Iyer Tiwari
Richa Chadha,no,2021,Lahore Confidential,,no,Kunal Kohli
Richa Chadha,no,2023,Fukrey 3,128.37,no,Mrighdeep Singh
Richa Dixit,no,2017,Chauhar,,no,Raghubeer Singh
Richa Kalra,no,2021,Machaan,,no,Nitesh Tiwari
Richa Pallod,no,2002,Kuch Tum Kaho Kuch Hum Kahein,,yes,K. Ravi Shankar
Richa Pallod,no,2004,Kaun Hai Jo Sapno Mein Aaya,,no,Rajesh Bhatt
Richa Pallod,no,2005,Neal 'n' Nikki,10.43,yes,Arjun Sablok
Richa Pallod,no,2008,Rab Ne Bana Di Jodi,157.00,yes,Aditya Chopra
Riddhi Dogra,no,2023,Lakadbaggha,,no,Victor Mukherjee
Riddhi Dogra,no,2024,The Sabarmati Report,31.31,no,Dheeraj Sarna
Riddhi Sen,no,2018,Helicopter Eela,8.24,yes,Pradeep Sarkar
Ridhima Singh,no,2025,Humans in the Loop,,no,Aranya Sahay
Ridhima Sud,no,2015,Kajarya,,no,Madhureeta Anand
Rijul Ray,no,2024,"Love, Sitara",,no,Vandana Kataria
Rimi Sen,no,2003,Baghban,43.11,yes,Ravi Chopra
Rimi Sen,no,2003,Hungama,21.25,yes,Priyadarshan
Rimi Sen,no,2004,Dhoom,72.47,yes,Sanjay Gadhvi
Rimi Sen,no,2005,Deewane Huye Paagal,26.50,yes,Vikram Bhatt
Rimi Sen,no,2005,Garam Masala,64.65,no,Priyadarshan
Rimi Sen,no,2006,Dhoom 2,151.00,yes,Sanjay Gadhvi
Rimi Sen,no,2006,Golmaal: Fun Unlimited,41.25,yes,Rohit Shetty
Rimi Sen,no,2006,Phir Hera Pheri,69.00,no,Neeraj Vora
Rimi Sen,no,2007,Hattrick,,no,Milan Luthria
Rimi Sen,no,2007,Johnny Gaddaar,5.68,no,Sriram Raghavan
Rimi Sen,no,2008,De Taali,,no,Eeshwar Nivas
Rimi Sen,no,2009,Horn 'Ok' Pleassss,,no,Rakesh Sarang
Rimi Sen,no,2009,Sankat City,,no,Pankaj Advani
Rimi Sen,no,2011,Shagird,,no,Tigmanshu Dhulia
Rimi Sen,no,2011,Thank You,104.00,yes,Anees Bazmee
Rina Rani,no,2024,Kooki,,no,Pranab J Deka
Rinke Khanna,yes,2000,Jis Desh Mein Ganga Rehta Hain,,yes,Mahesh Manjrekar
Rinke Khanna,yes,2001,Mujhe Kucch Kehna Hai,30.99,yes,Satish Kaushik
Rinke Khanna,yes,2002,Yeh Hai Jalwa,10.88,yes,David Dhawan
Rinke Khanna,yes,2003,Jhankaar Beats,,yes,Sujoy Ghosh
Rinke Khanna,yes,2003,Praan Jaye Par Shaan Na Jaye,2.35,yes,Sanjay Manjrekar
Rinke Khanna,yes,2004,Chameli,,yes,Sudhir Mishra
Rinku Patel,no,2009,Suno Na.. Ek Nanhi Aawaz,,no,Amy Thanawala
Rinku Rajguru,no,2021,200 – Halla Ho,,no,Sarthak Dasgupta
Rinku Rajguru,no,2021,Ankahi Kahaniya,,no,Ashwiny Iyer Tiwari Abhishek Chaubey Saket Chaudhary
Rinku Rajguru,no,2022,Jhund,15.16,no,Nagraj Manjule
Rinzing Denzongpa,no,2021,Squad,,no,Nilesh Sahay
Rishaab Chauhaan,no,2019,Marne Bhi Do Yaaron,,no,Kashmera Shah
Rishabh,no,2009,Yeh Pal Ho Na Ho kal,,no,Ravi Pun
Rishabh Arora,no,2016,Ghayal: Once Again,45.35,yes,Sunny Deol
Rishabh Pathak,no,2025,The Networker,,no,Vikas Kumar Vishwakarma
Rishabh Sinha,no,2020,Unlock,,no,Debatma Mandal
Rishi Bhutani,no,2015,Jai Jawaan Jai Kisaan,,no,Milan Ajmera
Rishi Bissa,no,2025,Rasa,,no,Angith Jayaraj Preetish Jayaraj
Rishi Kapoor,yes,2000,Karobaar: The Business of Love,2.84,yes,Rakesh Roshan
Rishi Kapoor,yes,2000,Raju Chacha,20.92,yes,Anil Devgan
Rishi Kapoor,yes,2001,Kuch Khatti Kuch Meethi,10.55,yes,Rahul Rawail
Rishi Kapoor,yes,2002,Yeh Hai Jalwa,10.88,yes,David Dhawan
Rishi Kapoor,yes,2003,Kucch To Hai,11.00,yes,Anurag Basu
Rishi Kapoor,yes,2003,Tehzeeb,,yes,Khalid Mohamed
Rishi Kapoor,yes,2004,Hum Tum,43.22,yes,Kunal Kohli
Rishi Kapoor,yes,2005,Pyaar Mein Twist,1.32,yes,Hriday Shetty
Rishi Kapoor,yes,2006,Fanaa,103.00,yes,Kunal Kohli
Rishi Kapoor,yes,2006,Love Ke Chakkar Mein,,yes,B. H. Tharunkumar
Rishi Kapoor,yes,2007,Namastey London,71.40,yes,Vipul Amrutlal Shah
Rishi Kapoor,yes,2008,Thoda Pyaar Thoda Magic,37.25,yes,Kunal Kohli
Rishi Kapoor,yes,2009,Chintu Ji,,yes,Ranjit Kapoor
Rishi Kapoor,yes,2009,Delhi-6,52.17,yes,Rakeysh Omprakash Mehra
Rishi Kapoor,yes,2009,Kal Kissne Dekha,,yes,Vivek Sharma
Rishi Kapoor,yes,2009,Love Aaj Kal,119.52,yes,Imtiaz Ali
Rishi Kapoor,yes,2009,Luck by Chance,29.00,yes,Zoya Akhtar
Rishi Kapoor,yes,2010,Do Dooni Chaar,,yes,Habib Faisal
Rishi Kapoor,yes,2010,Sadiyaan,,yes,Raj Kanwar
Rishi Kapoor,yes,2011,Patiala House,35.30,yes,Nikhil Advani
Rishi Kapoor,yes,2011,Tell Me O Kkhuda,,yes,Hema Malini
Rishi Kapoor,yes,2012,Agneepath,193.00,yes,Karan Malhotra
Rishi Kapoor,yes,2012,Housefull 2,179.15,yes,Sajid Khan
Rishi Kapoor,yes,2012,Student of the Year,,yes,Karan Johar
Rishi Kapoor,yes,2013,Aurangzeb,35.41,yes,Atul Sabharwal
Rishi Kapoor,yes,2013,Besharam,102.85,yes,Abhinav Kashyap
Rishi Kapoor,yes,2013,D Day,24.00,yes,Nikhil Advani
Rishi Kapoor,yes,2013,Shuddh Desi Romance,76.00,yes,Maneesh Sharma
Rishi Kapoor,yes,2014,Bewakoofiyaan,22.20,yes,Nupur Asthana
Rishi Kapoor,yes,2014,Kaanchi: The Unbreakable,,yes,Subhash Ghai
Rishi Kapoor,yes,2015,All Is Well,18.02,yes,Umesh Shukla
Rishi Kapoor,yes,2015,Wedding Pullav,,yes,Binod Pradhan
Rishi Kapoor,yes,2016,Kapoor & Sons,143.29,yes,Shakun Batra
Rishi Kapoor,yes,2016,Sanam Re,31.46,yes,Divya Khosla Kumar
Rishi Kapoor,yes,2017,Patel Ki Punjabi Shaadi,,yes,Sanjay Chhel
Rishi Kapoor,yes,2018,102 Not Out,115.30,yes,Umesh Shukla
Rishi Kapoor,yes,2018,Mulk,28.33,yes,Anubhav Sinha
Rishi Kapoor,yes,2018,Rajma Chawal,,yes,Leena Yadav
Rishi Kapoor,yes,2019,Jhootha Kahin Ka,2.57,yes,Smeep Kang
Rishi Kapoor,yes,2019,The Body,3.47,yes,Jeethu Joseph
Rishi Kapoor,yes,2022,Sharmaji Namkeen,,yes,Hitesh Bhatia
Rishi Saxena,no,2024,Malhar,,no,Vishal Kumbhar
Rishi Verma,no,2015,Ishq Ke Parindey,,no,Shakir Khan
Rishi Verma,no,2017,Romeo-N-Bullet,,no,Aditya Kumar
Rishma Malik,no,2001,Love You Hamesha,,no,Kailash Surendranath
Rita Bhaduri,no,2002,Mulaqaat,,no,K. Ravi Shankar
Ritabhari Chakraborty,no,2018,Pari,41.40,no,Prosit Roy
Riteish Deshmukh,no,2003,Tujhe Meri Kasam,14.36,no,K. Vijaya Bhaskar
Riteish Deshmukh,no,2004,Masti,34.14,yes,Indra Kumar
Riteish Deshmukh,no,2005,Bluffmaster!,32.70,yes,Rohan Sippy
Riteish Deshmukh,no,2005,Kyaa Kool Hai Hum,22.85,yes,Sangeeth Sivan
Riteish Deshmukh,no,2005,Mr Ya Miss,,no,Antara Mali
Riteish Deshmukh,no,2006,Apna Sapna Money Money,20.73,no,Sangeeth Sivan
Riteish Deshmukh,no,2006,Darna Zaroori Hai,10.65,no,Ram Gopal Varma
Riteish Deshmukh,no,2006,Fight Club: Members Only,8.88,yes,Vikram Chopra
Riteish Deshmukh,no,2007,Cash,29.30,yes,Anubhav Sinha
Riteish Deshmukh,no,2007,Dhamaal,50.73,yes,Indra Kumar
Riteish Deshmukh,no,2007,Heyy Babyy,84.00,yes,Sajid Khan
Riteish Deshmukh,no,2007,Namastey London,71.40,yes,Vipul Amrutlal Shah
Riteish Deshmukh,no,2008,Chamku,3.09,yes,Kabeer Kaushik
Riteish Deshmukh,no,2008,De Taali,,no,Eeshwar Nivas
Riteish Deshmukh,no,2009,Aladin,10.89,yes,Sujoy Ghosh
Riteish Deshmukh,no,2009,Do Knot Disturb,,yes,David Dhawan
Riteish Deshmukh,no,2009,Kal Kissne Dekha,,yes,Vivek Sharma
Riteish Deshmukh,no,2010,Housefull,114.18,no,Sajid Khan
Riteish Deshmukh,no,2010,Jaane Kahan Se Aayi Hai,,no,Milap Zaveri
Riteish Deshmukh,no,2011,Double Dhamaal,70.54,yes,Indra Kumar
Riteish Deshmukh,no,2011,F.A.L.T.U,,yes,Remo D'Souza
Riteish Deshmukh,no,2012,Housefull 2,179.15,yes,Sajid Khan
Riteish Deshmukh,no,2012,Kyaa Super Kool Hain Hum,60.77,yes,Sachin Yardi
Riteish Deshmukh,no,2012,Tere Naal Love Ho Gaya,32.61,no,Mandeep Kumar
Riteish Deshmukh,no,2013,Grand Masti,148.23,yes,Indra Kumar
Riteish Deshmukh,no,2013,Himmatwala,68.87,no,Sajid Khan
Riteish Deshmukh,no,2014,Ek Villain,169.62,no,Mohit Suri
Riteish Deshmukh,no,2014,Humshakals,105.28,yes,Sajid Khan
Riteish Deshmukh,no,2015,Bangistan,,no,Karan Anshuman
Riteish Deshmukh,no,2016,Banjo,13.24,no,Ravi Jadhav
Riteish Deshmukh,no,2016,Great Grand Masti,20.00,yes,Indra Kumar
Riteish Deshmukh,no,2016,Housefull 3,194.94,yes,Sajid-Farhad
Riteish Deshmukh,no,2016,Kyaa Kool Hain Hum 3,33.14,no,Umesh Ghadge
Riteish Deshmukh,no,2016,Mastizaade,36.44,no,Milap Milan Zaveri
Riteish Deshmukh,no,2017,Bank Chor,9.85,yes,Bumpy
Riteish Deshmukh,no,2019,Marjaavaan,65.34,no,Milap Milan Zaveri
Riteish Deshmukh,no,2019,Total Dhamaal,228.27,no,Indra Kumar
Riteish Deshmukh,no,2020,Baaghi 3,137.05,yes,Ahmed Khan
Riteish Deshmukh,no,2022,Mister Mummy,,no,Shaad Ali
Riteish Deshmukh,no,2022,Plan A Plan B,,no,Shashanka Ghosh
Riteish Deshmukh,no,2024,Kakuda,,yes,Aditya Sarpotdar
Riteish Deshmukh,no,2024,Visfot,,yes,Kookie Gulati
Riteish Deshmukh,no,2025,Housefull 5,242.80,yes,Tarun Mansukhani
Riteish Deshmukh,no,2025,Mastiii 4,15.14,yes,Milap Zaveri
Riteish Deshmukh,no,2025,Raid 2,243.06,no,Raj Kumar Gupta
Ritesh Deshmukh,no,2003,Out of Control,,no,"Apurva Asrani , Ramanjit Juneja"
Ritesh Deshmukh,no,2004,Bardaasht,,yes,E.Nivas
Ritesh Deshmukh,no,2004,Naach,,yes,Ram Gopal Varma
Ritesh Deshmukh,no,2006,Malamaal Weekly,42.76,yes,Priyadarshan
Ritesh Deshmukh,no,2009,Aao Wish Karein,,no,Glenn Baretto
Ritesh Deshmukh,no,2010,Jhootha Hi Sahi,15.60,yes,Abbas Tyrewala
Ritesh Deshmukh,no,2010,Rann,13.70,no,Ram Gopal Varma
Ritesh Deshmukh,no,2019,Housefull 4,280.27,yes,Farhad Samji
Rithvik Dhanjani,no,2011,Jo Hum Chahein,,no,Pawan Gill
Ritika Badiani,no,2020,Chaman Bahaar,,no,Apurva Dhar Badgaiyann
Ritika Singh,no,2016,Saala Khadoos,,no,Sudha Kongara Prasad
Ritika Singh,no,2023,InCar,,no,Harsh Warrdhan
Ritisha Khaund,no,2024,Kooki,,no,Pranab J Deka
Rituparna Sen,no,2005,"Main, Meri Patni Aur Woh",3.37,no,Chandan Arora
Rituparna Sengupta,no,2007,Gauri: The Unborn,,no,Akku Akbar
Rituparna Sengupta,no,2009,Love Khichdi,,no,Srinivas Bhashyam
Rituparna Sengupta,no,2010,...And Once Again,,no,Amol Palekar
Rituparna Sengupta,no,2010,Bumm Bumm Bole,1.34,no,Priyadarshan
Rituparna Sengupta,no,2010,Dunno Y... Na Jaane Kyon,,no,Sanjay Sharma
Rituparna Sengupta,no,2010,Mittal v/s Mittal,,no,Karan Razdan
Rituparna Sengupta,no,2011,Aagaah: The Warning,,no,Karan Razdan
Rituparna Sengupta,no,2012,Aalaap,,no,Manish Manikpuri
Rituparna Sengupta,no,2013,Calapor,,no,Dinesh P. Bhonsle
Rituparna Sengupta,no,2021,Bansuri: The Flute,,no,Hari Viswanath
Rituparna Sengupta,no,2025,Kaal Trighori,,yes,Nitin Vaidya
Rituparno Ghosh,no,2011,Memories in March,,no,Sanjoy Nag
Rituraj Singh,no,2009,Tum Mile,13.40,yes,Kunal Deshmukh
Rituraj Singh,no,2017,Badrinath Ki Dulhania,200.45,yes,Shashank Khaitan
Ritvik Sahore,no,2012,Ferrari Ki Sawaari,45.69,no,Rajesh Mapuskar
Ritwik Bhowmik,no,2022,Maja Ma,,no,Anand Tiwari
Riva Arora,no,2020,Kaali Khuhi,,no,Terrie Samundra
Riva Kishan,no,2020,Sab Kushal Mangal,0.45,yes,Karan Vishwanath Kashyap
Riya Baluni,no,2024,Phooli,,no,Avinash Dhyani
Riya Sen,no,2001,Style,8.84,no,N. Chandra
Riya Sen,no,2003,Jhankaar Beats,,yes,Sujoy Ghosh
Riya Sen,no,2003,Qayamat: City Under Threat,28.52,yes,Harry Baweja
Riya Sen,no,2004,Plan,10.83,yes,Hriday Shetty
Riya Sen,no,2005,James,,no,Rohit Jugraj
Riya Sen,no,2005,Shaadi No. 1,20.49,yes,David Dhawan
Riya Sen,no,2005,Silsiilay,,no,Khalid Mohamed
Riya Sen,no,2006,Apna Sapna Money Money,20.73,no,Sangeeth Sivan
Riya Sen,no,2008,Heroes,25.44,yes,Samir Karnik
Riya Sen,no,2009,Paying Guests,,no,Paritossh Painter
Riya Sen,no,2010,Benny and Babloo,,no,Yunus Sajawal
Riya Sen,no,2011,Tere Mere Phere,,no,Deepa Sahi
Riya Sen,no,2012,3 Bachelors,,no,Ajay Sinha
Riya Sen,no,2013,Zindagi 50-50,11.00,yes,Rajiv S. Ruia
Riya Vij,no,2013,Gippi,,no,Sonam Nair
Riyaz Anwar,no,2022,Haemolymph,,no,Sudarshan Gamare
Riyaz Khan,no,2008,Ghajini,232.00,yes,A. R. Murugadoss
Rizwan Haider,no,2011,I Am Singh,,no,Puneet Issar
Rizwan Qazi,no,2014,Akela The Alone,,no,Abrar Qazi
Roaleey Ryan,no,2021,Faactory,,yes,Faisal Khan
Robin Das,no,2023,Love All,,no,Sudhanshu Sharma
Rocky Bhatia,no,2004,Stop!,,no,Ajai Sinha
Rocky Rupkumar Patra,no,2024,Nasha Jurm Aur Gangsters,,no,Rajkumar Patra
Rocky Verma,no,2015,P Se PM Tak,,no,Kundan Shah
Rohan Grover,no,2011,Chillar Party,,yes,"Vikas Bahl , Nitesh Tiwari"
Rohan Jardosh,no,2013,Amdavad Junction,,no,Apurv Bajpai
Rohan Mehra,no,2013,Sixteen,,no,Raj Purohit
Rohan Mehra,no,2018,Baazaar,,yes,Gauravv K. Chawla
Rohan Mehra,no,2021,420 IPC,,no,Manish Gupta
Rohan Mehra,no,2024,Adbhut,,no,Sabbir Khan
Rohan Shah,no,2011,Masti Express,,no,Vikram Pradhan
Rohan Shah,no,2020,Hacked,1.82,no,Vikram Bhatt
Rohin Robert,no,2012,Sadda Adda,,no,Muazzam Beg
Rohit Arora,no,2012,Sadda Adda,,no,Muazzam Beg
Rohit Bakshi,no,2013,Dehraadun Diary,,no,Milind Ukey
Rohit Bal,no,2001,Love You Hamesha,,no,Kailash Surendranath
Rohit Chaudhary,no,2025,Shaila,,no,Saki Shah
Rohit Juneja,no,2014,Room – The Mystery,,no,Faizal Khan
Rohit KaduDeshmukh and,no,2017,Golmaal Again,311.05,yes,Rohit Shetty
Rohit Kokate,no,2019,Jaoon Kahan Bata Ae Dil,,no,Aadish Keluskar
Rohit Kokate,no,2022,Haemolymph,,no,Sudarshan Gamare
Rohit Kumar,no,2018,Shaadi Teri Bajayenge Hum Band,,no,Gurpreet Sondh
Rohit Raaj,no,2023,Mystery of the Tattoo,,no,Kalaiarasi Sathappan Ganesh Mahadevan
Rohit Rajawat,no,2013,Pyaar Mein Aisa Hota Hai,,no,Rajesh Kumar
Rohit Rokhade,no,2020,Ram Singh Charlie,,no,Nitin Kakkar
Rohit Roy,no,2004,Ab... Bas!,,no,Rajesh Singh
Rohit Roy,no,2004,Plan,10.83,yes,Hriday Shetty
Rohit Roy,no,2005,Ek Khiladi Ek Haseena,7.88,yes,Suparn Verma
Rohit Roy,no,2007,Delhii Heights,0.99,no,Anand Kumar
Rohit Roy,no,2007,Shootout at Lokhandwala,46.04,yes,Apoorva Lakhia
Rohit Roy,no,2008,Don Muthu Swami,,no,Ashim Samanta
Rohit Roy,no,2008,Fashion,39.29,yes,Madhur Bhandarkar
Rohit Roy,no,2010,Apartment,,no,Jagmohan Mundhra
Rohit Roy,no,2010,Mittal v/s Mittal,,no,Karan Razdan
Rohit Roy,no,2017,Kaabil,208.14,yes,Sanjay Gupta
Rohit Roy,no,2021,Mumbai Saga,22.29,yes,Sanjay Gupta
Rohit Roy,no,2022,Forensic,,no,Vishal Furia
Rohit Roy,no,2025,Controll,,no,Safdar Abbas
Rohit Saraf,no,2024,Ishq Vishk Rebound,6.13,yes,Nipun Dharmadhikari
Rohit Saraf,no,2024,Woh Bhi Din The,,no,Sajid Ali
Rohit Saraf,no,2025,Sunny Sanskari Ki Tulsi Kumari,99.39,yes,Shashank Khaitan
Rohit Suresh Saraf,no,2019,The Sky Is Pink,34.41,no,Shonali Bose
Rohit Suresh Saraf,no,2020,Ludo,,yes,Anurag Basu
Rohitash Gaud,no,2008,Aamir,,no,Rajkumar Gupta
Romit Raj,no,2005,Hum Dum,,no,Kushan Nandy
Ronit Bose Roy,no,2024,Bade Miyan Chote Miyan,102.16,yes,Ali Abbas Zafar
Ronit Roy,no,2005,Kisna: The Warrior Poet,,yes,Subhash Ghai
Ronit Roy,no,2010,Pankh,0.20,no,Sudipto Chattopadhyaya
Ronit Roy,no,2010,Udaan,33.50,no,Vikramaditya Motwane
Ronit Roy,no,2013,Boss,102.82,no,Anthony D'Souza
Ronit Roy,no,2013,Shootout at Wadala,82.00,no,Sanjay Gupta
Ronit Roy,no,2014,2 States,172.99,yes,Abhishek Varman
Ronit Roy,no,2014,Ugly,6.24,no,Anurag Kashyap
Ronit Roy,no,2016,Dongri Ka Raja,,no,Hadi Ali Abrar
Ronit Roy,no,2017,Kaabil,208.14,yes,Sanjay Gupta
Ronit Roy,no,2017,Lucknow Central,16.95,no,Ranjit Tiwari
Ronit Roy,no,2019,Arjun Patiala,9.26,no,Rohit Jugraj
Ronit Roy,no,2019,Line of Descent,,yes,Rohit Karn Batra
Ronit Roy,no,2022,Liger,,no,Puri Jagannadh
Ronit Roy,no,2023,Bloody Daddy,,yes,Ali Abbas Zafar
Ronit Roy,no,2023,Farrey,2.25,yes,Soumendra Padhi
Ronit Roy,no,2023,Gumraah,10.68,yes,Vardhan Ketkar
Ronit Roy,no,2025,Maa,51.64,yes,Vishal Furia
Roopa Ganguly,no,2009,Chowrasta Crossroads of Love,,no,Anjan Dutt
Roopa Ganguly,no,2015,Ek Adbhut Dakshina Guru Dakshina,,no,Kiran Phadnis
Roselyn Dsouza,no,2014,Room – The Mystery,,no,Faizal Khan
Roshan Mathew,no,2019,Moothon,,no,Geetu Mohandas
Roshan Mathew,no,2020,Choked,,no,Anurag Kashyap
Roshan Mathew,no,2024,Ulajh,11.05,yes,Sudhanshu Saria
Roshni,no,2014,Kaho Na Kaho,,no,Sanjay Niranjan
Roshni Chopra,no,2004,Let's Enjoy,,no,"Ankur Tewari , Siddharth Anand Kumar"
Roshni Chopra,no,2011,Phhir,,no,Girish Dhamija
Roushika Reikhi,no,2014,Neighbours,,no,Shyam Ramsay
Rrajesh Yadav,no,2024,Pad Gaye Pange,,no,Santosh Kumar
Rubina Dilaik,no,2022,Ardh,,no,Palash Muchhal
Rucha Gujarati,no,2009,Lottery,,no,Hemant Prabhu
Rucha Inamdar,no,2020,Operation Parindey,,no,Sanjay Gadhvi
Rucha Inamdar,no,2023,Minus 31: The Nagpur Files,0.06,no,Pratik Moitro
Ruchika Kapoor,no,2018,Laila Majnu,11.50,no,Sajid Ali
Ruchira Jadhav,no,2022,Haemolymph,,no,Sudarshan Gamare
Rudhraksh Jaiswal,no,2023,The Tenant,,no,Sushrut Jain
Rudra Kanth,no,2021,D Company,,no,Ram Gopal Varma
Rudraksh Pundhir,no,2014,Pyar Ka Live Show,,no,Shailendra Singh Rajput
Rufy Khan,no,2010,Kuchh Kariye,,no,Jagbir Dahiya
Rufy Khan,no,2014,Neighbours,,no,Shyam Ramsay
Rufy Khan,no,2016,Dhara 302,,no,Jitender Singh Narukal
Ruhani Sharma,no,2025,Agra,,no,Kanu Behl
Ruhi Singh,no,2016,Ishq Forever,,no,Sameer Sippy
Ruhi Singh,no,2025,Mastiii 4,15.14,yes,Milap Zaveri
Rukhsar,no,2011,Kaccha Limboo,,no,Sagar Ballary
Rukhsar Rehman,no,2009,The Stoneman Murders,,yes,Manish Gupta
Rukhsar Rehman,no,2010,Benny and Babloo,,no,Yunus Sajawal
Rukhsar Rehman,no,2012,Life Ki Toh Lag Gayi,0.32,no,Rakesh Mehta
Rukmini Maitra,no,2021,Sanak,,no,Kanishk Varma
Rukmini Vijayakumar,no,2016,Final Cut of Director,,no,Bharathiraja
Rukshar Dhillon,no,2020,Bhangra Paa Le,0.52,yes,Sneha Taurani
Rumana Molla,no,2021,Bawri Chhori,,no,Kartik Ramalingam
Rupa Bhimani,no,2012,Chhota Bheem and the Curse of Damyaan,5.51,no,Rajiv Chilaka
Rupa Bhimani,no,2024,Appu,,no,Prosenjit Ganguly
Rupa Dutta,no,2005,Saathi: The Companion,,no,Faaiz Anwar
Rupali Ganguly,no,2011,Satrangee Parachute,,no,Vineet Khetrapal
Rupinder Nagra,no,2009,Kurbaan,42.90,yes,Rensil D'Silva
Rupinder Nagra,no,2017,Simran,27.25,no,Hansal Mehta
Rushad Rana,no,2005,Mr Ya Miss,,no,Antara Mali
Rushad Rana,no,2009,8 x 10 Tasveer,23.58,no,Nagesh Kukunoor
Rushad Rana,no,2015,Bumper Draw,,no,Irshad Khan
Ruslaan Mumtaz,no,2007,MP3: Mera Pehla Pehla Pyaar,,no,Robbie Grewal
Ruslaan Mumtaz,no,2009,Teree Sang,,no,Satish Kaushik
Ruslaan Mumtaz,no,2010,Jaane Kahan Se Aayi Hai,,no,Milap Zaveri
Ruslaan Mumtaz,no,2013,I Don't Luv U,,no,Amit Kasaria
Ruslaan Mumtaz,no,2016,Khel Toh Ab Shuru Hoga,,no,Kunal V Singh
Ruslaan Mumtaz,no,2021,Oye Mamu,,no,Vikram Singh
Ruslaan Mumtaz,no,2022,Ajay Wardhan,,no,Pragati Agarwal
Ryanna Skye,no,2025,My Melbourne,,no,Kabir Khan Rima Das Onir Imtiaz Ali
S. M. Zaheer,no,2004,Police Force: An Inside Story,1.80,no,Dilip Shukla
S. Sreesanth,no,2019,Cabaret,,no,Kaustav Narayan Niyogi
Saachi Bindra,no,2025,Mannu Kya Karegga,,no,Ssanjay Tripaathy
Saachi Tiwari,no,2015,Rolling Dream,,no,Maahi Kaur
Saadat Khan,no,2024,All India Rank,0.35,no,Varun Grover
Saadhika,no,2005,Bullet: Ek Dhamaka,,no,Irfan Khan
Saadhika Randhawa,no,2003,2 October,,no,Sunil Tiwari
Saadhika Randhawa,no,2009,Meri Padosan,,no,Prakash Saini
Saahil Prem,no,2014,Mad About Dance,,no,Saahil Prem
Saanand Verma,no,2023,Darran Chhoo,,no,Bharat Ratan
Saba Azad,no,2011,Mujhse Fraaandship Karoge,,no,Nupur Asthana
Saba Azad,no,2025,Songs of Paradise,,no,Danish Renzu
Saba Qamar,no,2017,Hindi Medium,334.36,no,Saket Chaudhary
Sabah Kapoor,no,2018,Khajoor Pe Atke,,no,Harsh Chhaya
Sabina Sheema,no,2010,Nakshatra,,no,Mohan Savalkar
Sachet Engineer,no,2007,Taare Zameen Par,98.48,yes,Aamir Khan
Sachi Ruia,no,2016,Saansein,,no,Rajiv S. Ruia
Sachiin J Joshi,no,2013,Jackpot,5.00,no,Kaizad Gustad
Sachiin J. Joshi,no,2011,Aazaan,,no,Prashant Chadha
Sachiin Joshi,no,2013,Mumbai Mirror,,no,Ankush Bhatt
Sachiin Joshi,no,2016,Veerappan,,no,Ram Gopal Varma
Sachiin Joshi,no,2019,Amavas,3.60,no,Bhushan Patel
Sachin,no,2017,Qaidi Band,,yes,Habib Faisal
Sachin Chaubey,no,2017,Babumoshai Bandookbaaz,12.60,no,Kushan Nandy
Sachin Chaudhary,no,2020,Atkan Chatkan,,no,Shiv Hare
Sachin Khari,no,2019,Risknamaa,,no,Aarun Nagar
Sachin Khedekar,no,2000,Astitva,2.16,yes,Mahesh Manjrekar
Sachin Khedekar,no,2000,Lekroo,,no,Shrabani Deodhar
Sachin Khedekar,no,2004,Netaji Subhas Chandra Bose: The Forgotten Hero,1.25,no,Shyam Benegal
Sachin Khedekar,no,2008,Woodstock Villa,20.00,yes,Hansal Mehta
Sachin Khedekar,no,2009,13B,23.00,no,Vikram K. Kumar
Sachin Khedekar,no,2009,Tum Mile,13.40,yes,Kunal Deshmukh
Sachin Khedekar,no,2009,Zor Lagaa Ke...Haiya!,,no,Girish Girija Joshi
Sachin Khedekar,no,2011,Bubble Gum,,no,Sanjivan Lal
Sachin Khedekar,no,2012,Arjun: The Warrior Prince,,no,Arnab Chaudhuri
Sachin Khedekar,no,2012,Chhodo Kal Ki Baatein,,no,Pramod Joshi
Sachin Khedekar,no,2012,Ekk Deewana Tha,8.55,yes,Gautham Vasudev Menon
Sachin Khedekar,no,2014,Anuradha,,no,Raju Mavani
Sachin Khedekar,no,2014,Rang Rasiya,,no,Ketan Mehta
Sachin Khedekar,no,2016,Traffic,11.65,no,Rajesh Pillai
Sachin Khedekar,no,2017,Ek Thi Rani Aisi Bhi,,no,Gulbahar Singh
Sachin Khedekar,no,2017,Judwaa 2,227.59,yes,David Dhawan
Sachin Khedekar,no,2020,Halahal,,no,Randeep Jha
Sachin Khedekar,no,2021,The Power,,yes,Mahesh Manjrekar
Sachin Khedekar,no,2023,Mumbaikar,,no,Santosh Sivan
Sachin Khedekar,no,2025,Inspector Zende,,no,Chinmay Mandlekar
Sachin Parikh,no,2024,Bajrang Aur Ali,,no,Jaiveer
Sachin Pilgaonkar,no,2012,Krishna Aur Kans,,no,Vikram Veturi
Sachin Suvarna,no,2016,Dongri Ka Raja,,no,Hadi Ali Abrar
Sachin Tendulkar,no,2017,Sachin: A Billion Dreams,76.86,no,James Erskine
Sadashiv Amrapurkar,no,2013,Bombay Talkies,10.00,yes,"Anurag Kashyap , Karan Johar , Zoya Akhtar , Dibakar Banerjee"
Sadha,no,2010,Click,1.60,no,Sangeeth Sivan
Sadha,no,2016,Dil Toh Deewana Hai,,no,Raja Bundela
Sadhana Singh,no,2016,Jugni,,no,Shefali Bhushan
Sadhana Singh,no,2025,Kaisi Ye Paheli,,no,Ananyabrata Chakravorty
Sadia Khateeb,no,2020,Shikara,8.15,no,Vidhu Vinod Chopra
Sadia Khateeb,no,2025,The Diplomat,53.14,no,Shivam Nair
Sadiya Siddiqui,no,2003,Raghu Romeo,,no,Rajat Kapoor
Sadiya Siddiqui,no,2022,Holy Cow,,no,Sai Kabir
Sadiya Siddiqui,no,2024,Chote Nawab,,no,Kumud Chaudhary
Sagar Arya,no,2020,London Confidential,,no,Kanwal Sethi
Sagar Wahi,no,2023,Panch Kriti,,no,Sannjoy Bhargv
Sagarika Ghatge,no,2007,Chak De! India,109.00,no,Shimit Amin
Sagarika Ghatge,no,2009,Fox,,yes,Deepak Tijori
Sagarika Ghatge,no,2011,Miley Naa Miley Hum,,no,Tanveer Khan
Sagarika Ghatge,no,2012,Rush,4.60,yes,"Shamin Desai, Priyanka Desai"
Saharsh Shukla,no,2019,Chhichhore,215.41,yes,Nitesh Tiwari
Sahher Bambba,no,2019,Pal Pal Dil Ke Paas,10.00,yes,Sunny Deol
Sahidur Rahaman,no,2025,Stolen,,no,Karan Tejpal
Sahil Anand,no,2014,Babloo Happy Hai,,no,Nila Madhab Panda
Sahil Anand,no,2016,Hai Apna Dil Toh Awara,,no,Monjoy Mukerji
Sahil Anand,no,2016,Love Day - Pyaar Ka Din,,no,"Sandeep Choudhary, Harish Kotian"
Sahil Gupta,no,2004,Let's Enjoy,,no,"Ankur Tewari , Siddharth Anand Kumar"
Sahil Khan,no,2001,Style,8.84,no,N. Chandra
Sahil Khan,no,2003,Xcuse Me,,no,N. Chandra
Sahil Khan,no,2005,Double Cross - Ek Dhoka,,no,Vicky Tejwani
Sahil Khan,no,2009,Aladin,10.89,yes,Sujoy Ghosh
Sahil Khan,no,2010,Ramaa: The Saviour,,no,Haadi Abrar
Sahil Khattar,no,2021,200 – Halla Ho,,no,Sarthak Dasgupta
Sahil Mehta,no,2023,Farrey,2.25,yes,Soumendra Padhi
Sahil Patel,no,2020,Pagleaazam,,no,"Vikas P Kavvthekaar, Aps Raghuvanshi"
Sahil Vaid,no,2017,Badrinath Ki Dulhania,200.45,yes,Shashank Khaitan
Sahil Vaid,no,2020,Dil Bechara,,yes,Mukesh Chhabra
Sahil Vaid,no,2021,Shershaah,,no,Vishnuvardhan
Sahil Vaid,no,2021,Silence... Can You Hear It?,,no,Aban Bharucha Deohans
Sahil Vaid,no,2023,Chatrapathi,,no,V. V. Vinayak
Sahil Vaid,no,2024,Silence 2: The Night Owl Bar Shootout,,no,Aban Bharucha Deohans
Sahira Nair,no,2007,The Namesake,,no,Mira Nair
Sai Lokur,no,2015,Kis Kisko Pyaar Karoon,71.60,no,Abbas–Mustan
Sai Tamhankar,no,2013,Wake Up India,,no,Babloo Seshadri
Sai Tamhankar,no,2015,Hunterrr,11.20,no,Harshavardhan Kulkarni
Sai Tamhankar,no,2018,Love Sonia,,no,Tabrez Noorani
Sai Tamhankar,no,2021,Mimi,,no,Laxman Utekar
Sai Tamhankar,no,2022,India Lockdown,,yes,Madhur Bhandarkar
Sai Tamhankar,no,2024,Agni,,no,Rahul Dholakia
Sai Tamhankar,no,2024,Bhakshak,,no,Pulkit
Sai Tamhankar,no,2025,Ground Zero,,yes,Tejas Prabha Vijay Deoskar
Saiee Manjrekar,no,2019,Dabangg 3,230.93,yes,Prabhu Deva
Saiee Manjrekar,no,2022,Major,,no,Sashi Kiran Tikka
Saiee Manjrekar,no,2024,Auron Mein Kahan Dum Tha,12.91,no,Neeraj Pandey
Saiee Manjrekar,no,2024,Kuch Khattaa Ho Jaay,1.50,no,G. Ashok
Saif Ali Khan,yes,2000,Kya Kehna,2.17,yes,Kundan Shah
Saif Ali Khan,yes,2001,Dil Chahta Hai,39.72,yes,Farhan Akhtar
Saif Ali Khan,yes,2001,Love Ke Liye Kuchh Bhi Karega,10.33,yes,E. Niwas
Saif Ali Khan,yes,2001,Rehnaa Hai Terre Dil Mein,,yes,Gautham Vasudev Menon
Saif Ali Khan,yes,2002,Na Tum Jaano Na Hum,19.29,yes,Arjun Sablok
Saif Ali Khan,yes,2003,Darna Mana Hai,9.00,yes,Prawaal Raman
Saif Ali Khan,yes,2003,Kal Ho Naa Ho,86.09,yes,Nikhil Advani
Saif Ali Khan,yes,2003,LOC: Kargil,31.67,yes,J. P. Dutta
Saif Ali Khan,yes,2004,Ek Hasina Thi,10.00,yes,Sriram Raghavan
Saif Ali Khan,yes,2004,Hum Tum,43.22,yes,Kunal Kohli
Saif Ali Khan,yes,2005,Parineeta,32.63,yes,Pradeep Sarkar
Saif Ali Khan,yes,2005,Salaam Namaste,75.23,yes,Siddharth Anand
Saif Ali Khan,yes,2006,Being Cyrus,4.60,yes,Homi Adajania
Saif Ali Khan,yes,2006,Omkara,42.00,yes,Vishal Bhardwaj
Saif Ali Khan,yes,2007,Eklavya: The Royal Guard,38.00,yes,Vidhu Vinod Chopra
Saif Ali Khan,yes,2007,Nehlle Pe Dehlla,6.41,yes,Ajay Chandhok
Saif Ali Khan,yes,2007,Ta Ra Rum Pum,70.00,yes,Siddharth Anand
Saif Ali Khan,yes,2008,Race,106.00,yes,Abbas–Mustan
Saif Ali Khan,yes,2008,Roadside Romeo,6.46,yes,Jugal Hansraj
Saif Ali Khan,yes,2008,Tashan,51.00,yes,Vijay Krishna Acharya
Saif Ali Khan,yes,2008,Thoda Pyaar Thoda Magic,37.25,yes,Kunal Kohli
Saif Ali Khan,yes,2009,Kurbaan,42.90,yes,Rensil D'Silva
Saif Ali Khan,yes,2009,Love Aaj Kal,119.52,yes,Imtiaz Ali
Saif Ali Khan,yes,2009,Sanam Teri Kasam,,yes,Lawrence D'Souza
Saif Ali Khan,yes,2011,Aarakshan,64.50,yes,Prakash Jha
Saif Ali Khan,yes,2012,Agent Vinod,73.00,yes,Sriram Raghavan
Saif Ali Khan,yes,2012,Cocktail,125.70,yes,Homi Adajania
Saif Ali Khan,yes,2013,Bullett Raja,53.60,yes,Tigmanshu Dhulia
Saif Ali Khan,yes,2013,Go Goa Gone,39.00,yes,"Raj Nidimoru , Krishna D.K."
Saif Ali Khan,yes,2013,Race 2,175.75,yes,Abbas–Mustan
Saif Ali Khan,yes,2014,Happy Ending,38.00,yes,Raj Nidimoru and Krishna DK
Saif Ali Khan,yes,2014,Humshakals,105.28,yes,Sajid Khan
Saif Ali Khan,yes,2015,Phantom,84.00,yes,Kabir Khan
Saif Ali Khan,yes,2017,Chef,10.60,yes,Raja Krishna Menon
Saif Ali Khan,yes,2017,Rangoon,41.04,yes,Vishal Bhardwaj
Saif Ali Khan,yes,2018,Baazaar,,yes,Gauravv K. Chawla
Saif Ali Khan,yes,2018,Kaalakaandi,10.00,yes,Akshat Verma
Saif Ali Khan,yes,2019,Laal Kaptaan,2.36,yes,Navdeep Singh
Saif Ali Khan,yes,2020,Dil Bechara,,yes,Mukesh Chhabra
Saif Ali Khan,yes,2020,Jawaani Jaaneman,44.77,yes,Nitin Kakkar
Saif Ali Khan,yes,2020,Tanhaji,368.00,yes,Om Raut
Saif Ali Khan,yes,2021,Bhoot Police,,yes,Pavan Kirpalani
Saif Ali Khan,yes,2021,Bunty Aur Babli 2,22.12,yes,Varun V. Sharma
Saif Ali Khan,yes,2022,Vikram Vedha,135.03,yes,Pushkar–Gayathri
Saif Ali Khan,yes,2023,Adipurush,350.00,yes,Om Raut
Saif Ali Khan,yes,2025,Jewel Thief,,yes,Kookie Gulati Robbie Garewal
Saira Mohan,no,2010,Teen Patti,7.63,no,Leena Yadav
Saiyami Kher,no,2016,Mirzya,13.50,yes,Rakeysh Omprakash Mehra
Saiyami Kher,no,2020,Choked,,no,Anurag Kashyap
Saiyami Kher,no,2020,Unpaused,,no,Raj & D.K Nitya Mehra Nikkhil Advani Tannishtha Chatterjee Avinash Arun
Saiyami Kher,no,2023,8 A.M. Metro,,no,Raj R
Saiyami Kher,no,2023,Ghoomer,7.00,yes,R. Balki
Saiyami Kher,no,2024,Agni,,no,Rahul Dholakia
Saiyami Kher,no,2024,Sharmajee Ki Beti,,no,Tahira Kashyap Khurana
Saiyami Kher,no,2025,Jaat,119.24,yes,Gopichand Malineni
Sajal Ali,no,2017,Mom,175.70,yes,Ravi Udyawar
Sajjad Delafrooz,no,2023,Hukus Bukus,,no,Vinay Bharadwaj Saumitra Singh
Sakha Kalyani,no,2014,Machhli Jal Ki Rani Hai,,no,Debaloy Dey
Saksham Dayma,no,2020,Court Martial,,no,Sourabh Srivastava
Sakshi Gulati,no,2008,Contract,,no,Ram Gopal Varma
Sakshi Gulati,no,2010,The Film Emotional Atyachar,,no,Akshay Shere
Sakshi Shivanand,no,2003,Aapko Pehle Bhi Kahin Dekha Hai,,no,Anubhav Sinha
Sakshi Sivanand,no,2007,Jahan Jaaeyega Hamen Paaeyega,,no,Janmendra Ahuja
Sakshi Tanwar,no,2009,Coffee House,,no,Gurbir Grewal
Sakshi Tanwar,no,2016,Dangal,2160.00,yes,Nitesh Tiwari
Sakshi Tanwar,no,2018,Mohalla Assi,,yes,Chandraprakash Dwivedi
Sakshi Tanwar,no,2021,Dial 100,,no,Rensil D'Silva
Sakshi Tanwar,no,2024,Sharmajee Ki Beti,,no,Tahira Kashyap Khurana
Salamn Bhatt,no,2022,Hai Tujhe Salaam India,,no,Avanish Kumar
Salil Acharya,no,2007,Awarapan,,yes,Mohit Suri
Salil Acharya,no,2014,3 A.M.,,no,Vishal Mahadkar
Salil Acharya,no,2019,Family of Thakurganj,15.00,no,Manoj K. Jha
Salil Ankola,no,2002,Pitaah,,yes,Mahesh Manjrekar
Salil Ankola,no,2004,Silence Please...The Dressing Room,,no,Sanjay Srinivas
Salim Diwan,no,2016,Bollywood Diaries,,no,K.D. Satyam
Salim Diwan,no,2024,Aliya Basu Gayab Hai,,no,Preeti Singh
Salima Raza,no,2020,Ram Singh Charlie,,no,Nitin Kakkar
Salman Khan,yes,2000,Chal Mere Bhai,22.28,yes,David Dhawan
Salman Khan,yes,2000,Dhai Akshar Prem Ke,16.30,yes,Raj Kanwar
Salman Khan,yes,2000,Dulhan Hum Le Jayenge,36.87,yes,David Dhawan
Salman Khan,yes,2000,Har Dil Jo Pyar Karega,32.45,yes,Raj Kanwar
Salman Khan,yes,2000,Kahin Pyaar Na Ho Jaaye,13.40,yes,K. Muralimohana Rao
Salman Khan,yes,2001,Chori Chori Chupke Chupke,37.51,yes,Abbas Mustan
Salman Khan,yes,2002,Hum Tumhare Hain Sanam,34.76,yes,K. S. Adhiyaman
Salman Khan,yes,2002,Tumko Na Bhool Paayenge,19.89,yes,Pankaj Parashar
Salman Khan,yes,2002,Yeh Hai Jalwa,10.88,yes,David Dhawan
Salman Khan,yes,2003,Baghban,43.11,yes,Ravi Chopra
Salman Khan,yes,2003,Tere Naam,24.54,yes,Satish Kaushik
Salman Khan,yes,2004,Dil Ne Jise Apna Kahaa,13.54,yes,Atul Agnihotri
Salman Khan,yes,2004,Garv,23.48,yes,Puneet Issar
Salman Khan,yes,2004,Mujhse Shaadi Karogi,62.00,yes,David Dhawan
Salman Khan,yes,2004,Phir Milenge,5.43,yes,Revathy
Salman Khan,yes,2005,Kyon Ki,23.15,yes,Priyadarshan
Salman Khan,yes,2005,Lucky: No Time for Love,27.81,yes,Radhika Rao Vinay Sapru
Salman Khan,yes,2005,Maine Pyaar Kyun Kiya?,47.22,yes,David Dhawan
Salman Khan,yes,2005,No Entry,95.14,yes,Anees Bazmee
Salman Khan,yes,2006,Baabul,39.00,yes,Ravi Chopra
Salman Khan,yes,2006,Jaan-E-Mann,46.26,yes,Shirish Kunder
Salman Khan,yes,2006,Saawan... The Love Season,,yes,Saawan Kumar Tak
Salman Khan,yes,2006,Shaadi Karke Phas Gaya Yaar,5.02,yes,K. S. Adiyaman
Salman Khan,yes,2007,Marigold,2.29,yes,Willard Carroll
Salman Khan,yes,2007,Partner,101.00,yes,David Dhawan
Salman Khan,yes,2007,Saawariya,39.22,yes,Sanjay Leela Bhansali
Salman Khan,yes,2007,Salaam-e-Ishq: A Tribute to Love,52.24,yes,Nikhil Advani
Salman Khan,yes,2008,God Tussi Great Ho,25.61,yes,Rumi Jaffery
Salman Khan,yes,2008,Hello,17.96,yes,Atul Agnihotri
Salman Khan,yes,2008,Heroes,25.44,yes,Samir Karnik
Salman Khan,yes,2008,Yuvvraaj,31.22,yes,Subhash Ghai
Salman Khan,yes,2009,London Dreams,41.31,yes,Vipul Shah
Salman Khan,yes,2009,Main Aurr Mrs Khanna,14.60,yes,Prem Soni
Salman Khan,yes,2009,Wanted,93.23,yes,Prabhu Deva
Salman Khan,yes,2010,Dabangg,221.14,yes,Abhinav Kashyap
Salman Khan,yes,2010,Veer,68.11,yes,Anil Sharma
Salman Khan,yes,2011,Bodyguard,252.99,yes,Siddique
Salman Khan,yes,2011,Ready,180.00,yes,Anees Bazmee
Salman Khan,yes,2011,Tell Me O Kkhuda,,yes,Hema Malini
Salman Khan,yes,2012,Dabangg 2,255.00,yes,Arbaaz Khan
Salman Khan,yes,2012,Ek Tha Tiger,334.39,yes,Kabir Khan
Salman Khan,yes,2014,Jai Ho,186.00,yes,Sohail Khan
Salman Khan,yes,2014,Kick,402.00,yes,Sajid Nadiadwala
Salman Khan,yes,2015,Bajrangi Bhaijaan,920.90,yes,Kabir Khan
Salman Khan,yes,2015,Hero,34.82,yes,Nikhil Advani
Salman Khan,yes,2015,Prem Ratan Dhan Payo,432.00,yes,Sooraj Barjatya
Salman Khan,yes,2016,Sultan,631.25,yes,Ali Abbas Zafar
Salman Khan,yes,2017,Hanuman: Da' Damdaar,2.00,yes,Ruchi Narain
Salman Khan,yes,2017,Judwaa 2,227.59,yes,David Dhawan
Salman Khan,yes,2017,Tiger Zinda Hai,570.83,yes,Ali Abbas Zafar
Salman Khan,yes,2017,Tubelight,211.14,yes,Kabir Khan
Salman Khan,yes,2018,Race 3,303.00,yes,Remo D'Souza
Salman Khan,yes,2019,Bharat,325.58,yes,Ali Abbas Zafar
Salman Khan,yes,2019,Dabangg 3,230.93,yes,Prabhu Deva
Salman Khan,yes,2021,Antim: The Final Truth,59.11,yes,Mahesh Manjrekar
Salman Khan,yes,2021,Radhe,18.33,yes,Prabhu Deva
Salman Khan,yes,2023,Kisi Ka Bhai Kisi Ki Jaan,182.00,yes,Farhad Samji
Salman Khan,yes,2023,Tiger 3,466.63,yes,Maneesh Sharma
Salman Khan,yes,2025,Sikandar,176.18,yes,AR Murugadoss
Salman Yusuff Khan,no,2013,ABCD: Any Body Can Dance,,no,Remo D'Souza
Salman Yusuff Khan,no,2017,Love You Family,,no,Sachindra Sharma
Salmin Sheriff,no,2017,Shreelancer,,no,Sandeep Mohan
Saloni Aswani,no,2003,Dil Pardesi Ho Gayaa,,no,Saawan Kumar Tak
Saloni Aswani,no,2006,Saawan... The Love Season,,yes,Saawan Kumar Tak
Saloni Batra,no,2019,Soni,,no,Ivan Ayr
Saloni Batra,no,2021,200 – Halla Ho,,no,Sarthak Dasgupta
Saloni Batra,no,2025,Murderbaad,,no,Arnab Chatterjee
Saloni Daini,no,2023,Thank You for Coming,9.64,no,Karan Boolani
Sam Jajoriya,no,2025,Well Done CA Sahab!,,no,Sarvesh Kumar Singh
Samar Jai Singh,no,2025,2020 Delhi,,no,Devendra Malviya
Samar Jajoriya,no,2025,Well Done CA Sahab!,,no,Sarvesh Kumar Singh
Samar Virmani,no,2011,Jo Hum Chahein,,no,Pawan Gill
Samarpan Singh,no,2024,Pad Gaye Pange,,no,Santosh Kumar
Samarth Chaturvedi,no,2013,Zindagi Jalebi,,no,Karan Kashyap
Sameer Aftab,no,2010,Krantiveer – The Revolution,,no,Mehul Kumar
Sameer Ali Khan,no,2005,Saathi: The Companion,,no,Faaiz Anwar
Sameer Dattani,no,2005,Pyaar Mein Twist,1.32,yes,Hriday Shetty
Sameer Dattani,no,2007,Life Mein Kabhie Kabhiee,,no,Vikram Bhatt
Sameer Dattani,no,2008,Mukhbiir,,no,Mani Shankar
Sameer Dattani,no,2009,Love Ka Tadka,,no,Rajan Wagdhare
Sameer Dattani,no,2010,I Hate Luv Storys,72.52,yes,Punit Malhotra
Sameer Dattani,no,2010,Mallika,,no,Wilson Louis
Sameer Dattani,no,2010,Well Done Abba,,no,Shyam Benegal
Sameer Dharmadhikari,no,2005,Nigehbaan: The Third Eye,,no,Dilip Shankar
Sameer Dharmadhikari,no,2006,Rafta Rafta – The Speed,,no,Raj Sharma
Sameer Dharmadhikari,no,2010,City of Gold,,no,Mahesh Manjrekar
Sameer Kevin Roy,no,2014,Station,,no,Saad Khan
Sameer Kochhar,no,2008,Jannat,41.50,yes,Kunal Deshmukh
Sameer Malhotra,no,2003,Bas Yun Hi,,no,Raja Menon
Sameer Mohammed,no,2011,Masti Express,,no,Vikram Pradhan
Sameer Paranjape,no,2020,Class of '83,,yes,Atul Sabharwal
Sameera Reddy,no,2002,Maine Dil Tujhko Diya,,yes,Sohail Khan
Sameera Reddy,no,2003,Darna Mana Hai,9.00,yes,Prawaal Raman
Sameera Reddy,no,2004,Musafir,18.71,yes,Sanjay Gupta
Sameera Reddy,no,2004,Plan,10.83,yes,Hriday Shetty
Sameera Reddy,no,2005,No Entry,95.14,yes,Anees Bazmee
Sameera Reddy,no,2006,Naksha,,yes,Sachin Bajaj
Sameera Reddy,no,2006,Taxi No. 9211,32.17,no,Milan Luthria
Sameera Reddy,no,2007,Fool & Final,27.62,yes,Ahmed Khan
Sameera Reddy,no,2008,One Two Three,27.00,yes,Ashwni Dhir
Sameera Reddy,no,2008,Race,106.00,yes,Abbas–Mustan
Sameera Reddy,no,2009,De Dana Dan,81.85,no,Priyadarshan
Sameera Reddy,no,2010,Red Alert: The War Within,,no,Anant Mahadevan
Sameera Reddy,no,2012,Tezz,26.00,yes,Priyadarshan
Sameera Reddy,no,2024,Naam,,no,Anees Bazmee
Sameksha,no,2019,Pranaam,,no,Sanjiv Jaiswal
Samiksha Bhatnagar,no,2017,Poster Boys,30.00,yes,Shreyas Talpade
Samir Aftab,no,2005,Chand Sa Roshan Chehra,0.53,no,Shabah Shamsi
Samir Kochhar,no,2010,Hide & Seek,,no,Shawn Arranha
Samir Kochhar,no,2019,Hume Tumse Pyaar Kitna,,no,Lalit Mohan
Samir Sharma,no,2016,Jugni,,no,Shefali Bhushan
Samir Soni,no,2003,Baghban,43.11,yes,Ravi Chopra
Samir Soni,no,2003,Basti,,yes,Basharat Khan
Samir Soni,no,2003,Kahan Ho Tum,,no,Vijay Kumar
Samir Soni,no,2006,Vivah,49.00,yes,Sooraj R. Barjatya
Samir Soni,no,2008,Fashion,39.29,yes,Madhur Bhandarkar
Samir Soni,no,2021,Mumbai Saga,22.29,yes,Sanjay Gupta
Samir Soni,no,2021,State of Siege: Temple Attack,,yes,Ken Ghosh
Samir Soni,no,2025,Akshardham: Operation Vajra Shakti,,yes,Ken Ghosh
Samit Das,no,2014,Ankhon Dekhi,47.23,no,Rajat Kapoor
Samita Bangargi,no,2005,Ramji Londonwale,2.95,no,Sanjay Dayma
Sammir Dattani,no,2004,Uuf Kya Jaadoo Mohabbat Hai,,no,Manoj J. Bhatia
Sampat Pal Devi,no,2014,Gulabi Gang,,no,Nishtha Jain
Samreen Kaur,no,2021,Nail Polish,,no,Bugs Bhargava Krishna
Samta Sudiksha,no,2024,All India Rank,0.35,no,Varun Grover
Sana Amin Sheikh,no,2021,Main Mulayam Singh Yadav,,no,Suvendu Raj Ghosh
Sana Govi,no,2011,Milta Hai Chance By Chance,,no,Ramesh Modi
Sana Khan,no,2008,Halla Bol,19.39,yes,Rajkumar Santoshi
Sana Khan,no,2014,Jai Ho,186.00,yes,Sohail Khan
Sana Khan,no,2016,Wajah Tum Ho,24.40,no,Vishal Pandya
Sana Khan,no,2017,Toilet: Ek Prem Katha,311.50,no,Shree Narayan Singh
Sana Nawaz,no,2007,Kaafila,,yes,Ammtoje Mann
Sanah Kapur,no,2022,Saroj Ka Rishta,,no,Abhishek Saxena
Sananth Reddy,no,2018,Mercury,,no,Karthik Subbaraj
Sanath Menon,no,2011,Chillar Party,,yes,"Vikas Bahl , Nitesh Tiwari"
Sanaya Irani,no,2019,Ghost,1.82,no,Vikram Bhatt
Sandali Sinha,no,2001,Tum Bin,,no,Anubhav Sinha
Sandali Sinha,no,2003,Om,,no,Ashok Honda
Sandali Sinha,no,2004,Ab Tumhare Hawale Watan Saathiyo,19.16,yes,Anil Sharma
Sandali Sinha,no,2005,Nigehbaan: The Third Eye,,no,Dilip Shankar
Sandeep Bharadwaj,no,2016,Veerappan,,no,Ram Gopal Varma
Sandeep Goyat,no,2023,InCar,,no,Harsh Warrdhan
Sandeep Singh,no,2014,Honour Killing,,no,Avtar Bhogal
Sandeepa Dhar,no,2010,Isi Life Mein...!,,no,Vidhi Kasliwal
Sandeepa Dhar,no,2016,7 Hours To Go,,no,Saurabh Varma
Sandeepa Dhar,no,2016,Global Baba,,no,Manoj Sidheshwari Tewari
Sandesh Jadhav,no,2014,Ugly,6.24,no,Anurag Kashyap
Sandhya Mridul,no,2002,Saathiya,29.15,yes,Shaad Ali
Sandhya Mridul,no,2003,Waisa Bhi Hota Hai Part II,,no,Shashanka Ghosh
Sandhya Mridul,no,2004,Uuf Kya Jaadoo Mohabbat Hai,,no,Manoj J. Bhatia
Sandhya Mridul,no,2005,Kuchh Meetha Ho Jaye,,no,Samar Khan
Sandhya Mridul,no,2005,Page 3,,no,Madhur Bhandarkar
Sandhya Mridul,no,2007,Honeymoon Travels Pvt. Ltd.,19.51,yes,Reema Kagti
Sandhya Mridul,no,2007,Say Salaam India,,no,Subhash Kapoor
Sandhya Mridul,no,2008,Mr. Black Mr. White,,no,Deepak Shivdasani
Sandhya Mridul,no,2008,Via Darjeeling,,no,Arindam Nandy
Sandhya Mridul,no,2010,Hum Tum Aur Ghost,8.01,no,Kabeer Kaushik
Sandhya Mridul,no,2015,Angry Indian Goddesses,,no,Pan Nalin
Sandhya Mridul,no,2020,Nirvana Inn,,no,Vijay Jayapal
Sandhya Shetty,no,2003,Bas Yun Hi,,no,Raja Menon
Sangram Singh,no,2012,Valentine's Night,,no,Krishan Kumar
Sangram Singh,no,2015,Uvaa,,no,Jasbir Bhaati
Sania Jhankar,no,2000,Lekroo,,no,Shrabani Deodhar
Sanjai Mishra,no,2002,Kuch Tum Kaho Kuch Hum Kahein,,yes,K. Ravi Shankar
Sanjana Dipu,no,2019,Moothon,,no,Geetu Mohandas
Sanjana Sanghi,no,2011,Rockstar,108.70,yes,Imtiaz Ali
Sanjana Sanghi,no,2020,Dil Bechara,,yes,Mukesh Chhabra
Sanjana Sanghi,no,2022,Rashtra Kavach Om,9.01,yes,Kapil Verma
Sanjana Sanghi,no,2023,Dhak Dhak,,no,Tarun Dudeja
Sanjana Sanghi,no,2023,Kadak Singh,,no,Aniruddha Roy Chowdhury
Sanjana Sanghi,no,2024,Woh Bhi Din The,,no,Sajid Ali
Sanjay Bhutiani,no,2024,"Love, Sitara",,no,Vandana Kataria
Sanjay Bishnoi,no,2024,Chhota Bheem and the Curse of Damyaan,,no,Rajiv Chilaka
Sanjay Bishnoi,no,2025,Sangee,,no,Sumit Kulkarni
Sanjay Chakraborty,no,2015,Jai Jawaan Jai Kisaan,,no,Milan Ajmera
Sanjay Dutt,yes,2000,Baaghi,6.47,yes,Rajesh Kumar Singh
Sanjay Dutt,yes,2000,Chal Mere Bhai,22.28,yes,David Dhawan
Sanjay Dutt,yes,2000,Jung,11.40,yes,Sanjay Gupta
Sanjay Dutt,yes,2000,Khauff,10.58,yes,Sanjay Gupta
Sanjay Dutt,yes,2000,Kurukshetra,19.87,yes,Mahesh Manjrekar
Sanjay Dutt,yes,2000,Mission Kashmir,43.30,yes,Vidhu Vinod Chopra
Sanjay Dutt,yes,2000,Raju Chacha,20.92,yes,Anil Devgan
Sanjay Dutt,yes,2001,Jodi No.1,34.13,yes,David Dhawan
Sanjay Dutt,yes,2002,Annarth,,yes,Ravi Dewan
Sanjay Dutt,yes,2002,Hathyar,9.63,yes,Mahesh Manjrekar
Sanjay Dutt,yes,2002,Hum Kisise Kum Nahin,29.15,yes,David Dhawan
Sanjay Dutt,yes,2002,Kaante,36.37,yes,Sanjay Gupta
Sanjay Dutt,yes,2002,Maine Dil Tujhko Diya,,yes,Sohail Khan
Sanjay Dutt,yes,2002,Mohabbat Ho Gayi Hai Tumse,,yes,Rishi Talwar
Sanjay Dutt,yes,2002,Pitaah,,yes,Mahesh Manjrekar
Sanjay Dutt,yes,2002,Yeh Hai Jalwa,10.88,yes,David Dhawan
Sanjay Dutt,yes,2003,Ek Aur Ek Gyarah,21.00,yes,David Dhawan
Sanjay Dutt,yes,2003,LOC: Kargil,31.67,yes,J. P. Dutta
Sanjay Dutt,yes,2003,Munna Bhai M.B.B.S.,36.29,yes,Rajkumar Hirani
Sanjay Dutt,yes,2004,Deewaar,28.60,yes,Milan Luthria
Sanjay Dutt,yes,2004,Musafir,18.71,yes,Sanjay Gupta
Sanjay Dutt,yes,2004,Plan,10.83,yes,Hriday Shetty
Sanjay Dutt,yes,2004,Rakht,8.44,yes,Mahesh Manjrekar
Sanjay Dutt,yes,2004,Rudraksh,9.87,yes,Mani Shankar
Sanjay Dutt,yes,2005,Dus,38.84,yes,Anubhav Sinha
Sanjay Dutt,yes,2005,Parineeta,32.63,yes,Pradeep Sarkar
Sanjay Dutt,yes,2005,Shaadi No. 1,20.49,yes,David Dhawan
Sanjay Dutt,yes,2005,Shabd,,yes,Leena Yadav
Sanjay Dutt,yes,2005,Tango Charlie,11.08,yes,Mani Shankar
Sanjay Dutt,yes,2005,Vaah! Life Ho Toh Aisi!,19.00,yes,Mahesh Manjrekar
Sanjay Dutt,yes,2005,Viruddh... Family Comes First,18.51,yes,Mahesh Manjrekar
Sanjay Dutt,yes,2006,Anthony Kaun Hai?,17.21,yes,Raj Kaushal
Sanjay Dutt,yes,2006,Lage Raho Munna Bhai,126.20,yes,Rajkumar Hirani
Sanjay Dutt,yes,2006,Sarhad Paar,,yes,Raman Kumar
Sanjay Dutt,yes,2006,Tathastu,,yes,Anubhav Sinha
Sanjay Dutt,yes,2006,Zinda,17.60,yes,Sanjay Gupta
Sanjay Dutt,yes,2007,Dhamaal,50.73,yes,Indra Kumar
Sanjay Dutt,yes,2007,Dus Kahaniyaan,13.00,yes,"Sanjay Gupta , Apoorva Lakhia , Meghna Gulzar , Rohit Roy , Hansal Mehta , Jasmeet Dhodhi"
Sanjay Dutt,yes,2007,Eklavya: The Royal Guard,38.00,yes,Vidhu Vinod Chopra
Sanjay Dutt,yes,2007,Nehlle Pe Dehlla,6.41,yes,Ajay Chandhok
Sanjay Dutt,yes,2007,Shootout at Lokhandwala,46.04,yes,Apoorva Lakhia
Sanjay Dutt,yes,2008,C Kkompany,,yes,Sachin Yardi
Sanjay Dutt,yes,2008,EMI - Liya Hai Toh Chukana Parega,,yes,Saurabh Kabra
Sanjay Dutt,yes,2008,Kidnap,35.60,yes,Sanjay Gadhvi
Sanjay Dutt,yes,2008,Mehbooba,3.78,yes,Afzal Khan
Sanjay Dutt,yes,2008,Woodstock Villa,20.00,yes,Hansal Mehta
Sanjay Dutt,yes,2009,Aladin,10.89,yes,Sujoy Ghosh
Sanjay Dutt,yes,2009,All the Best: Fun Begins,61.00,yes,Rohit Shetty
Sanjay Dutt,yes,2009,Blue,63.92,yes,Anthony D'souza
Sanjay Dutt,yes,2009,Kal Kissne Dekha,,yes,Vivek Sharma
Sanjay Dutt,yes,2009,Luck,,yes,Soham Shah
Sanjay Dutt,yes,2009,Shortkut,,yes,Neeraj Vora
Sanjay Dutt,yes,2010,Knock Out,6.20,yes,Mani Shankar
Sanjay Dutt,yes,2010,Lamhaa,,yes,Rahul Dholakia
Sanjay Dutt,yes,2010,No Problem,,yes,Anees Bazmee
Sanjay Dutt,yes,2010,Toonpur Ka Superrhero,7.09,yes,Kireet Khurana
Sanjay Dutt,yes,2011,Chatur Singh Two Star,,yes,Ajay Chandok
Sanjay Dutt,yes,2011,Desi Boyz,77.00,yes,Rohit Dhawan
Sanjay Dutt,yes,2011,Double Dhamaal,70.54,yes,Indra Kumar
Sanjay Dutt,yes,2011,Ra.One,207.00,yes,Anubhav Sinha
Sanjay Dutt,yes,2011,Rascals,51.01,yes,David Dhawan
Sanjay Dutt,yes,2011,Ready,180.00,yes,Anees Bazmee
Sanjay Dutt,yes,2012,Agneepath,193.00,yes,Karan Malhotra
Sanjay Dutt,yes,2012,Department,19.05,yes,Ram Gopal Varma
Sanjay Dutt,yes,2012,Son Of Sardaar,161.48,yes,Ashwni Dhir
Sanjay Dutt,yes,2013,Hum Hai Raahi Car Ke,,yes,Jyotin Goel
Sanjay Dutt,yes,2013,Policegiri,,yes,K. S. Ravikumar
Sanjay Dutt,yes,2013,Zanjeer,,yes,Apoorva Lakhia
Sanjay Dutt,yes,2013,Zila Ghaziabad,,yes,Anand Kumar
Sanjay Dutt,yes,2014,PK,769.00,yes,Rajkumar Hirani
Sanjay Dutt,yes,2014,Ungli,50.00,yes,Rensil D'Silva
Sanjay Dutt,yes,2017,Bhoomi,14.76,yes,Omung Kumar
Sanjay Dutt,yes,2018,"Saheb, Biwi Aur Gangster 3",10.20,yes,Tigmanshu Dhulia
Sanjay Dutt,yes,2019,Kalank,146.31,yes,Abhishek Varman
Sanjay Dutt,yes,2019,Panipat,49.29,yes,Ashutosh Gowariker
Sanjay Dutt,yes,2019,Prassthanam,5.90,yes,Deva Katta
Sanjay Dutt,yes,2020,Sadak 2,,yes,Mahesh Bhatt
Sanjay Dutt,yes,2020,Torbaaz,,yes,Girish Malik
Sanjay Dutt,yes,2021,Bhuj: The Pride of India,,yes,Abhishek Dudhaiya
Sanjay Dutt,yes,2022,Samrat Prithviraj,90.32,yes,Chandraprakash Dwivedi
Sanjay Dutt,yes,2022,Shamshera,63.58,yes,Karan Malhotra
Sanjay Dutt,yes,2022,Toolsidas Junior,,yes,Mridul
Sanjay Dutt,yes,2024,Ghudchadi,,yes,Binoy Gandhi
Sanjay Dutt,yes,2025,Baaghi 4,66.39,yes,A. Harsha
Sanjay Dutt,yes,2025,Dhurandhar,1349.65,yes,Aditya Dhar
Sanjay Dutt,yes,2025,Housefull 5,242.80,yes,Tarun Mansukhani
Sanjay Dutt,yes,2025,The Bhootnii,,yes,Sidhaant Sachdev
Sanjay Kapoor,yes,2001,Chhupa Rustam: A Musical Thriller,9.46,yes,Aziz Sejawal
Sanjay Kapoor,yes,2002,Koi Mere Dil Se Poochhe,,yes,Boney Kapoor
Sanjay Kapoor,yes,2002,Shakti - The Power,20.00,yes,Boney Kapoor
Sanjay Kapoor,yes,2002,Soch,,yes,Sushen Bhatnagar
Sanjay Kapoor,yes,2003,Darna Mana Hai,9.00,yes,Prawaal Raman
Sanjay Kapoor,yes,2003,LOC: Kargil,31.67,yes,J. P. Dutta
Sanjay Kapoor,yes,2003,Qayamat: City Under Threat,28.52,yes,Harry Baweja
Sanjay Kapoor,yes,2004,Jaago,1.33,yes,Mrhul Kumar
Sanjay Kapoor,yes,2004,Julie,,yes,Deepak Shivdasani
Sanjay Kapoor,yes,2005,Anjaane,0.14,yes,Harry W. Fernandes
Sanjay Kapoor,yes,2006,Unns...Means Love,,yes,Bhupender Gupta
Sanjay Kapoor,yes,2009,Luck by Chance,29.00,yes,Zoya Akhtar
Sanjay Kapoor,yes,2010,Prince,,yes,Kookie Gulati
Sanjay Kapoor,yes,2014,Kahin Hai Mera Pyar,,yes,Mahesh Vaijnath Doijode
Sanjay Kapoor,yes,2018,Lust Stories,,yes,"Anurag Kashyap , Karan Johar , Zoya Akhtar , Dibakar Banerjee"
Sanjay Kapoor,yes,2019,The Zoya Factor,6.96,yes,Abhishek Sharma
Sanjay Kapoor,yes,2023,Bloody Daddy,,yes,Ali Abbas Zafar
Sanjay Kapoor,yes,2024,House of Lies,,yes,Saumitra Singh
Sanjay Kapoor,yes,2024,Murder Mubarak,,yes,Homi Adajania
Sanjay Kapoor,yes,2025,Raat Akeli Hai: The Bansal Murders,,yes,Honey Trehan
Sanjay Mahanand,no,2024,Lantrani,,no,Gurvinder Singh Kaushik Ganguly Bhaskar Hazarika
Sanjay Mishra,no,2005,Bluffmaster!,32.70,yes,Rohan Sippy
Sanjay Mishra,no,2009,Aloo Chaat,,no,Robby Grewal
Sanjay Mishra,no,2009,Meri Padosan,,no,Prakash Saini
Sanjay Mishra,no,2010,Thanks Maa,,no,Irfan Kamal
Sanjay Mishra,no,2011,Bin Bulaye Baraati,,no,Chandrakant Singh
Sanjay Mishra,no,2011,Chala Mussaddi... Office Office,1.40,no,Rajiv Mehra
Sanjay Mishra,no,2011,Pappu Can't Dance Saala,,no,Saurabh Shukla
Sanjay Mishra,no,2012,Bumboo,0.39,no,Jagdish Rajpurohit
Sanjay Mishra,no,2013,Saare Jahaan Se Mehnga,0.84,no,Anshul Sharma
Sanjay Mishra,no,2013,War Chhod Na Yaar,,yes,Faraz Haider
Sanjay Mishra,no,2014,Ankhon Dekhi,47.23,no,Rajat Kapoor
Sanjay Mishra,no,2014,Lucky Kabootar,,no,Shammi Chhabra
Sanjay Mishra,no,2014,Objection My God,,no,Amit Khan
Sanjay Mishra,no,2014,Zed Plus,,no,Chandraprakash Dwivedi
Sanjay Mishra,no,2015,Chal Guru Ho Ja Shuru,,no,Manoj Sharma
Sanjay Mishra,no,2015,Masaan,,yes,Neeraj Ghaywan
Sanjay Mishra,no,2015,Prem Ratan Dhan Payo,432.00,yes,Sooraj Barjatya
Sanjay Mishra,no,2015,Thoda Lutf Thoda Ishq,,no,Sachin Gupta
Sanjay Mishra,no,2016,Global Baba,,no,Manoj Sidheshwari Tewari
Sanjay Mishra,no,2017,Baadshaho,123.50,yes,Milan Luthria
Sanjay Mishra,no,2017,Kadvi Hawa,8.70,no,Nila Madhab Panda
Sanjay Mishra,no,2017,Prakash Electronic,,no,Manoj Sharma
Sanjay Mishra,no,2019,Milan Talkies,,yes,Tigmanshu Dhulia
Sanjay Mishra,no,2019,Total Dhamaal,228.27,no,Indra Kumar
Sanjay Mishra,no,2020,Bahut Hua Samman,,no,Ashish R Shukla
Sanjay Mishra,no,2020,Kaamyaab,,no,Hardik Mehta
Sanjay Mishra,no,2020,Kaanchli Life in a Slough,,no,Dedipya Joshii
Sanjay Mishra,no,2021,Waah Zindagi,,no,Dinesh S Yadav
Sanjay Mishra,no,2022,36 Farmhouse,,no,Ram Ramesh Sharm
Sanjay Mishra,no,2022,Holy Cow,,no,Sai Kabir
Sanjay Mishra,no,2022,Vadh,,no,Jaspal Singh Sandhu
Sanjay Mishra,no,2023,Coat,,no,Akshay Ditti
Sanjay Mishra,no,2023,Dvand: The Internal Conflict,,no,Ishtiyak Khan
Sanjay Mishra,no,2023,Guthlee Ladoo,,no,Ishrat R. Khan
Sanjay Mishra,no,2023,Jogira Sara Ra Ra,1.75,yes,Kushan Nandy
Sanjay Mishra,no,2024,Bhakshak,,no,Pulkit
Sanjay Mishra,no,2025,Badass Ravi Kumar,9.66,no,Keith Gomes
Sanjay Mishra,no,2025,Durlabh Prasad Ki Dusri Shadi,,no,Siddhant Raj Singh
Sanjay Mishra,no,2025,Heer Express,9.42,no,Umesh Shukla
Sanjay Mishra,no,2025,Sant Tukaram,,no,Aditya Om
Sanjay Narvekar,no,2006,Chand Ke Paar Chalo,,no,Mustafa Engineer
Sanjay Narvekar,no,2009,Lottery,,no,Hemant Prabhu
Sanjay Pandey,no,2024,Dashmi,,no,Shantanu Anant Tambe
Sanjay Sharma,no,2000,Anokha Moti,,no,Anshul Singla
Sanjay Suri,no,2000,Tera Jadoo Chal Gayaa,,yes,A. Muthu
Sanjay Suri,no,2001,Daman,,no,Kalpana Lajmi
Sanjay Suri,no,2002,Chalo Ishq Ladaaye,1.70,yes,Aziz Sejawal
Sanjay Suri,no,2002,Dil Vil Pyar Vyar,4.65,no,Anant Mahadevan
Sanjay Suri,no,2002,Filhaal,,no,Meghna Gulzar
Sanjay Suri,no,2003,Dhoop,,no,Ashwini Chaudhary
Sanjay Suri,no,2003,Jhankaar Beats,,yes,Sujoy Ghosh
Sanjay Suri,no,2003,Pinjar,,no,Chandrakant Dwivedi
Sanjay Suri,no,2004,Insaaf: The Justice,,no,Shrey Srivastava
Sanjay Suri,no,2004,Plan,10.83,yes,Hriday Shetty
Sanjay Suri,no,2004,Shaadi Ka Laddoo,,no,Raj Kaushal
Sanjay Suri,no,2005,Home Delivery,,yes,Sujoy Ghosh
Sanjay Suri,no,2005,My Brother... Nikhil,0.05,no,Onir
Sanjay Suri,no,2006,Bas Ek Pal,,no,Onir
Sanjay Suri,no,2006,Chingaari,,no,Kalpana Lajmi
Sanjay Suri,no,2007,My Bollywood Bride,,no,Rajeev Virani
Sanjay Suri,no,2007,Say Salaam India,,no,Subhash Kapoor
Sanjay Suri,no,2007,Speed,,yes,Vikram Bhatt
Sanjay Suri,no,2008,Sorry Bhai!,,no,Onir
Sanjay Suri,no,2009,Firaaq,,no,Nandita Das
Sanjay Suri,no,2009,Sikandar,0.82,no,Piyush Jha
Sanjay Suri,no,2010,A Flat,,no,Raaj Verma
Sanjay Suri,no,2011,I Am,0.67,no,Onir
Sanjay Suri,no,2016,Nil Battey Sannata,6.90,no,Ashwini Iyer Tiwari
Sanjay Suri,no,2017,Mona Darling,,no,Shashi Sudigala
Sanjay Suri,no,2017,Shab,32.00,no,Onir
Sanjay Suri,no,2018,My Birthday Song,,no,Samir Soni
Sanjay Suri,no,2019,Jhalki,,no,Brahmanand S. Siingh
Sanjay Suri,no,2020,Ateet,,no,Tanuj Bhramar
Sanjay Suri,no,2020,Pareeksha,,no,Prakash Jha
Sanjay Swaraj,no,2011,Chitkabrey – Shades of Grey,,no,Suneet Arora
Sanjeeb Dasgupta,no,2021,Aa Bhi Ja O Piya,,no,Rajesh Harivansh Mishra
Sanjeeda Sheikh,no,2010,Pankh,0.20,no,Sudipto Chattopadhyaya
Sanjeeda Sheikh,no,2020,Kaali Khuhi,,no,Terrie Samundra
Sanjeeda Sheikh,no,2020,Taish,,no,Bejoy Nambiar
Sanjeeda Sheikh,no,2024,Fighter,344.46,yes,Siddharth Anand
Sanjeev Kumar,no,2014,Sholay 3D,58.00,no,Ramesh Sippy
Sanjeev Tiwari,no,2010,Ramayana: The Epic,0.98,no,Cheetan Desai
Sanskriti Bhatt,no,2021,Sumeru,,no,Avinash Dhyani
Santosh Barmola,no,2013,Warning,,no,Gurmmeet Singh
Santosh Juvekar,no,2018,Ascharyachakit!,,no,Samit Kakkad
Santosh Juvekar,no,2020,Bhonsle,,no,Devashish Makhija
Santosh Juvekar,no,2023,Minus 31: The Nagpur Files,0.06,no,Pratik Moitro
Sanya Balsara,no,2009,Aamras,,no,Rupali Guha
Sanya Malhotra,no,2016,Dangal,2160.00,yes,Nitesh Tiwari
Sanya Malhotra,no,2018,Badhaai Ho,221.44,no,Amit Ravindernath Sharma
Sanya Malhotra,no,2018,Pataakha,,no,Vishal Bhardwaj
Sanya Malhotra,no,2019,Photograph,1.29,no,Ritesh Batra
Sanya Malhotra,no,2020,Ludo,,yes,Anurag Basu
Sanya Malhotra,no,2020,Shakuntala Devi,,no,Anu Menon
Sanya Malhotra,no,2021,Meenakshi Sundareshwar,,no,Vivek Soni
Sanya Malhotra,no,2021,Pagglait,,no,Umesh Bist
Sanya Malhotra,no,2022,HIT: The First Case,11.78,no,Shailesh Kolanu
Sanya Malhotra,no,2022,Love Hostel,,yes,Shanker Raman
Sanya Malhotra,no,2023,Jawan,0.00,no,Atlee
Sanya Malhotra,no,2023,Kathal,,no,Yashowardhan Mishra
Sanya Malhotra,no,2023,Sam Bahadur,128.17,yes,Meghna Gulzar
Sanya Malhotra,no,2024,Baby John,,yes,Kalees
Sanya Malhotra,no,2025,Mrs.,,no,Aarti Kadav
Sanya Malhotra,no,2025,Sunny Sanskari Ki Tulsi Kumari,99.39,yes,Shashank Khaitan
Sapan Krishna,no,2016,OK Mein Dhokhe,,no,Utpal S. Chaudhary
Sapna,no,2002,Reshma Aur Sultan,,no,S. Kumar
Sapna Bhavnani,no,2008,Ugly Aur Pagli,,no,Sachin Khot
Sapna Chaudhary,no,2018,Nanu Ki Jaanu,4.12,yes,Faraz Haider
Sapna Choudhry,no,2019,Dosti Ke Side Effects,,no,Hadi Ali Abrar
Sapna Pabbi,no,2015,Khamoshiyan,19.50,no,Karan Dara
Sapna Pabbi,no,2019,Drive,,no,Tarun Mansukhani
Sapna Pabbi,no,2023,Sergeant,,no,Prawaal Raman
Sapna Sand,no,2021,Ye Mard Bechara,,no,Anuup Thapa
Saptharishi Ghosh,no,2012,Sons of Ram,,no,Kushal Ruia
Saqib Saleem,no,2011,Mujhse Fraaandship Karoge,,no,Nupur Asthana
Saqib Saleem,no,2013,Bombay Talkies,10.00,yes,"Anurag Kashyap , Karan Johar , Zoya Akhtar , Dibakar Banerjee"
Saqib Saleem,no,2013,Mere Dad Ki Maruti,12.54,no,Ashima Chibber
Saqib Saleem,no,2014,Hawaa Hawaai,11.36,no,Amole Gupte
Saqib Saleem,no,2016,Dishoom,119.58,yes,Rohit Dhawan
Saqib Saleem,no,2017,Dobaara: See Your Evil,,no,Prawaal Raman
Saqib Saleem,no,2018,Dil Juunglee,1.30,no,Aleya Sen
Saqib Saleem,no,2018,Race 3,303.00,yes,Remo D'Souza
Saqib Saleem,no,2020,Comedy Couple,,no,Nachiket Samant
Saqib Saleem,no,2021,83,193.73,no,Kabir Khan
Saqib Saleem,no,2024,Kakuda,,yes,Aditya Sarpotdar
Sara Ali Khan,yes,2018,Kedarnath,102.77,yes,Abhishek Kapoor
Sara Ali Khan,yes,2018,Simmba,400.19,yes,Rohit Shetty
Sara Ali Khan,yes,2020,Coolie No. 1,,yes,David Dhawan
Sara Ali Khan,yes,2020,Love Aaj Kal,52.63,yes,Imtiaz Ali
Sara Ali Khan,yes,2021,Atrangi Re,,yes,Aanand L. Rai
Sara Ali Khan,yes,2023,Gaslight,,yes,Pawan Kripalani
Sara Ali Khan,yes,2023,Zara Hatke Zara Bachke,115.89,yes,Laxman Utekar
Sara Ali Khan,yes,2024,Ae Watan Mere Watan,,yes,Kannan Iyer
Sara Ali Khan,yes,2024,Murder Mubarak,,yes,Homi Adajania
Sara Ali Khan,yes,2025,Metro... In Dino,79.00,yes,Anurag Basu
Sara Ali Khan,yes,2025,Sky Force,168.88,yes,Sandeep Kewlani Abhishek Anil Kapur
Sara Arjun,no,2025,Dhurandhar,1349.65,yes,Aditya Dhar
Sara Khan,no,2010,Payback,0.25,no,Sachin P. Karande
Sara Khan,no,2014,M3 - Midsummer Midnight Mumbai,,no,Braj Bhushan
Sara Khan,no,2014,Total Siyapaa,13.10,no,E Niwas
Sara Khan,no,2025,Shaila,,no,Saki Shah
Sara Loren,no,2007,Kaafila,,yes,Ammtoje Mann
Sara Loren,no,2010,Kajraare,,no,Pooja Bhatt
Sara Loren,no,2013,Murder 3,27.75,no,Vishesh Bhatt
Sara Loren,no,2015,Barkhaa,1.33,no,Shadaab Mirza
Sara Loren,no,2016,Ishq Click,,no,Anil Ballani
Sara Loren,no,2019,Fraud Saiyaan,,no,Sourabh Shrivastava
Sarah Jane Dias,no,2011,Game,12.87,yes,Abhinay Deo
Sarah Jane Dias,no,2016,Zubaan,,yes,Mozez Singh
Sarah Thompson,no,2010,Raajneeti,145.50,yes,Prakash Jha
Sarah-Jane Dias,no,2012,Kyaa Super Kool Hain Hum,60.77,yes,Sachin Yardi
Sarah-Jane Dias,no,2014,O Teri,3.60,no,Umesh Bist
Sarah-Jane Dias,no,2015,Angry Indian Goddesses,,no,Pan Nalin
Sarala Kariyawasam,no,2005,Water,,no,Deepa Mehta
Sarala Kariyawasam,no,2007,Water,,no,Deepa Mehta
Saranya,no,2009,13B,23.00,no,Vikram K. Kumar
Saranya Mohan,no,2014,Badlapur Boys,,no,Shailesh Verma
Saranya Sharma,no,2024,Ella,,no,Roshan Fernandes
Sardar Sohi,no,2005,Topless,,no,
Sarfaraz Khan,no,2002,Kya Yehi Pyaar Hai,11.36,no,K. Murali Mohan Rao
Sarfaraz Khan,no,2003,Tere Naam,24.54,yes,Satish Kaushik
Sargun Mehta,no,2022,Cuttputlli,,no,Ranjit M Tewari
Sarika,no,2006,Sacred Evil – A True Story,,no,Abhigyan Jha
Sarika,no,2007,Bheja Fry,12.58,no,Sagar Ballary
Sarika,no,2008,Hari Puttar: A Comedy of Terrors,,no,Lucky Kohli & Rajesh Bajaj
Sarika,no,2008,Tahaan,,no,Santosh Sivan
Sarika,no,2009,Yeh Mera India,,no,N. Chandra
Sarika,no,2011,Kaccha Limboo,,no,Sagar Ballary
Sarika,no,2014,Purani Jeans,,no,Tanushri Chattrji Bassu
Sarika,no,2016,Baar Baar Dekho,62.67,no,Nitya Mehra
Sarika,no,2022,Uunchai,48.99,no,Sooraj Barjatya
Sarita Joshi,no,2013,Gangoobai,,no,Priya Krishnaswamy
Sartaj Singh Pannu,no,2010,Soch Lo,,no,Sartaj Singh Pannu
Saru Maini,no,2023,72 Hoorain,,no,Sanjay Puran Singh Chauhan
Sarvasva,no,2012,Gattu,,no,Rajan Khosa
Sarwar Ahuja,no,2009,Meri Padosan,,no,Prakash Saini
Sasha Agha,no,2013,Aurangzeb,35.41,yes,Atul Sabharwal
Sasha Agha,no,2014,Desi Kattey,,no,Anand Kumar
Sasha Goradia,no,2011,Tere Mere Phere,,no,Deepa Sahi
Saswata Chatterjee,no,2012,Kahaani,104.00,no,Sujoy Ghosh
Saswata Chatterjee,no,2020,Dil Bechara,,yes,Mukesh Chhabra
Saswata Chatterjee,no,2023,Bad Boy,,no,Rajkumar Santoshi
Satendra Bagasi,no,2017,Haseena Parkar,9.00,no,Apoorva Lakhia
Satendra Soni,no,2023,Bhagwan Bharose,,no,Shiladitya Bora
Sathyaraj,no,2025,Sikandar,176.18,yes,AR Murugadoss
Satish Kaushik,no,2008,Dhoom Dadakka,,no,Shashi Ranjan
Satish Kaushik,no,2010,Atithi Tum Kab Jaoge?,3.90,no,Ashwni Dhir
Satish Kaushik,no,2010,City of Gold,,no,Mahesh Manjrekar
Satish Kaushik,no,2010,Do Dilon Ke Khel Mein,,no,Akash Pandey
Satish Kaushik,no,2010,"Road, Movie",,yes,Dev Benegal
Satish Kaushik,no,2011,Aagaah: The Warning,,no,Karan Razdan
Satish Kaushik,no,2012,Future To Bright Hai Ji,,no,Sanjay Amar
Satish Kaushik,no,2012,Gali Gali Chor Hai,13.07,yes,Rumi Jaffrey
Satish Kaushik,no,2012,Overtime,,no,Ajay Yadav
Satish Kaushik,no,2012,Qasam Se Qasam Se,,no,Azim Rizvi
Satish Kaushik,no,2014,Bhopal: A Prayer for Rain,,no,Ravi Kumar
Satish Kaushik,no,2014,Dekh Tamasha Dekh,,no,Feroz Abbas Khan
Satish Kaushik,no,2014,Lakshmi,,no,Nagesh Kukunoor
Satish Kaushik,no,2018,Namaste England,8.02,yes,Vipul Shah
Satish Kaushik,no,2018,Veerey Ki Wedding,,no,Ashu Trikha
Satish Kaushik,no,2019,Chhoriyan Chhoron Se Kam Nahi Hoti,,no,Rajesh Amarlal Babbar
Satish Kaushik,no,2023,Chhatriwali,,no,Tejas Deoskar
Satish Kaushik,no,2024,Kaagaz 2,,no,V. K. Prakash
Satish Kaushik,no,2024,Mirg,,no,Tarun Sharma
Satish Kaushik,no,2025,Emergency,21.75,no,Kangana Ranaut
Satish Shah,no,2000,Phir Bhi Dil Hai Hindustani,25.46,no,Aziz Mirza
Satish Shah,no,2002,Saathiya,29.15,yes,Shaad Ali
Satish Shah,no,2003,Chalte Chalte,43.29,yes,Aziz Mirza
Satish Shah,no,2003,Ishq Vishk,12.26,yes,Ken Ghosh
Satish Shah,no,2004,Kis Kis Ki Kismat,,no,Govind Menon
Satish Shah,no,2005,Bachke Rehna Re Baba,5.51,yes,Govind Menon
Satish Shah,no,2006,Aryan,,yes,Abhishek Kapoor
Satish Shah,no,2006,Love Ke Chakkar Mein,,yes,B. H. Tharunkumar
Satish Shah,no,2007,Just Married,,yes,Meghna Gulzar
Satish Shah,no,2007,Om Shanti Om,152.00,no,Farah Khan
Satish Shah,no,2008,Bhoothnath,70.00,no,Vivek Sharma
Satish Shah,no,2008,Dhoom Dadakka,,no,Shashi Ranjan
Satish Shah,no,2009,Pal Pal Dil Ke Ssaat,,no,V Krishna Kumar
Satish Shah,no,2010,Chance Pe Dance,16.30,yes,Ken Ghosh
Satish Shah,no,2011,Always Kabhi Kabhi,,no,Roshan Abbas
Satnam Kaur,no,2002,Reshma Aur Sultan,,no,S. Kumar
Satyadeep Mishra,no,2011,Love Breakups Zindagi,2.06,yes,Sahil Sangha
Satyadeep Mishra,no,2020,Kaali Khuhi,,no,Terrie Samundra
Satyadeep Misra,no,2016,Phobia,3.25,no,Pawan Kripalani
Satyadev,no,2022,Ram Setu,94.45,no,Abhishek Sharma
Satyajeet Dubey,no,2011,Always Kabhi Kabhi,,no,Roshan Abbas
Satyajeet Dubey,no,2019,Prassthanam,5.90,yes,Deva Katta
Satyajit Sharma,no,2025,Ghich Pich,,no,Ankur Singla
Satyakam Anand,no,2015,NH-8 Road to Nidhivan,,no,Munindra Gupta
Satyendra Khare,no,2014,Ebn-E-Batuta,,no,Varun Middha
Saumya Tandon,no,2007,Jab We Met,50.90,yes,Imtiaz Ali
Saurabbh Roy,no,2014,LUV...Phir Kabhie,,no,Ajay Yadav
Saurabh Goyal,no,2021,Jamun,,no,Gaurav Mehra
Saurabh Goyal,no,2025,Chhorii 2,,yes,Vishal Furia
Saurabh Malik,no,2012,Ab Hoga Dharna Unlimited,,no,Deepak Tanwar
Saurabh Sachdeva,no,2022,Good Luck Jerry,,yes,Sidharth Sengupta
Saurabh Shukla,no,2003,Mumbai Matinee,,no,Anant Balani
Saurabh Shukla,no,2005,Hazaaron Khwaishein Aisi,,no,Sudhir Mishra
Saurabh Shukla,no,2008,Hari Puttar: A Comedy of Terrors,,no,Lucky Kohli & Rajesh Bajaj
Saurabh Shukla,no,2008,"Oh, My God",,no,Saurabh Shrivastava
Saurabh Shukla,no,2011,Pappu Can't Dance Saala,,no,Saurabh Shukla
Saurabh Shukla,no,2011,Shakal Pe Mat Ja,,no,Shubh Mukherjee
Saurabh Shukla,no,2012,I M 24,,no,Saurabh Shukla
Saurabh Shukla,no,2012,Staying Alive,,no,Anant Mahadevan
Saurabh Shukla,no,2012,The Last Act,,no,12 directors
Saurabh Shukla,no,2013,Jolly LLB,48.70,no,Subhash Kapoor
Saurabh Shukla,no,2014,Gang of Ghosts,,no,Satish Kaushik
Saurabh Shukla,no,2014,PK,769.00,yes,Rajkumar Hirani
Saurabh Shukla,no,2015,Kaagaz Ke Fools,,no,Anil Kumar Chaudhary
Saurabh Shukla,no,2015,Kaun Kitney Paani Mein,0.29,no,Nila Madhab Panda
Saurabh Shukla,no,2017,Jolly LLB 2,197.33,no,Subhash Kapoor
Saurabh Shukla,no,2018,Daas Dev,,no,Sudhir Mishra
Saurabh Shukla,no,2018,Mohalla Assi,,yes,Chandraprakash Dwivedi
Saurabh Shukla,no,2018,Raid,153.62,no,Raj Kumar Gupta
Saurabh Shukla,no,2019,Albert Pinto Ko Gussa Kyun Aata Hai?,,no,Soumitra Ranade
Saurabh Shukla,no,2019,Bala,172.00,no,Amar Kaushik
Saurabh Shukla,no,2019,Family of Thakurganj,15.00,no,Manoj K. Jha
Saurabh Shukla,no,2019,Fraud Saiyaan,,no,Sourabh Shrivastava
Saurabh Shukla,no,2019,Pagalpanti,49.17,no,Anees Bazmee
Saurabh Shukla,no,2021,Madam Chief Minister,0.05,no,Subhash Kapoor
Saurabh Shukla,no,2025,Jolly LLB 3,166.06,no,Subhash Kapoor
Saurabh Singh,no,2013,Amdavad Junction,,no,Apurv Bajpai
Saurav Chakraborty,no,2016,Motu Patlu: King of Kings,4.27,no,Suhas D. Kadavand
Sayaji Shinde,no,2001,Daman,,no,Kalpana Lajmi
Sayaji Shinde,no,2002,Durga,,no,J.D. Chakravarthy
Sayaji Shinde,no,2005,Nigehbaan: The Third Eye,,no,Dilip Shankar
Sayaji Shinde,no,2010,My Friend Ganesha 3,1.59,no,Rajiv S. Ruia
Sayaji Shinde,no,2023,Aazam,,no,Shravan Tiwari
Sayaji Shinde,no,2023,Ajmer 92,1.00,no,Pushpendra Singh
Sayali Bhagat,no,2007,The Train,,yes,"Hasnain Hyderabadwala, Raksha Mistry"
Sayali Bhagat,no,2008,Good Luck!,,no,Aditya Datt
Sayali Bhagat,no,2009,Jail,10.00,no,Madhur Bhandarkar
Sayali Bhagat,no,2009,Paying Guests,,no,Paritossh Painter
Sayali Bhagat,no,2011,Impatient Vivek,,no,Rahat Kazmi
Sayali Bhagat,no,2012,Ghost,,no,Puja Jatinder Bedi
Sayandeep Sengupta,no,2025,Well Done CA Sahab!,,no,Sarvesh Kumar Singh
Sayani Datta,no,2021,The Wife,,no,Sarmad Khan
Sayani Gupta,no,2016,Baar Baar Dekho,62.67,no,Nitya Mehra
Sayani Gupta,no,2016,Fan,188.04,no,Maneesh Sharma
Sayani Gupta,no,2016,Parched,12.03,no,Leena Yadav
Sayani Gupta,no,2019,Article 15,93.08,no,Anubhav Sinha
Sayani Gupta,no,2019,Posham Pa,,no,Suman Mukhopadhyay
Sayani Gupta,no,2020,Axone,,no,Nicholas Kharkongor
Sayani Gupta,no,2021,Pagglait,,no,Umesh Bist
Sayani Gupta,no,2022,Sherdil,10.00,no,Srijit Mukherji
Sayani Gupta,no,2024,Khwaabon Ka Jhamela,,yes,Danish Aslam
Sayantani Nandi,no,2012,Rakhtbeej,,no,Anil Balani
Sayantika Banerjee,no,2013,Paapi - Ek Satya Katha,,yes,Aziz Sejawal
Sayyeshaa,no,2016,Shivaay,124.15,no,Ajay Devgn
Scarlett Wilson,no,2017,The Final Exit,,yes,Dhwanil Mehta
Seema Azmi,no,2007,Chak De! India,109.00,no,Shimit Amin
Seema Azmi,no,2020,Omprakash Zindabad,,no,Ranjeet Gupta
Seema Biswas,no,2000,Bas Yaari Rakho,,no,Gopi Desai
Seema Biswas,no,2002,Ghaav: The Wound,,yes,Kumar Jay
Seema Biswas,no,2004,Ek Hasina Thi,10.00,yes,Sriram Raghavan
Seema Biswas,no,2004,Kaya Taran,,no,Sashi Kumar
Seema Biswas,no,2005,Mumbai Godfather,,no,Deepak Balraj Vij
Seema Biswas,no,2005,Water,,no,Deepa Mehta
Seema Biswas,no,2007,Risk,,no,Vishram Sawant
Seema Biswas,no,2007,Water,,no,Deepa Mehta
Seema Biswas,no,2009,Aasma: The Sky Is the Limit,,no,Rohit Nayyar
Seema Biswas,no,2009,Yeh Mera India,,no,N. Chandra
Seema Biswas,no,2010,Striker,,no,Chandan Arora
Seema Biswas,no,2014,Chaarfutiya Chhokare,,yes,Manish Harishankar
Seema Biswas,no,2014,Manjunath,30.00,no,Sandeep A. Varma
Seema Biswas,no,2016,Freaky Ali,21.32,yes,Sohail Khan
Seema Biswas,no,2016,Project Marathwada,,no,"Prakash Patel, Bhavin Wadia"
Seema Biswas,no,2023,Sir Madam Sarpanch,,no,Praveen Morchhale
Seema Pahwa,no,2018,Khajoor Pe Atke,,no,Harsh Chhaya
Seema Pahwa,no,2019,Bala,172.00,no,Amar Kaushik
Seema Pahwa,no,2021,Ye Mard Bechara,,no,Anuup Thapa
Seema Pahwa,no,2022,Gangubai Kathiawadi,209.77,yes,Sanjay Leela Bhansali
Seema Pahwa,no,2023,Dream Girl 2,140.56,yes,Raaj Shaandilyaa
Seema Pahwa,no,2023,Yaatris,,no,Harish Vyas
Seema Saini,no,2024,Gauraiya Live,,no,Gabriel Vats
Seerat Kapoor,no,2022,Maarrich,,yes,Dhruv Lather
Sendhil Ramamurthy,no,2024,Do Aur Do Pyaar,4.63,no,Shirsha Guha Thakurta
Shaad Randhawa,no,2010,Rokkk,1.05,no,Rajesh Ranshinge
Shaad Randhawa,no,2013,Aashiqui 2,250.00,yes,Mohit Suri
Shaad Randhawa,no,2016,Mastizaade,36.44,no,Milap Milan Zaveri
Shaad Randhawa,no,2018,Hate Story IV,26.60,no,Vishal Pandya
Shaan,no,2014,Balwinder Singh Famous Ho Gaya,,no,Sunil Agnihotri
Shaana Diya,no,2008,Bhoothnath,70.00,no,Vivek Sharma
Shabana Azmi,no,2000,Gaja Gamini,,no,M. F. Hussain
Shabana Azmi,no,2000,Hari-Bhari,,no,Shyam Benegal
Shabana Azmi,no,2002,Makdee,,no,Vishal Bhardwaj
Shabana Azmi,no,2003,Tehzeeb,,yes,Khalid Mohamed
Shabana Azmi,no,2004,Morning Raga,,no,Mahesh Dattan
Shabana Azmi,no,2006,Umrao Jaan,19.52,yes,J. P. Dutta
Shabana Azmi,no,2007,Dus Kahaniyaan,13.00,yes,"Sanjay Gupta , Apoorva Lakhia , Meghna Gulzar , Rohit Roy , Hansal Mehta , Jasmeet Dhodhi"
Shabana Azmi,no,2007,Honeymoon Travels Pvt. Ltd.,19.51,yes,Reema Kagti
Shabana Azmi,no,2008,Sorry Bhai!,,no,Onir
Shabana Azmi,no,2014,A Decent Arrangement,,no,Sarovar Banka
Shabana Azmi,no,2015,Jazbaa,42.67,no,Sanjay Gupta
Shabana Azmi,no,2016,Chalk n Duster,,yes,Jayant Gilatar
Shabana Azmi,no,2016,Neerja,135.52,yes,Ram Madhvani
Shabana Azmi,no,2020,Kaali Khuhi,,no,Terrie Samundra
Shabana Azmi,no,2023,Ghoomer,7.00,yes,R. Balki
Shabana Azmi,no,2023,Rocky Aur Rani Kii Prem Kahaani,355.61,yes,Karan Johar
Shabbir Ahluwalia,no,2008,Mission Istaanbul,,yes,Apoorva Lakhia
Shadaab Khan,no,2013,The Unsound,,no,Alok Shrivastava
Shadab Kamal,no,2013,B.A. Pass,28.40,no,Ajay Bahl
Shadab Kamal,no,2015,Meeruthiya Gangster,,no,Zeishan Quadri
Shadab Kamal,no,2019,Upstarts,,no,Udai Singh Pawar
Shagufta Ali,no,2000,Apradhi Kaun,,no,Mohan Bhakri
Shagufta Ali,no,2021,Sumeru,,no,Avinash Dhyani
Shagufta Ali,no,2024,Gauraiya Live,,no,Gabriel Vats
Shagun Sharma,no,2014,Anuradha,,no,Raju Mavani
Shah Rukh Khan,no,2000,Gaja Gamini,,no,M. F. Hussain
Shah Rukh Khan,no,2000,Har Dil Jo Pyar Karega,32.45,yes,Raj Kanwar
Shah Rukh Khan,no,2000,Hey Ram,11.30,yes,Kamal Haasan
Shah Rukh Khan,no,2000,Josh,35.06,no,Mansoor Khan
Shah Rukh Khan,no,2000,Mohabbatein,76.91,yes,Aditya Chopra
Shah Rukh Khan,no,2000,Phir Bhi Dil Hai Hindustani,25.46,no,Aziz Mirza
Shah Rukh Khan,no,2001,Aśoka,28.00,yes,Santosh Sivan
Shah Rukh Khan,no,2001,Kabhi Khushi Kabhie Gham,135.53,yes,Karan Johar
Shah Rukh Khan,no,2001,One 2 Ka 4,13.82,no,Shashilal K. Nair
Shah Rukh Khan,no,2002,Devdas,90.00,no,Sanjay Leela Bhansali
Shah Rukh Khan,no,2002,Hum Tumhare Hain Sanam,34.76,yes,K. S. Adhiyaman
Shah Rukh Khan,no,2002,Saathiya,29.15,yes,Shaad Ali
Shah Rukh Khan,no,2003,Chalte Chalte,43.29,yes,Aziz Mirza
Shah Rukh Khan,no,2003,Kal Ho Naa Ho,86.09,yes,Nikhil Advani
Shah Rukh Khan,no,2004,Veer-Zaara,97.64,yes,Yash Chopra
Shah Rukh Khan,no,2005,Kuchh Meetha Ho Jaye,,no,Samar Khan
Shah Rukh Khan,no,2005,Paheli,32.00,yes,Amol Palekar
Shah Rukh Khan,no,2006,Alag,0.56,no,Ashu Trikha
Shah Rukh Khan,no,2006,Don: The Chase Begins Again,106.00,yes,Farhan Akhtar
Shah Rukh Khan,no,2006,Kabhi Alvida Naa Kehna,113.00,yes,Karan Johar
Shah Rukh Khan,no,2007,Chak De! India,109.00,no,Shimit Amin
Shah Rukh Khan,no,2007,Om Shanti Om,152.00,no,Farah Khan
Shah Rukh Khan,no,2008,Bhoothnath,70.00,no,Vivek Sharma
Shah Rukh Khan,no,2008,Kismat Konnection,,yes,Aziz Mirza
Shah Rukh Khan,no,2008,Rab Ne Bana Di Jodi,157.00,yes,Aditya Chopra
Shah Rukh Khan,no,2008,Shaurya,,no,Samar Khan
Shah Rukh Khan,no,2009,Aao Wish Karein,,no,Glenn Baretto
Shah Rukh Khan,no,2009,Billu,47.45,no,Priyadarshan
Shah Rukh Khan,no,2009,Luck by Chance,29.00,yes,Zoya Akhtar
Shah Rukh Khan,no,2010,Dulha Mil Gaya,,yes,Muddassar Aziz
Shah Rukh Khan,no,2010,My Name Is Khan,220.30,yes,Karan Johar
Shah Rukh Khan,no,2011,Always Kabhi Kabhi,,no,Roshan Abbas
Shah Rukh Khan,no,2011,Don 2,202.81,yes,Farhan Akhtar
Shah Rukh Khan,no,2011,Ra.One,207.00,yes,Anubhav Sinha
Shah Rukh Khan,no,2012,Jab Tak Hai Jaan,235.00,no,Yash Chopra
Shah Rukh Khan,no,2013,Chennai Express,423.76,no,Rohit Shetty
Shah Rukh Khan,no,2014,Happy New Year,342.00,yes,Farah Khan
Shah Rukh Khan,no,2015,Dilwale,376.00,yes,Rohit Shetty
Shah Rukh Khan,no,2016,Dear Zindagi,138.91,yes,Gauri Shinde
Shah Rukh Khan,no,2016,Fan,188.04,no,Maneesh Sharma
Shah Rukh Khan,no,2017,Jab Harry Met Sejal,153.43,no,Imtiaz Ali
Shah Rukh Khan,no,2017,Raees,308.10,no,Rahul Dholakia
Shah Rukh Khan,no,2018,Zero,191.43,yes,Aanand L. Rai
Shah Rukh Khan,no,2023,Dunki,470.60,yes,Rajkumar Hirani
Shah Rukh Khan,no,2023,Jawan,0.00,no,Atlee
Shah Rukh Khan,no,2023,Pathaan,0.00,no,Siddharth Anand
Shahana Goswami,no,2008,Rock On!!,36.00,no,Abhishek Kapoor
Shahana Goswami,no,2009,Jashnn,,no,Raksha Mistry & Hasnain S Hyderabadwala
Shahana Goswami,no,2010,Mirch,,no,Vinay Shukla
Shahana Goswami,no,2010,Tera Kya Hoga Johnny,,yes,Sudhir Mishra
Shahana Goswami,no,2011,Ra.One,207.00,yes,Anubhav Sinha
Shahana Goswami,no,2016,Rock On 2,15.70,no,Sujaat Saudagar
Shahana Goswami,no,2018,Gali Guleiyan,,no,Dipesh Jain
Shahana Goswami,no,2023,Neeyat,5.50,no,Anu Menon
Shahana Goswami,no,2023,Zwigato,,no,Nandita Das
Shahana Goswami,no,2024,Despatch,,no,Kanu Behl
Shahbaz Khan,no,2001,Kyo Kii Main Jhuth Nahin Bolta,14.34,yes,David Dhawan
Shahbaz Khan,no,2003,Hawa,5.89,no,Guddu Dhanoa
Shahbaz Khan,no,2004,Woh,,no,Raj N. Sippy
Shahbaz Khan,no,2012,Agent Vinod,73.00,yes,Sriram Raghavan
Shahbaz Khan,no,2015,Chinar Daastaan-E-Ishq,,yes,Sharique Minhaj
Shahbaz Khan,no,2019,Keep Safe Distance,,no,Raama Mehra
Shahbaz Khan,no,2019,Risknamaa,,no,Aarun Nagar
Shaheer Sheikh,no,2024,Do Patti,,yes,Shashanka Chaturvedi
Shahib Chopra,no,2008,Wafaa,,no,Rakesh Sawant
Shahid Kapoor,yes,2003,Ishq Vishk,12.26,yes,Ken Ghosh
Shahid Kapoor,yes,2004,Dil Maange More,,yes,Anant Mahadevan
Shahid Kapoor,yes,2004,Fida,16.90,yes,Ken Ghosh
Shahid Kapoor,yes,2005,Deewane Huye Paagal,26.50,yes,Vikram Bhatt
Shahid Kapoor,yes,2005,Shikhar,10.30,yes,John Matthew Matthan
Shahid Kapoor,yes,2005,Vaah! Life Ho Toh Aisi!,19.00,yes,Mahesh Manjrekar
Shahid Kapoor,yes,2006,36 China Town,38.00,yes,Abbas–Mustan
Shahid Kapoor,yes,2006,Chup Chup Ke,25.58,yes,Priyadarshan
Shahid Kapoor,yes,2006,Vivah,49.00,yes,Sooraj R. Barjatya
Shahid Kapoor,yes,2007,Fool & Final,27.62,yes,Ahmed Khan
Shahid Kapoor,yes,2007,Jab We Met,50.90,yes,Imtiaz Ali
Shahid Kapoor,yes,2007,Kya Love Story Hai,,yes,Lovely Singh
Shahid Kapoor,yes,2008,Drona,15.00,yes,Goldie Behl
Shahid Kapoor,yes,2008,Kismat Konnection,,yes,Aziz Mirza
Shahid Kapoor,yes,2009,Dil Bole Hadippa!,46.12,yes,Anurag Singh
Shahid Kapoor,yes,2009,Kaminey,71.57,yes,Vishal Bhardwaj
Shahid Kapoor,yes,2010,Badmaash Company,53.00,yes,Parmeet Sethi
Shahid Kapoor,yes,2010,Chance Pe Dance,16.30,yes,Ken Ghosh
Shahid Kapoor,yes,2010,Milenge Milenge,,yes,Satish Kaushik
Shahid Kapoor,yes,2010,Paathshaala,17.00,yes,Milind Ukey
Shahid Kapoor,yes,2011,Mausam,,yes,Pankaj Kapoor
Shahid Kapoor,yes,2012,Teri Meri Kahaani,54.00,yes,Kunal Kohli
Shahid Kapoor,yes,2013,Phata Poster Nikhla Hero,72.00,yes,Rajkumar Santoshi
Shahid Kapoor,yes,2013,R... Rajkumar,101.21,yes,Prabhudeva
Shahid Kapoor,yes,2014,Haider,85.00,yes,Vishal Bhardwaj
Shahid Kapoor,yes,2015,Shaandaar,75.70,yes,Vikas Bahl
Shahid Kapoor,yes,2016,Udta Punjab,,yes,Abhishek Chaubey
Shahid Kapoor,yes,2017,Rangoon,41.04,yes,Vishal Bhardwaj
Shahid Kapoor,yes,2018,Batti Gul Meter Chalu,56.00,yes,Shree Narayan Singh
Shahid Kapoor,yes,2018,Padmaavat,571.98,yes,Sanjay Leela Bhansali
Shahid Kapoor,yes,2019,Kabir Singh,379.02,yes,Sandeep Vanga
Shahid Kapoor,yes,2022,Jersey,27.90,yes,Gowtam Tinnanuri
Shahid Kapoor,yes,2023,Bloody Daddy,,yes,Ali Abbas Zafar
Shahid Kapoor,yes,2024,Teri Baaton Mein Aisa Uljha Jiya,133.64,yes,Amit Joshi Aradhana Sah
Shahid Kapoor,yes,2025,Deva,51.73,yes,Rosshan Andrrews
Shahidul Alam Sachchu,no,2023,Mujib: The Making of a Nation,,no,Shyam Benegal
Shahnawaz Bhat,no,2020,Half Widow,,no,Danish Renzu
Shahrukh Khan,no,2002,Shakti - The Power,20.00,yes,Boney Kapoor
Shahrukh Khan,no,2004,Main Hoon Na,84.00,yes,Farah Khan
Shahrukh Khan,no,2004,Swades,40.20,no,Ashutosh Gowarikar
Shahrukh Khan,no,2004,Yeh Lamhe Judaai Ke,,yes,Birendra Nath Tiwary
Shahrukh Khan,no,2005,Kaal,28.50,yes,Soham Shah
Shahrukh Khan,no,2006,I See You,1.92,yes,Vivek Agrawal
Shahrukh Khan,no,2010,"Shahrukh Bola ""Khoobsurat Hai Tu""",,no,Makrand Deshpande
Shailendra Pande,no,2019,Goopi Gawaiya Bagha Bajaiya,,no,Shilpa Ranade
Shailly Sehgal,no,2009,School Days,,no,Dilip Sood
Shaji Chaudhary,no,2019,Pranaam,,no,Sanjiv Jaiswal
Shakeel Khan,no,2006,Ahista Ahista,,yes,Shivam Nair
Shakti Kapoor,no,2000,Bhai Thakur,,no,"Willy , Raja"
Shakti Kapoor,no,2000,Chal Mere Bhai,22.28,yes,David Dhawan
Shakti Kapoor,no,2000,Jis Desh Mein Ganga Rehta Hain,,yes,Mahesh Manjrekar
Shakti Kapoor,no,2000,Tune Mera Dil Le Liyaa,,no,B.B. Bhalla
Shakti Kapoor,no,2001,Bengal Tiger,,no,Adarsh Jain
Shakti Kapoor,no,2001,Ek Rishtaa: The Bond of Love,36.50,yes,Suneel Darshan
Shakti Kapoor,no,2003,Humein Tumse Pyar Ho Gaya Chupke Chupke,,no,Pramod Mandloi
Shakti Kapoor,no,2005,Barsaat,19.56,yes,Suneel Darshan
Shakti Kapoor,no,2005,Dosti: Friends Forever,23.00,yes,Suneel Darshan
Shakti Kapoor,no,2006,Bhagam Bhag,67.00,yes,Priyadarshan
Shakti Kapoor,no,2006,Chup Chup Ke,25.58,yes,Priyadarshan
Shakti Kapoor,no,2006,Malamaal Weekly,42.76,yes,Priyadarshan
Shakti Kapoor,no,2006,Shaadi Karke Phas Gaya Yaar,5.02,yes,K. S. Adiyaman
Shakti Kapoor,no,2008,Don Muthu Swami,,no,Ashim Samanta
Shakti Kapoor,no,2008,Woodstock Villa,20.00,yes,Hansal Mehta
Shakti Kapoor,no,2009,De Dana Dan,81.85,no,Priyadarshan
Shakti Kapoor,no,2011,Bin Bulaye Baraati,,no,Chandrakant Singh
Shakti Kapoor,no,2011,Naughty @ 40,,no,Jagmohan Mundhra
Shakti Kapoor,no,2014,Neighbours,,no,Shyam Ramsay
Shakti Kapoor,no,2015,Mere Genie Uncle,0.02,no,Ashish Bhavsar
Shakti Kapoor,no,2017,Love You Family,,no,Sachindra Sharma
Shakti Kapoor,no,2019,Rangeela Raja,0.18,no,Sikander Bharti
Shakti Kapoor,no,2023,Trial Period,,no,Aleya Sen
Shakti Kumar,no,2019,Jacqueline I Am Coming,,no,Banty Dubey
Shakun Batra,no,2008,Jaane Tu... Ya Jaane Na,84.00,yes,Abbas Tyrewala
Shaleen Bhanot,no,2016,Love Ke Funday,,no,Indervesh Yogee
Shalini Pandey,no,2020,Bamfaad,,no,Ranjan Chandel
Shalini Pandey,no,2022,Jayeshbhai Jordaar,26.31,no,Divyang Thakkar
Shalini Pandey,no,2024,Maharaj,,yes,Siddharth P. Malhotra
Shalini Vats,no,2020,Ludo,,yes,Anurag Basu
Shalini Vatsa,no,2017,Gurgaon,6.70,no,Shanker Raman
Shalu Singh,no,2016,Love Day - Pyaar Ka Din,,no,"Sandeep Choudhary, Harish Kotian"
Shama Sikander,no,2004,Chand Bujh Gaya,0.15,yes,Sharique Minhaj
Shama Sikander,no,2019,Bypass Road,1.16,no,Naman Nitin Mukesh
Shameen Shaikh,no,2005,White Rainbow,,no,Dharan Mandrayar
Shamim Khan,no,2014,Yeh Hai Bakrapur,,no,Janaki Vishwanathan
Shamim Khan,no,2015,Sorry Daddy,,no,Vijay Pal and Shakur
Shamita Shetty,no,2000,Mohabbatein,76.91,yes,Aditya Chopra
Shamita Shetty,no,2002,Mohabbat Ho Gayi Hai Tumse,,yes,Rishi Talwar
Shamita Shetty,no,2004,Agnipankh,28.00,no,Sanjeev Puri
Shamita Shetty,no,2004,Wajahh: A Reason to Kill,,yes,Gautama Adhikari
Shamita Shetty,no,2005,Bewafaa,33.18,yes,Dharmesh Darshan
Shamita Shetty,no,2005,Fareb,1.08,no,Deepak Tijori
Shamita Shetty,no,2005,Zeher,13.00,yes,Mohit Suri
Shamita Shetty,no,2007,Cash,29.30,yes,Anubhav Sinha
Shamita Shetty,no,2008,Hari Puttar: A Comedy of Terrors,,no,Lucky Kohli & Rajesh Bajaj
Shamita Shetty,no,2023,The Tenant,,no,Sushrut Jain
Shammi Duhan,no,2025,Tu Meri Poori Kahani,,no,Suhrita Das
Shammi Kapoor,no,2011,Rockstar,108.70,yes,Imtiaz Ali
Shanaya Kapoor,yes,2025,Aankhon Ki Gustaakhiyan,2.35,yes,Santosh Singh
Shane Harper,no,2010,My Name Is Khan,220.30,yes,Karan Johar
Shaneel Sinha,no,2016,Rebellious Flower,,no,Krishan Hooda
Shanmugarajan,no,2009,Quick Gun Murugun,2.57,no,Shashanka Ghosh
Shannon Esra,no,2007,Salaam-e-Ishq: A Tribute to Love,52.24,yes,Nikhil Advani
Shantanu Maheshwari,no,2022,Gangubai Kathiawadi,209.77,yes,Sanjay Leela Bhansali
Shantanu Maheshwari,no,2024,Auron Mein Kahan Dum Tha,12.91,no,Neeraj Pandey
Shantanu Maheshwari,no,2025,Love in Vietnam,,no,Rahat Shah Kazmi
Shantilal Mukherjee,no,2019,India's Most Wanted,16.74,yes,Rajkumar Gupta
Sharad Kapoor,no,2000,Josh,35.06,no,Mansoor Khan
Sharad Kapoor,no,2001,Hadh: Life on the Edge of Death,,no,Thampi Kannanthanam
Sharad Kapoor,no,2002,Kuch Tum Kaho Kuch Hum Kahein,,yes,K. Ravi Shankar
Sharad Kapoor,no,2002,Lal Salaam,,no,Gaganvihari Borate
Sharad Kapoor,no,2003,Patth,,no,
Sharad Kapoor,no,2003,Tada,,no,Sisir. P. Mishra
Sharad Kapoor,no,2004,Lakshya,41.68,yes,Farhan Akhtar
Sharad Kapoor,no,2005,Ek Khiladi Ek Haseena,7.88,yes,Suparn Verma
Sharad Kelkar,no,2004,Hulchul,33.09,yes,Priyadarshan
Sharad Kelkar,no,2015,Hero,34.82,yes,Nikhil Advani
Sharad Kelkar,no,2016,Mohenjo Daro,107.80,yes,Ashutosh Gowariker
Sharad Kelkar,no,2017,Baadshaho,123.50,yes,Milan Luthria
Sharad Kelkar,no,2017,Irada,1.10,no,Aparnaa Singh
Sharad Kelkar,no,2020,Darbaan,,no,Bipin Nadkarni
Sharad Kelkar,no,2020,Tanhaji,368.00,yes,Om Raut
Sharad Kelkar,no,2021,Bhuj: The Pride of India,,yes,Abhishek Dudhaiya
Sharad Kelkar,no,2022,Code Name: Tiranga,1.41,no,Ribhu Dasgupta
Sharad Kelkar,no,2022,Operation Romeo,,no,Shashant Shah
Sharad Kelkar,no,2023,Chor Nikal Ke Bhaga,,no,Ajay Singh
Sharad Kelkar,no,2024,Srikanth,62.92,no,Tushar Hiranandani
Sharad Kelkar,no,2025,Dil Dosti Aur Dogs,,yes,Viral Shah
Sharad Malhotra,no,2012,From Sydney with Love,,no,Prateek Chakraborty
Sharad Singh,no,2021,Faactory,,yes,Faisal Khan
Sharat Saxena,no,2000,Phir Bhi Dil Hai Hindustani,25.46,no,Aziz Mirza
Sharat Saxena,no,2001,Ek Rishtaa: The Bond of Love,36.50,yes,Suneel Darshan
Sharat Saxena,no,2002,Akhiyon Se Goli Maare,,no,Harmesh Malhotra
Sharat Saxena,no,2002,Saathiya,29.15,yes,Shaad Ali
Sharat Saxena,no,2003,2 October,,no,Sunil Tiwari
Sharat Saxena,no,2003,Baghban,43.11,yes,Ravi Chopra
Sharat Saxena,no,2003,Khushi,,yes,S. J. Suryah
Sharat Saxena,no,2003,Om,,no,Ashok Honda
Sharat Saxena,no,2003,Yeh Dil,,yes,Teja
Sharat Saxena,no,2006,Aap Ki Khatir,13.00,yes,Dharmesh Darshan
Sharat Saxena,no,2006,Bhagam Bhag,67.00,yes,Priyadarshan
Sharat Saxena,no,2006,Fanaa,103.00,yes,Kunal Kohli
Sharat Saxena,no,2007,Jahan Jaaeyega Hamen Paaeyega,,no,Janmendra Ahuja
Sharat Saxena,no,2007,Nanhe Jaisalmer,,yes,Samir Karnik
Sharat Saxena,no,2008,Hello,17.96,yes,Atul Agnihotri
Sharat Saxena,no,2008,Mr. Black Mr. White,,no,Deepak Shivdasani
Sharat Saxena,no,2008,Superstar,,no,Rohit Jugraj
Sharat Saxena,no,2008,Thoda Pyaar Thoda Magic,37.25,yes,Kunal Kohli
Sharat Saxena,no,2009,Vaada Raha,,yes,Samir Karnik
Sharat Saxena,no,2010,Kushti,,no,T K Rajeev Kumar
Sharat Saxena,no,2011,Bodyguard,252.99,yes,Siddique
Sharat Saxena,no,2011,Na Jaane Kabse Hum Hi,,no,Pammi Somal
Sharat Saxena,no,2011,Sahi Dhandhe Galat Bande,,no,Parvin Dabas
Sharat Saxena,no,2012,Bumboo,0.39,no,Jagdish Rajpurohit
Sharat Saxena,no,2012,Jeena Hai Toh Thok Daal,,no,Manish Vatsalya
Sharat Saxena,no,2013,Boyss Toh Boyss Hain,,no,Amit Vats
Sharat Saxena,no,2016,Anna,,yes,Shashank Udapurkar
Sharat Saxena,no,2021,Sherni,,no,Amit V. Masurkar
Sharbani Mukherji,no,2002,Ansh: The Deadly Part,,no,Rajan Johri
Sharda Desoares,no,2000,Saanjh,,no,Sabrina Dhawan
Shardul Bharadwaj,no,2020,Eeb Allay Ooo!,,no,Prateek Vats
Shardul Bhardwaj,no,2023,Kuttey,4.65,yes,Aasmaan Bhardwaj
Sharib Hashmi,no,2014,Filmistaan,9.99,no,Nitin Kakkar
Sharib Hashmi,no,2015,Badmashiyaan,,no,Amit Khanna
Sharib Hashmi,no,2018,Vodka Diaries,1.26,no,Kushal Srivastava
Sharib Hashmi,no,2020,Darbaan,,no,Bipin Nadkarni
Sharib Hashmi,no,2021,Helmet,,no,Satramm Ramani
Sharib Hashmi,no,2023,Afwaah,,no,Sudhir Mishra
Sharib Hashmi,no,2023,Mission Majnu,,no,Shantanu Bagchi
Sharib Hashmi,no,2023,Shiv Shastri Balboa,,no,Ajayan Venugopalan
Sharib Hashmi,no,2023,Tarla,,no,Piyush Gupta
Sharib Hashmi,no,2024,Malhar,,no,Vishal Kumbhar
Sharib Hashmi,no,2024,Sharmajee Ki Beti,,no,Tahira Kashyap Khurana
Sharib Hashmi,no,2025,Gustaakh Ishq,2.29,no,Vibhu Puri
Sharib Hashmi,no,2025,Murderbaad,,no,Arnab Chatterjee
Sharib Hashmi,no,2025,Sangee,,no,Sumit Kulkarni
Sharib Hashmi,no,2025,Ufff Yeh Siyapaa,,no,G. Ashok
Sharman Joshi,no,2001,Style,8.84,no,N. Chandra
Sharman Joshi,no,2003,Kahan Ho Tum,,no,Vijay Kumar
Sharman Joshi,no,2003,Xcuse Me,,no,N. Chandra
Sharman Joshi,no,2005,Shaadi No. 1,20.49,yes,David Dhawan
Sharman Joshi,no,2006,Golmaal: Fun Unlimited,41.25,yes,Rohit Shetty
Sharman Joshi,no,2006,Rang De Basanti,97.00,yes,Rakeysh Omprakash Mehra
Sharman Joshi,no,2007,Dhol,33.27,yes,Priyadarshan
Sharman Joshi,no,2007,Life in a... Metro,24.45,no,Anurag Basu
Sharman Joshi,no,2007,Raqeeb,,no,Anurag Singh
Sharman Joshi,no,2008,Hello,17.96,yes,Atul Agnihotri
Sharman Joshi,no,2008,Sorry Bhai!,,no,Onir
Sharman Joshi,no,2009,3 Idiots,400.61,yes,Rajkumar Hirani
Sharman Joshi,no,2010,Allah Ke Banday,,no,Faruk Kabir
Sharman Joshi,no,2010,Toh Baat Pakki!,,no,Kedarh Shinde
Sharman Joshi,no,2012,3 Bachelors,,no,Ajay Sinha
Sharman Joshi,no,2012,Ferrari Ki Sawaari,45.69,no,Rajesh Mapuskar
Sharman Joshi,no,2013,War Chhod Na Yaar,,yes,Faraz Haider
Sharman Joshi,no,2014,Gang of Ghosts,,no,Satish Kaushik
Sharman Joshi,no,2014,Super Nani,,yes,Indra Kumar
Sharman Joshi,no,2015,Hate Story 3,62.21,no,Vishal Pandya
Sharman Joshi,no,2016,1920: London,,no,Tinu Suresh Desai
Sharman Joshi,no,2016,Wajah Tum Ho,24.40,no,Vishal Pandya
Sharman Joshi,no,2017,Haseena Parkar,9.00,no,Apoorva Lakhia
Sharman Joshi,no,2018,3 Storeys,,no,Arjun Mukerjee
Sharman Joshi,no,2018,Kaashi in Search of Ganga,0.93,no,Dhiraj Kumar
Sharman Joshi,no,2019,Mission Mangal,290.59,yes,Jagan Shakti
Sharman Joshi,no,2021,Babloo Bachelor,,no,Agnidev Chatterjee
Sharman Joshi,no,2021,Mera Fauji Calling,,no,Aaryaan Saxena
Sharman Joshi,no,2023,Aankh Micholi,1.50,no,Umesh Shukla
Sharman Joshi,no,2023,Music School,,no,Papa Rao Biyyala
Sharman Joshi,no,2023,Sab Moh Maaya Hai,,no,Abhinav Pareek
Sharmila Tagore,no,2005,Viruddh... Family Comes First,18.51,yes,Mahesh Manjrekar
Sharmila Tagore,no,2007,Eklavya: The Royal Guard,38.00,yes,Vidhu Vinod Chopra
Sharmila Tagore,no,2007,Fool & Final,27.62,yes,Ahmed Khan
Sharmila Tagore,no,2009,8 x 10 Tasveer,23.58,no,Nagesh Kukunoor
Sharmila Tagore,no,2023,Gulmohar,,no,Rahul V. Chittella
Sharmila Tagore,no,2024,OutHouse,,no,Sunil Sukthankar
Sharmin Segal,no,2019,Malaal,2.50,yes,Mangesh Hadawale
Sharmin Segal,no,2022,Atithi Bhooto Bhava,,no,Hardik Gajjar
Sharvari,no,2024,Maharaj,,yes,Siddharth P. Malhotra
Sharvari,no,2024,Munjya,132.13,no,Aditya Sarpotdar
Sharvari,no,2024,Vedaa,26.71,no,Nikkhil Advani
Sharvari Wagh,no,2021,Bunty Aur Babli 2,22.12,yes,Varun V. Sharma
Sharvil Patel,no,2016,Shortcut Safari,,no,Amitabha Singh
Shashank,no,2007,50 Lakh,,no,Chandra Sekhar Yeleti
Shashank Arora,no,2015,Titli,,no,Kanu Behl
Shashank Arora,no,2016,Brahman Naman,,no,Qaushiq Mukherjee
Shashank Arora,no,2016,Rock On 2,15.70,no,Sujaat Saudagar
Shashank Arora,no,2018,Zoo,,no,Shlok Sharma
Shashank Arora,no,2019,377 Ab Normal,,no,Faruk Kabir
Shashank Arora,no,2019,Moothon,,no,Geetu Mohandas
Shashank Arora,no,2023,Neeyat,5.50,no,Anu Menon
Shashank Arora,no,2025,Superboys of Malegaon,5.35,no,Reema Kagti
Shashank Arora,no,2025,WingMan (The Universal Irony of Love),,no,Anuj Gulati
Shashank Singh,no,2016,Rebellious Flower,,no,Krishan Hooda
Shashank Udapurkar,no,2014,Badlapur Boys,,no,Shailesh Verma
Shashank Udapurkar,no,2016,Anna,,yes,Shashank Udapurkar
Shashi Bhushan,no,2020,Eeb Allay Ooo!,,no,Prateek Vats
Shashi Bhushan,no,2024,Pushtaini,,no,Vinod Rawat
Shashi Ranjan,no,2020,Lootcase,,no,Rajesh Krishnan
Shashwita Sharma,no,2014,Room – The Mystery,,no,Faizal Khan
Shataf Figar,no,2021,Shershaah,,no,Vishnuvardhan
Shataf Figar,no,2024,Chote Nawab,,no,Kumud Chaudhary
Shataf Figar,no,2025,Match Fixing,5.00,no,Kedar Gaekwad
Shatrughan Sinha,no,2004,Aan: Men at Work,,no,Madhur Bhandarkar
Shatrughan Sinha,no,2010,Rakta Charitra,,yes,Ram Gopal Verma
Shatrughan Sinha,no,2010,Rakta Charitra 2,,yes,Ram Gopal Verma
Shaurya Chauhan,no,2012,Sadda Adda,,no,Muazzam Beg
Shaurya Chauhan,no,2015,Sabki Bajegi Band,,no,Anirudh Chawla
Shaurya Singh,no,2017,Bhanwarey,,no,Shaurya Singh
Shawar Ali,no,2004,Ab... Bas!,,no,Rajesh Singh
Shawar Ali,no,2004,Hawas,,no,Karan Razdan
Shawar Ali,no,2005,99.9 FM,,no,Sanjay Bhatia
Shawar Ali,no,2012,Paanch Ghantey Mien Paanch Crore,,no,Faisal Saif
Shayan Munshi,no,2006,Ahista Ahista,,yes,Shivam Nair
Shazahn Padamsee,no,2009,Rocket Singh: Salesman of the Year,23.65,yes,Shimit Amin
Shazahn Padamsee,no,2011,Dil Toh Baccha Hai Ji,28.91,yes,Madhur Bhandarkar
Shazahn Padamsee,no,2012,Housefull 2,179.15,yes,Sajid Khan
Sheeba Chaddha,no,2012,Love You To Death,,no,Rafeeg Ellias
Sheeba Chaddha,no,2017,Indu Sarkar,6.07,no,Madhur Bhandarkar
Sheeba Chaddha,no,2021,Pagglait,,no,Umesh Bist
Sheeba Chaddha,no,2024,All India Rank,0.35,no,Varun Grover
Sheeba Chaddha,no,2024,Navras Katha Collage,,no,Praveen Hingonia
Sheeba Chaddha,no,2025,Songs of Paradise,,no,Danish Renzu
Sheeba Chaddha,no,2025,The Great Shamsuddin Family,,no,Anusha Rizvi
Sheeba Chadha,no,2023,Rabia & Olivia,,no,Shadab Khan
Sheeba Chadha,no,2023,Trial Period,,no,Aleya Sen
Sheeba Chadha,no,2025,Kaushaljis vs Kaushal,,no,Seemaa Desai
Sheena Bajaj,no,2005,Kalyug,,yes,Mohit Suri
Sheena Bajaj,no,2006,Bhoot Unkle,,no,Mukesh Saigal
Sheena Chohan,no,2025,Sant Tukaram,,no,Aditya Om
Sheena Nayar,no,2010,Mallika,,no,Wilson Louis
Sheena Shahabadi,no,2009,Teree Sang,,no,Satish Kaushik
Sheetal Bedi,no,2010,Trump Card,,no,Arshad Khan
Sheetal Bhavishi,no,2004,AK-47,,no,Raam Shetty
Sheetal Menon,no,2008,Bhram,,no,Pavan Kaul
Sheetal Singh,no,2013,Horror Story,7.00,no,Ayush Raina
Sheetal Singh,no,2021,Maassab,,no,Aditya Om
Sheetal Thakur,no,2019,Chappad Phaad Ke,,no,Sameer Hemant Joshi
Sheetal Thakur,no,2019,Upstarts,,no,Udai Singh Pawar
Sheetal Thakur,no,2020,Shukranu,,no,Bishnu Dev Halder
Shefali Shah,no,2001,Monsoon Wedding,,no,Mira Nair
Shefali Shah,no,2005,Waqt: The Race Against Time,42.49,no,Vipul Shah
Shefali Shah,no,2007,"Gandhi, My Father",7.49,yes,Feroz Abbas Khan
Shefali Shah,no,2008,Black & White,,no,Subhash Ghai
Shefali Shah,no,2008,The Last Lear,,no,Rituparno Ghosh
Shefali Shah,no,2010,Karthik Calling Karthik,,no,Vijay Lalwani
Shefali Shah,no,2011,Kucch Luv Jaisaa,,no,Barnali Ray Shukla
Shefali Shah,no,2015,Dil Dhadakne Do,145.00,no,Zoya Akhtar
Shefali Shah,no,2018,Once Again,,no,Kanwal Sethi
Shefali Shah,no,2021,Ajeeb Daastaans,,no,Shashank Khaitan Raj Mehta Neeraj Ghaywan Kayoze Irani
Shefali Shah,no,2022,Darlings,,yes,Jasmeet K Reen
Shefali Shah,no,2022,Doctor G,40.71,no,Anubhuti Kashyap
Shefali Shah,no,2022,Jalsa,,no,Suresh Triveni
Shefali Shah,no,2023,Three of Us,,no,Avinash Arun Dhaware
Shefali Shetty,no,2014,Lakshmi,,no,Nagesh Kukunoor
Shehnaaz Gill,no,2023,Kisi Ka Bhai Kisi Ki Jaan,182.00,yes,Farhad Samji
Shehnaaz Gill,no,2023,Thank You for Coming,9.64,no,Karan Boolani
Shekhar Kapur,no,2013,Vishwaroopam,220.00,no,Kamal Haasan
Shekhar Kapur,no,2016,Teraa Surroor,20.21,no,Shawn Arranha
Shekhar Ravjiani,no,2016,Neerja,135.52,yes,Ram Madhvani
Shekhar Suman,no,2002,Chor Machaaye Shor,13.62,yes,Aziz Sejawal
Shekhar Suman,no,2014,Heartless,1.18,no,Shekhar Suman
Shenaz Treasury,no,2018,Kaalakaandi,10.00,yes,Akshat Verma
Shenaz Treasuryvala,no,2014,Main Aur Mr. Riight,,no,Adeeb Rais
Shenaz Treasurywala,no,2006,Umar,,no,Karan Razdan
Shenaz Treasurywala,no,2009,Aagey Se Right,,no,Indrajit Nattoji
Shenaz Treasurywala,no,2009,Radio,,no,Ishaan Trivedi
Shenaz Treasurywala,no,2011,Delhi Belly,103.00,yes,Abhinay Deo
Sherlyn Chopra,no,2005,Dosti: Friends Forever,23.00,yes,Suneel Darshan
Sherlyn Chopra,no,2005,Time Pass,,no,
Sherlyn Chopra,no,2006,Jawani Diwani: A Youthful Joyride,,yes,Manish Sharma
Sherlyn Chopra,no,2007,Red Swastik,,no,Vinod Pande
Sherlyn Chopra,no,2009,Dil Bole Hadippa!,46.12,yes,Anurag Singh
Shernaz Patel,no,2005,Black,40.94,no,Sanjay Leela Bhansali
Shernaz Patel,no,2010,Guzaarish,61.30,yes,Sanjay Leela Bhansali
Shernaz Patel,no,2011,I Am,0.67,no,Onir
Shernaz Patel,no,2012,"Love, Wrinkle-free",,no,Sandeep Mohan
Sherrin Varghese,no,2004,Kiss Kis Ko,,no,Sharad Sharan
Shhivam Kakar,no,2025,Ghich Pich,,no,Ankur Singla
Shibani Bedi,no,2021,Flight,,no,Suraj Joshi
Shibani Bedi,no,2023,Thank You for Coming,9.64,no,Karan Boolani
Shikha Malhotra,no,2020,Kaanchli Life in a Slough,,no,Dedipya Joshii
Shikha Talsania,no,2018,Veere Di Wedding,139.00,yes,Shashanka Ghosh
Shikha Talsania,no,2022,Jahaan Chaar Yaar,,no,Kamal Pandey
Shillpi Sharma,no,2005,Jo Bole So Nihaal,,yes,Rahul Rawail
Shilpa Anand,no,2006,Iqraar by Chance,,yes,K. Ravi Shankar
Shilpa Anand,no,2013,Bloody Isshq,,no,Arup Dutta
Shilpa Navalkar,no,2000,Kairee,,no,Amol Palekar
Shilpa Saklani,no,2002,Na Tum Jaano Na Hum,19.29,yes,Arjun Sablok
Shilpa Shetty,no,2000,Dhadkan,26.47,no,Dharmesh Darshan
Shilpa Shetty,no,2000,Jung,11.40,yes,Sanjay Gupta
Shilpa Shetty,no,2000,Tarkieb,9.24,no,Esmayeel Shroff
Shilpa Shetty,no,2001,Indian,42.61,yes,N. Maharajan
Shilpa Shetty,no,2002,Badhaai Ho Badhaai,6.99,no,Satish Kaushik
Shilpa Shetty,no,2002,Chor Machaaye Shor,13.62,yes,Aziz Sejawal
Shilpa Shetty,no,2002,Hathyar,9.63,yes,Mahesh Manjrekar
Shilpa Shetty,no,2002,Karz: The Burden of Truth,15.57,yes,Harry Baweja
Shilpa Shetty,no,2002,Rishtey,12.37,yes,Indra Kumar
Shilpa Shetty,no,2003,Darna Mana Hai,9.00,yes,Prawaal Raman
Shilpa Shetty,no,2004,Garv,23.48,yes,Puneet Issar
Shilpa Shetty,no,2004,Phir Milenge,5.43,yes,Revathy
Shilpa Shetty,no,2005,Dus,38.84,yes,Anubhav Sinha
Shilpa Shetty,no,2005,Fareb,1.08,no,Deepak Tijori
Shilpa Shetty,no,2005,Khamoshh... Khauff Ki Raat,1.04,no,Deepak Tijori
Shilpa Shetty,no,2006,Shaadi Karke Phas Gaya Yaar,5.02,yes,K. S. Adiyaman
Shilpa Shetty,no,2007,Apne,69.28,yes,Anil Sharma
Shilpa Shetty,no,2007,Life in a... Metro,24.45,no,Anurag Basu
Shilpa Shetty,no,2021,Hungama 2,,yes,Priyadarshan
Shilpa Shetty,no,2022,Nikamma,1.77,no,Sabbir Khan
Shilpa Shetty,no,2023,Sukhee,1.65,no,Sonal Joshi
Shilpa Shirodkar,no,2000,Gaja Gamini,,no,M. F. Hussain
Shilpa Shirodkar,no,2020,Guns of Banaras,,no,Sekhar Suri
Shilpa Shukla,no,2009,Chal Chalein,,no,Ujjwal Singh
Shilpa Shukla,no,2011,Bhindi Baazaar Inc.,1.19,no,Ankush Bhatt
Shilpa Shukla,no,2011,Mumbai Mast Kallander,,no,Aman Mihani
Shilpa Shukla,no,2013,B.A. Pass,28.40,no,Ajay Bahl
Shilpa Shukla,no,2015,Crazy Cukkad Family,,no,Ritesh Menon
Shilpa Shukla,no,2019,Bombairiya,0.14,no,Pia Sukanya
Shilpa Shukla,no,2024,Bastar: The Naxal Story,,no,Sudipto Sen
Shilpa Tulaskar,no,2017,Thodi Thodi Si Manmaaniyan,,no,Aditya Sarpotdar
Shiney Ahuja,no,2005,Hazaaron Khwaishein Aisi,,no,Sudhir Mishra
Shiney Ahuja,no,2005,Karam,7.76,no,Sanjay F. Gupta
Shiney Ahuja,no,2006,Fanaa,103.00,yes,Kunal Kohli
Shiney Ahuja,no,2006,Gangster: A Love Story,17.93,yes,Anurag Basu
Shiney Ahuja,no,2006,Woh Lamhe...,14.98,no,Mohit Suri
Shiney Ahuja,no,2006,Zindaggi Rocks,,no,Tanuja Chandra
Shiney Ahuja,no,2007,Bhool Bhulaiyaa,83.00,no,Priyadarshan
Shiney Ahuja,no,2007,Khoya Khoya Chand,,yes,Sudhir Mishra
Shiney Ahuja,no,2007,Life in a... Metro,24.45,no,Anurag Basu
Shiney Ahuja,no,2008,Hijack,,yes,Kunal Shivdasani
Shiney Ahuja,no,2012,Ghost,,no,Puja Jatinder Bedi
Shirish Sharma,no,2021,Silence... Can You Hear It?,,no,Aban Bharucha Deohans
Shirley Setia,no,2020,Maska,,no,Neeraj Udhwani
Shirley Setia,no,2022,Nikamma,1.77,no,Sabbir Khan
Shishir Sharma,no,2009,Blue Oranges,,no,Rajesh Ganguly
Shishir Sharma,no,2019,72 Hours: Martyr Who Never Died,,no,Avinash Dhyani
Shishir Sharma,no,2021,Mera Fauji Calling,,no,Aaryaan Saxena
Shishir Sharma,no,2025,Rasa,,no,Angith Jayaraj Preetish Jayaraj
Shital Shah,no,2007,My Friend Ganesha,1.59,no,Rajiv S Ruia
Shiv Darshan,no,2014,Karle Pyaar Karle,,no,Rajesh Pandey
Shiv Darshan,no,2017,Ek Haseena Thi Ek Deewana Tha,,no,Suneel Darshan
Shiv Panditt,no,2004,Let's Enjoy,,no,"Ankur Tewari , Siddharth Anand Kumar"
Shiv Panditt,no,2009,Aagey Se Right,,no,Indrajit Nattoji
Shiv Panditt,no,2011,Shaitan,39.76,no,Bejoy Nambiar
Shiv Panditt,no,2013,Boss,102.82,no,Anthony D'Souza
Shiv Panditt,no,2014,Mumbai Delhi Mumbai,,no,Satish Rajwade
Shiv Panditt,no,2016,7 Hours To Go,,no,Saurabh Varma
Shiv Panditt,no,2017,Mantra,,no,Nicholas Kharkongor
Shiv Panditt,no,2020,Khuda Haafiz,,no,Faruk Kabir
Shiv Panditt,no,2021,Shershaah,,no,Vishnuvardhan
Shiv Panditt,no,2023,Shastry Viruddh Shastry,,no,Shiboprosad Mukherjee Nandita Roy
Shiva Rindan,no,2014,Pyar Ka Live Show,,no,Shailendra Singh Rajput
Shiva Suryavanshi,no,2021,Maassab,,no,Aditya Om
Shivaji Satam,no,2000,Nidaan,,no,Mahesh Manjrekar
Shivaji Satam,no,2002,Pitaah,,yes,Mahesh Manjrekar
Shivaji Satam,no,2004,AK-47,,no,Raam Shetty
Shivaleeka Oberoi,no,2019,Yeh Saali Aashiqui,,no,Cherag Ruparel
Shivaleeka Oberoi,no,2020,Khuda Haafiz,,no,Faruk Kabir
Shivaleeka Oberoi,no,2022,Khuda Haafiz: Chapter 2 – Agni Pariksha,20.33,no,Faruk Kabir
Shivam,no,2013,Nasha,8.00,no,Amit Saxena
Shivam Bhaargava,no,2019,Ghost,1.82,no,Vikram Bhatt
Shivam Bhaargava,no,2025,Akshardham: Operation Vajra Shakti,,yes,Ken Ghosh
Shivam Patil,no,2016,Ghayal: Once Again,45.35,yes,Sunny Deol
Shivani Ghai,no,2014,Fireflies,,no,Sabal Singh Sheikhawat
Shivani Raghuvanshi,no,2020,Raat Akeli Hai,,no,Honey Trehan
Shivani Singh,no,2005,Mazaa Mazaa,,no,T. L. V. Prasad
Shivani Tanksale,no,2014,Zed Plus,,no,Chandraprakash Dwivedi
Shivani Thakur,no,2023,The Purvanchal Files,,no,Swarup Ghosh
Shivankit Singh Parihar,no,2023,Minus 31: The Nagpur Files,0.06,no,Pratik Moitro
Shivin Narang,no,2020,Dheet Patangey,,no,Ravi Adhikari
Shlokka Pandit,no,2021,Hello Charlie,,yes,Pankaj Saraswat
Shoaib Ibrahim,no,2019,Battalion 609,0.01,no,Brijesh Batuknath Tripathi
Shobana,no,2007,Apna Asmaan,,no,Kaushik Roy
Shobhana,no,2002,"Mitr, My Friend",,no,Revathi
Shobhit Rana,no,2014,Gollu Aur Pappu,,yes,Kabir Sadanand
Shobhit Sujay,no,2025,Baida,,no,Puneet Sharma
Shomendra Bose,no,2004,Let's Enjoy,,no,"Ankur Tewari , Siddharth Anand Kumar"
Shraddha Das,no,2010,Lahore,,no,Sanjay Puran Singh Chauhan
Shraddha Das,no,2011,Dil Toh Baccha Hai Ji,28.91,yes,Madhur Bhandarkar
Shraddha Das,no,2014,Lucky Kabootar,,no,Shammi Chhabra
Shraddha Das,no,2014,Zid,14.15,no,Vivek Agnihotri
Shraddha Das,no,2016,Great Grand Masti,20.00,yes,Indra Kumar
Shraddha Das,no,2016,Sanam Teri Kasam,16.03,no,"Radhika Rao , Vinay Sapru"
Shraddha Das,no,2017,Babumoshai Bandookbaaz,12.60,no,Kushan Nandy
Shraddha Gaikwad,no,2021,Skater Girl,,no,Manjari Makijany
Shraddha Kapoor,no,2010,Teen Patti,7.63,no,Leena Yadav
Shraddha Kapoor,no,2011,Luv Ka The End,,no,Bumpy
Shraddha Kapoor,no,2013,Aashiqui 2,250.00,yes,Mohit Suri
Shraddha Kapoor,no,2013,Gori Tere Pyaar Mein,20.80,yes,Punit Malhotra
Shraddha Kapoor,no,2014,Ek Villain,169.62,no,Mohit Suri
Shraddha Kapoor,no,2014,Haider,85.00,yes,Vishal Bhardwaj
Shraddha Kapoor,no,2015,ABCD 2,158.31,yes,Remo D'Souza
Shraddha Kapoor,no,2016,Baaghi,129.00,yes,Sabbir Khan
Shraddha Kapoor,no,2016,Rock On 2,15.70,no,Sujaat Saudagar
Shraddha Kapoor,no,2017,Half Girlfriend,97.70,yes,Mohit Suri
Shraddha Kapoor,no,2017,Haseena Parkar,9.00,no,Apoorva Lakhia
Shraddha Kapoor,no,2017,Ok Jaanu,39.23,yes,Shaad Ali
Shraddha Kapoor,no,2018,Batti Gul Meter Chalu,56.00,yes,Shree Narayan Singh
Shraddha Kapoor,no,2018,Stree,180.76,no,Amar Kaushik
Shraddha Kapoor,no,2019,Chhichhore,215.41,yes,Nitesh Tiwari
Shraddha Kapoor,no,2019,Saaho,,no,Sujeeth
Shraddha Kapoor,no,2020,Baaghi 3,137.05,yes,Ahmed Khan
Shraddha Kapoor,no,2020,Street Dancer 3D,97.00,yes,Remo D'Souza
Shraddha Kapoor,no,2023,Tu Jhoothi Main Makkaar,220.10,yes,Luv Ranjan
Shraddha Kapoor,no,2024,Stree 2,874.58,no,Amar Kaushik
Shraddha Sharma,no,2003,Humein Tumse Pyar Ho Gaya Chupke Chupke,,no,Pramod Mandloi
Shraddha Srinath,no,2019,Milan Talkies,,yes,Tigmanshu Dhulia
Shradha Kaul,no,2020,Mee Raqsam,,no,Baba Azmi
Shrenu Parikh,no,2017,Thodi Thodi Si Manmaaniyan,,no,Aditya Sarpotdar
Shrey Chhabra,no,2014,Hum Hai Teen Khurafaati (हम हैं तीन खुराफाती),,no,Rajeshwar Chauhan
Shreya Dhanwanthary,no,2019,Why Cheat India,,yes,Soumik Sen
Shreya Dhanwanthary,no,2022,Chup: Revenge of the Artist,23.31,yes,R Balki
Shreya Dhanwanthary,no,2024,Adbhut,,no,Sabbir Khan
Shreya Dhanwanthary,no,2025,The Great Shamsuddin Family,,no,Anusha Rizvi
Shreya Sharma,no,2014,A Decent Arrangement,,no,Sarovar Banka
Shreya Sharma,no,2025,Mastiii 4,15.14,yes,Milap Zaveri
Shreyas Pardiwalla,no,2014,Yaariyan,55.00,no,Divya Khosla Kumar
Shreyas Pardiwalla,no,2016,Sanam Re,31.46,yes,Divya Khosla Kumar
Shreyas Talpade,no,2002,Aankhen,33.80,no,Vipul Shah
Shreyas Talpade,no,2005,Iqbal,5.60,no,Nagesh Kukunoor
Shreyas Talpade,no,2005,Revati,0.15,no,Farogh Siddique
Shreyas Talpade,no,2006,Apna Sapna Money Money,20.73,no,Sangeeth Sivan
Shreyas Talpade,no,2006,Dor,,no,Nagesh Kukunoor
Shreyas Talpade,no,2007,Aggar,,no,Anant Mahadevan
Shreyas Talpade,no,2007,Dil Dosti Etc,,no,Manish Tiwary
Shreyas Talpade,no,2007,Om Shanti Om,152.00,no,Farah Khan
Shreyas Talpade,no,2008,Bombay to Bangkok,,no,Nagesh Kukunoor
Shreyas Talpade,no,2008,Golmaal Returns,95.00,yes,Rohit Shetty
Shreyas Talpade,no,2008,Welcome to Sajjanpur,14.70,no,Shyam Benegal
Shreyas Talpade,no,2009,Aagey Se Right,,no,Indrajit Nattoji
Shreyas Talpade,no,2009,Paying Guests,,no,Paritossh Painter
Shreyas Talpade,no,2010,Click,1.60,no,Sangeeth Sivan
Shreyas Talpade,no,2010,Golmaal 3,167.00,yes,Rohit Shetty
Shreyas Talpade,no,2010,Help,,yes,Rajeev Virani
Shreyas Talpade,no,2010,Mirch,,no,Vinay Shukla
Shreyas Talpade,no,2010,The Hangman,,no,Vishal Bhandari
Shreyas Talpade,no,2011,Hum Tum Shabana,,yes,Sagar Ballary
Shreyas Talpade,no,2011,Oh God! Saare Hain Fraud,,no,Ashu Trikha
Shreyas Talpade,no,2011,Teen Thay Bhai,,no,Mirgdeep Singh Lamba
Shreyas Talpade,no,2012,Housefull 2,179.15,yes,Sajid Khan
Shreyas Talpade,no,2012,Joker,35.87,yes,Shirish Kunder
Shreyas Talpade,no,2012,Kamaal Dhamaal Malamaal,,no,Priyadarshan
Shreyas Talpade,no,2012,Will You Marry Me?,,no,Aditya Dutt
Shreyas Talpade,no,2016,Great Grand Masti,20.00,yes,Indra Kumar
Shreyas Talpade,no,2016,Wah Taj,,no,Ajit Sinha
Shreyas Talpade,no,2017,Golmaal Again,311.05,yes,Rohit Shetty
Shreyas Talpade,no,2017,Poster Boys,30.00,yes,Shreyas Talpade
Shreyas Talpade,no,2018,Bhaiaji Superhit,,yes,Neerraj Pathak
Shreyas Talpade,no,2019,Setters,0.58,no,Ashwini Chaudhary
Shreyas Talpade,no,2022,Kaun Pravin Tambe?,,no,Jayprad Desai
Shreyas Talpade,no,2024,Kartam Bhugtam,1.00,no,Soham P. Shah
Shreyas Talpade,no,2024,Luv You Shankar,,yes,Rajiv S. Ruia
Shreyas Talpade,no,2025,Emergency,21.75,no,Kangana Ranaut
Shreyas Talpade,no,2025,Housefull 5,242.80,yes,Tarun Mansukhani
Shreyas Talpade,no,2025,Kapkapiii,,yes,Sangeeth Sivan
Shreyas Talpade,no,2025,Single Salma,,no,Nachiket Samant
Shrikant Verma,no,2023,Bhagwan Bharose,,no,Shiladitya Bora
Shrikant Yadav,no,2017,Daddy,15.50,no,Ashim Ahluwalia
Shrinivas Pokale,no,2024,Malhar,,no,Vishal Kumbhar
Shriswara,no,2023,Love All,,no,Sudhanshu Sharma
Shrivallabh Vyas,no,2002,Desh Devi,,no,Milind Ukey
Shriya Pilgaonkar,no,2016,Fan,188.04,no,Maneesh Sharma
Shriya Pilgaonkar,no,2019,House Arrest,,no,Shashanka Ghosh and Samit Basu
Shriya Pilgaonkar,no,2020,Bhangra Paa Le,0.52,yes,Sneha Taurani
Shriya Pilgaonkar,no,2021,Haathi Mere Saathi,,no,Prabhu Solomon
Shriya Pilgaonkar,no,2023,Dry Day,,no,Saurabh Shukla
Shriya Pilgaonkar,no,2023,Ishq-e-Nadaan,,no,Avishek Ghosh
Shriya Saran,no,2004,Shukriya: Till Death Do Us Apart,,no,Anupam Sinha
Shriya Saran,no,2004,Thoda Tum Badlo Thoda Hum,,yes,Esmayeel Shroff
Shriya Saran,no,2007,Awarapan,,yes,Mohit Suri
Shriya Saran,no,2008,Mission Istaanbul,,yes,Apoorva Lakhia
Shriya Saran,no,2009,Ek: The Power of One,6.00,yes,Sangeeth Sivan
Shriya Saran,no,2012,Gali Gali Chor Hai,13.07,yes,Rumi Jaffrey
Shriya Saran,no,2015,Drishyam,147.00,no,Nishikant Kamat
Shriya Saran,no,2018,Phamous,,no,Karan Lalit Butani
Shriya Saran,no,2022,Drishyam 2,345.05,yes,Abhishek Pathak
Shriya Saran,no,2022,Tadka,,no,Prakash Raj
Shriya Saran,no,2023,Music School,,no,Papa Rao Biyyala
Shriya Sharma,no,2011,Chillar Party,,yes,"Vikas Bahl , Nitesh Tiwari"
Shruti,no,2010,Love Sex Aur Dhokha,9.80,no,Dibakar Banerjee
Shruti Bapna,no,2017,Daddy,15.50,no,Ashim Ahluwalia
Shruti Bapna,no,2024,Silence 2: The Night Owl Bar Shootout,,no,Aban Bharucha Deohans
Shruti Haasan,no,2009,Luck,,yes,Soham Shah
Shruti Haasan,no,2011,Dil Toh Baccha Hai Ji,28.91,yes,Madhur Bhandarkar
Shruti Haasan,no,2013,D Day,24.00,yes,Nikhil Advani
Shruti Haasan,no,2013,Ramaiya Vastavaiya,38.34,no,Prabhudeva
Shruti Haasan,no,2015,Gabbar Is Back,135.81,no,Krish
Shruti Haasan,no,2016,Rocky Handsome,35.00,no,Nishikant Kamat
Shruti Haasan,no,2017,Behen Hogi Teri,2.76,no,Ajay K Pannalal
Shruti Haasan,no,2020,Yaara,,no,Tigmanshu Dhulia
Shruti Haasan,no,2021,The Power,,yes,Mahesh Manjrekar
Shruti Hassan,no,2015,Welcome Back,168.76,no,Anees Bazmee
Shruti Marathe,no,2017,Wedding Anniversary,0.24,no,Shekhar S Jha
Shruti Seth,no,2007,Ta Ra Rum Pum,70.00,yes,Siddharth Anand
Shruti Seth,no,2009,Aagey Se Right,,no,Indrajit Nattoji
Shruti Seth,no,2011,My Friend Pinto,1.80,yes,Raghav Dar
Shruti Seth,no,2020,Kadakh,,no,Rajat Kapoor
Shruti Sharma,no,2005,Tezaab – The Acid of Love,,no,Shakeel Noorani
Shruti Sharma,no,2021,Pagglait,,no,Umesh Bist
Shubh,no,2010,Nakshatra,,no,Mohan Savalkar
Shubh Joshi,no,2010,Shaapit,,no,Vikram Bhatt
Shubh Mukherjee,no,2011,Shakal Pe Mat Ja,,no,Shubh Mukherjee
Shubh Mukherjee,no,2014,Strings of Passion,,no,Sanghamitra Chaudhari
Shubham Srivastav,no,2021,Machaan,,no,Nitesh Tiwari
Shubham Vardhan,no,2025,Stolen,,no,Karan Tejpal
Shubham Vyas,no,2024,The Legacy of Jineshwar,,no,Pradeep P. Jadhav Vivek Iyer
Shubhangi Dutt,no,2025,Tanvi the Great,,no,Anupam Kher
Shubhangini Srivas,no,2023,Sir Madam Sarpanch,,no,Praveen Morchhale
Shubhankar Tripathi,no,2017,Shubh Mangal Saavdhan,64.54,no,R. S. Prasanna
Shubhi,no,2009,Aamras,,no,Rupali Guha
Shushant,no,2025,Pintu Ki Pappi,,no,Shiv Hare
Shweta Agarwal,no,2010,Shaapit,,no,Vikram Bhatt
Shweta Basu Prasad,no,2019,Mard Ko Dard Nahi Hota,2.03,no,Vasan Bala
Shweta Basu Prasad,no,2019,The Tashkent Files,20.84,no,Vivek Agnihotri
Shweta Basu Prasad,no,2020,Comedy Couple,,no,Nachiket Samant
Shweta Basu Prasad,no,2020,Serious Men,,no,Sudhir Mishra
Shweta Basu Prasad,no,2020,Shukranu,,no,Bishnu Dev Halder
Shweta Basu Prasad,no,2021,Jamun,,no,Gaurav Mehra
Shweta Basu Prasad,no,2022,India Lockdown,,yes,Madhur Bhandarkar
Shweta Bhardwaj,no,2008,Mission Istaanbul,,yes,Apoorva Lakhia
Shweta Bhardwaj,no,2011,Loot,,yes,Rajneesh Thakur
Shweta Bhardwaj,no,2020,Omprakash Zindabad,,no,Ranjeet Gupta
Shweta Gulati,no,2009,Detective Naani,,no,Romilla Mukherjee
Shweta Kumar,no,2014,Super Nani,,yes,Indra Kumar
Shweta Menon,no,2003,88 Antop Hill,,no,Kushan Nandy
Shweta Menon,no,2005,Topless,,no,
Shweta Menon,no,2010,Chase,5.00,no,Jagmohan Mundhra
Shweta Pandit,no,2015,Barkhaa,1.33,no,Shadaab Mirza
Shweta Tiwari,no,2004,Aabra Ka Daabra,1.06,no,Dheeraj Kumar
Shweta Tiwari,no,2010,Benny and Babloo,,no,Yunus Sajawal
Shweta Tiwari,no,2012,Married 2 America,,no,Dilip Shankar
Shweta Tripathi,no,2015,Masaan,,yes,Neeraj Ghaywan
Shweta Tripathi,no,2017,Haraamkhor,2.27,no,Shlok Sharma
Shweta Tripathi,no,2018,Zoo,,no,Shlok Sharma
Shweta Tripathi,no,2019,Gone Kesh,,no,Qasim Khallow
Shweta Tripathi,no,2020,Cargo,,no,Arati Kadav
Shweta Tripathi,no,2020,Raat Akeli Hai,,no,Honey Trehan
Shweta Tripathi,no,2021,Rashmi Rocket,,no,Akarsh Khurana
Shweta Tripathi,no,2023,Kanjoos Makhichoos,,no,Vipul Mehta
Shwetaabh Singh,no,2024,Mirg,,no,Tarun Sharma
Shyam Avtar Kedia,no,2014,Life Mein Twist Hai,,no,Dinesh Soni
Shyamlal Yadav,no,2019,Rangeela Raja,0.18,no,Sikander Bharti
Shyamraj Patil,no,2025,Sangee,,no,Sumit Kulkarni
Sid Makkar,no,2020,Hacked,1.82,no,Vikram Bhatt
Sid Mallya,no,2016,Brahman Naman,,no,Qaushiq Mukherjee
Siddhant Behl,no,2016,Jugni,,no,Shefali Bhushan
Siddhant Chaturvedi,no,2021,Bunty Aur Babli 2,22.12,yes,Varun V. Sharma
Siddhant Chaturvedi,no,2022,Gehraiyaan,,yes,Shakun Batra
Siddhant Chaturvedi,no,2022,Phone Bhoot,18.73,yes,Gurmmeet Singh
Siddhant Chaturvedi,no,2023,Kho Gaye Hum Kahan,,yes,Arjun Varain Singh
Siddhant Chaturvedi,no,2024,Yudhra,11.31,no,Ravi Udyawar
Siddhant Chaturvedi,no,2025,Dhadak 2,29.00,no,Shazia Iqbal
Siddhanth Kapoor,no,2017,Haseena Parkar,9.00,no,Apoorva Lakhia
Siddhanth Kapoor,no,2018,Paltan,10.22,yes,J. P. Dutta
Siddhanth Kapoor,no,2019,Bombairiya,0.14,no,Pia Sukanya
Siddhanth Kapoor,no,2019,Yaaram,,yes,Ovais Khan
Siddhanth Kapoor,no,2021,Chehre,8.26,yes,Rumi Jafry
Siddhanth Kapoor,no,2023,Aseq,,no,Sarim Momin
Siddhanth Sundar,no,2014,Station,,no,Saad Khan
Siddharth,no,2013,Chashme Baddoor,50.00,no,David Dhawan
Siddharth,no,2017,The House Next Door,,no,Milind Rau
Siddharth Bharadwaj,no,2025,2020 Delhi,,no,Devendra Malviya
Siddharth Bodke,no,2024,Jahangir National University,,no,Vinay Sharma
Siddharth Chandekar,no,2008,Humne Jeena Seekh Liya,,no,Milind Ukey
Siddharth Dhawan,no,2003,Humein Tumse Pyar Ho Gaya Chupke Chupke,,no,Pramod Mandloi
Siddharth Gupta,no,2014,Kuku Mathur Ki Jhand Ho Gayi,,no,Aman Sachdeva
Siddharth Haldipur,no,2004,Kiss Kis Ko,,no,Sharad Sharan
Siddharth Kher,no,2014,Hate Story 2,31.07,no,Vishal Pandya
Siddharth Koirala,no,2005,Fun – Can Be Dangerous Sometimes,,no,Sunjay Zaveri
Siddharth Koirala,no,2007,Anwar,0.12,no,Manish Jha
Siddharth Makkar,no,2009,Straight,,no,Parvati Balagopalan
Siddharth Makkar,no,2011,Turning 30!!!,,no,Alankrita Shrivastava
Siddharth Menon,no,2019,Chappad Phaad Ke,,no,Sameer Hemant Joshi
Siddharth Narayan,no,2010,Striker,,no,Chandan Arora
Siddharth Pandey,no,2023,The Purvanchal Files,,no,Swarup Ghosh
Siddharth Randeria,no,2009,Shortkut,,yes,Neeraj Vora
Siddharth Van Shipley,no,2013,Ishk Actually,,no,Anish Khanna
Siddhi Idnani,no,2023,The Kerala Story,303.97,no,Sudipto Sen
Siddhi Idnani,no,2025,Kapkapiii,,yes,Sangeeth Sivan
Sidhant Gupta,no,2015,Badmashiyaan,,no,Amit Khanna
Sidhant Gupta,no,2017,Bhoomi,14.76,yes,Omung Kumar
Sidhant Gupta,no,2022,Operation Romeo,,no,Shashant Shah
Sidharth Malhotra,no,2012,Student of the Year,,yes,Karan Johar
Sidharth Malhotra,no,2014,Ek Villain,169.62,no,Mohit Suri
Sidharth Malhotra,no,2014,Hasee Toh Phasee,63.38,no,Vinil Mathew
Sidharth Malhotra,no,2015,Brothers,140.30,no,Karan Malhotra
Sidharth Malhotra,no,2016,Baar Baar Dekho,62.67,no,Nitya Mehra
Sidharth Malhotra,no,2016,Kapoor & Sons,143.29,yes,Shakun Batra
Sidharth Malhotra,no,2017,A Gentleman,38.30,no,Raj and D.K.
Sidharth Malhotra,no,2017,Ittefaq,56.26,yes,Abhay Chopra
Sidharth Malhotra,no,2018,Aiyaary,34.07,no,Neeraj Pandey
Sidharth Malhotra,no,2019,Jabariya Jodi,21.13,no,Prashant Singh
Sidharth Malhotra,no,2019,Marjaavaan,65.34,no,Milap Milan Zaveri
Sidharth Malhotra,no,2021,Shershaah,,no,Vishnuvardhan
Sidharth Malhotra,no,2022,Thank God,48.92,no,Indra Kumar
Sidharth Malhotra,no,2023,Mission Majnu,,no,Shantanu Bagchi
Sidharth Malhotra,no,2024,Yodha,52.00,no,Sagar Ambre Pushkar Ojha
Sidharth Malhotra,no,2025,Param Sundari,85.83,yes,Tushar Jalota
Sidharth Shukla,no,2014,Humpty Sharma Ki Dulhania,119.58,yes,Shashank Khaitan
Sikandar,no,2014,Kaho Na Kaho,,no,Sanjay Niranjan
Sikandar Kharbanda,no,2007,Aur Pappu Paas Ho Gaya,,no,S. Soni
Sikandar Kher,yes,2008,Summer 2007,,yes,Suhail Tatari
Sikandar Kher,yes,2008,Woodstock Villa,20.00,yes,Hansal Mehta
Sikandar Kher,yes,2019,Milan Talkies,,yes,Tigmanshu Dhulia
Sikandar Kher,yes,2022,"Monica, O My Darling",,yes,Vasan Bala
Sikandar Kher,yes,2024,Dukaan,0.18,yes,Siddharth–Garima
Sikandar Kher,yes,2025,Jassi Weds Jassi,,yes,Paran Bawa
Sikander Kher,no,2010,Khelein Hum Jee Jaan Sey,4.91,yes,Ashutosh Gowariker
Sikander Kher,no,2012,Players,45.52,yes,Abbas–Mustan
Sikander Kher,no,2016,Tere Bin Laden: Dead or Alive,,no,Abhishek Sharma
Sikander Kher,no,2019,Romeo Akbar Walter,53.48,no,Robbie Garewal
Simer Motiani,no,2014,Khwaabb,,no,Zaid Ali Khan
Simon Frenay,no,2017,Shab,32.00,no,Onir
Simone Singh,no,2001,Ek Rishtaa: The Bond of Love,36.50,yes,Suneel Darshan
Simone Singh,no,2002,Sur: The Melody of Life,,no,Tanuja Chandra
Simone Singh,no,2006,Being Cyrus,4.60,yes,Homi Adajania
Simone Singh,no,2007,Delhii Heights,0.99,no,Anand Kumar
Simone Singh,no,2009,99,14.76,yes,Raj and D.K.
Simone Singh,no,2019,Laal Kaptaan,2.36,yes,Navdeep Singh
Simran,no,2009,Yeh Pal Ho Na Ho kal,,no,Ravi Pun
Simran,no,2022,Rocketry: The Nambi Effect,,no,R. Madhavan
Simran,no,2023,Gulmohar,,no,Rahul V. Chittella
Simran Bagga,no,2000,Khauff,10.58,yes,Sanjay Gupta
Simran Deep,no,2015,The Silent Heroes,,no,Mahesh Bhatt
Simran Kaur Mundi,no,2014,Kuku Mathur Ki Jhand Ho Gayi,,no,Aman Sachdeva
Simran Kaur Mundi,no,2015,Kis Kisko Pyaar Karoon,71.60,no,Abbas–Mustan
Simran Kaur Mundi,no,2017,"U, Me Aur Ghar",,no,Abhay Chhabra
Simran Kaur Suri,no,2024,House of Lies,,yes,Saumitra Singh
Simran Mundi,no,2011,Jo Hum Chahein,,no,Pawan Gill
Simran Sharma,no,2019,Hum Chaar,,no,Abhishek Dixit
Simran Suri,no,2010,Muskurake Dekh Zara,,no,Som Shekar
Simrat Kaur,no,2024,Vanvaas,6.37,no,Anil Sharma
Sindhu Tolani,no,2007,50 Lakh,,no,Chandra Sekhar Yeleti
Siraj Khan,no,2004,Bhola in Bollywood,,no,Sumbul Gazi
Skand Thakur,no,2024,Article 370,110.57,no,Aditya Suhas Jambhale
Smilie Suri,no,2005,Kalyug,,yes,Mohit Suri
Smilie Suri,no,2009,Yeh Mera India,,no,N. Chandra
Smilie Suri,no,2011,Crackers,,no,Anil Goyal
Smiriti Kalra,no,2021,Cash,,no,Rishab Seth
Smiriti Kalra,no,2023,Darran Chhoo,,no,Bharat Ratan
Smiriti Kalra,no,2024,Kaagaz 2,,no,V. K. Prakash
Smita Gondkar,no,2022,Hai Tujhe Salaam India,,no,Avanish Kumar
Smita Jaykar,no,2000,Astitva,2.16,yes,Mahesh Manjrekar
Smita Jaykar,no,2010,The Hangman,,no,Vishal Bhandari
Smita Jaykar,no,2014,Anuradha,,no,Raju Mavani
Smita Jaykar,no,2014,Sonali Cable,,no,Charudutt Acharya
Smita Tambe,no,2017,Rukh,,no,Atanu Mukherjee
Smita Tambe,no,2023,Joram,0.40,no,Devashish Makhija
Smitha Siah,no,2014,The Dark Secrets Of Tonhi,,no,Shiraz Henry
Smriti Kashyap,no,2021,Aa Bhi Ja O Piya,,no,Rajesh Harivansh Mishra
Smriti Mishra,no,2007,Dil Dosti Etc,,no,Manish Tiwary
Sneha Dhabi,no,2009,Meri Padosan,,no,Prakash Saini
Sneha Singh,no,2023,Operation Mayfair,,no,Sudipto Sarkar
Sneha Ullal,no,2005,Lucky: No Time for Love,27.81,yes,Radhika Rao Vinay Sapru
Sneha Ullal,no,2006,Aryan,,yes,Abhishek Kapoor
Sneha Ullal,no,2010,Click,1.60,no,Sangeeth Sivan
Sneha Ullal,no,2015,Bezubaan Ishq,,no,Jashwant Gangani
Sneha Wagh,no,2025,The Taj Story,,no,Tushar Amrish Goel
Snehal Dabi,no,2002,Durga,,no,J.D. Chakravarthy
Snehal Dabi,no,2006,Darwaaza Bandh Rakho,2.32,no,J. D. Chakravarthy
Snehal Dabi,no,2007,Ek Chalis Ki Last Local,,yes,Sanjay Khanduri
Sobhita Dhulipala,no,2016,Raman Raghav 2.0,7.00,yes,Anurag Kashyap
Sobhita Dhulipala,no,2018,Kaalakaandi,10.00,yes,Akshat Verma
Sobhita Dhulipala,no,2019,Moothon,,no,Geetu Mohandas
Sobhita Dhulipala,no,2019,The Body,3.47,yes,Jeethu Joseph
Sobhita Dhulipala,no,2020,Ghost Stories,,yes,Karan Johar Dibakar Banerjee Zoya Akhtar Anurag Kashyap
Sobhita Dhulipala,no,2022,Major,,no,Sashi Kiran Tikka
Sobhita Dhulipala,no,2024,"Love, Sitara",,no,Vandana Kataria
Soha Ali Khan,yes,2004,Dil Maange More,,yes,Anant Mahadevan
Soha Ali Khan,yes,2005,Pyaar Mein Twist,1.32,yes,Hriday Shetty
Soha Ali Khan,yes,2005,Shaadi No. 1,20.49,yes,David Dhawan
Soha Ali Khan,yes,2006,Ahista Ahista,,yes,Shivam Nair
Soha Ali Khan,yes,2006,Rang De Basanti,97.00,yes,Rakeysh Omprakash Mehra
Soha Ali Khan,yes,2007,Khoya Khoya Chand,,yes,Sudhir Mishra
Soha Ali Khan,yes,2008,Dil Kabaddi,,yes,Anil Sharma (Senior)
Soha Ali Khan,yes,2008,Mumbai Meri Jaan,5.02,yes,Nishikanth Kamat
Soha Ali Khan,yes,2009,99,14.76,yes,Raj and D.K.
Soha Ali Khan,yes,2009,Dhoondte Reh Jaaoge,,yes,Umesh Shukla
Soha Ali Khan,yes,2009,Tum Mile,13.40,yes,Kunal Deshmukh
Soha Ali Khan,yes,2010,Tera Kya Hoga Johnny,,yes,Sudhir Mishra
Soha Ali Khan,yes,2013,"Saheb, Biwi Aur Gangster Returns",28.80,yes,Tigmanshu Dhulia
Soha Ali Khan,yes,2013,War Chhod Na Yaar,,yes,Faraz Haider
Soha Ali Khan,yes,2014,Chaarfutiya Chhokare,,yes,Manish Harishankar
Soha Ali Khan,yes,2014,Mr Joe B. Carvalho,,yes,Samir Tiwari
Soha Ali Khan,yes,2016,31st October,,yes,Shivaji Lotan Patil
Soha Ali Khan,yes,2016,Ghayal: Once Again,45.35,yes,Sunny Deol
Soha Ali Khan,yes,2018,"Saheb, Biwi Aur Gangster 3",10.20,yes,Tigmanshu Dhulia
Soha Ali Khan,yes,2025,Chhorii 2,,yes,Vishal Furia
Sohail Khan,yes,2002,Maine Dil Tujhko Diya,,yes,Sohail Khan
Sohail Khan,yes,2003,Darna Mana Hai,9.00,yes,Prawaal Raman
Sohail Khan,yes,2004,I Proud to Be an Indian,,yes,Puneet Issar
Sohail Khan,yes,2004,Krishna Cottage,5.90,yes,Santram Varma
Sohail Khan,yes,2004,Lakeer – Forbidden Lines,,yes,Ahmed Khan
Sohail Khan,yes,2005,Maine Pyaar Kyun Kiya?,47.22,yes,David Dhawan
Sohail Khan,yes,2006,Aryan,,yes,Abhishek Kapoor
Sohail Khan,yes,2006,Fight Club: Members Only,8.88,yes,Vikram Chopra
Sohail Khan,yes,2007,Salaam-e-Ishq: A Tribute to Love,52.24,yes,Nikhil Advani
Sohail Khan,yes,2008,God Tussi Great Ho,25.61,yes,Rumi Jaffery
Sohail Khan,yes,2008,Hello,17.96,yes,Atul Agnihotri
Sohail Khan,yes,2008,Heroes,25.44,yes,Samir Karnik
Sohail Khan,yes,2008,Jaane Tu... Ya Jaane Na,84.00,yes,Abbas Tyrewala
Sohail Khan,yes,2009,Do Knot Disturb,,yes,David Dhawan
Sohail Khan,yes,2009,Kisaan,5.76,yes,Puneet Sira
Sohail Khan,yes,2009,Main Aurr Mrs Khanna,14.60,yes,Prem Soni
Sohail Khan,yes,2009,Team - The Force,,yes,Ajay Chandhok
Sohail Khan,yes,2010,Veer,68.11,yes,Anil Sharma
Sohail Khan,yes,2017,Tubelight,211.14,yes,Kabir Khan
Sohail Lakhani,no,2011,Bubble Gum,,no,Sanjivan Lal
Sohaila Kapoor,no,2021,Bawri Chhori,,no,Kartik Ramalingam
Sohaila Kapoor,no,2021,Silence... Can You Hear It?,,no,Aban Bharucha Deohans
Sohaila Kapur,no,2024,Bengal 1947,,no,Akashaditya Lama
Sohaila Kapur,no,2024,Chote Nawab,,no,Kumud Chaudhary
Soham Deepak,no,2009,Baabarr,,no,Ashu Trikha
Soham Majumdar,no,2019,Kabir Singh,379.02,yes,Sandeep Vanga
Soham Shah,no,2018,Tumbbad,15.46,no,Rahi Anil Barve
Soham Shah,no,2025,Ufff Yeh Siyapaa,,no,G. Ashok
Sohrab Ardeshir,no,2000,Snip!,,no,Sunil Sippy
Sohum Shah,no,2013,Ship of Theseus,,no,Anand Gandhi
Sohum Shah,no,2017,Simran,27.25,no,Hansal Mehta
Sohum Shah,no,2021,The Big Bull,,yes,Kookie Gulati
Sohum Shah,no,2025,Crazxy,11.09,no,Girish Kohli
Soma Goyal,no,2017,The Great Leader Kanshiram,,no,Arjun Singh
Sonakshi Sinha,yes,2010,Dabangg,221.14,yes,Abhinav Kashyap
Sonakshi Sinha,yes,2012,Dabangg 2,255.00,yes,Arbaaz Khan
Sonakshi Sinha,yes,2012,Joker,35.87,yes,Shirish Kunder
Sonakshi Sinha,yes,2012,OMG – Oh My God!,149.90,yes,Umesh Shukla
Sonakshi Sinha,yes,2012,Rowdy Rathore,203.39,yes,Prabhu Deva
Sonakshi Sinha,yes,2012,Son Of Sardaar,161.48,yes,Ashwni Dhir
Sonakshi Sinha,yes,2013,Bullett Raja,53.60,yes,Tigmanshu Dhulia
Sonakshi Sinha,yes,2013,Lootera,46.14,yes,Vikramaditya Motwane
Sonakshi Sinha,yes,2013,Once Upon ay Time in Mumbai Dobaara!,91.70,yes,Milan Luthria
Sonakshi Sinha,yes,2013,R... Rajkumar,101.21,yes,Prabhudeva
Sonakshi Sinha,yes,2014,Action Jackson,88.87,yes,Prabhu Deva
Sonakshi Sinha,yes,2014,Holiday: A Soldier Is Never Off Duty,176.42,yes,A.R. Murugadoss
Sonakshi Sinha,yes,2015,Tevar,56.00,yes,Amit Sharma
Sonakshi Sinha,yes,2016,Akira,15.06,yes,A.R. Murugadoss
Sonakshi Sinha,yes,2016,Force 2,58.80,yes,Abhinay Deo
Sonakshi Sinha,yes,2017,Ittefaq,56.26,yes,Abhay Chopra
Sonakshi Sinha,yes,2017,Noor,11.64,yes,Sunhil Sippy
Sonakshi Sinha,yes,2018,Happy Phirr Bhag Jayegi,28.06,yes,Mudassar Aziz
Sonakshi Sinha,yes,2019,Dabangg 3,230.93,yes,Prabhu Deva
Sonakshi Sinha,yes,2019,Kalank,146.31,yes,Abhishek Varman
Sonakshi Sinha,yes,2019,Khandaani Shafakhana,3.98,yes,Shilpi Dasgupta
Sonakshi Sinha,yes,2019,Mission Mangal,290.59,yes,Jagan Shakti
Sonakshi Sinha,yes,2021,Bhuj: The Pride of India,,yes,Abhishek Dudhaiya
Sonakshi Sinha,yes,2022,Double XL,1.12,yes,Satramm Ramani
Sonakshi Sinha,yes,2024,Bade Miyan Chote Miyan,102.16,yes,Ali Abbas Zafar
Sonakshi Sinha,yes,2024,Kakuda,,yes,Aditya Sarpotdar
Sonakshi Sinha,yes,2025,Jatadhara,,yes,Venkat Kalyan Abhishek Jaiswal
Sonakshi Sinha,yes,2025,Nikita Roy,,yes,Kussh Sinha
Sonal Chauhan,no,2008,Jannat,41.50,yes,Kunal Deshmukh
Sonal Chauhan,no,2011,Bbuddah... Hoga Terra Baap,,no,Puri Jagannadh
Sonal Chauhan,no,2013,3G - A Killer Connection,5.91,no,"Shantanu , Sheershak Anand"
Sonal Chauhan,no,2018,Paltan,10.22,yes,J. P. Dutta
Sonal Jha,no,2023,Coat,,no,Akshay Ditti
Sonal Madhushankar,no,2025,Humans in the Loop,,no,Aranya Sahay
Sonal Sehgal,no,2005,"U, Bomsi n Me",,no,Jairaj Padmanabhan
Sonal Sehgal,no,2009,Radio,,no,Ishaan Trivedi
Sonal Sehgal,no,2010,Aashayein,2.20,no,Nagesh Kukunoor
Sonal Sehgal,no,2010,Jaane Kahan Se Aayi Hai,,no,Milap Zaveri
Sonal Sehgal,no,2011,Damadamm!,,no,Swapna Waghmare
Sonal Sehgal,no,2012,Future To Bright Hai Ji,,no,Sanjay Amar
Sonal Sehgal,no,2017,Mantostaan,,no,Rahat Kazmi
Sonali Bendre,no,2000,Chal Mere Bhai,22.28,yes,David Dhawan
Sonali Bendre,no,2000,Dhai Akshar Prem Ke,16.30,yes,Raj Kanwar
Sonali Bendre,no,2000,Hamara Dil Aapke Paas Hai,30.26,no,Satish Kaushik
Sonali Bendre,no,2000,Jis Desh Mein Ganga Rehta Hain,,yes,Mahesh Manjrekar
Sonali Bendre,no,2001,Love Ke Liye Kuchh Bhi Karega,10.33,yes,E. Niwas
Sonali Bendre,no,2001,Love You Hamesha,,no,Kailash Surendranath
Sonali Bendre,no,2001,Tera Mera Saath Rahen,,no,Mahesh Manjrekar
Sonali Bendre,no,2003,Chori Chori,5.64,yes,Milan Luthria
Sonali Bendre,no,2013,Once Upon ay Time in Mumbai Dobaara!,91.70,yes,Milan Luthria
Sonali Goswami,no,2005,Hum Tum Aur Mom,,yes,Ashok Nanda
Sonali Khare,no,2001,Tere Liye,,no,Sanjay Gadhvi
Sonali Kulkarni,no,2000,Dr. Babasaheb Ambedkar,,no,Jabbar Patel
Sonali Kulkarni,no,2000,Mission Kashmir,43.30,yes,Vidhu Vinod Chopra
Sonali Kulkarni,no,2001,Dil Chahta Hai,39.72,yes,Farhan Akhtar
Sonali Kulkarni,no,2001,Pyaar Tune Kya Kiya,11.79,yes,Rajat Mukherjee
Sonali Kulkarni,no,2002,Agni Varsha,,no,Arjun Sajnani
Sonali Kulkarni,no,2002,Dil Vil Pyar Vyar,4.65,no,Anant Mahadevan
Sonali Kulkarni,no,2002,Kitne Door Kitne Paas,,yes,Mehul Kumar
Sonali Kulkarni,no,2004,Silence Please...The Dressing Room,,no,Sanjay Srinivas
Sonali Kulkarni,no,2005,Dansh,,no,Kanika Verma
Sonali Kulkarni,no,2005,White Rainbow,,no,Dharan Mandrayar
Sonali Kulkarni,no,2006,Darna Zaroori Hai,10.65,no,Ram Gopal Varma
Sonali Kulkarni,no,2006,I See You,1.92,yes,Vivek Agrawal
Sonali Kulkarni,no,2006,Taxi No. 9211,32.17,no,Milan Luthria
Sonali Kulkarni,no,2007,Strangers,,no,Aanand L. Rai
Sonali Kulkarni,no,2008,Sirf,55.50,no,Rajaatesh Nayar
Sonali Kulkarni,no,2008,Via Darjeeling,,no,Arindam Nandy
Sonali Kulkarni,no,2017,Poster Boys,30.00,yes,Shreyas Talpade
Sonali Kulkarni,no,2018,Hope Aur Hum,,no,Sudip Bandyopadhyay
Sonali Kulkarni,no,2024,Jo Tera Hai Woh Mera Hai,,no,Raj Trivedi
Sonali Kulkarni,no,2024,"Love, Sitara",,no,Vandana Kataria
Sonali Kulkarni,no,2024,OutHouse,,no,Sunil Sukthankar
Sonali Raut,no,2014,The Xposé,20.00,no,Ananth Narayan Mahadevan
Sonali Raut,no,2016,Great Grand Masti,20.00,yes,Indra Kumar
Sonali Sachdev,no,2009,Aamras,,no,Rupali Guha
Sonali Sachdev,no,2024,Kahan Shuru Kahan Khatam,,no,Saurabh Dasgupta
Sonam Arora,no,2025,Shaila,,no,Saki Shah
Sonam Bajwa,no,2020,Street Dancer 3D,97.00,yes,Remo D'Souza
Sonam Bajwa,no,2025,Baaghi 4,66.39,yes,A. Harsha
Sonam Bajwa,no,2025,Ek Deewane Ki Deewaniyat,112.03,no,Milap Zaveri
Sonam Bajwa,no,2025,Housefull 5,242.80,yes,Tarun Mansukhani
Sonam Kapoor,yes,2007,Saawariya,39.22,yes,Sanjay Leela Bhansali
Sonam Kapoor,yes,2009,Delhi-6,52.17,yes,Rakeysh Omprakash Mehra
Sonam Kapoor,yes,2010,Aisha,28.65,yes,Rajshree Ojha
Sonam Kapoor,yes,2010,I Hate Luv Storys,72.52,yes,Punit Malhotra
Sonam Kapoor,yes,2011,Mausam,,yes,Pankaj Kapoor
Sonam Kapoor,yes,2011,Thank You,104.00,yes,Anees Bazmee
Sonam Kapoor,yes,2012,Players,45.52,yes,Abbas–Mustan
Sonam Kapoor,yes,2013,Bhaag Milkha Bhaag,200.00,yes,Rakeysh Omprakash Mehra
Sonam Kapoor,yes,2013,Raanjhanaa,105.00,yes,Anand L. Rai
Sonam Kapoor,yes,2014,Bewakoofiyaan,22.20,yes,Nupur Asthana
Sonam Kapoor,yes,2014,Khoobsurat,79.43,yes,Shashanka Ghosh
Sonam Kapoor,yes,2015,Dolly Ki Doli,,yes,Abhishek Dogra
Sonam Kapoor,yes,2015,Prem Ratan Dhan Payo,432.00,yes,Sooraj Barjatya
Sonam Kapoor,yes,2016,Neerja,135.52,yes,Ram Madhvani
Sonam Kapoor,yes,2018,Pad Man,212.02,yes,R. Balki
Sonam Kapoor,yes,2018,Veere Di Wedding,139.00,yes,Shashanka Ghosh
Sonam Kapoor,yes,2019,Ek Ladki Ko Dekha Toh Aisa Laga,39.86,yes,Shelly Chopra Dhar
Sonam Kapoor,yes,2019,The Zoya Factor,6.96,yes,Abhishek Sharma
Sonam Kapoor,yes,2023,Blind,,yes,Shome Makhija
Sonam Mukherjee,no,2012,?: A Question Mark,,no,Allyson Patel Yash Dave
Sonarika Bhadoria,no,2016,Saansein,,no,Rajiv S. Ruia
Soni Razdan,no,2019,Yours Truly,,no,Sanjoy Nag
Soni Razdan,no,2021,Sardar Ka Grandson,,yes,Kaashvie Nair
Soni Razdan,no,2023,Pippa,,yes,Raja Krishna Menon
Soni Razdan,no,2025,Songs of Paradise,,no,Danish Renzu
Sonia Albizuri,no,2019,Mere Pyare Prime Minister,0.39,no,Rakeysh Omprakash Mehra
Sonia Armstrong,no,2018,1921,,no,Vikram Bhatt
Sonia Balani,no,2018,Baazaar,,yes,Gauravv K. Chawla
Sonia Balani,no,2023,The Kerala Story,303.97,no,Sudipto Sen
Sonia Birje,no,2024,Tipppsy,0.08,no,Deepak Tijori
Sonia Goswami,no,2023,Sergeant,,no,Prawaal Raman
Sonia Kapoor,no,2008,Kidnap,35.60,yes,Sanjay Gadhvi
Sonia Kapoor,no,2025,Badass Ravi Kumar,9.66,no,Keith Gomes
Sonia Mann,no,2014,Kahin Hai Mera Pyar,,yes,Mahesh Vaijnath Doijode
Sonia Mann,no,2020,Happy Hardy and Heer,,no,Raka
Sonia Rathee,no,2022,Tara Vs Bilal,,no,Samar Iqbal
Sonia Sharma,no,2020,Pagleaazam,,no,"Vikas P Kavvthekaar, Aps Raghuvanshi"
Sonika Gill,no,2010,Do Dilon Ke Khel Mein,,no,Akash Pandey
Sonnalli Seygall,no,2011,Pyaar Ka Punchnama,17.50,no,Luv Ranjan
Sonnalli Seygall,no,2015,Pyaar Ka Punchnama 2,88.17,no,Luv Ranjan
Sonnalli Seygall,no,2015,Wedding Pullav,,yes,Binod Pradhan
Sonnalli Seygall,no,2018,High Jack,0.34,no,Akash Khurana
Sonnalli Seygall,no,2019,Setters,0.58,no,Ashwini Chaudhary
Sonnalli Seygall,no,2020,Jai Mummy Di,,no,Navjot Gulati
Sonnalli Seygall,no,2023,Aseq,,no,Sarim Momin
Sonnalli Seygall,no,2024,Jo Tera Hai Woh Mera Hai,,no,Raj Trivedi
Sonu Nigam,no,2003,Kash Aap Hamare Hote,1.64,yes,Ravindra Peepat
Sonu Nigam,no,2006,Krishna,,no,Amar Khan
Sonu Sood,no,2002,Shaheed-E-Azam,,no,Sukumar Nair
Sonu Sood,no,2003,Kahan Ho Tum,,no,Vijay Kumar
Sonu Sood,no,2005,Aashiq Banaya Aapne,9.30,yes,Aditya Datt
Sonu Sood,no,2005,Sheesha,,no,Ashu Trikha
Sonu Sood,no,2008,Ek Vivaah... Aisa Bhi,2.35,no,Kaushik Ghatak
Sonu Sood,no,2008,Jodhaa Akbar,120.00,yes,Ashutosh Gowariker
Sonu Sood,no,2009,Dhoondte Reh Jaaoge,,yes,Umesh Shukla
Sonu Sood,no,2010,Dabangg,221.14,yes,Abhinav Kashyap
Sonu Sood,no,2011,Bbuddah... Hoga Terra Baap,,no,Puri Jagannadh
Sonu Sood,no,2012,Maximum,,no,Kabeer Kaushik
Sonu Sood,no,2013,R... Rajkumar,101.21,yes,Prabhudeva
Sonu Sood,no,2013,Shootout at Wadala,82.00,no,Sanjay Gupta
Sonu Sood,no,2014,Entertainment,115.93,no,Sajid-Farhad
Sonu Sood,no,2014,Happy New Year,342.00,yes,Farah Khan
Sonu Sood,no,2016,Tutak Tutak Tutiya,,no,A. L. Vijay
Sonu Sood,no,2018,Paltan,10.22,yes,J. P. Dutta
Sonu Sood,no,2018,Simmba,400.19,yes,Rohit Shetty
Sonu Sood,no,2022,Samrat Prithviraj,90.32,yes,Chandraprakash Dwivedi
Sonu Sood,no,2025,Fateh,,no,Sonu Sood
Sonya Jehan,no,2007,Khoya Khoya Chand,,yes,Sudhir Mishra
Sonya Jehan,no,2010,My Name Is Khan,220.30,yes,Karan Johar
Sooraj Pancholi,yes,2015,Hero,34.82,yes,Nikhil Advani
Sooraj Pancholi,yes,2019,Satellite Shankar,0.54,yes,Irfan Kamal
Sooraj Pancholi,yes,2021,Time to Dance,,yes,Stanley D'Costa
Sooraj Pancholi,yes,2025,Kesari Veer,,yes,Prince Dhiman
Sophia Handa,no,2010,Help,,yes,Rajeev Virani
Sophie Chaudhry,no,2009,Daddy Cool,,no,K. Murli Manohar Rao
Sophie Choudry,no,2005,Shaadi No. 1,20.49,yes,David Dhawan
Sophie Choudry,no,2007,Speed,,yes,Vikram Bhatt
Sophie Choudry,no,2008,Kidnap,35.60,yes,Sanjay Gadhvi
Sophie Choudry,no,2009,Aa Dekhen Zara,10.38,no,Jehangir Surti
Sophie Choudry,no,2024,Love Sex Aur Dhokha 2,0.50,yes,Dibakar Banerjee
Sophie Dahl,no,2004,King of Bollywood,,no,Piyush Jha
Soundarya Sharma,no,2025,Housefull 5,242.80,yes,Tarun Mansukhani
Sparsh Srivastav,no,2024,Ae Watan Mere Watan,,yes,Kannan Iyer
Sparsh Srivastav,no,2024,Laapataa Ladies,25.26,no,Kiran Rao
Sparsh Suman,no,2023,Bhagwan Bharose,,no,Shiladitya Bora
Special Appearance In A Song,no,2017,Poster Boys,30.00,yes,Shreyas Talpade
Sridevi,no,2004,Meri Biwi Ka Jawaab Nahin,0.39,no,"S. M. Iqbal , Pankaj Parashar"
Sridevi,no,2012,English Vinglish,102.00,no,Gauri Shinde
Sridevi,no,2017,Mom,175.70,yes,Ravi Udyawar
Srinivas,no,2014,Mumbhai Connection,,no,Atlanta Nagendra
Srinivas Sunderrajan,no,2017,Gurgaon,6.70,no,Shanker Raman
Srishti Srivastava,no,2018,Dil Juunglee,1.30,no,Aleya Sen
Ssmilley Suri,no,2024,House of Lies,,yes,Saumitra Singh
Stuti Dwivedi,no,2016,Shortcut Safari,,no,Amitabha Singh
Subhashree Ganguly,no,2014,Spark,,no,V. K. Singh
Subodh Bhave,no,2023,Sajini Shinde Ka Viral Video,,no,Mikhil Musale
Subodh Bhave,no,2025,Sant Tukaram,,no,Aditya Om
Subrat Dutta,no,2015,Bumper Draw,,no,Irshad Khan
Subrat Dutta,no,2022,Josef – Born in Grace,,no,Susant Mishra
Subrat Dutta,no,2023,Guthlee Ladoo,,no,Ishrat R. Khan
Subrat Dutta,no,2024,Bastar: The Naxal Story,,no,Sudipto Sen
Suchitra Krishnamoorthi,no,2005,My Wife's Murder,,no,Jijy Philip
Suchitra Krishnamoorthi,no,2009,Karma Aur Holi,,no,Manish Gupta
Suchitra Krishnamoorthi,no,2019,Romeo Akbar Walter,53.48,no,Robbie Garewal
Suchitra Krishnamoorthi,no,2022,Odd Couple,,no,Prashant Johari
Suchitra Krishnamurthy,no,2010,Mittal v/s Mittal,,no,Karan Razdan
Suchitra Krishnamurthy,no,2010,Rann,13.70,no,Ram Gopal Varma
Suchitra Pillai,no,2018,Laxmi and Tikli Bomb,,no,Aditya Kripalani
Sudeep,no,2010,Phoonk 2,9.24,no,Milind Gadagkar
Sudeep,no,2010,Rakta Charitra,,yes,Ram Gopal Verma
Sudeep,no,2010,Rakta Charitra 2,,yes,Ram Gopal Verma
Sudeep,no,2010,Rann,13.70,no,Ram Gopal Varma
Sudeep,no,2019,Dabangg 3,230.93,yes,Prabhu Deva
Sudeepa Singh,no,2010,Action Replayy,48.00,yes,Vipul Amrutlal Shah
Sudesh Berry,no,2003,Aaj Ka Andha Kanoon,,no,Amit Chandra Sahay
Sudesh Berry,no,2006,Utthaan,,no,Ujjhal Chatterjee
Sudesh Berry,no,2007,Kaafila,,yes,Ammtoje Mann
Sudesh Berry,no,2008,Wafaa,,no,Rakesh Sawant
Sudesh Berry,no,2009,99,14.76,yes,Raj and D.K.
Sudesh Berry,no,2009,Royal Utsav,,no,Ravi K. Patwa
Sudesh Berry,no,2009,Shaabash! You Can Do It,,no,Shankar Mondal
Sudesh Berry,no,2012,Cigarette Ki Tarah,,no,Akashaditya Lama
Sudesh Bhosale,no,2007,Return of Hanuman,6.14,no,Anurag Kashyap
Sudev Nair,no,2019,India's Most Wanted,16.74,yes,Rajkumar Gupta
Sudha Chandran,no,2017,Babuji Ek Ticket Bambai,,no,Arvind Tripathi
Sudha Chandran,no,2021,Raag,,no,Arvind Tripathi
Sudha Chandran,no,2025,Me No Pause Me Play,,no,Samar K Mukharjee
Sudhanshu Pandey,no,2004,Kiss Kis Ko,,no,Sharad Sharan
Sudhanshu Pandey,no,2006,Jaadu Sa Chal Gaya,,no,Dev Basu
Sudhanshu Pandey,no,2018,2.0,,no,S Shankar
Sudhanshu Pandey,no,2019,Bypass Road,1.16,no,Naman Nitin Mukesh
Sudhanshu Rai,no,2025,Baida,,no,Puneet Sharma
Sudheer Babu,no,2016,Baaghi,129.00,yes,Sabbir Khan
Sudheer Babu,no,2025,Jatadhara,,yes,Venkat Kalyan Abhishek Jaiswal
Sudhir Pandey,no,2003,Haasil,,no,Tigmanshu Dhulia
Sudhir Pandey,no,2007,Anwar,0.12,no,Manish Jha
Sudhir Pandey,no,2017,A Daughter's Tale Pankh,,no,Premraaj
Sudhir Pandey,no,2017,Ajji,8.50,no,Devashish Makhija
Sudhir Pandey,no,2019,Family of Thakurganj,15.00,no,Manoj K. Jha
Sudipto Balav,no,2008,Aamir,,no,Rajkumar Gupta
Sugandha Garg,no,2008,Jaane Tu... Ya Jaane Na,84.00,yes,Abbas Tyrewala
Sugandha Garg,no,2009,Let's Dance,,no,Aarif Sheikh
Sugandha Garg,no,2010,My Name Is Khan,220.30,yes,Karan Johar
Sugandha Garg,no,2010,Tere Bin Laden,,no,Abhishek Sharma
Sugandha Garg,no,2015,Coffee Bloom,,no,Manu Warrier
Sugandha Garg,no,2016,Jugni,,no,Shefali Bhushan
Sugandha Ram,no,2016,Tere Bin Laden: Dead or Alive,,no,Abhishek Sharma
Suha Gezen,no,2016,Shorgul,,no,"Pranav Kumar Singh , Jitendra Tiwari"
Suhail Nayyar,no,2023,Ishq-e-Nadaan,,no,Avishek Ghosh
Suhail Nayyar,no,2024,Murder Mubarak,,yes,Homi Adajania
Suhail Nayyar,no,2025,Nikita Roy,,yes,Kussh Sinha
Suhana Khan,yes,2023,The Archies,,yes,Zoya Akhtar
Suhas Palshikar,no,2001,Chandni Bar,6.60,no,Madhur Bhandarkar
Suhasini Maniratnam,no,2015,Waiting,3.50,no,Anu Menon
Suhasini Mulay,no,2002,Humraaz,29.71,yes,Abbas–Mustan
Suhasini Mulay,no,2005,Sehar,2.40,no,Kabeer Kaushik
Suhasini Mulay,no,2005,Sitam,,no,
Suhasini Mulay,no,2012,Jalpari: The Desert Mermaid,,no,Nila Madhab Panda
Suhasini Mulay,no,2012,Love You To Death,,no,Rafeeg Ellias
Suhasini Mulay,no,2023,Music School,,no,Papa Rao Biyyala
Suhel Seth,no,2010,Guzaarish,61.30,yes,Sanjay Leela Bhansali
Sukant Goel,no,2016,Kapoor & Sons,143.29,yes,Shakun Batra
Sukant Goel,no,2025,Kaisi Ye Paheli,,no,Ananyabrata Chakravorty
Sukanya Kulkarni,no,2009,Aamras,,no,Rupali Guha
Sukhottam Insan,no,2016,MSG: The Warrior Lion Heart,,no,"Gurmeet Ram Rahim Singh , Honeypreet Insan"
Sukhottam Insan,no,2017,Jattu Engineer,7.20,no,"Gurmeet Ram Rahim Singh , Honeypreet Insan"
Sukhwinder Singh,no,2010,Kuchh Kariye,,no,Jagbir Dahiya
Sulabha Arya,no,2015,Take It Easy,,no,Sunil Prem Vyas
Sulagna Panigrahi,no,2015,Ek Adbhut Dakshina Guru Dakshina,,no,Kiran Phadnis
Sulagna Panigrahi,no,2023,Pinky Beauty Parlour,,no,Akshay Singh
Suman,no,2015,Gabbar Is Back,135.81,no,Krish
Suman Ranganathan,no,2001,Mujhe Meri Biwi Se Bachaao,,yes,Harry Baweja
Suman Ranganathan,no,2003,Baghban,43.11,yes,Ravi Chopra
Suman Ranganathan,no,2006,Devaki,,no,Bappaditya Bandopadhyay
Suman Ranganathan,no,2008,Gumnaam – The Mystery,0.55,no,Neeraj Pathak
Sumeet Nijhawan,no,2008,Contract,,no,Ram Gopal Varma
Sumeet Nijhawan,no,2013,Maazii,,no,Jaideep Chopra
Sumeet Raghavan,no,2008,U Me Aur Hum,40.02,yes,Ajay Devgn
Sumeet Raghavan,no,2010,My Name Is Khan,220.30,yes,Karan Johar
Sumeet Raghavan,no,2011,Kucch Luv Jaisaa,,no,Barnali Ray Shukla
Sumeet Thakur,no,2020,Chippa,,no,Safdar Rehman
Sumeet Vyas,no,2009,Jashnn,,no,Raksha Mistry & Hasnain S Hyderabadwala
Sumeet Vyas,no,2015,Guddu Ki Gun,,no,"Shantanu Ray Chhibber, Sheershak Anand"
Sumeet Vyas,no,2015,Sabki Bajegi Band,,no,Anirudh Chawla
Sumeet Vyas,no,2017,Ribbon,0.53,no,Rakhee Sandilya
Sumeet Vyas,no,2018,High Jack,0.34,no,Akash Khurana
Sumeet Vyas,no,2018,Veere Di Wedding,139.00,yes,Shashanka Ghosh
Sumeet Vyas,no,2019,Made in China,12.81,no,Mikhil Musale
Sumeet Vyas,no,2020,Unpaused,,no,Raj & D.K Nitya Mehra Nikkhil Advani Tannishtha Chatterjee Avinash Arun
Sumeet Vyas,no,2023,Afwaah,,no,Sudhir Mishra
Sumeet Vyas,no,2023,Chhatriwali,,no,Tejas Deoskar
Sumeet Vyas,no,2023,Mrs. Undercover,,no,Anushree Mehta
Sumeet Vyas,no,2023,Sajini Shinde Ka Viral Video,,no,Mikhil Musale
Sumeet Vyas,no,2025,Detective Sherdil,,no,Ravi Chhabriya
Sumit Arora,no,2023,Love All,,no,Sudhanshu Sharma
Sumit Gulati,no,2020,Doordarshan,,no,Gagan Puri
Sumit Kaul,no,2019,Hamid,0.07,no,Aijaz Khan
Sumit Nijhawan,no,2017,Begum Jaan,30.60,no,Srijit Mukherji
Sumit Nijhawan,no,2020,Lootcase,,no,Rajesh Krishnan
Sumit Suri,no,2013,Warning,,no,Gurmmeet Singh
Sumit Suri,no,2014,Babloo Happy Hai,,no,Nila Madhab Panda
Sumit Tandon,no,2020,Ghost Stories,,yes,Karan Johar Dibakar Banerjee Zoya Akhtar Anurag Kashyap
Sumona Chakravarti,no,2010,Aakhari Decision,,no,Deepak Bandhu
Sunidhi Chauhan,no,2006,Krishna,,no,Amar Khan
Sunidhi Chauhan,no,2012,Sons of Ram,,no,Kushal Ruia
Suniel Shetty,no,2000,Hera Pheri,21.40,no,Priyadarshan
Suniel Shetty,no,2000,Krodh,,no,Ashok Honda
Suniel Shetty,no,2001,Pyaar Ishq Aur Mohabbat,7.15,no,Rajiv Rai
Suniel Shetty,no,2001,Yeh Teraa Ghar Yeh Meraa Ghar,,no,Priyadarshan
Suniel Shetty,no,2002,Chalo Ishq Ladaaye,1.70,yes,Aziz Sejawal
Suniel Shetty,no,2002,Kaante,36.37,yes,Sanjay Gupta
Suniel Shetty,no,2003,LOC: Kargil,31.67,yes,J. P. Dutta
Suniel Shetty,no,2004,Ek Se Badhkar Ek,,no,Kundan Shah
Suniel Shetty,no,2004,Rudraksh,9.87,yes,Mani Shankar
Suniel Shetty,no,2005,Blackmail,6.58,no,Anil Devgan
Suniel Shetty,no,2005,Dus,38.84,yes,Anubhav Sinha
Suniel Shetty,no,2005,Kyon Ki,23.15,yes,Priyadarshan
Suniel Shetty,no,2008,Mission Istaanbul,,yes,Apoorva Lakhia
Suniel Shetty,no,2008,One Two Three,27.00,yes,Ashwni Dhir
Suniel Shetty,no,2009,Daddy Cool,,no,K. Murli Manohar Rao
Suniel Shetty,no,2011,Loot,,yes,Rajneesh Thakur
Suniel Shetty,no,2012,Delhi Safari,,yes,Nikhil Advani
Suniel Shetty,no,2012,Mere Dost Picture Abhi Baki Hai,,no,Rajnish Raj Thakur
Suniel Shetty,no,2014,Desi Kattey,,no,Anand Kumar
Suniel Shetty,no,2014,Jai Ho,186.00,yes,Sohail Khan
Suniel Shetty,no,2014,Koyelaanchal,,no,Ashu Trikha
Suniel Shetty,no,2017,A Gentleman,38.30,no,Raj and D.K.
Suniel Shetty,no,2021,Mumbai Saga,22.29,yes,Sanjay Gupta
Suniel Shetty,no,2025,Kesari Veer,,yes,Prince Dhiman
Suniel Shetty,no,2025,Nadaaniyan,,yes,Shauna Gautam
Sunil Abhyankar,no,2024,OutHouse,,no,Sunil Sukthankar
Sunil Barve,no,2000,Nidaan,,no,Mahesh Manjrekar
Sunil Dutt,no,2003,Munna Bhai M.B.B.S.,36.29,yes,Rajkumar Hirani
Sunil Grover,no,2008,Ghajini,232.00,yes,A. R. Murugadoss
Sunil Grover,no,2016,Baaghi,129.00,yes,Sabbir Khan
Sunil Grover,no,2017,Coffee with D,0.72,no,Vishal Mishra
Sunil Grover,no,2018,Pataakha,,no,Vishal Bhardwaj
Sunil Grover,no,2019,Bharat,325.58,yes,Ali Abbas Zafar
Sunil Grover,no,2024,Blackout,,no,Devang Shashin Bhavsar
Sunil Pal,no,2007,Journey Bombay to Goa,,no,Raj Pendurkar
Sunil Sabarwal,no,2010,Muskurake Dekh Zara,,no,Som Shekar
Sunil Shetty,no,2000,Aaghaaz,,no,Yogesh Ishwar
Sunil Shetty,no,2000,Dhadkan,26.47,no,Dharmesh Darshan
Sunil Shetty,no,2000,Jungle,14.34,yes,Ram Gopal Verma
Sunil Shetty,no,2000,Refugee,35.44,yes,J. P. Dutta
Sunil Shetty,no,2001,Ehsaas: The Feeling,,no,Mahesh Manjrekar
Sunil Shetty,no,2001,Ittefaq,,no,Sanjay Khanna
Sunil Shetty,no,2001,Kuch Khatti Kuch Meethi,10.55,yes,Rahul Rawail
Sunil Shetty,no,2001,Officer,,no,Naeem Sha
Sunil Shetty,no,2002,Annarth,,yes,Ravi Dewan
Sunil Shetty,no,2002,Awara Paagal Deewana,27.58,no,Vikram Bhatt
Sunil Shetty,no,2002,Jaani Dushman: Ek Anokhi Kahani,18.56,yes,Rajkumar Kohli
Sunil Shetty,no,2002,Karz: The Burden of Truth,15.57,yes,Harry Baweja
Sunil Shetty,no,2002,Maseeha,,no,Partho Ghosh
Sunil Shetty,no,2003,Baaz: A Bird in Danger,4.80,yes,Tinu Verma
Sunil Shetty,no,2003,Khanjar: The Knife,,no,Chander Sharma
Sunil Shetty,no,2003,Khel – No Ordinary Game,,yes,Yusuf Khan
Sunil Shetty,no,2003,Qayamat: City Under Threat,28.52,yes,Harry Baweja
Sunil Shetty,no,2004,Aan: Men at Work,,no,Madhur Bhandarkar
Sunil Shetty,no,2004,Hulchul,33.09,yes,Priyadarshan
Sunil Shetty,no,2004,Kyun! Ho Gaya Na...,16.35,yes,Samir Karnik
Sunil Shetty,no,2004,Lakeer – Forbidden Lines,,yes,Ahmed Khan
Sunil Shetty,no,2004,Main Hoon Na,84.00,yes,Farah Khan
Sunil Shetty,no,2004,Rakht,8.44,yes,Mahesh Manjrekar
Sunil Shetty,no,2005,Chocolate,,yes,Vivek Agnihotri
Sunil Shetty,no,2005,Deewane Huye Paagal,26.50,yes,Vikram Bhatt
Sunil Shetty,no,2005,Home Delivery,,yes,Sujoy Ghosh
Sunil Shetty,no,2005,Padmashree Laloo Prasad Yadav,,no,Mahesh Manjrekar
Sunil Shetty,no,2005,Paheli,32.00,yes,Amol Palekar
Sunil Shetty,no,2005,Tango Charlie,11.08,yes,Mani Shankar
Sunil Shetty,no,2006,Aap Ki Khatir,13.00,yes,Dharmesh Darshan
Sunil Shetty,no,2006,Apna Sapna Money Money,20.73,no,Sangeeth Sivan
Sunil Shetty,no,2006,Chup Chup Ke,25.58,yes,Priyadarshan
Sunil Shetty,no,2006,Darna Zaroori Hai,10.65,no,Ram Gopal Varma
Sunil Shetty,no,2006,Fight Club: Members Only,8.88,yes,Vikram Chopra
Sunil Shetty,no,2006,Phir Hera Pheri,69.00,no,Neeraj Vora
Sunil Shetty,no,2006,Shaadi Se Pehle,18.88,yes,Satish Kaushik
Sunil Shetty,no,2006,Umrao Jaan,19.52,yes,J. P. Dutta
Sunil Shetty,no,2007,Cash,29.30,yes,Anubhav Sinha
Sunil Shetty,no,2007,Dus Kahaniyaan,13.00,yes,"Sanjay Gupta , Apoorva Lakhia , Meghna Gulzar , Rohit Roy , Hansal Mehta , Jasmeet Dhodhi"
Sunil Shetty,no,2007,Shootout at Lokhandwala,46.04,yes,Apoorva Lakhia
Sunil Shetty,no,2008,Mr. Black Mr. White,,no,Deepak Shivdasani
Sunil Shetty,no,2008,Mukhbiir,,no,Mani Shankar
Sunil Shetty,no,2009,De Dana Dan,81.85,no,Priyadarshan
Sunil Shetty,no,2010,No Problem,,yes,Anees Bazmee
Sunil Shetty,no,2010,Red Alert: The War Within,,no,Anant Mahadevan
Sunil Shetty,no,2010,Tum Milo Toh Sahi,3.52,no,Kabir Sadanand
Sunil Shetty,no,2011,Thank You,104.00,yes,Anees Bazmee
Sunil Shetty,no,2013,Enemmy,,no,Ashu Trikha
Sunil Sinha,no,2009,Aamras,,no,Rupali Guha
Sunil Soni,no,2023,InCar,,no,Harsh Warrdhan
Sunita Rajwar,no,2007,Ek Chalis Ki Last Local,,yes,Sanjay Khanduri
Sunita Rajwar,no,2020,Shubh Mangal Zyada Saavdhan,87.00,no,Hitesh Kewalya
Sunny Deol,yes,2000,Champion,16.00,yes,Padam Kumar
Sunny Deol,yes,2001,Farz,19.92,yes,Raj Kanwar
Sunny Deol,yes,2001,Gadar: Ek Prem Katha,133.13,yes,Anil Sharma
Sunny Deol,yes,2001,Indian,42.61,yes,N. Maharajan
Sunny Deol,yes,2001,Kasam,2.30,yes,Shibu Mitra
Sunny Deol,yes,2001,Yeh Raaste Hain Pyaar Ke,15.69,yes,Deepak S. Shivdasani
Sunny Deol,yes,2002,23rd March 1931: Shaheed,14.25,yes,Guddu Dhanoa
Sunny Deol,yes,2002,Jaani Dushman: Ek Anokhi Kahani,18.56,yes,Rajkumar Kohli
Sunny Deol,yes,2002,Karz: The Burden of Truth,15.57,yes,Harry Baweja
Sunny Deol,yes,2002,Maa Tujhhe Salaam,22.84,yes,Tinu Verma
Sunny Deol,yes,2003,Jaal: The Trap,,yes,Guddu Dhanoa
Sunny Deol,yes,2003,Kaise Kahoon Ke... Pyaar Hai,,yes,
Sunny Deol,yes,2003,Khel – No Ordinary Game,,yes,Yusuf Khan
Sunny Deol,yes,2003,The Hero: Love Story of a Spy,45.13,yes,Anil Sharma
Sunny Deol,yes,2004,Lakeer – Forbidden Lines,,yes,Ahmed Khan
Sunny Deol,yes,2004,Rok Sako To Rok Lo,,yes,Arindam Chowdhury
Sunny Deol,yes,2005,Jo Bole So Nihaal,,yes,Rahul Rawail
Sunny Deol,yes,2006,Naksha,,yes,Sachin Bajaj
Sunny Deol,yes,2006,Teesri Aankh: The Hidden Camera,,yes,Harry Baweja
Sunny Deol,yes,2007,Apne,69.28,yes,Anil Sharma
Sunny Deol,yes,2007,Big Brother,12.09,yes,Guddu Dhanoa
Sunny Deol,yes,2007,Fool & Final,27.62,yes,Ahmed Khan
Sunny Deol,yes,2007,Kaafila,,yes,Ammtoje Mann
Sunny Deol,yes,2008,Heroes,25.44,yes,Samir Karnik
Sunny Deol,yes,2009,Fox,,yes,Deepak Tijori
Sunny Deol,yes,2010,Khuda Kasam,,yes,K C Bokadia
Sunny Deol,yes,2010,Right Yaaa Wrong,,yes,Neeraj Pathak
Sunny Deol,yes,2011,Yamla Pagla Deewana,88.00,yes,Samir Karnik
Sunny Deol,yes,2013,Singh Saab The Great,40.67,yes,Anil Sharma
Sunny Deol,yes,2013,Yamla Pagla Deewana 2,,yes,Sangeeth Sivan
Sunny Deol,yes,2014,Dishkiyaoon,6.88,yes,Sanamjit Talwar
Sunny Deol,yes,2015,I Love NY,,yes,Radhika Rao
Sunny Deol,yes,2016,Ghayal: Once Again,45.35,yes,Sunny Deol
Sunny Deol,yes,2017,Poster Boys,30.00,yes,Shreyas Talpade
Sunny Deol,yes,2018,Bhaiaji Superhit,,yes,Neerraj Pathak
Sunny Deol,yes,2018,Mohalla Assi,,yes,Chandraprakash Dwivedi
Sunny Deol,yes,2018,Yamla Pagla Deewana: Phir Se,15.00,yes,Navaniat Singh
Sunny Deol,yes,2019,Blank,6.41,yes,Behzad Khambata
Sunny Deol,yes,2022,Chup: Revenge of the Artist,23.31,yes,R Balki
Sunny Deol,yes,2023,Gadar 2,691.08,yes,Anil Sharma
Sunny Deol,yes,2025,Jaat,119.24,yes,Gopichand Malineni
Sunny Gill,no,2011,Jo Hum Chahein,,no,Pawan Gill
Sunny Hinduja,no,2018,Brij Mohan Amar Rahe!,,no,Nikhil Bhatt
Sunny Hinduja,no,2021,Jamun,,no,Gaurav Mehra
Sunny Hinduja,no,2022,Thai Massage,,no,Mangesh Hadawale
Sunny Kaushal,yes,2020,Bhangra Paa Le,0.52,yes,Sneha Taurani
Sunny Kaushal,yes,2021,Shiddat,,yes,Kunal Deshmukh
Sunny Kaushal,yes,2022,Hurdang,,yes,Nikhil Nagesh Bhat
Sunny Kaushal,yes,2022,Mili,,yes,Mathukutty Xavier
Sunny Kaushal,yes,2024,Phir Aayi Hasseen Dillruba,,yes,Jayprad Desai
Sunny Leone,no,2012,Jism 2,49.00,no,Pooja Bhatt
Sunny Leone,no,2013,Jackpot,5.00,no,Kaizad Gustad
Sunny Leone,no,2014,Ragini MMS 2,63.29,no,Bhushan Patel
Sunny Leone,no,2015,Ek Paheli Leela,27.47,no,Bobby Khan
Sunny Leone,no,2015,Kuch Kuch Locha Hai,3.26,no,Devang Dholakia
Sunny Leone,no,2016,Beiimaan Love,,no,Rajeev Chaudhary
Sunny Leone,no,2016,Mastizaade,36.44,no,Milap Milan Zaveri
Sunny Leone,no,2016,One Night Stand,4.19,no,Jasmine Moses D'Souza
Sunny Leone,no,2017,Baadshaho,123.50,yes,Milan Luthria
Sunny Leone,no,2017,Tera Intezaar,0.95,yes,Raajeev Waalia
Sunny Nijar,no,2018,Sonu Ke Titu Ki Sweety,,no,Luv Ranjan
Sunny Pawar,no,2020,Chippa,,no,Safdar Rehman
Sunny Prajapati,no,2023,Pyar Ki Policy,,no,Sudhish Kumar Sharma
Sunny Sachdeva,no,2021,B.A. Pass 3,,no,Narendra Singh
Sunny Singh,no,2014,Neighbours,,no,Shyam Ramsay
Sunny Singh,no,2019,Jhootha Kahin Ka,2.57,yes,Smeep Kang
Sunny Singh,no,2019,Ujda Chaman,12.61,no,Abhishek Pathak
Sunny Singh,no,2020,Jai Mummy Di,,no,Navjot Gulati
Sunny Singh,no,2023,Adipurush,350.00,yes,Om Raut
Sunny Singh,no,2024,Amar Prem Ki Prem Kahani,,no,Hardik Gajjar
Sunny Singh,no,2024,Luv Ki Arrange Marriage,,no,Ishrat R. Khan
Sunny Singh,no,2024,Wild Wild Punjab,,no,Simarpreet Singh
Sunny Singh,no,2025,Single Salma,,no,Nachiket Samant
Sunny Singh,no,2025,The Bhootnii,,yes,Sidhaant Sachdev
Suparna Marwah,no,2011,Mere Brother Ki Dulhan,,yes,Ali Abbas Zafar
Suparna Marwah,no,2012,Housefull 2,179.15,yes,Sajid Khan
Supriya Karnik,no,2002,Hum Kisise Kum Nahin,29.15,yes,David Dhawan
Supriya Karnik,no,2006,Shaadi Karke Phas Gaya Yaar,5.02,yes,K. S. Adiyaman
Supriya Karnik,no,2009,De Dana Dan,81.85,no,Priyadarshan
Supriya Karnik,no,2018,Veerey Ki Wedding,,no,Ashu Trikha
Supriya Kumari,no,2013,Zindagi 50-50,11.00,yes,Rajiv S. Ruia
Supriya Pathak,no,2007,Dharm,,no,Bhavna Talwar
Supriya Pathak,no,2008,Sarkar Raj,63.00,yes,Ram Gopal Verma
Supriya Pathak,no,2010,Khichdi: The Movie,8.10,no,Aatish Kapadia
Supriya Pathak,no,2013,Goliyon Ki Raasleela Ram-Leela,220.58,no,Sanjay Leela Bhansali
Supriya Pathak,no,2014,Bobby Jasoos,20.38,no,Samar Shaikh
Supriya Pathak,no,2015,All Is Well,18.02,yes,Umesh Shukla
Supriya Pathak,no,2015,Kis Kisko Pyaar Karoon,71.60,no,Abbas–Mustan
Supriya Pathak,no,2018,Tigers,,yes,Danis Tanović
Supriya Pathak,no,2019,Happi,,no,Bhavna Talwar
Supriya Pathak,no,2020,Jai Mummy Di,,no,Navjot Gulati
Supriya Pathak,no,2021,Mimi,,no,Laxman Utekar
Supriya Pathak,no,2021,Ramprasad Ki Tehrvi,,no,Seema Pahwa
Supriya Pathak,no,2021,Rashmi Rocket,,no,Akarsh Khurana
Supriya Pathak,no,2023,Khichdi 2: Mission Paanthukistan,5.65,no,Aatish Kapadia
Supriya Pathak,no,2023,Satyaprem Ki Katha,117.77,no,Sameer Vidwans
Supriya Pathak,no,2024,Luv Ki Arrange Marriage,,no,Ishrat R. Khan
Supriya Pilgaonkar,no,2005,Deewane Huye Paagal,26.50,yes,Vikram Bhatt
Supriya Pilgaonkar,no,2012,Krishna Aur Kans,,no,Vikram Veturi
Supriya Pilgaonkar,no,2019,Family of Thakurganj,15.00,no,Manoj K. Jha
Supriya Pilgaonkar,no,2024,Kahan Shuru Kahan Khatam,,no,Saurabh Dasgupta
Supriya Shukla,no,2020,Doordarshan,,no,Gagan Puri
Supriya Shukla,no,2025,Greater Kalesh,,no,Aditya Chandiok
Supriya Vinod,no,2017,Indu Sarkar,6.07,no,Madhur Bhandarkar
Suraj,no,2007,Return of Hanuman,6.14,no,Anurag Kashyap
Suraj K. Shah,no,2013,Kaand: Black Scandal,,no,Santosh K. Gupta
Suraj Sharma,no,2016,Umrika,,yes,Prashant Nair
Suraj Sharma,no,2017,Phillauri,46.60,no,Anshai Lal
Suraj Sharma,no,2023,Gulmohar,,no,Rahul V. Chittella
Surbhi Jyoti,no,2021,Kya Meri Sonam Gupta Bewafa Hai?,,no,Ssaurabh Tyagi
Surbhi Tiwari,no,2024,Chhota Bheem and the Curse of Damyaan,,no,Rajiv Chilaka
Surekha Sikri,no,2000,Hari-Bhari,,no,Shyam Benegal
Surekha Sikri,no,2018,Badhaai Ho,221.44,no,Amit Ravindernath Sharma
Surekha Sikri,no,2020,Ghost Stories,,yes,Karan Johar Dibakar Banerjee Zoya Akhtar Anurag Kashyap
Surekha Sikri,no,2021,Kya Meri Sonam Gupta Bewafa Hai?,,no,Ssaurabh Tyagi
Surendra Pal,no,2024,The Legacy of Jineshwar,,no,Pradeep P. Jadhav Vivek Iyer
Suresh Kumbhar,no,2025,The Rabbit House,,no,Vaibhav Kulkarni
Suresh Menon,no,2005,Deewane Huye Paagal,26.50,yes,Vikram Bhatt
Suresh Menon,no,2007,Aggar,,no,Anant Mahadevan
Suresh Menon,no,2007,The Train,,yes,"Hasnain Hyderabadwala, Raksha Mistry"
Suresh Menon,no,2008,Krazzy 4,32.27,no,Jaideep Sen
Suresh Menon,no,2008,Roadside Romeo,6.46,yes,Jugal Hansraj
Suresh Menon,no,2011,Chatur Singh Two Star,,yes,Ajay Chandok
Suresh Menon,no,2020,Captain Vidyut,,no,Atish Tipathi
Suresh Oberoi,no,2009,Karma Aur Holi,,no,Manish Gupta
Suresh Oberoi,no,2019,Kabir Singh,379.02,yes,Sandeep Vanga
Suresh Oberoi,no,2019,Manikarnika: The Queen of Jhansi,132.95,no,Radha Krishna Jagarlamudi Kangana Ranaut
Suresh Oberoi,no,2019,PM Narendra Modi,,yes,Omung Kumar
Suriya,no,2010,Rakta Charitra 2,,yes,Ram Gopal Verma
Suruchi Aulakh,no,2014,Yeh Hai Bakrapur,,no,Janaki Vishwanathan
Suruchi Saklani,no,2024,Phooli,,no,Avinash Dhyani
Surveen Chawla,no,2014,Hate Story 2,31.07,no,Vishal Pandya
Surveen Chawla,no,2016,Parched,12.03,no,Leena Yadav
Susan Brar,no,2008,Summer 2007,,yes,Suhail Tatari
Sushama Reddy,no,2005,Chocolate,,yes,Vivek Agnihotri
Sushant Singh,no,2002,16 December,,no,Mani Shankar
Sushant Singh,no,2002,The Legend of Bhagat Singh,12.90,no,Rajkumar Santoshi
Sushant Singh,no,2003,Samay: When Time Strikes,,no,Robby Grewal
Sushant Singh,no,2004,Paisa Vasool,0.69,no,Srinivas Bhashyam
Sushant Singh,no,2005,Sehar,2.40,no,Kabeer Kaushik
Sushant Singh,no,2007,Showbiz,,no,Raju Khan
Sushant Singh,no,2008,Mukhbiir,,no,Mani Shankar
Sushant Singh,no,2010,Idiot Box,,no,Sunanda Mitra
Sushant Singh,no,2010,Rakta Charitra,,yes,Ram Gopal Verma
Sushant Singh,no,2014,Hate Story 2,31.07,no,Vishal Pandya
Sushant Singh,no,2022,Good Luck Jerry,,yes,Sidharth Sengupta
Sushant Singh Rajput,no,2013,Kai Po Che!,83.00,no,Abhishek Kapoor
Sushant Singh Rajput,no,2013,Shuddh Desi Romance,76.00,yes,Maneesh Sharma
Sushant Singh Rajput,no,2014,PK,769.00,yes,Rajkumar Hirani
Sushant Singh Rajput,no,2015,Detective Byomkesh Bakshy!,46.80,no,Dibakar Banerjee
Sushant Singh Rajput,no,2016,M.S. Dhoni: The Untold Story,215.48,no,Neeraj Pandey
Sushant Singh Rajput,no,2017,Raabta,39.05,no,Dinesh Vijan
Sushant Singh Rajput,no,2018,Kedarnath,102.77,yes,Abhishek Kapoor
Sushant Singh Rajput,no,2019,Chhichhore,215.41,yes,Nitesh Tiwari
Sushant Singh Rajput,no,2019,Drive,,no,Tarun Mansukhani
Sushant Singh Rajput,no,2019,Sonchiriya,10.42,no,Abhishek Chaubey
Sushant Singh Rajput,no,2020,Dil Bechara,,yes,Mukesh Chhabra
Susheel Parashar,no,2021,Jamun,,no,Gaurav Mehra
Sushma Deshpande,no,2017,Ajji,8.50,no,Devashish Makhija
Sushma Seth,no,2009,Pal Pal Dil Ke Ssaat,,no,V Krishna Kumar
Sushmita Mukherjee,no,2006,Golmaal: Fun Unlimited,41.25,yes,Rohit Shetty
Sushmita Mukherjee,no,2007,Khoya Khoya Chand,,yes,Sudhir Mishra
Sushmita Mukherjee,no,2016,Dil Toh Deewana Hai,,no,Raja Bundela
Sushmita Sen,no,2000,Aaghaaz,,no,Yogesh Ishwar
Sushmita Sen,no,2001,Bas Itna Sa Khwaab Hai,,yes,Goldie Behl
Sushmita Sen,no,2001,Kyo Kii Main Jhuth Nahin Bolta,14.34,yes,David Dhawan
Sushmita Sen,no,2002,Aankhen,33.80,no,Vipul Shah
Sushmita Sen,no,2002,Filhaal,,no,Meghna Gulzar
Sushmita Sen,no,2002,Tumko Na Bhool Paayenge,19.89,yes,Pankaj Parashar
Sushmita Sen,no,2003,Samay: When Time Strikes,,no,Robby Grewal
Sushmita Sen,no,2004,Main Hoon Na,84.00,yes,Farah Khan
Sushmita Sen,no,2004,Paisa Vasool,0.69,no,Srinivas Bhashyam
Sushmita Sen,no,2004,Vaastu Shastra,10.00,no,Saurab Narang
Sushmita Sen,no,2005,Bewafaa,33.18,yes,Dharmesh Darshan
Sushmita Sen,no,2005,Kisna: The Warrior Poet,,yes,Subhash Ghai
Sushmita Sen,no,2005,Main Aisa Hi Hoon,6.58,yes,Harry Baweja
Sushmita Sen,no,2005,Maine Pyaar Kyun Kiya?,47.22,yes,David Dhawan
Sushmita Sen,no,2006,Alag,0.56,no,Ashu Trikha
Sushmita Sen,no,2006,Chingaari,,no,Kalpana Lajmi
Sushmita Sen,no,2006,Zindaggi Rocks,,no,Tanuja Chandra
Sushmita Sen,no,2007,Aag,22.73,no,Ram Gopal Varma
Sushmita Sen,no,2009,Do Knot Disturb,,yes,David Dhawan
Sushmita Sen,no,2009,Karma Aur Holi,,no,Manish Gupta
Sushmita Sen,no,2010,Dulha Mil Gaya,,yes,Muddassar Aziz
Sushmita Sen,no,2010,No Problem,,yes,Anees Bazmee
Sushrii Shreya Mishraa,no,2024,Ruslaan,2.70,no,Karan Butani
Suvinder Vicky,no,2018,5 Weddings,,no,Namrata Singh Gujral
Suvinder Vicky,no,2021,Meel Patthar,,no,Ivan Ayr
Suvinder Vicky,no,2024,Bhaiyya Ji,11.76,no,Apoorva Singh Karki
Suzana Rodrigues,no,2013,Warning,,no,Gurmmeet Singh
Suzanna Mukherjee,no,2016,Raaz: Reboot,42.07,yes,Vikram Bhatt
Suzanna Mukherjee,no,2017,Mona Darling,,no,Shashi Sudigala
Suzanne Bernert,no,2019,The Accidental Prime Minister,22.65,yes,Vijay Ratnakar Gutte
Suzzanna Mukherjee,no,2015,Badmashiyaan,,no,Amit Khanna
Svar Kamble,no,2024,Chote Nawab,,no,Kumud Chaudhary
Svar Kamble,no,2025,Chidiya,,no,Mehran Amrohi
Swanand Kirkire,no,2015,Crazy Cukkad Family,,no,Ritesh Menon
Swanand Kirkire,no,2020,Ghoomketu,,no,Pushpendra Nath Misra
Swanand Kirkire,no,2020,Raat Akeli Hai,,no,Honey Trehan
Swanand Kirkire,no,2021,Cash,,no,Rishab Seth
Swanand Kirkire,no,2023,Three of Us,,no,Avinash Arun Dhaware
Swapna Nair,no,2013,Amdavad Junction,,no,Apurv Bajpai
Swapnil Kotiwar,no,2020,Court Martial,,no,Sourabh Srivastava
Swara Bhaskar,no,2010,Guzaarish,61.30,yes,Sanjay Leela Bhansali
Swara Bhaskar,no,2011,Chillar Party,,yes,"Vikas Bahl , Nitesh Tiwari"
Swara Bhaskar,no,2013,Listen... Amaya,,no,Avinash Kumar Singh
Swara Bhaskar,no,2013,Raanjhanaa,105.00,yes,Anand L. Rai
Swara Bhaskar,no,2014,Machhli Jal Ki Rani Hai,,no,Debaloy Dey
Swara Bhaskar,no,2015,Prem Ratan Dhan Payo,432.00,yes,Sooraj Barjatya
Swara Bhaskar,no,2015,Sabki Bajegi Band,,no,Anirudh Chawla
Swara Bhaskar,no,2016,Nil Battey Sannata,6.90,no,Ashwini Iyer Tiwari
Swara Bhaskar,no,2017,Anaarkali of Aarah,1.48,no,Avinash Das
Swara Bhaskar,no,2018,Veere Di Wedding,139.00,yes,Shashanka Ghosh
Swara Bhasker,no,2022,Jahaan Chaar Yaar,,no,Kamal Pandey
Swaroopa Ghosh,no,2015,NH-8 Road to Nidhivan,,no,Munindra Gupta
Swastika Mukherjee,no,2015,Detective Byomkesh Bakshy!,46.80,no,Dibakar Banerjee
Swastika Mukherjee,no,2022,Qala,,yes,Anvita Dutt
Swastika Mukherjee,no,2023,Love All,,no,Sudhanshu Sharma
Swati Bakshi,no,2018,When Obama Loved Osama,,no,Sudhish Kumar Sharma
Swati Kapoor,no,2015,Mere Genie Uncle,0.02,no,Ashish Bhavsar
Swati Kapoor,no,2016,Fuddu,,no,Sunil Subramani
Swati Seth,no,2019,Kabir Singh,379.02,yes,Sandeep Vanga
Swati Sharma,no,2012,Overtime,,no,Ajay Yadav
Sweeny Khara,no,2008,Hari Puttar: A Comedy of Terrors,,no,Lucky Kohli & Rajesh Bajaj
Swini Khara,no,2010,Kaalo,0.30,no,Wilson Louis
Swini Khara,no,2010,Paathshaala,17.00,yes,Milind Ukey
Swini Khara,no,2012,Delhi Safari,,yes,Nikhil Advani
Sylvester Stallone,no,2009,Kambakkht Ishq,85.56,yes,Sabbir Khan
Sylvie,no,2009,Pal Pal Dil Ke Ssaat,,no,V Krishna Kumar
Syna Anand,no,2019,Mere Pyare Prime Minister,0.39,no,Rakeysh Omprakash Mehra
T. R. Bijulal,no,2016,Mission Tiger,,no,Dipu Karunakaran
TJ Bhanu,no,2024,Dange,,no,Bejoy Nambiar
Taaha Shah,no,2011,Luv Ka The End,,no,Bumpy
Taaha Shah,no,2013,Gippi,,no,Sonam Nair
Taaha Shah,no,2015,Barkhaa,1.33,no,Shadaab Mirza
Taaha Shah,no,2016,Baar Baar Dekho,62.67,no,Nitya Mehra
Taaha Shah,no,2017,Ranchi Diaries,,no,Sattwik Mohanty
Taapsee Pannu,no,2013,Chashme Baddoor,50.00,no,David Dhawan
Taapsee Pannu,no,2015,Baby,142.98,no,Neeraj Pandey
Taapsee Pannu,no,2016,Pink,157.32,no,Aniruddha Roy Chowdhury
Taapsee Pannu,no,2017,Judwaa 2,227.59,yes,David Dhawan
Taapsee Pannu,no,2017,Naam Shabana,60.00,no,Shivam Nair
Taapsee Pannu,no,2017,Running Shaadi,,no,Amit Roy
Taapsee Pannu,no,2017,The Ghazi Attack,62.00,no,Sankalp Reddy
Taapsee Pannu,no,2018,Manmarziyaan,40.39,yes,Anurag Kashyap
Taapsee Pannu,no,2018,Mulk,28.33,yes,Anubhav Sinha
Taapsee Pannu,no,2018,Soorma,48.00,no,Shaad Ali
Taapsee Pannu,no,2019,Badla,138.50,no,Sujoy Ghosh
Taapsee Pannu,no,2019,Mission Mangal,290.59,yes,Jagan Shakti
Taapsee Pannu,no,2019,Saand Ki Aankh,30.70,no,Tushar Hiranandani
Taapsee Pannu,no,2020,Thappad,44.54,no,Anubhav Sinha
Taapsee Pannu,no,2021,Haseen Dillruba,,no,Vinil Mathew
Taapsee Pannu,no,2021,Rashmi Rocket,,no,Akarsh Khurana
Taapsee Pannu,no,2022,Blurr,,no,Ajay Bahl
Taapsee Pannu,no,2022,Dobaaraa,6.77,no,Anurag Kashyap
Taapsee Pannu,no,2022,Looop Lapeta,,no,Aakash Bhatia
Taapsee Pannu,no,2022,Shabaash Mithu,2.89,no,Srijit Mukherji
Taapsee Pannu,no,2022,Tadka,,no,Prakash Raj
Taapsee Pannu,no,2023,Dunki,470.60,yes,Rajkumar Hirani
Taapsee Pannu,no,2024,Khel Khel Mein,56.78,yes,Mudassar Aziz
Taapsee Pannu,no,2024,Phir Aayi Hasseen Dillruba,,yes,Jayprad Desai
Taaruk Raina,no,2018,High Jack,0.34,no,Akash Khurana
Taaruk Raina,no,2025,Songs of Paradise,,no,Danish Renzu
Tabu,no,2000,Astitva,2.16,yes,Mahesh Manjrekar
Tabu,no,2000,Dil Pe Mat Le Yaar,,no,Hansal Mehta
Tabu,no,2000,Ghaath,,no,Akashdeep
Tabu,no,2000,Hera Pheri,21.40,no,Priyadarshan
Tabu,no,2000,Shikari,,yes,N. Chandra
Tabu,no,2000,Tarkieb,9.24,no,Esmayeel Shroff
Tabu,no,2001,Aamdani Atthanni Kharcha Rupaiya,,no,K. Raghavendra Rao
Tabu,no,2001,Chandni Bar,6.60,no,Madhur Bhandarkar
Tabu,no,2001,Dil Ne Phir Yaad Kiya,,no,C. L. Rawal
Tabu,no,2002,Filhaal,,no,Meghna Gulzar
Tabu,no,2002,Maa Tujhhe Salaam,22.84,yes,Tinu Verma
Tabu,no,2002,Saathiya,29.15,yes,Shaad Ali
Tabu,no,2002,Zindagi Khoobsoorat Hai,,no,Manoj Punj
Tabu,no,2003,Hawa,5.89,no,Guddu Dhanoa
Tabu,no,2003,Jaal: The Trap,,yes,Guddu Dhanoa
Tabu,no,2003,Khanjar: The Knife,,no,Chander Sharma
Tabu,no,2004,Maqbool,,no,Vishal Bhardwaj
Tabu,no,2004,Meenaxi: A Tale of Three Cities,,no,M. F. Hussain
Tabu,no,2005,Bhagmati,,no,Ashok Kaul
Tabu,no,2005,Silsiilay,,no,Khalid Mohamed
Tabu,no,2006,Fanaa,103.00,yes,Kunal Kohli
Tabu,no,2006,Sarhad Paar,,yes,Raman Kumar
Tabu,no,2007,Cheeni Kum,32.03,no,R. Balki
Tabu,no,2007,The Namesake,,no,Mira Nair
Tabu,no,2010,Khuda Kasam,,yes,K C Bokadia
Tabu,no,2010,Toh Baat Pakki!,,no,Kedarh Shinde
Tabu,no,2013,David,17.00,no,Bejoy Nambiar
Tabu,no,2014,Haider,85.00,yes,Vishal Bhardwaj
Tabu,no,2014,Jai Ho,186.00,yes,Sohail Khan
Tabu,no,2015,Drishyam,147.00,no,Nishikant Kamat
Tabu,no,2015,Talvar,45.90,no,Meghna Gulzar
Tabu,no,2016,Fitoor,42.38,yes,Abhishek Kapoor
Tabu,no,2017,Golmaal Again,311.05,yes,Rohit Shetty
Tabu,no,2018,Andhadhun,456.89,no,Sriram Raghavan
Tabu,no,2018,Missing,0.85,no,Mukul Abhyankar
Tabu,no,2019,Bharat,325.58,yes,Ali Abbas Zafar
Tabu,no,2019,De De Pyaar De,143.04,no,Akiv Ali
Tabu,no,2020,Jawaani Jaaneman,44.77,yes,Nitin Kakkar
Tabu,no,2022,Bhool Bhulaiyaa 2,266.88,no,Anees Bazmee
Tabu,no,2022,Drishyam 2,345.05,yes,Abhishek Pathak
Tabu,no,2023,Bholaa,111.64,no,Ajay Devgn
Tabu,no,2023,Khufiya,,no,Vishal Bharadwaj
Tabu,no,2023,Kuttey,4.65,yes,Aasmaan Bhardwaj
Tabu,no,2024,Auron Mein Kahan Dum Tha,12.91,no,Neeraj Pandey
Tabu,no,2024,Crew,157.08,yes,Rajesh A Krishnan
Taher Shabbir,no,2020,Guilty,,no,Ruchi Narain
Tahir Raj Bhasin,no,2014,Mardaani,59.55,yes,Pradeep Sarkar
Tahir Raj Bhasin,no,2016,Force 2,58.80,yes,Abhinay Deo
Tahir Raj Bhasin,no,2018,Manto,3.71,no,Nandita Das
Tahir Raj Bhasin,no,2019,Chhichhore,215.41,yes,Nitesh Tiwari
Tahir Raj Bhasin,no,2021,83,193.73,no,Kabir Khan
Tahir Raj Bhasin,no,2022,Looop Lapeta,,no,Aakash Bhatia
Talat Aziz,no,2005,Chand Sa Roshan Chehra,0.53,no,Shabah Shamsi
Talha Arshad Reshi,no,2019,Hamid,0.07,no,Aijaz Khan
Talia Benson,no,2015,Sharafat Gayi Tel Lene,,yes,Gurmmeet Singh
Tamanna Bhatia,no,2005,Chand Sa Roshan Chehra,0.53,no,Shabah Shamsi
Tamanna Dipak,no,2020,Atkan Chatkan,,no,Shiv Hare
Tamannaah,no,2013,Himmatwala,68.87,no,Sajid Khan
Tamannaah,no,2016,Tutak Tutak Tutiya,,no,A. L. Vijay
Tamannaah,no,2019,Khamoshi,,no,Chakri Toleti
Tamannaah,no,2022,Babli Bouncer,,no,Madhur Bhandarkar
Tamannaah,no,2022,Plan A Plan B,,no,Shashanka Ghosh
Tamannaah Bhatia,no,2014,Entertainment,115.93,no,Sajid-Farhad
Tamannaah Bhatia,no,2014,Humshakals,105.28,yes,Sajid Khan
Tamannaah Bhatia,no,2023,Lust Stories 2,,yes,R. Balki Konkona Sen Sharma Amit Ravindernath Sharma Sujoy Ghosh
Tamannaah Bhatia,no,2024,Sikandar Ka Muqaddar,,no,Neeraj Pandey
Tamara D’Souza,no,2024,"Love, Sitara",,no,Vandana Kataria
Tanay Chheda,no,2007,Taare Zameen Par,98.48,yes,Aamir Khan
Tania Zaetta,no,2005,Bunty Aur Babli,90.40,yes,Shaad Ali
Tania Zaetta,no,2005,Salaam Namaste,75.23,yes,Siddharth Anand
Tania Zaetta,no,2008,Mr. Black Mr. White,,no,Deepak Shivdasani
Tanima Bhattacharya,no,2017,Saankal,,no,Dedipya Joshii
Tanisha,no,2004,Popcorn Khao! Mast Ho Jao,,no,Kabir Sadanand
Tanisha,no,2005,Neal 'n' Nikki,10.43,yes,Arjun Sablok
Tanisha,no,2005,Sarkar,39.30,yes,Ram Gopal Varma
Tanisha,no,2005,Tango Charlie,11.08,yes,Mani Shankar
Tanishaa Mukerji,yes,2003,Sssshhh...,,yes,Pawan S. Kaul
Tanishaa Mukerji,yes,2008,One Two Three,27.00,yes,Ashwni Dhir
Tanishaa Mukerji,yes,2008,Sarkar Raj,63.00,yes,Ram Gopal Verma
Tanishaa Mukerji,yes,2016,Anna,,yes,Shashank Udapurkar
Tanishaa Mukerji,yes,2021,Code Name Abdul,,yes,Eshwar Gunturu
Tanishaa Mukerji,yes,2024,Luv You Shankar,,yes,Rajiv S. Ruia
Tanmay Dhanania,no,2025,Lord Curzon Ki Haveli,,no,Anshuman Jha
Tanmay Dhananiya,no,2016,Brahman Naman,,no,Qaushiq Mukherjee
Tanmay Ssingh,no,2020,Sayonee,,no,Nitin Kumar Gupta Abhay Singhal
Tannaz Irani,no,2002,Mere Yaar Ki Shaadi Hai,16.54,yes,Sanjay Gadhvi
Tannishtha Chatterjee,no,2004,Hava Aney Dey,,no,Partho Sen-Gupta
Tannishtha Chatterjee,no,2009,Barah Aana,,no,Raja Menon
Tannishtha Chatterjee,no,2010,"Road, Movie",,yes,Dev Benegal
Tannishtha Chatterjee,no,2012,Jalpari: The Desert Mermaid,,no,Nila Madhab Panda
Tannishtha Chatterjee,no,2014,Bhopal: A Prayer for Rain,,no,Ravi Kumar
Tannishtha Chatterjee,no,2014,Jal,,no,Girish Malik
Tannishtha Chatterjee,no,2015,Angry Indian Goddesses,,no,Pan Nalin
Tannishtha Chatterjee,no,2015,Gour Hari Dastaan,,no,Ananth Narayan Mahadevan
Tannishtha Chatterjee,no,2016,Island City,,no,Ruchika Oberoi
Tannishtha Chatterjee,no,2016,Parched,12.03,no,Leena Yadav
Tannishtha Chatterjee,no,2016,Rough Book,,no,Ananth Narayan Mahadevan
Tannishtha Chatterjee,no,2017,Monsoon Shootout,,no,Amit Kumar
Tannishtha Chatterjee,no,2019,Jhalki,,no,Brahmanand S. Siingh
Tannishtha Chatterjee,no,2025,The Storyteller,,no,Anant Mahadevan
Tanuj Virwani,no,2013,Luv U Soniyo,2.70,no,Joe Rajan
Tanuj Virwani,no,2014,Purani Jeans,,no,Tanushri Chattrji Bassu
Tanuj Virwani,no,2016,One Night Stand,4.19,no,Jasmine Moses D'Souza
Tanuja,no,2002,Saathiya,29.15,yes,Shaad Ali
Tanuja,no,2017,A Death in the Gunj,1.37,no,Konkona Sen Sharma
Tanushree Dutta,no,2005,Aashiq Banaya Aapne,9.30,yes,Aditya Datt
Tanushree Dutta,no,2005,Chocolate,,yes,Vivek Agnihotri
Tanushree Dutta,no,2006,36 China Town,38.00,yes,Abbas–Mustan
Tanushree Dutta,no,2006,Bhagam Bhag,67.00,yes,Priyadarshan
Tanushree Dutta,no,2007,Dhol,33.27,yes,Priyadarshan
Tanushree Dutta,no,2007,"Good Boy, Bad Boy",,yes,Ashwini Chaudhary
Tanushree Dutta,no,2007,Raqeeb,,no,Anurag Singh
Tanushree Dutta,no,2007,Risk,,no,Vishram Sawant
Tanushree Dutta,no,2007,Speed,,yes,Vikram Bhatt
Tanushree Dutta,no,2008,Saas Bahu Aur Sensex,,no,Shona Urvashi
Tanushree Dutta,no,2010,Apartment,,no,Jagmohan Mundhra
Tanushree Dutta,no,2010,Ramaa: The Saviour,,no,Haadi Abrar
Tanushree Dutta,no,2010,Rokkk,1.05,no,Rajesh Ranshinge
Tanveer Hashmi,no,2006,The Real Dream Girls,,no,Suresh Jain
Tanveer Zaidi,no,2001,Be-Lagaam,,no,Ram Lakhan
Tanvi Azmi,no,2011,Bubble Gum,,no,Sanjivan Lal
Tanvi Azmi,no,2011,Mod,0.63,no,Nagesh Kukunoor
Tanvi Azmi,no,2014,Bobby Jasoos,20.38,no,Samar Shaikh
Tanvi Azmi,no,2017,Guest iin London,10.64,no,Ashwni Dhir
Tanvi Azmi,no,2019,377 Ab Normal,,no,Faruk Kabir
Tanvi Azmi,no,2021,Tribhanga,,yes,Renuka Shahane
Tanvi Azmi,no,2024,Do Patti,,yes,Shashanka Chaturvedi
Tanvi Hegde,no,2005,Viruddh... Family Comes First,18.51,yes,Mahesh Manjrekar
Tanvi Vyas,no,2016,A Scandall,,no,Ishaan Shrivedi
Tanvi Vyas,no,2021,Switchh,,no,Mustufa Raj
Tanya Maniktala,no,2023,Mumbaikar,,no,Santosh Sivan
Tanya Maniktala,no,2024,Kill,47.12,no,Nikhil Nagesh Bhat
Tapsee Pannu,no,2018,Dil Juunglee,1.30,no,Aleya Sen
Tara Alisha Berry,no,2014,Mastram,4.50,no,Akhilesh Jaiswal
Tara Alisha Berry,no,2016,Love Games,4.04,no,Vikram Bhatt
Tara Alisha Berry,no,2019,Marudhar Express,,yes,Vishal Mishra
Tara D'Souza,no,2011,Mere Brother Ki Dulhan,,yes,Ali Abbas Zafar
Tara D'Souza,no,2011,Mujhse Fraaandship Karoge,,no,Nupur Asthana
Tara Deshpande,no,2000,Tapish,,no,Jay Prakash
Tara Deshpande,no,2001,Style,8.84,no,N. Chandra
Tara Deshpande,no,2002,Encounter: The Killing,,no,Ajay Phansekar
Tara Sharma,no,2002,Om Jai Jagadish,14.00,yes,Anupam Kher
Tara Sharma,no,2003,Saaya,,no,Anurag Basu
Tara Sharma,no,2004,Masti,34.14,yes,Indra Kumar
Tara Sharma,no,2005,Page 3,,no,Madhur Bhandarkar
Tara Sharma,no,2005,Sitam,,no,
Tara Sharma,no,2006,Aksar,,yes,Anant Mahadevan
Tara Sharma,no,2006,Khosla Ka Ghosla,6.67,no,Dibakar Banerjee
Tara Sharma,no,2008,Maharathi,,no,Shivam Nair
Tara Sharma,no,2009,Suno Na.. Ek Nanhi Aawaz,,no,Amy Thanawala
Tara Sharma,no,2010,Dulha Mil Gaya,,yes,Muddassar Aziz
Tara Sharma,no,2010,Prem Kaa Game,,yes,Ashok Kheny
Tara Sharma,no,2020,Kadakh,,no,Rajat Kapoor
Tara Sutaria,no,2019,Marjaavaan,65.34,no,Milap Milan Zaveri
Tara Sutaria,no,2019,Student of the Year 2,98.16,yes,Punit Malhotra
Tara Sutaria,no,2021,Tadap,34.86,yes,Milan Luthria
Tara Sutaria,no,2022,Ek Villain Returns,68.64,yes,Mohit Suri
Tara Sutaria,no,2022,Heropanti 2,35.13,yes,Ahmed Khan
Tara Sutaria,no,2023,Apurva,,no,Nikhil Nagesh Bhat
Tarina Patel,no,2007,Dus Kahaniyaan,13.00,yes,"Sanjay Gupta , Apoorva Lakhia , Meghna Gulzar , Rohit Roy , Hansal Mehta , Jasmeet Dhodhi"
Tariq Khan,no,2023,Am I Next,,no,Rahat Kazmi
Tarun Arora,no,2004,Hawas,,no,Karan Razdan
Tarun Arora,no,2004,Sheen,,no,Ashok Pandit
Tarun Arora,no,2007,Jab We Met,50.90,yes,Imtiaz Ali
Tarun Arora,no,2014,Karar: The Deal,,no,Sabir
Tarun Khanna,no,2005,Topless,,no,
Tathastu,no,2018,Halkaa,,no,Nila Madhab Panda
Teena Singh & Preeti Sharma,no,2017,The Window,,no,VK Choudhary
Teeshay Shah,no,2012,Blood Money,12.00,no,Vishal Mahadkar
Teeshay Shah,no,2015,Yahaan Sabki Lagi Hai,,no,"Satavisha Bose, Cyrus R. khambhata"
Tej Sapru,no,2001,Officer,,no,Naeem Sha
Tej Sapru,no,2008,Pehli Nazar Ka Pyaar,,no,Arshad Khan
Tej Sapru,no,2020,Guns of Banaras,,no,Sekhar Suri
Tejashri Pradhan,no,2021,Babloo Bachelor,,no,Agnidev Chatterjee
Tejaswi Dev Chaudhary,no,2023,Thank You for Coming,9.64,no,Karan Boolani
Tejaswini Kolhapure,no,2004,Stop!,,no,Ajai Sinha
Tejaswini Kolhapure,no,2014,Ugly,6.24,no,Anurag Kashyap
Tenzin Dalha,no,2020,Axone,,no,Nicholas Kharkongor
Tenzin Dalha,no,2021,99 Songs,,no,Vishwesh Krishnamoorthy
Thakur Anoop Singh,no,2025,Controll,,no,Safdar Abbas
Thakur Anoop Singh,no,2025,Romeo S3,,no,Guddu Dhanoa
Thomas Tevana,no,2005,Jo Bole So Nihaal,,yes,Rahul Rawail
Tia Bajpai,no,2012,1920: The Evil Returns,,no,Bhushan Patel
Tia Bajpai,no,2014,Desi Kattey,,no,Anand Kumar
Tia Bajpai,no,2018,Hate Story IV,26.60,no,Vishal Pandya
Tia Bajpai,no,2023,Lakeerein,,no,Durgesh Pathak
Tiger Shroff,yes,2014,Heropanti,82.00,yes,Sabbir Khan
Tiger Shroff,yes,2016,A Flying Jatt,56.13,yes,Remo D'Souza
Tiger Shroff,yes,2016,Baaghi,129.00,yes,Sabbir Khan
Tiger Shroff,yes,2017,Munna Michael,47.20,yes,Sabbir Khan
Tiger Shroff,yes,2018,Baaghi 2,254.33,yes,Ahmed Khan
Tiger Shroff,yes,2019,Student of the Year 2,98.16,yes,Punit Malhotra
Tiger Shroff,yes,2019,War,475.62,yes,Siddharth Anand
Tiger Shroff,yes,2020,Baaghi 3,137.05,yes,Ahmed Khan
Tiger Shroff,yes,2022,Heropanti 2,35.13,yes,Ahmed Khan
Tiger Shroff,yes,2023,Ganapath,13.38,yes,Vikas Bahl
Tiger Shroff,yes,2024,Bade Miyan Chote Miyan,102.16,yes,Ali Abbas Zafar
Tiger Shroff,yes,2024,Singham Again,389.64,yes,Rohit Shetty
Tiger Shroff,yes,2025,Baaghi 4,66.39,yes,A. Harsha
Tigmanshu Dhulia,no,2012,Gangs of Wasseypur – Part 2,22.04,no,Anurag Kashyap
Tigmanshu Dhulia,no,2013,Shahid,3.70,no,Hansal Mehta
Tigmanshu Dhulia,no,2015,Hero,34.82,yes,Nikhil Advani
Tigmanshu Dhulia,no,2018,Zero,191.43,yes,Aanand L. Rai
Tigmanshu Dhulia,no,2020,Raat Akeli Hai,,no,Honey Trehan
Tigmanshu Dhulia,no,2022,Holy Cow,,no,Sai Kabir
Tiku Talsania,no,2000,Raju Chacha,20.92,yes,Anil Devgan
Tiku Talsania,no,2002,Deewangee,22.00,yes,Anees Bazmee
Tiku Talsania,no,2005,Hum Tum Aur Mom,,yes,Ashok Nanda
Tiku Talsania,no,2015,Mere Genie Uncle,0.02,no,Ashish Bhavsar
Tiku Talsania,no,2017,Patel Ki Punjabi Shaadi,,yes,Sanjay Chhel
Tiku Talsania,no,2021,Hungama 2,,yes,Priyadarshan
Tillotama Shome,no,2001,Monsoon Wedding,,no,Mira Nair
Tillotama Shome,no,2015,Qissa,,no,Anup Singh
Tillotama Shome,no,2017,A Death in the Gunj,1.37,no,Konkona Sen Sharma
Tillotama Shome,no,2017,Kadvi Hawa,8.70,no,Nila Madhab Panda
Tillotama Shome,no,2018,Union Leader,,no,Sanjay Patel
Tillotama Shome,no,2020,Chintu Ka Birthday,,no,Devanshu Kumar Satyanshu Singh
Tillotama Shome,no,2020,Dheet Patangey,,no,Ravi Adhikari
Tillotama Shome,no,2020,Sir,,no,Rohena Gera
Tillotama Shome,no,2023,Lust Stories 2,,yes,R. Balki Konkona Sen Sharma Amit Ravindernath Sharma Sujoy Ghosh
Tillotama Shome,no,2025,Jugnuma: The Fable,0.40,no,Raam Reddy
Tim Lawrence,no,2004,I Proud to Be an Indian,,yes,Puneet Issar
Tina Ahuja,no,2015,Second Hand Husband,,no,Smeep Kang
Tina Ahuja,no,2021,Kaagaz,,no,Satish Kaushik
Tina Desai,no,2013,Table No. 21,17.72,no,Aditya Datt
Tina Desai,no,2015,Sharafat Gayi Tel Lene,,yes,Gurmmeet Singh
Tina Desai,no,2018,Dassehra,,no,Manish Vatsalya
Tina Rana,no,2002,Hum Pyar Tumhi Se Kar Baithe,,no,Mohan Singh Rathod
Tina Rana,no,2009,Yeh Pal Ho Na Ho kal,,no,Ravi Pun
Tinnu Anand,no,2002,Saathiya,29.15,yes,Shaad Ali
Tinnu Anand,no,2003,Tumse Milke Wrong Number,,no,Jignesh M. Vaishav
Tinnu Anand,no,2005,Bluffmaster!,32.70,yes,Rohan Sippy
Tinnu Anand,no,2008,Ghajini,232.00,yes,A. R. Murugadoss
Tinnu Anand,no,2008,Ugly Aur Pagli,,no,Sachin Khot
Tinnu Anand,no,2008,Wafaa,,no,Rakesh Sawant
Tinnu Anand,no,2009,De Dana Dan,81.85,no,Priyadarshan
Tinnu Anand,no,2010,Hum Tum Aur Ghost,8.01,no,Kabeer Kaushik
Tinnu Anand,no,2012,Tere Naal Love Ho Gaya,32.61,no,Mandeep Kumar
Tinu Anand,no,2002,Annarth,,yes,Ravi Dewan
Tinu Anand,no,2004,Paisa Vasool,0.69,no,Srinivas Bhashyam
Tinu Anand,no,2007,Journey Bombay to Goa,,no,Raj Pendurkar
Tinu Anand,no,2025,Dil Dosti Aur Dogs,,yes,Viral Shah
Tinu Verma,no,2015,Sorry Daddy,,no,Vijay Pal and Shakur
Tisca Chopra,no,2004,Hyderabad Blues 2,,no,Nagesh Kukunoor
Tisca Chopra,no,2007,Taare Zameen Par,98.48,yes,Aamir Khan
Tisca Chopra,no,2011,Dil Toh Baccha Hai Ji,28.91,yes,Madhur Bhandarkar
Tisca Chopra,no,2011,Love Breakups Zindagi,2.06,yes,Sahil Sangha
Tisca Chopra,no,2015,Qissa,,no,Anup Singh
Tisca Chopra,no,2015,Rahasya,,no,Manish Gupta
Tisca Chopra,no,2018,Bioscopewala,,no,Deb Medhekar
Tisca Chopra,no,2024,Murder Mubarak,,yes,Homi Adajania
Tobby Hinston,no,2018,1921,,no,Vikram Bhatt
Toby Stephens,no,2001,Lagaan: Once Upon a Time in India,65.97,yes,Ashutosh Gowariker
Tom Alter,no,2004,Aetbaar,8.00,no,Vikram Bhatt
Tom Alter,no,2004,Silence Please...The Dressing Room,,no,Sanjay Srinivas
Tom Alter,no,2005,Viruddh... Family Comes First,18.51,yes,Mahesh Manjrekar
Tom Alter,no,2010,The Hangman,,no,Vishal Bhandari
Tom Alter,no,2014,Honour Killing,,no,Avtar Bhogal
Tony Revolori,no,2016,Umrika,,yes,Prashant Nair
Tota Roy Choudhury,no,2018,Helicopter Eela,8.24,yes,Pradeep Sarkar
Tota Roy Chowdhury,no,2017,Indu Sarkar,6.07,no,Madhur Bhandarkar
Tota Roy Chowdhury,no,2021,Ajeeb Daastaans,,no,Shashank Khaitan Raj Mehta Neeraj Ghaywan Kayoze Irani
Tota Roy Chowdhury,no,2023,Rocky Aur Rani Kii Prem Kahaani,355.61,yes,Karan Johar
Touqeer Khan,no,2013,Amdavad Junction,,no,Apurv Bajpai
Tridha Choudhury,no,2025,Dil Dosti Aur Dogs,,yes,Viral Shah
Tridha Choudhury,no,2025,Kis Kisko Pyaar Karoon 2,14.87,no,Anukalp Goswami
Tridha Choudhury,no,2025,So Long Valley,,no,Man Singh
Trimala Adhikari,no,2025,WingMan (The Universal Irony of Love),,no,Anuj Gulati
Tripta Chopra,no,2009,Royal Utsav,,no,Ravi K. Patwa
Tripta Parashar,no,2012,Will You Marry Me?,,no,Aditya Dutt
Tripta Parashar,no,2013,Bloody Isshq,,no,Arup Dutta
Tripti Dimri,no,2018,Laila Majnu,11.50,no,Sajid Ali
Tripti Dimri,no,2020,Bulbbul,,no,Anvita Dutt
Tripti Dimri,no,2022,Qala,,yes,Anvita Dutt
Tripti Dimri,no,2023,Animal,917.82,yes,Sandeep Reddy Vanga
Triptii Dimri,no,2024,Bad Newz,115.74,yes,Anand Tiwari
Triptii Dimri,no,2024,Bhool Bhulaiyaa 3,423.85,no,Anees Bazmee
Triptii Dimri,no,2024,Vicky Vidya Ka Woh Wala Video,55.51,no,Raaj Shaandilyaa
Triptii Dimri,no,2025,Dhadak 2,29.00,no,Shazia Iqbal
Trisha Kale,no,2020,Captain Vidyut,,no,Atish Tipathi
Trisha Krishnan,no,2010,Khatta Meetha,62.79,no,Priyadarshan
Tsahi Halevi,no,2023,Akelli,,no,Pranay Meshram
Tulip Joshi,no,2002,Mere Yaar Ki Shaadi Hai,16.54,yes,Sanjay Gadhvi
Tulip Joshi,no,2004,Dil Maange More,,yes,Anant Mahadevan
Tulip Joshi,no,2007,Dhokha,,no,Pooja Bhatt
Tulip Joshi,no,2008,Superstar,,no,Rohit Jugraj
Tulip Joshi,no,2009,Daddy Cool,,no,K. Murli Manohar Rao
Tulip Joshi,no,2011,Hostel,,no,Manish Gupta
Tulip Joshi,no,2011,I Am Singh,,no,Puneet Issar
Tullika Singh,no,2020,Khawab Sare Jhoothey,,no,Deepak Baldev Thakur
Tushar Jalota,no,2007,Showbiz,,no,Raju Khan
Tushar Kapoor,no,2007,Aggar,,no,Anant Mahadevan
Tushar Kapoor,no,2008,Halla Bol,19.39,yes,Rajkumar Santoshi
Tushar Kapoor,no,2013,Shootout at Wadala,82.00,no,Sanjay Gupta
Tushar Kapoor,no,2016,Kyaa Kool Hain Hum 3,33.14,no,Umesh Ghadge
Tushar Kapoor,no,2016,Mastizaade,36.44,no,Milap Milan Zaveri
Tushar Pandey,no,2019,Chhichhore,215.41,yes,Nitesh Tiwari
Tushar Pandey,no,2019,Hum Chaar,,no,Abhishek Dixit
Tushar Pandey,no,2023,Lost,,no,Aniruddha Roy Chowdhury
Tusharr Khanna,no,2023,Starfish,0.10,no,Akhilesh Jaiswal
Tusshar Kapoor,yes,2001,Mujhe Kucch Kehna Hai,30.99,yes,Satish Kaushik
Tusshar Kapoor,yes,2002,Jeena Sirf Merre Liye,,yes,Satish Kaushik
Tusshar Kapoor,yes,2002,Kyaa Dil Ne Kahaa,,yes,Sanjay Chhel
Tusshar Kapoor,yes,2003,Kucch To Hai,11.00,yes,Anurag Basu
Tusshar Kapoor,yes,2003,Yeh Dil,,yes,Teja
Tusshar Kapoor,yes,2004,Gayab,,yes,Prawal Raman
Tusshar Kapoor,yes,2004,Khakee,49.89,yes,Rajkumar Santoshi
Tusshar Kapoor,yes,2004,Shart: The Challenge,,yes,Puri Jagannadh
Tusshar Kapoor,yes,2005,Insan,10.41,yes,K. Subash
Tusshar Kapoor,yes,2005,Kyaa Kool Hai Hum,22.85,yes,Sangeeth Sivan
Tusshar Kapoor,yes,2006,Golmaal: Fun Unlimited,41.25,yes,Rohit Shetty
Tusshar Kapoor,yes,2007,Dhol,33.27,yes,Priyadarshan
Tusshar Kapoor,yes,2007,"Good Boy, Bad Boy",,yes,Ashwini Chaudhary
Tusshar Kapoor,yes,2007,Kya Love Story Hai,,yes,Lovely Singh
Tusshar Kapoor,yes,2007,Shootout at Lokhandwala,46.04,yes,Apoorva Lakhia
Tusshar Kapoor,yes,2008,C Kkompany,,yes,Sachin Yardi
Tusshar Kapoor,yes,2008,Golmaal Returns,95.00,yes,Rohit Shetty
Tusshar Kapoor,yes,2008,One Two Three,27.00,yes,Ashwni Dhir
Tusshar Kapoor,yes,2008,Sunday,,yes,Rohit Shetty
Tusshar Kapoor,yes,2009,Life Partner,18.00,yes,Rumi Jaffrey
Tusshar Kapoor,yes,2010,Golmaal 3,167.00,yes,Rohit Shetty
Tusshar Kapoor,yes,2011,Hum Tum Shabana,,yes,Sagar Ballary
Tusshar Kapoor,yes,2011,Love U...Mr. Kalakaar!,,yes,S. Manasvi
Tusshar Kapoor,yes,2011,Shor in the City,4.39,yes,"Raj Nidimoru, Krishna Dk"
Tusshar Kapoor,yes,2011,The Dirty Picture,130.00,yes,Milan Luthria
Tusshar Kapoor,yes,2012,Chaar Din Ki Chandni,,yes,Samir Karnik
Tusshar Kapoor,yes,2012,Kyaa Super Kool Hain Hum,60.77,yes,Sachin Yardi
Tusshar Kapoor,yes,2017,Golmaal Again,311.05,yes,Rohit Shetty
Tusshar Kapoor,yes,2022,Maarrich,,yes,Dhruv Lather
Tusshar Kapoor,yes,2024,Love Sex Aur Dhokha 2,0.50,yes,Dibakar Banerjee
Tusshar Kapoor,yes,2025,Kapkapiii,,yes,Sangeeth Sivan
Tusshar Kapoor,yes,2025,Mastiii 4,15.14,yes,Milap Zaveri
Twinkle Bajpai,no,2011,Haunted – 3D,36.00,no,Vikram Bhatt
Twinkle Khanna,yes,2000,Chal Mere Bhai,22.28,yes,David Dhawan
Twinkle Khanna,yes,2000,Joru Ka Ghulam,13.10,yes,Shakeel Noorani
Twinkle Khanna,yes,2000,Mela,25.00,yes,Dharmesh Darshan
Twinkle Khanna,yes,2001,Jodi No.1,34.13,yes,David Dhawan
Twinkle Khanna,yes,2001,Love Ke Liye Kuchh Bhi Karega,10.33,yes,E. Niwas
Twinkle Patel,no,2010,Muskurake Dekh Zara,,no,Som Shekar
Uday Chopra,yes,2000,Mohabbatein,76.91,yes,Aditya Chopra
Uday Chopra,yes,2002,Mere Yaar Ki Shaadi Hai,16.54,yes,Sanjay Gadhvi
Uday Chopra,yes,2002,Mujhse Dosti Karoge!,33.61,yes,Kunal Kohli
Uday Chopra,yes,2003,Kal Ho Naa Ho,86.09,yes,Nikhil Advani
Uday Chopra,yes,2003,Supari,2.65,yes,
Uday Chopra,yes,2004,Charas,0.51,yes,Tigmanshu Dhulia
Uday Chopra,yes,2004,Dhoom,72.47,yes,Sanjay Gadhvi
Uday Chopra,yes,2005,Neal 'n' Nikki,10.43,yes,Arjun Sablok
Uday Chopra,yes,2006,Dhoom 2,151.00,yes,Sanjay Gadhvi
Uday Chopra,yes,2010,Pyaar Impossible!,,yes,Jugal Hansraj
Uday Chopra,yes,2013,Dhoom 3,589.02,yes,Vijay Krishna Acharya
Uday Kiran,no,2012,Mysterious Girl,,no,
Uday Sabnis,no,2007,Return of Hanuman,6.14,no,Anurag Kashyap
Uday Sabnis,no,2008,Aamir,,no,Rajkumar Gupta
Udita Goswami,no,2003,Paap,,no,Pooja Bhatt
Udita Goswami,no,2004,Paap,,no,Pooja Bhatt
Udita Goswami,no,2005,Zeher,13.00,yes,Mohit Suri
Udita Goswami,no,2006,Aksar,,yes,Anant Mahadevan
Udita Goswami,no,2007,Aggar,,no,Anant Mahadevan
Udita Goswami,no,2009,Fox,,yes,Deepak Tijori
Udita Goswami,no,2009,Kisse Pyaar Karoon,,no,Ajay Chandock
Udita Goswami,no,2010,Chase,5.00,no,Jagmohan Mundhra
Udita Goswami,no,2010,Rokkk,1.05,no,Rajesh Ranshinge
Ugam Khetani,no,2016,Shortcut Safari,,no,Amitabha Singh
Umesh Bajpai,no,2023,Panch Kriti,,no,Sannjoy Bhargv
Upasana Singh,no,2002,Haan Maine Bhi Pyaar Kiya,19.55,yes,Dharmesh Darshan
Upasana Singh,no,2004,""" Mysteries Shaque """,,no,"Vinod Chhabara ,"
Upasana Singh,no,2007,My Friend Ganesha,1.59,no,Rajiv S Ruia
Upasana Singh,no,2014,Pyar Ka Live Show,,no,Shailendra Singh Rajput
Upasana Singh,no,2017,Judwaa 2,227.59,yes,David Dhawan
Upasana Singh,no,2020,Sayonee,,no,Nitin Kumar Gupta Abhay Singhal
Upasna Singh,no,2000,Bhai Thakur,,no,"Willy , Raja"
Upasna Singh,no,2001,Pyaar Zindagi Hai,0.11,yes,Vijay Sadanah
Upasna Singh,no,2004,Aitraaz,29.00,yes,Abbas–Mustan
Upasna Singh,no,2005,Vaah! Life Ho Toh Aisi!,19.00,yes,Mahesh Manjrekar
Upen Patel,no,2006,36 China Town,38.00,yes,Abbas–Mustan
Upen Patel,no,2007,Namastey London,71.40,yes,Vipul Amrutlal Shah
Upen Patel,no,2007,Shakalaka Boom Boom,,yes,Suneel Darshan
Upen Patel,no,2008,Money Hai Toh Honey Hai,,no,Ganesh Acharya
Upen Patel,no,2008,One Two Three,27.00,yes,Ashwni Dhir
Upen Patel,no,2009,Ajab Prem Ki Ghazab Kahani,106.74,yes,Rajkumar Santoshi
Upen Patel,no,2017,Ek Haseena Thi Ek Deewana Tha,,no,Suneel Darshan
Upendra Limaye,no,2018,Laxmi and Tikli Bomb,,no,Aditya Kripalani
Upendra Limaye,no,2021,200 – Halla Ho,,no,Sarthak Dasgupta
Upendra Limaye,no,2021,Bansuri: The Flute,,no,Hari Viswanath
Upendra Limaye,no,2024,Madgaon Express,57.34,no,Kunal Khemu
Urfi Javed,no,2024,Love Sex Aur Dhokha 2,0.50,yes,Dibakar Banerjee
Urmila Matondkar,no,2000,Deewane,12.25,no,Harry Baweja
Urmila Matondkar,no,2000,Jungle,14.34,yes,Ram Gopal Verma
Urmila Matondkar,no,2000,Kunwara,19.34,no,David Dhawan
Urmila Matondkar,no,2001,Pyaar Tune Kya Kiya,11.79,yes,Rajat Mukherjee
Urmila Matondkar,no,2002,Deewangee,22.00,yes,Anees Bazmee
Urmila Matondkar,no,2002,Om Jai Jagadish,14.00,yes,Anupam Kher
Urmila Matondkar,no,2003,Bhoot,23.90,yes,Ram Gopal Varma
Urmila Matondkar,no,2003,Pinjar,,no,Chandrakant Dwivedi
Urmila Matondkar,no,2003,Tehzeeb,,yes,Khalid Mohamed
Urmila Matondkar,no,2004,Ek Hasina Thi,10.00,yes,Sriram Raghavan
Urmila Matondkar,no,2005,Maine Gandhi Ko Nahin Mara,,no,Jahnu Barua
Urmila Matondkar,no,2005,Naina,6.94,no,Shripal Morakhia
Urmila Matondkar,no,2006,Banaras,,no,Pankaj Parashar
Urmila Matondkar,no,2006,Bas Ek Pal,,no,Onir
Urmila Matondkar,no,2007,Aag,22.73,no,Ram Gopal Varma
Urmila Matondkar,no,2007,Speed,,yes,Vikram Bhatt
Urmila Matondkar,no,2008,EMI - Liya Hai Toh Chukana Parega,,yes,Saurabh Kabra
Urmila Matondkar,no,2008,Karzzzz,,no,Satish Kaushik
Urmila Matondkar,no,2012,Delhi Safari,,yes,Nikhil Advani
Urmila Rao,no,2006,Rafta Rafta – The Speed,,no,Raj Sharma
Urmilaa Mahanta,no,2017,Chakallaspur,,no,Rajnish Jaiswal
Urvashi Chaudhary,no,2010,Trump Card,,no,Arshad Khan
Urvashi Rautela,no,2013,Singh Saab The Great,40.67,yes,Anil Sharma
Urvashi Rautela,no,2016,Great Grand Masti,20.00,yes,Indra Kumar
Urvashi Rautela,no,2016,Sanam Re,31.46,yes,Divya Khosla Kumar
Urvashi Rautela,no,2018,Hate Story IV,26.60,no,Vishal Pandya
Urvashi Rautela,no,2019,Pagalpanti,49.17,no,Anees Bazmee
Urvashi Rautela,no,2020,Virgin Bhanupriya,,no,Ajay Lohan
Urvashi Rautela,no,2024,Ghuspaithiya,,no,Susi Ganeshan
Urvashi Rautela,no,2024,Jahangir National University,,no,Vinay Sharma
Urvashi Sharma,no,2007,Naqaab,21.20,yes,Abbas Mustan
Urvashi Sharma,no,2009,Baabarr,,no,Ashu Trikha
Urvashi Sharma,no,2010,Khatta Meetha,62.79,no,Priyadarshan
Usha Bachani,no,2009,Aamras,,no,Rupali Guha
Usha Jadhav,no,2014,Bhoothnath Returns,53.00,no,Nitesh Tiwari
Usha Jadhav,no,2016,Veerappan,,no,Ram Gopal Varma
Usha Jadhav,no,2019,Salt Bridge,,no,Abhijit Deonath
Usha Naik,no,2017,Daddy,15.50,no,Ashim Ahluwalia
Utkarsh Sharma,no,2018,Genius,7.50,no,Anil Sharma
Utkarsh Sharma,no,2023,Gadar 2,691.08,yes,Anil Sharma
Utkarsh Sharma,no,2024,Vanvaas,6.37,no,Anil Sharma
Uttara Baokar,no,2000,Zindagi Zindabad,,no,Sumitra Bhave–Sunil Sukthankar
Uttkarsh Majumdar,no,2014,Yeh Hai Bakrapur,,no,Janaki Vishwanathan
Uvika Choudhary,no,2008,Summer 2007,,yes,Suhail Tatari
Uvika Choudhary,no,2010,Toh Baat Pakki!,,no,Kedarh Shinde
VJ Andy,no,2016,Kyaa Kool Hain Hum 3,33.14,no,Umesh Ghadge
Vaani Kapoor,no,2013,Shuddh Desi Romance,76.00,yes,Maneesh Sharma
Vaani Kapoor,no,2016,Befikre,103.00,no,Aditya Chopra
Vaani Kapoor,no,2019,War,475.62,yes,Siddharth Anand
Vaani Kapoor,no,2021,Bell Bottom,50.58,no,Ranjit M Tewari
Vaani Kapoor,no,2021,Chandigarh Kare Aashiqui,41.23,no,Abhishek Kapoor
Vaani Kapoor,no,2022,Shamshera,63.58,yes,Karan Malhotra
Vaani Kapoor,no,2024,Khel Khel Mein,56.78,yes,Mudassar Aziz
Vaani Kapoor,no,2025,Aabeer Gulaal,,no,Aarti S. Bagdi
Vaani Kapoor,no,2025,Raid 2,243.06,no,Raj Kumar Gupta
Vaibhav,no,2013,The Adventures of Sinbad,,no,"Shinjan Neogi , Abhishek Panchal"
Vaibhav Jhalani,no,2002,Yeh Kya Ho Raha Hai?,,no,Hansal Mehta
Vaibhav Jhalani,no,2005,The Film,,no,Junaid Memon
Vaibhav Mathur,no,2016,Love Day - Pyaar Ka Din,,no,"Sandeep Choudhary, Harish Kotian"
Vaibhav Raj Gupta,no,2018,Ascharyachakit!,,no,Samit Kakkad
Vaibhav Tatwawaadi,no,2021,Tribhanga,,yes,Renuka Shahane
Vaibhav Tatwawadi,no,2024,A Wedding Story,,no,Abhinav Pareek
Vaibhav Tatwawadi,no,2024,Article 370,110.57,no,Aditya Suhas Jambhale
Vaidhei Singh,no,2016,OK Mein Dhokhe,,no,Utpal S. Chaudhary
Vaishali Desai,no,2009,Kal Kissne Dekha,,yes,Vivek Sharma
Vaishwath Shankar,no,2016,Brahman Naman,,no,Qaushiq Mukherjee
Vandana Pathak,no,2023,Khichdi 2: Mission Paanthukistan,5.65,no,Aatish Kapadia
Vansh Bharadwaj,no,2011,Sahi Dhandhe Galat Bande,,no,Parvin Dabas
Vaquar,no,2021,Silence... Can You Hear It?,,no,Aban Bharucha Deohans
Vardhan Puri,no,2019,Yeh Saali Aashiqui,,no,Cherag Ruparel
Vardhan Puri,no,2023,Aseq,,no,Sarim Momin
Vardhan Puri,no,2024,Bloody Ishq,,no,Vikram Bhatt
Vardhan Puri,no,2024,Dashmi,,no,Shantanu Anant Tambe
Vardhan Puri,no,2025,Bobby Aur Rishi Ki Love Story,,no,Kunal Kohli
Varinder Singh Ghuman,no,2014,Roar: Tigers of the Sundarbans,,no,Kamal Sadanah
Varsha Rekhate,no,2024,Pad Gaye Pange,,no,Santosh Kumar
Varsha Usgaonkar,no,2004,Hatya,,no,Kader Kashmiri
Varsha Usgaonkar,no,2006,Jigyaasa,,no,Faisal Saif
Varun Badola,no,2013,Mickey Virus,,no,Saurabh Varma
Varun Badola,no,2016,7 Hours To Go,,no,Saurabh Varma
Varun Badola,no,2017,Firangi,,no,Rajiv Dhingra
Varun Buddhadev,no,2022,Toolsidas Junior,,yes,Mridul
Varun Buddhadev,no,2023,Kadak Singh,,no,Aniruddha Roy Chowdhury
Varun Dhawan,yes,2012,Student of the Year,,yes,Karan Johar
Varun Dhawan,yes,2014,Humpty Sharma Ki Dulhania,119.58,yes,Shashank Khaitan
Varun Dhawan,yes,2014,Main Tera Hero,78.00,yes,David Dhawan
Varun Dhawan,yes,2015,ABCD 2,158.31,yes,Remo D'Souza
Varun Dhawan,yes,2015,Badlapur,103.00,yes,Sriram Raghavan
Varun Dhawan,yes,2015,Dilwale,376.00,yes,Rohit Shetty
Varun Dhawan,yes,2016,Dishoom,119.58,yes,Rohit Dhawan
Varun Dhawan,yes,2017,Badrinath Ki Dulhania,200.45,yes,Shashank Khaitan
Varun Dhawan,yes,2017,Judwaa 2,227.59,yes,David Dhawan
Varun Dhawan,yes,2018,October,58.41,yes,Shoojit Sircar
Varun Dhawan,yes,2018,Sui Dhaaga,125.09,yes,Sharat Katariya
Varun Dhawan,yes,2019,Kalank,146.31,yes,Abhishek Varman
Varun Dhawan,yes,2020,Coolie No. 1,,yes,David Dhawan
Varun Dhawan,yes,2020,Street Dancer 3D,97.00,yes,Remo D'Souza
Varun Dhawan,yes,2022,Bhediya,89.97,yes,Amar Kaushik
Varun Dhawan,yes,2022,Jugjugg Jeeyo,136.13,yes,Raj Mehta
Varun Dhawan,yes,2023,Bawaal,,yes,Nitesh Tiwari
Varun Dhawan,yes,2024,Baby John,,yes,Kalees
Varun Dhawan,yes,2025,Sunny Sanskari Ki Tulsi Kumari,99.39,yes,Shashank Khaitan
Varun Kapoor,no,2022,Gangubai Kathiawadi,209.77,yes,Sanjay Leela Bhansali
Varun Khandelwal,no,2014,Main Aur Mr. Riight,,no,Adeeb Rais
Varun Mitra,no,2018,Jalebi,2.41,no,Pushpdeep Bhardwaj
Varun Sharma,no,2013,Warning,,no,Gurmmeet Singh
Varun Sharma,no,2015,Dolly Ki Doli,,yes,Abhishek Dogra
Varun Sharma,no,2015,Kis Kisko Pyaar Karoon,71.60,no,Abbas–Mustan
Varun Sharma,no,2017,Fukrey Returns,112.30,no,Mrighdeep Singh Lamba
Varun Sharma,no,2018,FryDay,1.52,no,Abhishek Dogra
Varun Sharma,no,2019,Arjun Patiala,9.26,no,Rohit Jugraj
Varun Sharma,no,2019,Chhichhore,215.41,yes,Nitesh Tiwari
Varun Sharma,no,2019,Khandaani Shafakhana,3.98,yes,Shilpi Dasgupta
Varun Sharma,no,2021,Roohi,30.33,yes,Hardik Mehta
Varun Sharma,no,2022,Cirkus,61.47,no,Rohit Shetty
Varun Sharma,no,2023,Fukrey 3,128.37,no,Mrighdeep Singh
Varun Sharma,no,2024,Wild Wild Punjab,,no,Simarpreet Singh
Varun Tej,no,2024,Operation Valentine,,no,Shakti Pratap Singh Hada
Varun Thakur,no,2012,?: A Question Mark,,no,Allyson Patel Yash Dave
Varun Thakur,no,2015,Yahaan Sabki Lagi Hai,,no,"Satavisha Bose, Cyrus R. khambhata"
Vasanth Santosham,no,2014,Bhopal: A Prayer for Rain,,no,Ravi Kumar
Vasundhara Das,no,2000,Hey Ram,11.30,yes,Kamal Haasan
Vasundhara Das,no,2001,Monsoon Wedding,,no,Mira Nair
Vasundhara Das,no,2005,Film Star,,no,Tanuja Chandra
Vasundhara Das,no,2006,Kudiyon Ka Hai Zamana,,yes,Amar Butala
Vatsal Seth,no,2004,Taarzan: The Wonder Car,6.20,no,Abbas Mustan
Vatsal Sheth,no,2008,Heroes,25.44,yes,Samir Karnik
Vatsal Sheth,no,2009,Paying Guests,,no,Paritossh Painter
Vatsal Sheth,no,2010,Toh Baat Pakki!,,no,Kedarh Shinde
Vatsal Sheth,no,2011,Hostel,,no,Manish Gupta
Vatsal Sheth,no,2014,Jai Ho,186.00,yes,Sohail Khan
Vatsal Sheth,no,2025,Aachari Baa,,no,Hardik Gajjar
Vedang Raina,no,2023,The Archies,,yes,Zoya Akhtar
Vedang Raina,no,2024,Jigra,55.05,yes,Vasan Bala
Vedant Bali,no,2015,I Love Desi,,no,Pankaj Batra
Vedhika,no,2019,The Body,3.47,yes,Jeethu Joseph
Vedieka Dutt,no,2023,Operation Mayfair,,no,Sudipto Sarkar
Vedika Pinto,no,2022,Operation Romeo,,no,Shashant Shah
Vedika Pinto,no,2025,Nishaanchi,1.00,no,Anurag Kashyap
Vedika Pinto,no,2025,Nishaanchi 2,,no,Anurag Kashyap
Vedita Pratap Singh,no,2014,Mumbai 125 KM,14.65,no,Hemant Madhukar
Vedita Pratap Singh,no,2017,JD,,no,Shailendra Pandey
Veena Malik,no,2013,Super Model,,no,Navin Batra
Veena Malik,no,2013,Zindagi 50-50,11.00,yes,Rajiv S. Ruia
Veena Malik,no,2014,Mumbai 125 KM,14.65,no,Hemant Madhukar
Veenah Naair,no,2023,Tarla,,no,Piyush Gupta
Veer Aryan,no,2021,Switchh,,no,Mustufa Raj
Veer Pahariya,no,2025,Sky Force,168.88,yes,Sandeep Kewlani Abhishek Anil Kapur
Veeraj Rao,no,2021,Ye Mard Bechara,,no,Anuup Thapa
Vega Tamotia,no,2012,Chittagong,0.31,no,Bedabrata Pain
Vega Tamotia,no,2014,Amit Sahni Ki List,,no,Ajay Bhuyan
Vekeana Dhillon,no,2000,Snip!,,no,Sunil Sippy
Venkatesh,no,2023,Kisi Ka Bhai Kisi Ki Jaan,182.00,yes,Farhad Samji
Venya,no,2012,Mysterious Girl,,no,
Veronica Vanij,no,2023,Non Stop Dhamaal,,no,Irshad Khan
Vibha Chibber,no,2007,Chak De! India,109.00,no,Shimit Amin
Vibha Chibber,no,2016,Dhanak,,no,Nagesh Kukunoor
Vibha Chibber,no,2022,Thai Massage,,no,Mangesh Hadawale
Vibhawari Deshpande,no,2018,Laxmi and Tikli Bomb,,no,Aditya Kripalani
Vibhinta Verma,no,2014,Station,,no,Saad Khan
Vibhu Raghave,no,2017,Yadvi – The Dignified Princess,,no,Jyoti Singh
Vickrant Mahajan,no,2012,Challo Driver,,no,Vickrant Mahajan
Vicky Ahuja,no,2004,Vaastu Shastra,10.00,no,Saurab Narang
Vicky Ahuja,no,2019,Battalion 609,0.01,no,Brijesh Batuknath Tripathi
Vicky Kaushal,yes,2015,Masaan,,yes,Neeraj Ghaywan
Vicky Kaushal,yes,2016,Raman Raghav 2.0,7.00,yes,Anurag Kashyap
Vicky Kaushal,yes,2016,Zubaan,,yes,Mozez Singh
Vicky Kaushal,yes,2018,Love per Square Foot,,yes,Anand Tiwari
Vicky Kaushal,yes,2018,Lust Stories,,yes,"Anurag Kashyap , Karan Johar , Zoya Akhtar , Dibakar Banerjee"
Vicky Kaushal,yes,2018,Manmarziyaan,40.39,yes,Anurag Kashyap
Vicky Kaushal,yes,2018,Raazi,,yes,Meghna Gulzar
Vicky Kaushal,yes,2019,Uri: The Surgical Strike,342.06,yes,Aditya Dhar
Vicky Kaushal,yes,2020,Bhoot – Part One: The Haunted Ship,40.94,yes,Bhanu Pratap Singh
Vicky Kaushal,yes,2021,Sardar Udham,,yes,Shoojit Sircar
Vicky Kaushal,yes,2022,Govinda Naam Mera,,yes,Shashank Khaitan
Vicky Kaushal,yes,2023,Dunki,470.60,yes,Rajkumar Hirani
Vicky Kaushal,yes,2023,Sam Bahadur,128.17,yes,Meghna Gulzar
Vicky Kaushal,yes,2023,The Great Indian Family,5.65,yes,Vijay Krishna Acharya
Vicky Kaushal,yes,2023,Zara Hatke Zara Bachke,115.89,yes,Laxman Utekar
Vicky Kaushal,yes,2024,Bad Newz,115.74,yes,Anand Tiwari
Vicky Kaushal,yes,2025,Chhaava,797.34,yes,Laxman Utekar
Victor Banerjee,no,2003,Joggers Park,2.10,no,Anant Balani
Victor Banerjee,no,2005,Amavas,,no,Sidharth Srinivasan
Victor Banerjee,no,2007,Apne,69.28,yes,Anil Sharma
Victor Banerjee,no,2009,Chowrasta Crossroads of Love,,no,Anjan Dutt
Victor Banerjee,no,2014,Children of War,,no,Mrityunjay Devvrat
Victor Banerjee,no,2016,Fever,,no,Rajeev Jhaveri
Victor Banerjee,no,2022,Josef – Born in Grace,,no,Susant Mishra
Vidhi Chitalia,no,2023,One Friday Night,,no,Manish Gupta
Vidushi Mehra,no,2016,Moh Maya Money,,no,Munish Bharadwaj
Vidya Balan,no,2005,Parineeta,32.63,yes,Pradeep Sarkar
Vidya Balan,no,2006,Lage Raho Munna Bhai,126.20,yes,Rajkumar Hirani
Vidya Balan,no,2007,Bhool Bhulaiyaa,83.00,no,Priyadarshan
Vidya Balan,no,2007,Eklavya: The Royal Guard,38.00,yes,Vidhu Vinod Chopra
Vidya Balan,no,2007,Guru,83.67,yes,Mani Ratnam
Vidya Balan,no,2007,Heyy Babyy,84.00,yes,Sajid Khan
Vidya Balan,no,2007,Salaam-e-Ishq: A Tribute to Love,52.24,yes,Nikhil Advani
Vidya Balan,no,2008,Halla Bol,19.39,yes,Rajkumar Santoshi
Vidya Balan,no,2008,Kismat Konnection,,yes,Aziz Mirza
Vidya Balan,no,2009,Paa,,yes,R. Balki
Vidya Balan,no,2010,Ishqiya,31.81,no,Abhishek Chaubey
Vidya Balan,no,2011,No One Killed Jessica,45.72,no,Raj Kumar Gupta
Vidya Balan,no,2011,Thank You,104.00,yes,Anees Bazmee
Vidya Balan,no,2011,The Dirty Picture,130.00,yes,Milan Luthria
Vidya Balan,no,2012,Ferrari Ki Sawaari,45.69,no,Rajesh Mapuskar
Vidya Balan,no,2012,Kahaani,104.00,no,Sujoy Ghosh
Vidya Balan,no,2013,Ghanchakkar,38.00,yes,Rajkumar Gupta
Vidya Balan,no,2014,Bobby Jasoos,20.38,no,Samar Shaikh
Vidya Balan,no,2014,Shaadi Ke Side Effects,69.60,no,Saket Chaudhary
Vidya Balan,no,2015,Hamari Adhuri Kahani,58.00,yes,Mohit Suri
Vidya Balan,no,2016,Kahaani 2: Durga Rani Singh,54.70,no,Sujoy Ghosh
Vidya Balan,no,2016,Te3n,32.31,no,Ribhu Dasgupta
Vidya Balan,no,2017,Begum Jaan,30.60,no,Srijit Mukherji
Vidya Balan,no,2017,Tumhari Sulu,51.39,no,Suresh Triveni
Vidya Balan,no,2019,Mission Mangal,290.59,yes,Jagan Shakti
Vidya Balan,no,2020,Shakuntala Devi,,no,Anu Menon
Vidya Balan,no,2021,Sherni,,no,Amit V. Masurkar
Vidya Balan,no,2022,Jalsa,,no,Suresh Triveni
Vidya Balan,no,2023,Neeyat,5.50,no,Anu Menon
Vidya Balan,no,2024,Bhool Bhulaiyaa 3,423.85,no,Anees Bazmee
Vidya Balan,no,2024,Do Aur Do Pyaar,4.63,no,Shirsha Guha Thakurta
Vidya Malvade,no,2003,Inteha,,no,Vikram Bhatt
Vidya Malvade,no,2005,"U, Bomsi n Me",,no,Jairaj Padmanabhan
Vidya Malvade,no,2007,Chak De! India,109.00,no,Shimit Amin
Vidya Malvade,no,2008,Kidnap,35.60,yes,Sanjay Gadhvi
Vidya Malvade,no,2010,Tum Milo Toh Sahi,3.52,no,Kabir Sadanand
Vidya Malvade,no,2012,1920: The Evil Returns,,no,Bhushan Patel
Vidya Malvade,no,2024,Ruslaan,2.70,no,Karan Butani
Vidya Malvade,no,2025,Sangee,,no,Sumit Kulkarni
Vidyut Jammwal,no,2011,Force,40.00,yes,Nishikant Kamat
Vidyut Jammwal,no,2017,Baadshaho,123.50,yes,Milan Luthria
Vidyut Jammwal,no,2017,Commando 2,39.04,no,Deven Bhojani
Vidyut Jammwal,no,2019,Commando 3,40.15,no,Aditya Datt
Vidyut Jammwal,no,2019,Junglee,24.70,no,Chuck Russell
Vidyut Jammwal,no,2020,Khuda Haafiz,,no,Faruk Kabir
Vidyut Jammwal,no,2020,Yaara,,no,Tigmanshu Dhulia
Vidyut Jammwal,no,2021,Sanak,,no,Kanishk Varma
Vidyut Jammwal,no,2021,The Power,,yes,Mahesh Manjrekar
Vidyut Jammwal,no,2022,Khuda Haafiz: Chapter 2 – Agni Pariksha,20.33,no,Faruk Kabir
Vidyut Jammwal,no,2023,IB71,29.19,no,Sankalp Reddy
Vidyut Jammwal,no,2024,Crakk,17.08,no,Aditya Datt
Vidyut Jamwal,no,2013,Bullett Raja,53.60,yes,Tigmanshu Dhulia
Vidyut Jamwal,no,2013,Commando: A One Man Army,27.00,no,Dilip Ghosh
Vihaan Samat,no,2024,CTRL,,yes,Vikramaditya Motwane
Viidhi,no,2025,Pintu Ki Pappi,,no,Shiv Hare
Viineet Kumar Singh,no,2022,Siya,,no,Manish Mundra
Vijay Deverakonda,no,2022,Liger,,no,Puri Jagannadh
Vijay Kashyap,no,2015,Take It Easy,,no,Sunil Prem Vyas
Vijay Maurya,no,2016,Dhanak,,no,Nagesh Kukunoor
Vijay Patkar,no,2011,Masti Express,,no,Vikram Pradhan
Vijay Patkar,no,2017,Sniff,,no,Amole Gupte
Vijay Raaz,no,2000,Dil Pe Mat Le Yaar,,no,Hansal Mehta
Vijay Raaz,no,2001,Monsoon Wedding,,no,Mira Nair
Vijay Raaz,no,2002,Lal Salaam,,no,Gaganvihari Borate
Vijay Raaz,no,2002,Road,,yes,Rajat Mukherjee
Vijay Raaz,no,2003,Mumbai Matinee,,no,Anant Balani
Vijay Raaz,no,2003,Raghu Romeo,,no,Rajat Kapoor
Vijay Raaz,no,2004,Run,,yes,Jeeva
Vijay Raaz,no,2005,Deewane Huye Paagal,26.50,yes,Vikram Bhatt
Vijay Raaz,no,2005,Mumbai Xpress,5.17,no,Singeetam Srinivasa Rao
Vijay Raaz,no,2007,Anwar,0.12,no,Manish Jha
Vijay Raaz,no,2007,Dhamaal,50.73,yes,Indra Kumar
Vijay Raaz,no,2007,Journey Bombay to Goa,,no,Raj Pendurkar
Vijay Raaz,no,2008,Hari Puttar: A Comedy of Terrors,,no,Lucky Kohli & Rajesh Bajaj
Vijay Raaz,no,2009,Barah Aana,,no,Raja Menon
Vijay Raaz,no,2009,Ek Se Bure Do,,no,Tarique
Vijay Raaz,no,2009,Yeh Mera India,,no,N. Chandra
Vijay Raaz,no,2011,Bin Bulaye Baraati,,no,Chandrakant Singh
Vijay Raaz,no,2011,Delhi Belly,103.00,yes,Abhinay Deo
Vijay Raaz,no,2012,Gali Gali Chor Hai,13.07,yes,Rumi Jaffrey
Vijay Raaz,no,2014,Kya Dilli Kya Lahore,,no,Vijay Raaz
Vijay Raaz,no,2014,Mr Joe B. Carvalho,,yes,Samir Tiwari
Vijay Raaz,no,2014,O Teri,3.60,no,Umesh Bist
Vijay Raaz,no,2016,Mission Tiger,,no,Dipu Karunakaran
Vijay Raaz,no,2016,Saat Uchakkey,,no,Sanjeev Sharma
Vijay Raaz,no,2018,Kaalakaandi,10.00,yes,Akshat Verma
Vijay Raaz,no,2019,Chopsticks,,yes,Sachin Yardi
Vijay Raaz,no,2019,Kanpuriye,,no,Ashish Aryan
Vijay Raaz,no,2019,Setters,0.58,no,Ashwini Chaudhary
Vijay Raaz,no,2020,Gulabo Sitabo,,no,Shoojit Sircar
Vijay Raaz,no,2020,Lootcase,,no,Rajesh Krishnan
Vijay Raaz,no,2021,Kya Meri Sonam Gupta Bewafa Hai?,,no,Ssaurabh Tyagi
Vijay Raaz,no,2021,Sherni,,no,Amit V. Masurkar
Vijay Raaz,no,2021,Waah Zindagi,,no,Dinesh S Yadav
Vijay Raaz,no,2022,36 Farmhouse,,no,Ram Ramesh Sharm
Vijay Raaz,no,2022,Gangubai Kathiawadi,209.77,yes,Sanjay Leela Bhansali
Vijay Raaz,no,2022,Odd Couple,,no,Prashant Johari
Vijay Raaz,no,2023,Aankh Micholi,1.50,no,Umesh Shukla
Vijay Raaz,no,2023,Dream Girl 2,140.56,yes,Raaj Shaandilyaa
Vijay Raaz,no,2023,Kathal,,no,Yashowardhan Mishra
Vijay Raaz,no,2024,Kartam Bhugtam,1.00,no,Soham P. Shah
Vijay Raaz,no,2025,Pintu Ki Pappi,,no,Shiv Hare
Vijay Raaz,no,2025,Udaipur Files,0.63,no,Bharat Shrinat
Vijay Sanap,no,2017,Daddy,15.50,no,Ashim Ahluwalia
Vijay Sethupathi,no,2023,Jawan,0.00,no,Atlee
Vijay Sethupathi,no,2023,Mumbaikar,,no,Santosh Sivan
Vijay Sethupathi,no,2024,Merry Christmas,,no,Sriram Raghavan
Vijay Varma,no,2017,Monsoon Shootout,,no,Amit Kumar
Vijay Varma,no,2020,Bamfaad,,no,Ranjan Chandel
Vijay Varma,no,2020,Ghost Stories,,yes,Karan Johar Dibakar Banerjee Zoya Akhtar Anurag Kashyap
Vijay Varma,no,2020,Yaara,,no,Tigmanshu Dhulia
Vijay Varma,no,2022,Darlings,,yes,Jasmeet K Reen
Vijay Varma,no,2022,Hurdang,,yes,Nikhil Nagesh Bhat
Vijay Varma,no,2023,Jaane Jaan,,yes,Sujoy Ghosh
Vijay Varma,no,2023,Lust Stories 2,,yes,R. Balki Konkona Sen Sharma Amit Ravindernath Sharma Sujoy Ghosh
Vijay Varma,no,2024,Murder Mubarak,,yes,Homi Adajania
Vijay Varma,no,2025,Gustaakh Ishq,2.29,no,Vibhu Puri
Vijayant Kohli,no,2014,Paranthe Wali Gali,,no,Sachin Gupta
Vijayant Kohli,no,2018,Brij Mohan Amar Rahe!,,no,Nikhil Bhatt
Vijayendra Ghatge,no,2002,Kabhie Tum Kabhie Hum,,no,
Vije Bhatia,no,2017,Romeo-N-Bullet,,no,Aditya Kumar
Vijender Singh,no,2014,Fugly,13.60,yes,Kabir Sadanand
Viju Khote,no,2018,Jaane Kyun De Yaaron,,no,Akshay Anand
Vikas Anand,no,2000,Sultaan,,no,
Vikas Anand,no,2008,Jimmy,1.86,yes,Raj N. Sippy
Vikas Anand,no,2008,Pehli Nazar Ka Pyaar,,no,Arshad Khan
Vikas Bahl,no,2008,Aamir,,no,Rajkumar Gupta
Vikas Bhalla,no,2000,Shikaar,,no,Bobby Raj
Vikas Bhalla,no,2005,Pyaar Mein Twist,1.32,yes,Hriday Shetty
Vikas Bhalla,no,2006,Ankahee,,yes,Vikram Bhatt
Vikas Bhalla,no,2010,Chance Pe Dance,16.30,yes,Ken Ghosh
Vikas Bhardwaj,no,2005,Classic – Dance of Love,,no,Babbar Subhash
Vikas Giri,no,2018,When Obama Loved Osama,,no,Sudhish Kumar Sharma
Vikas Giri,no,2023,Pyar Ki Policy,,no,Sudhish Kumar Sharma
Vikas Kalantri,no,2001,Pyaar Zindagi Hai,0.11,yes,Vijay Sadanah
Vikas Kalantri,no,2003,Nayee Padosan,,no,B. H. Tharun Kumar
Vikas Kalantri,no,2004,Dil Bechara Pyaar Ka Maara,,no,Omkarnath Mishra
Vikas Kalantri,no,2004,Dukaan,,no,Iqbal Durrani
Vikas Kalantri,no,2007,Aggar,,no,Anant Mahadevan
Vikas Kalantri,no,2007,Naqaab,21.20,yes,Abbas Mustan
Vikas Kumar,no,2015,Prithipal Singh... A Story,,no,Babita Puri
Vikas Kumar,no,2019,Hamid,0.07,no,Aijaz Khan
Vikas Kumar,no,2021,Dhamaka,,no,Ram Madhvani
Vikas Sethi,no,2001,Deewaanapan,10.00,no,Ashu Trikha
Vikas Sethi,no,2003,Oops!,,no,Deepak Tijori
Vikas Shrivastav,no,2013,Beehad - The Ravines,,no,Krishna Mishra
Vikas Shrivastav,no,2013,Dhoom 3,589.02,yes,Vijay Krishna Acharya
Vikas Srivastava,no,2019,Battalion 609,0.01,no,Brijesh Batuknath Tripathi
Vikas Verma,no,2017,Judwaa 2,227.59,yes,David Dhawan
Vikas Verma,no,2019,Main Zaroor Aaunga,,yes,Chandrakant Singh
Vikas Verma,no,2024,Kahan Shuru Kahan Khatam,,no,Saurabh Dasgupta
Vikram,no,2010,Raavan,49.50,yes,Mani Ratnam
Vikram,no,2013,David,17.00,no,Bejoy Nambiar
Vikram Chatwal,no,2005,Ek Ajnabee,,yes,Apoorva Lakhia
Vikram Chatwal,no,2007,Honeymoon Travels Pvt. Ltd.,19.51,yes,Reema Kagti
Vikram Gokhale,no,2005,Sau Jhooth Ek Sach,0.02,no,Bappaditya Roy
Vikram Gokhale,no,2009,De Dana Dan,81.85,no,Priyadarshan
Vikram Gokhale,no,2009,The Stoneman Murders,,yes,Manish Gupta
Vikram Gokhale,no,2015,Ab Tak Chhappan 2,6.64,no,Aejaz Gulab
Vikram Gokhale,no,2015,Take It Easy,,no,Sunil Prem Vyas
Vikram Gokhale,no,2019,Pranaam,,no,Sanjiv Jaiswal
Vikram Inamdar,no,2004,Hyderabad Blues 2,,no,Nagesh Kukunoor
Vikram Kapadia,no,2009,Aamras,,no,Rupali Guha
Vikram Kapadia,no,2014,A Decent Arrangement,,no,Sarovar Banka
Vikram Koccher,no,2021,Bawri Chhori,,no,Kartik Ramalingam
Vikram Kochhar,no,2023,Dunki,470.60,yes,Rajkumar Hirani
Vikram Kochhar,no,2023,Dvand: The Internal Conflict,,no,Ishtiyak Khan
Vikram Kochhar,no,2024,Kahan Shuru Kahan Khatam,,no,Saurabh Dasgupta
Vikram Kochhar,no,2025,So Long Valley,,no,Man Singh
Vikram Kochhar,no,2025,The Networker,,no,Vikas Kumar Vishwakarma
Vikram Kumar,no,2009,Royal Utsav,,no,Ravi K. Patwa
Vikram Kumar,no,2010,Trump Card,,no,Arshad Khan
Vikram Mastal,no,2021,Sakshi,,no,Ajay Ram
Vikram Singh,no,2005,Mumbai Godfather,,no,Deepak Balraj Vij
Vikram Singh,no,2013,Satya 2,,no,Ram Gopal Varma
Vikram Singh,no,2014,Ya Rab,,no,Hasnain Hyderabadwala
Vikram Singh,no,2021,Mera Fauji Calling,,no,Aaryaan Saxena
Vikramjeet Virk,no,2019,Drive,,no,Tarun Mansukhani
Vikrant Anand,no,2019,Dosti Ke Side Effects,,no,Hadi Ali Abrar
Vikrant Massey,no,2017,A Death in the Gunj,1.37,no,Konkona Sen Sharma
Vikrant Massey,no,2020,Cargo,,no,Arati Kadav
Vikrant Massey,no,2020,Chhapaak,55.44,no,Meghna Gulzar
Vikrant Massey,no,2020,Dolly Kitty Aur Woh Chamakte Sitare,,no,Alankrita Shrivastava
Vikrant Massey,no,2020,Ginny Weds Sunny,,no,Puneet Khanna
Vikrant Massey,no,2021,14 Phere,,no,Devanshu Singh
Vikrant Massey,no,2021,Haseen Dillruba,,no,Vinil Mathew
Vikrant Massey,no,2021,Ramprasad Ki Tehrvi,,no,Seema Pahwa
Vikrant Massey,no,2021,Switchh,,no,Mustufa Raj
Vikrant Massey,no,2022,Forensic,,no,Vishal Furia
Vikrant Massey,no,2022,Love Hostel,,yes,Shanker Raman
Vikrant Massey,no,2023,12th Fail,69.64,no,Vidhu Vinod Chopra
Vikrant Massey,no,2023,Gaslight,,yes,Pawan Kripalani
Vikrant Massey,no,2023,Mumbaikar,,no,Santosh Sivan
Vikrant Massey,no,2024,Blackout,,no,Devang Shashin Bhavsar
Vikrant Massey,no,2024,Phir Aayi Hasseen Dillruba,,yes,Jayprad Desai
Vikrant Massey,no,2024,Sector 36,,no,Aditya Nimbalkar
Vikrant Massey,no,2024,The Sabarmati Report,31.31,no,Dheeraj Sarna
Vikrant Massey,no,2024,Zero Se Restart,,no,Vidhu Vinod Chopra
Vikrant Massey,no,2025,Aankhon Ki Gustaakhiyan,2.35,yes,Santosh Singh
Vikrum Kumar,no,2010,Kuchh Kariye,,no,Jagbir Dahiya
Vinamarjot Singh Wraich,no,2021,Tank Cleaner,,no,Parvinder Singh Wraich
Vinay Anand,no,2001,Aamdani Atthanni Kharcha Rupaiya,,no,K. Raghavendra Rao
Vinay Anand,no,2002,Mulaqaat,,no,K. Ravi Shankar
Vinay Anand,no,2007,Jahan Jaaeyega Hamen Paaeyega,,no,Janmendra Ahuja
Vinay Apte,no,2007,Traffic Signal,8.50,no,Madhur Bhandarkar
Vinay Forrt,no,2016,The Blueberry Hunt,,no,Anup Kurien
Vinay Pathak,no,2006,Khosla Ka Ghosla,6.67,no,Dibakar Banerjee
Vinay Pathak,no,2007,Aaja Nachle,,yes,Anil Mehta
Vinay Pathak,no,2007,Bheja Fry,12.58,no,Sagar Ballary
Vinay Pathak,no,2007,Johnny Gaddaar,5.68,no,Sriram Raghavan
Vinay Pathak,no,2007,Khoya Khoya Chand,,yes,Sudhir Mishra
Vinay Pathak,no,2007,Manorama Six Feet Under,,yes,Navdeep Singh
Vinay Pathak,no,2007,Water,,no,Deepa Mehta
Vinay Pathak,no,2008,Dasvidaniya,1.87,no,Shashant Shah
Vinay Pathak,no,2008,"Oh, My God",,no,Saurabh Shrivastava
Vinay Pathak,no,2008,Rab Ne Bana Di Jodi,157.00,yes,Aditya Chopra
Vinay Pathak,no,2008,Via Darjeeling,,no,Arindam Nandy
Vinay Pathak,no,2009,Quick Gun Murugun,2.57,no,Shashanka Ghosh
Vinay Pathak,no,2009,"Raat Gayi, Baat Gayi?",,no,Saurabh Shukla
Vinay Pathak,no,2009,Straight,,no,Parvati Balagopalan
Vinay Pathak,no,2010,Antardwand,,no,Sushil Rajpal
Vinay Pathak,no,2010,My Name Is Khan,220.30,yes,Karan Johar
Vinay Pathak,no,2010,The Film Emotional Atyachar,,no,Akshay Shere
Vinay Pathak,no,2011,Bheja Fry 2,,no,Sagar Ballary
Vinay Pathak,no,2011,Chalo Dilli,,no,Shashant Shah
Vinay Pathak,no,2011,Kaccha Limboo,,no,Sagar Ballary
Vinay Pathak,no,2011,Pappu Can't Dance Saala,,no,Saurabh Shukla
Vinay Pathak,no,2011,Tere Mere Phere,,no,Deepa Sahi
Vinay Pathak,no,2011,Utt Pataang,,no,Srikanth V. Velagaleti
Vinay Pathak,no,2012,Maximum,,no,Kabeer Kaushik
Vinay Pathak,no,2013,Bajatey Raho,,no,Shashant Shah
Vinay Pathak,no,2015,Badlapur,103.00,yes,Sriram Raghavan
Vinay Pathak,no,2015,Gour Hari Dastaan,,no,Ananth Narayan Mahadevan
Vinay Pathak,no,2015,Kaagaz Ke Fools,,no,Anil Kumar Chaudhary
Vinay Pathak,no,2016,Island City,,no,Ruchika Oberoi
Vinay Pathak,no,2018,Khajoor Pe Atke,,no,Harsh Chhaya
Vinay Pathak,no,2018,Toba Tek Singh,,no,Ketan Mehta
Vinay Pathak,no,2019,Chappad Phaad Ke,,no,Sameer Hemant Joshi
Vinay Pathak,no,2019,Luka Chuppi,128.60,no,Laxman Utekar
Vinay Pathak,no,2019,The Tashkent Files,20.84,no,Vivek Agnihotri
Vinay Pathak,no,2020,Axone,,no,Nicholas Kharkongor
Vinay Pathak,no,2020,Chintu Ka Birthday,,no,Devanshu Kumar Satyanshu Singh
Vinay Pathak,no,2021,420 IPC,,no,Manish Gupta
Vinay Pathak,no,2021,Ramprasad Ki Tehrvi,,no,Seema Pahwa
Vinay Pathak,no,2023,Bhagwan Bharose,,no,Shiladitya Bora
Vinay Pathak,no,2023,Blind,,yes,Shome Makhija
Vinay Pathak,no,2024,Aliya Basu Gayab Hai,,no,Preeti Singh
Vinay Pathak,no,2025,Chidiya,,no,Mehran Amrohi
Vinay Pathak,no,2025,Mannu Kya Karegga,,no,Ssanjay Tripaathy
Vinay Rana,no,2016,Aakhir Kab Tak,,no,Mithilesh Avinash
Vinay Shukla,no,2013,Ship of Theseus,,no,Anand Gandhi
Vinay Virmani,no,2013,David,17.00,no,Bejoy Nambiar
Vindhya Tiwari,no,2025,The Networker,,no,Vikas Kumar Vishwakarma
Vindu Dara Singh,no,2009,Kambakkht Ishq,85.56,yes,Sabbir Khan
Vineet Kumar,no,2010,City of Gold,,no,Mahesh Manjrekar
Vineet Kumar,no,2014,Bhopal: A Prayer for Rain,,no,Ravi Kumar
Vineet Kumar,no,2021,Ramprasad Ki Tehrvi,,no,Seema Pahwa
Vineet Kumar,no,2023,Mandali,,no,Rakesh Chaturvedi Om
Vineet Kumar Singh,no,2013,Shorts,,no,"Shlok Sharma, Siddharth Gupt, Anirban Roy, Rohit Pandey, Neeraj Ghaywan"
Vineet Kumar Singh,no,2016,Bollywood Diaries,,no,K.D. Satyam
Vineet Kumar Singh,no,2018,Daas Dev,,no,Sudhir Mishra
Vineet Kumar Singh,no,2018,Mukkabaaz,10.51,no,Anurag Kashyap
Vineet Kumar Singh,no,2019,Saand Ki Aankh,30.70,no,Tushar Hiranandani
Vineet Kumar Singh,no,2020,Gunjan Saxena: The Kargil Girl,,yes,Sharan Sharma
Vineet Kumar Singh,no,2024,Ghuspaithiya,,no,Susi Ganeshan
Vineet Kumar Singh,no,2025,Match Fixing,5.00,no,Kedar Gaekwad
Vineet Kumar Singh,no,2025,Superboys of Malegaon,5.35,no,Reema Kagti
Vineet Sharma,no,2000,Mission Kashmir,43.30,yes,Vidhu Vinod Chopra
Vineeth,no,2007,Bhool Bhulaiyaa,83.00,no,Priyadarshan
Vinit Jain,no,2011,Masti Express,,no,Vikram Pradhan
Vinod Kambli,no,2009,Pal Pal Dil Ke Ssaat,,no,V Krishna Kumar
Vinod Khanna,no,2002,Kranti,,yes,Naresh Malhotra
Vinod Khanna,no,2005,Pehchaan: The Face of Truth,,no,Shrabani Deodhar
Vinod Khanna,no,2007,Risk,,no,Vishram Sawant
Vinod Khanna,no,2009,99,14.76,yes,Raj and D.K.
Vinod Khanna,no,2009,Wanted,93.23,yes,Prabhu Deva
Vinod Khanna,no,2010,Dabangg,221.14,yes,Abhinav Kashyap
Vinod Khanna,no,2010,Red Alert: The War Within,,no,Anant Mahadevan
Vinod Khanna,no,2011,Tell Me O Kkhuda,,yes,Hema Malini
Vinod Khanna,no,2012,Dabangg 2,255.00,yes,Arbaaz Khan
Vinod Khanna,no,2012,Players,45.52,yes,Abbas–Mustan
Vinod Khanna,no,2014,Koyelaanchal,,no,Ashu Trikha
Vinod Khanna,no,2017,Ek Thi Rani Aisi Bhi,,no,Gulbahar Singh
Vinod Rawat,no,2024,Pushtaini,,no,Vinod Rawat
Vipasha Agarwal,no,2006,I See You,1.92,yes,Vivek Agrawal
Vipin Kaushik,no,2022,Love In Ukraine,,no,Nitin Kumar Gupta
Vipin Sharma,no,2007,Taare Zameen Par,98.48,yes,Aamir Khan
Vipin Sharma,no,2008,1920,14.50,no,Vikram Bhatt
Vipin Sharma,no,2010,Karthik Calling Karthik,,no,Vijay Lalwani
Vipin Sharma,no,2012,Paan Singh Tomar,20.18,no,Tigmanshu Dhulia
Vipin Sharma,no,2016,Dhanak,,no,Nagesh Kukunoor
Vipin Sharma,no,2016,The Blueberry Hunt,,no,Anup Kurien
Vipin Sharma,no,2018,Daas Dev,,no,Sudhir Mishra
Vipin Sharma,no,2019,Gone Kesh,,no,Qasim Khallow
Vipin Sharma,no,2024,Bhaiyya Ji,11.76,no,Apoorva Singh Karki
Vipino,no,2014,Koyelaanchal,,no,Ashu Trikha
Vipul Gupta,no,2009,Fox,,yes,Deepak Tijori
Vir Das,no,2002,Ek Chhotisi Love Story,8.10,no,Shashilal K. Nair
Vir Das,no,2007,Mumbai Salsa,,no,Manoj Tyagi
Vir Das,no,2009,Love Aaj Kal,119.52,yes,Imtiaz Ali
Vir Das,no,2010,Badmaash Company,53.00,yes,Parmeet Sethi
Vir Das,no,2011,Delhi Belly,103.00,yes,Abhinay Deo
Vir Das,no,2013,Go Goa Gone,39.00,yes,"Raj Nidimoru , Krishna D.K."
Vir Das,no,2013,Sooper Se Ooper,,no,Shekhar Ghosh
Vir Das,no,2014,Amit Sahni Ki List,,no,Ajay Bhuyan
Vir Das,no,2014,Gollu Aur Pappu,,yes,Kabir Sadanand
Vir Das,no,2014,Revolver Rani,9.00,no,Sai Kabir
Vir Das,no,2014,Shaadi Ke Side Effects,69.60,no,Saket Chaudhary
Vir Das,no,2016,31st October,,yes,Shivaji Lotan Patil
Vir Das,no,2016,Mastizaade,36.44,no,Milap Milan Zaveri
Vir Das,no,2016,Santa Banta Pvt Ltd,,no,Akashdeep Sabir
Vir Das,no,2016,Shivaay,124.15,no,Ajay Devgn
Vir Das,no,2017,Patel Ki Punjabi Shaadi,,yes,Sanjay Chhel
Vira Satidhar,no,2015,Court,,no,Chaitanya Tamhane
Viraaj,no,2005,Jalwa - Fun in Love,,no,Rajiv S. Ruia
Viraaj Kumar,no,2006,Rafta Rafta – The Speed,,no,Raj Sharma
Virender Sharma,no,2009,School Days,,no,Dilip Sood
Virendra Saxena,no,2004,Bardaasht,,yes,E.Nivas
Virendra Saxena,no,2009,Ek Se Bure Do,,no,Tarique
Virendra Saxena,no,2014,Jigariyaa,,no,Raj Purohit
Virendra Saxena,no,2017,Mantostaan,,no,Rahat Kazmi
Virendra Saxena,no,2019,72 Hours: Martyr Who Never Died,,no,Avinash Dhyani
Virginia Rodrigues,no,2024,"Love, Sitara",,no,Vandana Kataria
Vishakha Singh,no,2013,Ankur Arora Murder Case,10.00,no,Suhail Tatari
Vishakha Singh,no,2013,Fukrey,53.00,no,Mrigdeep Singh Lamba
Vishal Jethwa,no,2019,Mardaani 2,67.12,yes,Gopi Puthran
Vishal Jethwa,no,2022,Salaam Venky,1.99,yes,Revathi
Vishal Jethwa,no,2023,IB71,29.19,no,Sankalp Reddy
Vishal Jethwa,no,2025,Homebound,3.00,yes,Neeraj Ghaywan
Vishal Karwal,no,2016,1920: London,,no,Tinu Suresh Desai
Vishal Kaushik,no,2011,Milta Hai Chance By Chance,,no,Ramesh Modi
Vishal Lalwani,no,2004,Aabra Ka Daabra,1.06,no,Dheeraj Kumar
Vishal Malhotra,no,2003,Ishq Vishk,12.26,yes,Ken Ghosh
Vishal Malhotra,no,2005,Kaal,28.50,yes,Soham Shah
Vishal Malhotra,no,2006,Dor,,no,Nagesh Kukunoor
Vishal Malhotra,no,2007,Naqaab,21.20,yes,Abbas Mustan
Vishal Malhotra,no,2007,Salaam-e-Ishq: A Tribute to Love,52.24,yes,Nikhil Advani
Vishal Malhotra,no,2008,Ek Vivaah... Aisa Bhi,2.35,no,Kaushik Ghatak
Vishal Malhotra,no,2008,Jannat,41.50,yes,Kunal Deshmukh
Vishal Malhotra,no,2008,Kismat Konnection,,yes,Aziz Mirza
Vishal Malhotra,no,2008,Ugly Aur Pagli,,no,Sachin Khot
Vishal Malhotra,no,2010,Anjaana Anjaani,69.85,yes,Siddharth Anand
Vishal Malhotra,no,2010,Jaane Kahan Se Aayi Hai,,no,Milap Zaveri
Vishal Malhotra,no,2010,Toh Baat Pakki!,,no,Kedarh Shinde
Vishal Malhotra,no,2016,Saansein,,no,Rajiv S. Ruia
Vishal Malhotra,no,2017,Tu Hai Mera Sunday,,no,Milind Dhaimade
Vishal O Sharma,no,2008,My Name Is Anthony Gonsalves,,no,Eeshwar Nivas
Vishal Parpagga & Rupeshwari Sharma,no,2017,Saanjh,,no,Ajay Saklani
Vishal Singh,no,2016,Traffic,11.65,no,Rajesh Pillai
Vishesh Tiwari,no,2011,Chillar Party,,yes,"Vikas Bahl , Nitesh Tiwari"
Vishishtha Chawla,no,2025,Rasa,,no,Angith Jayaraj Preetish Jayaraj
Vishnu Sharma,no,2012,Arjun: The Warrior Prince,,no,Arnab Chaudhuri
Vishwa Mohan Badola,no,2013,Saare Jahaan Se Mehnga,0.84,no,Anshul Sharma
Vishwajeet Pradhan,no,2014,Kya Dilli Kya Lahore,,no,Vijay Raaz
Vishwajeet Pradhan,no,2014,Riyasat,,no,Ashok Tyagi
Vishwajeet Pradhan,no,2021,Dhamaka,,no,Ram Madhvani
Vishwanath Chatterjee,no,2023,Pinky Beauty Parlour,,no,Akshay Singh
Vishwas Kini,no,2019,Battalion 609,0.01,no,Brijesh Batuknath Tripathi
Vivaan Shah,no,2014,Happy New Year,342.00,yes,Farah Khan
Vivaan Shah,no,2017,Laali Ki Shaadi Mein Laaddoo Deewana,0.81,no,Manish Harishankar
Vivaan Shah,no,2023,Coat,,no,Akshay Ditti
Vivaan Shah,no,2025,Inn Galiyon Mein,,no,Avinash Das
Vivan Bhatena,no,2007,Chak De! India,109.00,no,Shimit Amin
Vivan Bhatena,no,2010,Karthik Calling Karthik,,no,Vijay Lalwani
Vivan Bhatena,no,2017,Judwaa 2,227.59,yes,David Dhawan
Vivan Bhatena,no,2018,Hate Story IV,26.60,no,Vishal Pandya
Vivan Bhatena,no,2019,Amavas,3.60,no,Bhushan Patel
Vivan Bhatena,no,2023,Bloody Daddy,,yes,Ali Abbas Zafar
Vivek Anand Mishra,no,2023,Lafzon Mein Pyaar,,no,Raja Randeep Giri Dhiraj Mishra
Vivek Dahiya,no,2021,State of Siege: Temple Attack,,yes,Ken Ghosh
Vivek Dahiya,no,2025,Akshardham: Operation Vajra Shakti,,yes,Ken Ghosh
Vivek Gomber,no,2020,Sir,,no,Rohena Gera
Vivek Gombher,no,2015,Court,,no,Chaitanya Tamhane
Vivek Jha,no,2017,Chauhar,,no,Raghubeer Singh
Vivek Madan,no,2005,The Film,,no,Junaid Memon
Vivek Madan,no,2005,"U, Bomsi n Me",,no,Jairaj Padmanabhan
Vivek Mushran,no,2000,Anjaane,,no,Ravi Rai
Vivek Mushran,no,2024,Do Patti,,yes,Shashanka Chaturvedi
Vivek Oberoi,yes,2002,Company,25.02,yes,Ram Gopal Varma
Vivek Oberoi,yes,2002,Road,,yes,Rajat Mukherjee
Vivek Oberoi,yes,2002,Saathiya,29.15,yes,Shaad Ali
Vivek Oberoi,yes,2003,Darna Mana Hai,9.00,yes,Prawaal Raman
Vivek Oberoi,yes,2003,Dum,9.07,yes,Eeshwar Nivas
Vivek Oberoi,yes,2004,Kyun! Ho Gaya Na...,16.35,yes,Samir Karnik
Vivek Oberoi,yes,2004,Masti,34.14,yes,Indra Kumar
Vivek Oberoi,yes,2004,Yuva,24.48,yes,Mani Ratnam
Vivek Oberoi,yes,2005,Deewane Huye Paagal,26.50,yes,Vikram Bhatt
Vivek Oberoi,yes,2005,Home Delivery,,yes,Sujoy Ghosh
Vivek Oberoi,yes,2005,Kaal,28.50,yes,Soham Shah
Vivek Oberoi,yes,2005,Kisna: The Warrior Poet,,yes,Subhash Ghai
Vivek Oberoi,yes,2006,Naksha,,yes,Sachin Bajaj
Vivek Oberoi,yes,2006,Omkara,42.00,yes,Vishal Bhardwaj
Vivek Oberoi,yes,2006,Pyare Mohan,,yes,Indra Kumar
Vivek Oberoi,yes,2007,Fool & Final,27.62,yes,Ahmed Khan
Vivek Oberoi,yes,2007,Shootout at Lokhandwala,46.04,yes,Apoorva Lakhia
Vivek Oberoi,yes,2008,Mission Istaanbul,,yes,Apoorva Lakhia
Vivek Oberoi,yes,2009,Kurbaan,42.90,yes,Rensil D'Silva
Vivek Oberoi,yes,2010,Prince,,yes,Kookie Gulati
Vivek Oberoi,yes,2010,Rakta Charitra,,yes,Ram Gopal Verma
Vivek Oberoi,yes,2010,Rakta Charitra 2,,yes,Ram Gopal Verma
Vivek Oberoi,yes,2012,Kismat Love Paisa Dilli,3.27,yes,Sanjay Khanduri
Vivek Oberoi,yes,2013,Grand Masti,148.23,yes,Indra Kumar
Vivek Oberoi,yes,2013,Jayantabhai Ki Luv Story,,yes,Vinnil Markan
Vivek Oberoi,yes,2013,Krrish 3,393.37,yes,Rakesh Roshan
Vivek Oberoi,yes,2013,Zila Ghaziabad,,yes,Anand Kumar
Vivek Oberoi,yes,2016,Great Grand Masti,20.00,yes,Indra Kumar
Vivek Oberoi,yes,2017,Bank Chor,9.85,yes,Bumpy
Vivek Oberoi,yes,2019,PM Narendra Modi,,yes,Omung Kumar
Vivek Oberoi,yes,2025,Kesari Veer,,yes,Prince Dhiman
Vivek Oberoi,yes,2025,Mastiii 4,15.14,yes,Milap Zaveri
Vivek Shauq,no,2003,Dum,9.07,yes,Eeshwar Nivas
Vivek Shauq,no,2003,Praan Jaye Par Shaan Na Jaye,2.35,yes,Sanjay Manjrekar
Vivek Shauq,no,2006,Humko Deewana Kar Gaye,27.00,no,Raj Kanwar
Vivek Sudershan,no,2011,Impatient Vivek,,no,Rahat Kazmi
Vivek Vaswani,no,2010,Dulha Mil Gaya,,yes,Muddassar Aziz
Vivek Vaswani,no,2021,Flight,,no,Suraj Joshi
Viveka Babajee,no,2002,Yeh Kaisi Mohabbat,,no,Dinkar Kapur
Voice over by,no,2012,Sons of Ram,,no,Kushal Ruia
Voice-over by,no,2012,Delhi Safari,,yes,Nikhil Advani
Voice-over by,no,2012,Krishna Aur Kans,,no,Vikram Veturi
Voice-over by Kaustav Ghosh,no,2012,Chhota Bheem and the Curse of Damyaan,5.51,no,Rajiv Chilaka
Voice-over by Yuddvir Bakolia,no,2012,Arjun: The Warrior Prince,,no,Arnab Chaudhuri
Vrajesh Hirjee,no,2007,Heyy Babyy,84.00,yes,Sajid Khan
Vrajesh Hirjee,no,2014,Hum Hai Teen Khurafaati (हम हैं तीन खुराफाती),,no,Rajeshwar Chauhan
Vrajesh Hirjee,no,2017,Prakash Electronic,,no,Manoj Sharma
Vyacheslav Razbegaev,no,2012,Players,45.52,yes,Abbas–Mustan
Vyom Yadav,no,2025,Mannu Kya Karegga,,no,Ssanjay Tripaathy
Waheeda Rehman,no,2002,Om Jai Jagadish,14.00,yes,Anupam Kher
Waheeda Rehman,no,2005,Maine Gandhi Ko Nahin Mara,,no,Jahnu Barua
Waheeda Rehman,no,2006,Rang De Basanti,97.00,yes,Rakeysh Omprakash Mehra
Waheeda Rehman,no,2007,Water,,no,Deepa Mehta
Waheeda Rehman,no,2009,Delhi-6,52.17,yes,Rakeysh Omprakash Mehra
Waheeda Rehman,no,2013,Love in Bombay,,no,Joy Mukherjee
Waheeda Rehman,no,2021,Skater Girl,,no,Manjari Makijany
Waluscha De Sousa,no,2021,Time to Dance,,yes,Stanley D'Costa
Waluscha de Sousa,no,2016,Fan,188.04,no,Maneesh Sharma
Wamiqa Gabbi,no,2011,Mausam,,yes,Pankaj Kapoor
Wamiqa Gabbi,no,2013,Sixteen,,no,Raj Purohit
Wamiqa Gabbi,no,2023,Khufiya,,no,Vishal Bharadwaj
Wamiqa Gabbi,no,2024,Baby John,,yes,Kalees
Wamiqa Gabbi,no,2025,Bhool Chuk Maaf,90.78,no,Karan Sharma
Warina Hussain,no,2018,Loveyatri,18.14,no,Abhiraj Minawala
Warina Hussain,no,2023,Yaariyan 2,2.67,yes,Radhika Rao Vinay Sapru
Yagya Bhasin,no,2024,Chhota Bheem and the Curse of Damyaan,,no,Rajiv Chilaka
Yaman Chatwal,no,2012,?: A Question Mark,,no,Allyson Patel Yash Dave
Yami Gautam,no,2012,Vicky Donor,68.32,no,Shoojit Sircar
Yami Gautam,no,2014,Action Jackson,88.87,yes,Prabhu Deva
Yami Gautam,no,2014,Total Siyapaa,13.10,no,E Niwas
Yami Gautam,no,2015,Badlapur,103.00,yes,Sriram Raghavan
Yami Gautam,no,2016,Junooniyat,4.10,no,Vivek Agnihotri
Yami Gautam,no,2016,Sanam Re,31.46,yes,Divya Khosla Kumar
Yami Gautam,no,2017,Kaabil,208.14,yes,Sanjay Gupta
Yami Gautam,no,2017,Sarkar 3,,no,Ram Gopal Varma
Yami Gautam,no,2018,Batti Gul Meter Chalu,56.00,yes,Shree Narayan Singh
Yami Gautam,no,2019,Bala,172.00,no,Amar Kaushik
Yami Gautam,no,2019,Uri: The Surgical Strike,342.06,yes,Aditya Dhar
Yami Gautam,no,2020,Ginny Weds Sunny,,no,Puneet Khanna
Yami Gautam,no,2021,Bhoot Police,,yes,Pavan Kirpalani
Yami Gautam,no,2022,A Thursday,,no,Behzad Khambata
Yami Gautam,no,2022,Dasvi,,yes,Tushar Jalota
Yami Gautam,no,2023,Chor Nikal Ke Bhaga,,no,Ajay Singh
Yami Gautam,no,2023,Lost,,no,Aniruddha Roy Chowdhury
Yami Gautam,no,2023,OMG 2,221.08,no,Amit Rai
Yami Gautam,no,2024,Article 370,110.57,no,Aditya Suhas Jambhale
Yami Gautam,no,2025,Dhoom Dhaam,,no,Rishab Seth
Yami Gautam,no,2025,Haq,28.68,yes,Suparn Verma
Yana Gupta,no,2011,Murder 2,105.00,yes,Mohit Suri
Yash Daasguptaa,no,2023,Yaariyan 2,2.67,yes,Radhika Rao Vinay Sapru
Yash Gulati,no,2021,B.A. Pass 3,,no,Narendra Singh
Yash Pandit,no,2002,Yeh Kya Ho Raha Hai?,,no,Hansal Mehta
Yash Pandit,no,2004,Rok Sako To Rok Lo,,yes,Arindam Chowdhury
Yash Pandit,no,2016,LoveShhuda,3.02,no,Vaibhav Mishra
Yash Rane,no,2020,Atkan Chatkan,,no,Shiv Hare
Yash Soni,no,2016,Days of Tafree,,no,Krishnadev Yagnik
Yash Tonk,no,2003,Ishq Vishk,12.26,yes,Ken Ghosh
Yash Tonk,no,2003,Kucch To Hai,11.00,yes,Anurag Basu
Yash Tonk,no,2004,Julie,,yes,Deepak Shivdasani
Yash Tonk,no,2004,Popcorn Khao! Mast Ho Jao,,no,Kabir Sadanand
Yash Tonk,no,2006,Fight Club: Members Only,8.88,yes,Vikram Chopra
Yash Tonk,no,2009,Kisse Pyaar Karoon,,no,Ajay Chandock
Yash Tonk,no,2009,Main Aurr Mrs Khanna,14.60,yes,Prem Soni
Yash Tonk,no,2009,Team - The Force,,yes,Ajay Chandhok
Yashaswini Dayama,no,2020,What Are the Odds,,yes,Megha Ramaswamy
Yashpal Sharm,no,2025,Interrogation,,no,Ajoy Varma Raja
Yashpal Sharma,no,2008,Welcome to Sajjanpur,14.70,no,Shyam Benegal
Yashpal Sharma,no,2009,Ek Se Bure Do,,no,Tarique
Yashpal Sharma,no,2012,Jeena Hai Toh Thok Daal,,no,Manish Vatsalya
Yashpal Sharma,no,2012,Overtime,,no,Ajay Yadav
Yashpal Sharma,no,2012,Yeh Khula Aasmaan,,no,Gitanjali Sinha
Yashpal Sharma,no,2013,Dilli Gang,,no,Ashish Tyagi
Yashpal Sharma,no,2013,Sooper Se Ooper,,no,Shekhar Ghosh
Yashpal Sharma,no,2014,Bazaar-E-Husn,,no,Ajay Mehra
Yashpal Sharma,no,2014,Jal,,no,Girish Malik
Yashpal Sharma,no,2014,Manjunath,30.00,no,Sandeep A. Varma
Yashpal Sharma,no,2015,Aisa Yeh Jahaan,,no,Biswajeet Bora
Yashpal Sharma,no,2015,P Se PM Tak,,no,Kundan Shah
Yashpal Sharma,no,2017,Ajab Singh Ki Gajab Kahani,,no,Rishi Prakash Mishra
Yashpal Sharma,no,2017,Game Over,,no,Paresh Vinodray Savani
Yashpal Sharma,no,2017,Panchlait,,no,Prem Prakash Modi
Yashpal Sharma,no,2019,Family of Thakurganj,15.00,no,Manoj K. Jha
Yashpal Sharma,no,2019,SP Chauhan,,no,Manoj K Jha
Yashpal Sharma,no,2021,Raag,,no,Arvind Tripathi
Yashpal Sharma,no,2023,The Rise Of Sudarshan Chakra,,no,Anil Kulchainiya
Yashpal Sharma,no,2024,Bastar: The Naxal Story,,no,Sudipto Sen
Yasir Iftikhar Khan,no,2015,Ishq Ke Parindey,,no,Shakir Khan
Yatin Karyekar,no,2006,Alag,0.56,no,Ashu Trikha
Yatin Karyekar,no,2010,The Hangman,,no,Vishal Bhandari
Yatin Karyekar,no,2019,Jhalki,,no,Brahmanand S. Siingh
Yaushika Verma,no,2014,Yeh Hai Bakrapur,,no,Janaki Vishwanathan
Yo Yo Honey Singh,no,2014,The Xposé,20.00,no,Ananth Narayan Mahadevan
Yogita Bihani,no,2023,The Kerala Story,303.97,no,Sudipto Sen
Yogita Deshmukh,no,2000,Kairee,,no,Amol Palekar
Yograj Singh,no,2020,Sayonee,,no,Nitin Kumar Gupta Abhay Singhal
Yudi,no,2024,Nasha Jurm Aur Gangsters,,no,Rajkumar Patra
Yuki Ellias,no,2012,Love You To Death,,no,Rafeeg Ellias
Yukta Mookhey,no,2002,Pyaasa,,no,A. Muthu
Yuri Suri,no,2011,Jo Hum Chahein,,no,Pawan Gill
Yusuf Hussain,no,2005,Hazaaron Khwaishein Aisi,,no,Sudhir Mishra
Yusuf Hussain,no,2011,I Am Singh,,no,Puneet Issar
Yusuf Hussain,no,2015,Crazy Cukkad Family,,no,Ritesh Menon
Yuvika Chaudhary,no,2007,Om Shanti Om,152.00,no,Farah Khan
Yuvika Chaudhary,no,2011,Khap,,yes,Ajai Sinha
Yuvika Chaudhary,no,2011,Naughty @ 40,,no,Jagmohan Mundhra
Yuvika Chaudhary,no,2013,Enemmy,,no,Ashu Trikha
Yuvika Chaudhary,no,2018,Veerey Ki Wedding,,no,Ashu Trikha
Yuvika Chaudhary,no,2019,SP Chauhan,,no,Manoj K Jha
Yuvika Chaudhary,no,2021,The Power,,yes,Mahesh Manjrekar
Yuvraj Haral,no,2014,Paranthe Wali Gali,,no,Sachin Gupta
Yuvraj Kumar,no,2017,ISIS: Enemies of Humanity,,no,Yuvraj Kumar
Yuvraj Menda,no,2023,The Archies,,yes,Zoya Akhtar
Zac Efron,no,2008,Fashion,39.29,yes,Madhur Bhandarkar
Zachary Coffin,no,2014,Mary Kom,86.19,no,Omung Kumar
Zahan Kapoor,no,2023,Faraaz,,yes,Hansal Mehta
Zaheer Iqbal,no,2019,Notebook,3.72,no,Nitin Kakkar
Zaheer Iqbal,no,2022,Double XL,1.12,yes,Satramm Ramani
Zain Khan,no,2007,Chain Kulii Ki Main Kulii,,no,Karanjeet Saluja
Zain Khan,no,2008,Hari Puttar: A Comedy of Terrors,,no,Lucky Kohli & Rajesh Bajaj
Zain Khan,no,2009,Detective Naani,,no,Romilla Mukherjee
Zain Khan Durrani,no,2018,Kuchh Bheege Alfaaz,,no,Onir
Zain Khan Durrani,no,2025,Songs of Paradise,,no,Danish Renzu
Zaira Wasim,no,2016,Dangal,2160.00,yes,Nitesh Tiwari
Zaira Wasim,no,2017,Secret Superstar,977.00,yes,Advait Chandan
Zaira Wasim,no,2019,The Sky Is Pink,34.41,no,Shonali Bose
Zakir Hussain,no,2005,James,,no,Rohit Jugraj
Zakir Hussain,no,2007,Black Friday,8.00,no,Anurag Kashyap
Zakir Hussain,no,2007,Darling,4.75,yes,Ram Gopal Verma
Zakir Hussain,no,2007,Johnny Gaddaar,5.68,no,Sriram Raghavan
Zakir Hussain,no,2009,Ajab Prem Ki Ghazab Kahani,106.74,yes,Rajkumar Santoshi
Zakir Hussain,no,2011,Satrangee Parachute,,no,Vineet Khetrapal
Zakir Hussain,no,2011,Shagird,,no,Tigmanshu Dhulia
Zakir Hussain,no,2011,Shakal Pe Mat Ja,,no,Shubh Mukherjee
Zakir Hussain,no,2013,Saare Jahaan Se Mehnga,0.84,no,Anshul Sharma
Zakir Hussain,no,2014,Chaarfutiya Chhokare,,yes,Manish Harishankar
Zakir Hussain,no,2014,Meinu Ek Ladki Chaahiye,,no,Abhishek Bindal
Zakir Hussain,no,2014,Revolver Rani,9.00,no,Sai Kabir
Zakir Hussain,no,2015,Bumper Draw,,no,Irshad Khan
Zakir Hussain,no,2015,Four Pillars of Basement,0.15,no,Giresh Naik K
Zakir Hussain,no,2016,Saala Khadoos,,no,Sudha Kongara Prasad
Zakir Hussain,no,2017,Coffee with D,0.72,no,Vishal Mishra
Zakir Hussain,no,2018,Hotel Milan,,yes,Vishal Mishra
Zakir Hussain,no,2019,Chicken Curry Law,,no,Shekhar Sirrinn
Zakir Hussain,no,2019,Kissebaaz,,no,Annant Jaaitpaal
Zakir Hussain,no,2020,Omprakash Zindabad,,no,Ranjeet Gupta
Zakir Hussain,no,2021,Flight,,no,Suraj Joshi
Zakir Hussain,no,2021,The Power,,yes,Mahesh Manjrekar
Zakir Hussain,no,2025,The Taj Story,,no,Tushar Amrish Goel
Zara Sheikh,no,2014,Honour Killing,,no,Avtar Bhogal
Zareen Khan,no,2011,Ready,180.00,yes,Anees Bazmee
Zareen Khan,no,2012,Housefull 2,179.15,yes,Sajid Khan
Zareen Khan,no,2017,Aksar 2,7.18,no,Ananth Narayan Mahadevan
Zareen Khan,no,2018,1921,,no,Vikram Bhatt
Zareen Khan,no,2021,Hum Bhi Akele Tum Bhi Akele,,no,Harish Vyas
Zarina Wahab,no,2009,Aamras,,no,Rupali Guha
Zarina Wahab,no,2012,Agneepath,193.00,yes,Karan Malhotra
Zarina Wahab,no,2014,Objection My God,,no,Amit Khan
Zarina Wahab,no,2015,Dil Dhadakne Do,145.00,no,Zoya Akhtar
Zarina Wahab,no,2016,Chalk n Duster,,yes,Jayant Gilatar
Zarina Wahab,no,2019,PM Narendra Modi,,yes,Omung Kumar
Zarina Wahab,no,2020,Guns of Banaras,,no,Sekhar Suri
Zarina Wahab,no,2021,Mera Fauji Calling,,no,Aaryaan Saxena
Zarina Wahab,no,2022,Ishq Pashmina,,no,Arvind Pandey
Zarina Wahab,no,2023,Ajmer 92,1.00,no,Pushpendra Singh
Zarina Wahab,no,2023,Lafzon Mein Pyaar,,no,Raja Randeep Giri Dhiraj Mishra
Zarina Wahab,no,2023,The Purvanchal Files,,no,Swarup Ghosh
Zarine Khan,no,2010,Veer,68.11,yes,Anil Sharma
Zarine Khan,no,2015,Hate Story 3,62.21,no,Vishal Pandya
Zayed Khan,yes,2003,Chura Liyaa Hai Tumne,5.10,yes,Sangeeth Sivan
Zayed Khan,yes,2004,Main Hoon Na,84.00,yes,Farah Khan
Zayed Khan,yes,2005,Dus,38.84,yes,Anubhav Sinha
Zayed Khan,yes,2005,Shaadi No. 1,20.49,yes,David Dhawan
Zayed Khan,yes,2005,Shabd,,yes,Leena Yadav
Zayed Khan,yes,2005,Vaada,,yes,Satish Kaushik
Zayed Khan,yes,2006,Fight Club: Members Only,8.88,yes,Vikram Chopra
Zayed Khan,yes,2006,Rocky,3.04,yes,Suresh Krishna
Zayed Khan,yes,2007,Cash,29.30,yes,Anubhav Sinha
Zayed Khan,yes,2007,Speed,,yes,Vikram Bhatt
Zayed Khan,yes,2008,Mission Istaanbul,,yes,Apoorva Lakhia
Zayed Khan,yes,2008,Yuvvraaj,31.22,yes,Subhash Ghai
Zayed Khan,yes,2009,Blue,63.92,yes,Anthony D'souza
Zayed Khan,yes,2010,Anjaana Anjaani,69.85,yes,Siddharth Anand
Zayed Khan,yes,2011,Love Breakups Zindagi,2.06,yes,Sahil Sangha
Zayed Khan,yes,2012,Tezz,26.00,yes,Priyadarshan
Zayed Khan,yes,2015,Sharafat Gayi Tel Lene,,yes,Gurmmeet Singh
Zayn Marie,no,2020,Mrs. Serial Killer,,no,Shirish Kunder
Zeenat Aman,no,2006,Jaana - Let's Fall In Love,,no,"Glen Barretto, Ankush Mohla"
Zeenat Aman,no,2008,Ugly Aur Pagli,,no,Sachin Khot
Zeenat Aman,no,2010,Dunno Y... Na Jaane Kyon,,no,Sanjay Sharma
Zeenat Aman,no,2014,Strings of Passion,,no,Sanghamitra Chaudhari
Zeenat Aman,no,2016,Dil Toh Deewana Hai,,no,Raja Bundela
Zeenat Aman,no,2017,Sallu Ki Shaadi,,no,Mohammad Israr Ansari
Zeishan Quadri,no,2018,Hotel Milan,,yes,Vishal Mishra
Zeyn Shaw,no,2023,Farrey,2.25,yes,Soumendra Padhi
Zhu Zhu,no,2017,Tubelight,211.14,yes,Kabir Khan
Ziyah Vastani,no,2010,Bumm Bumm Bole,1.34,no,Priyadarshan
Zoa Morani,no,2011,Always Kabhi Kabhi,,no,Roshan Abbas
Zoa Morani,no,2015,Bhaag Johnny,,no,Shivam Nair
Zoa Morani,no,2020,Taish,,no,Bejoy Nambiar
Zoa Morani,no,2021,Tuesdays and Fridays,,no,Taranveer Singh
Zoha Rahman,no,2025,Lord Curzon Ki Haveli,,no,Anshuman Jha
Zohra Sehgal,no,2002,Chalo Ishq Ladaaye,1.70,yes,Aziz Sejawal
Zohra Sehgal,no,2007,Cheeni Kum,32.03,no,R. Balki
Zoya Afroz,no,2014,The Xposé,20.00,no,Ananth Narayan Mahadevan
Zoya Afroz,no,2017,Sweetiee Weds NRI,,no,Hasnain Hyderabadwala
Zoya Hussain,no,2018,Mukkabaaz,10.51,no,Anurag Kashyap
Zoya Hussain,no,2019,Laal Kaptaan,2.36,yes,Navdeep Singh
Zoya Hussain,no,2021,Ankahi Kahaniya,,no,Ashwiny Iyer Tiwari Abhishek Chaubey Saket Chaudhary
Zoya Hussain,no,2024,Bhaiyya Ji,11.76,no,Apoorva Singh Karki
Zoya Hussain,no,2025,Ground Zero,,yes,Tejas Prabha Vijay Deoskar
Zoya Rathore,no,2016,OK Mein Dhokhe,,no,Utpal S. Chaudhary
Zuber K. Khan,no,2019,Dosti Ke Side Effects,,no,Hadi Ali Abrar
Zuber K. Khan,no,2020,Haunted Hills,,no,Sanjeev Kumar Rajput
Zulfi Syed,no,2003,Chupke Se,,no,Shona Urvashi
Zulfi Syed,no,2008,Deshdrohi,0.89,no,Jagdish A. Sharma
and,no,2007,50 Lakh,,no,Chandra Sekhar Yeleti
