year,title,director,cast,gross_raw,gross_cr
2000,Aaghaaz,Yogesh Ishwar,Sunil Shetty; Sushmita Sen; Namrata Shirodkar,,
2000,Aaj Ka Ravan,Imran Khalid,Kasam Ali; Mithun Chakraborty,,
2000,Anjaane,Ravi Rai,Raveena Tandon; Vivek Mushran,,
2000,Anokha Moti,Anshul Singla,Sanjay Sharma; Arjun Chakraborty; Nayab Aftab,,
2000,Apradhi Kaun,Mohan Bhakri,Ishrat Ali; Shagufta Ali,,
2000,Astitva,Mahesh Manjrekar,Tabu; Sachin Khedekar; Smita Jaykar; Mohnish Bahl,,
2000,Baaghi,Rajesh Kumar Singh,Sanjay Dutt; Manisha Koirala; Aditya Pancholi; Mahesh Anand; Inder Kumar,,
2000,Badal,Raj Kanwar,Bobby Deol; Rani Mukerji; Johnny Lever,,
2000,Bas Yaari Rakho,Gopi Desai,Pooja Batra; Seema Biswas,,
2000,Bawandar,Jag Mundhra,Nandita Das; Rahul Khanna,,
2000,Beti No.1,T. Rama Rao,Govinda; Rambha,,
2000,Bhai Thakur,"Willy , Raja",Dharmendra; Shakti Kapoor; Upasna Singh,,
2000,Bichhoo,Guddu Dhanoa,Bobby Deol; Rani Mukerji; Malaika Arora,,
2000,Billa No. 786,Imran Khalid,Mithun Chakraborty,,
2000,Bulandi,T. Rama Rao,Rajinikanth; Rekha; Anil Kapoor; Raveena Tandon,,
2000,Chal Mere Bhai,David Dhawan,Sanjay Dutt; Salman Khan; Karisma Kapoor; Twinkle Khanna; Sonali Bendre; Shakti Kapoor; Dalip Tahil,,
2000,Champion,Padam Kumar,Sunny Deol; Manisha Koirala,,
2000,Deewane,Harry Baweja,Ajay Devgn; Urmila Matondkar; Mahima Chaudhry,,
2000,Dhai Akshar Prem Ke,Raj Kanwar,Abhishek Bachchan; Aishwarya Rai; Salman Khan; Amrish Puri; Sonali Bendre; Dalip Tahil,,
2000,Dhadkan,Dharmesh Darshan,Akshay Kumar; Sunil Shetty; Shilpa Shetty,,
2000,Dil Ki Dhadkan,,Rambha,,
2000,Dil Pe Mat Le Yaar,Hansal Mehta,Manoj Bajpai; Tabu; Gajraj Rao; Vijay Raaz; Aditya Srivastava; Kashmera Shah,,
2000,Dr. Babasaheb Ambedkar,Jabbar Patel,Mammootty; Sonali Kulkarni,,
2000,Dr Mukta,,Amar Babaria; Jaya Bachchan; Abhay Chandarana,,
2000,Dulhan Hum Le Jayenge,David Dhawan,Salman Khan; Karisma Kapoor; Johnny Lever; Deepak Tijori; Kader Khan,₹36.87 crore,36.87
2000,Fiza,Khalid Mohammed,Jaya Bachchan; Karisma Kapoor; Hrithik Roshan; Neha,₹32.20 crore,32.20
2000,Gaja Gamini,M. F. Hussain,Madhuri Dixit; Shabana Azmi; Shilpa Shirodkar; Naseeruddin Shah; Shah Rukh Khan,,
2000,Gang,Mazhar Khan,Juhi Chawla; Nana Patekar; Jackie Shroff,,
2000,Ghaath,Akashdeep,Tabu; Manoj Bajpai; Arshad Warsi,,
2000,Hadh Kar Di Aapne,Manoj Agrawal,Govinda; Rani Mukerji,,
2000,Hamara Dil Aapke Paas Hai,Satish Kaushik,Anil Kapoor; Aishwarya Rai; Sonali Bendre,₹30.26 crore,30.26
2000,Har Dil Jo Pyar Karega,Raj Kanwar,Salman Khan; Preity Zinta; Rani Mukerji; Shah Rukh Khan,₹32.45 crore,32.45
2000,Hari-Bhari,Shyam Benegal,Shabana Azmi; Rajit Kapur; Rajeshwari Sachdev; Surekha Sikri; Nandita Das,,
2000,Hera Pheri,Priyadarshan,Akshay Kumar; Suniel Shetty; Tabu; Paresh Rawal,,
2000,Hey Ram,Kamal Haasan,Kamal Haasan; Shah Rukh Khan; Rani Mukerji; Vasundhara Das; Hema Malini; Girish Karnad; Om Puri,,
2000,Hum To Mohabbat Karega,Kundan Shah,Bobby Deol; Karisma Kapoor,,
2000,Jallad No. 1,Kanti Shah,Dharmendra,,
2000,Jis Desh Mein Ganga Rehta Hain,Mahesh Manjrekar,Govinda; Sonali Bendre; Rinke Khanna; Shakti Kapoor,,
2000,Joru Ka Ghulam,Shakeel Noorani,Govinda; Twinkle Khanna; Kader Khan; Johnny Lever; Ali Asgar,,
2000,Josh,Mansoor Khan,Shah Rukh Khan; Chandrachur Singh; Aishwarya Rai; Priya Gill; Sharad Kapoor,₹35.06 crore,35.06
2000,Jung,Sanjay Gupta,Sanjay Dutt; Shilpa Shetty; Raveena Tandon; Jackie Shroff,,
2000,Jungle,Ram Gopal Verma,Himanshu Malik; Urmila Matondkar; Fardeen Khan; Nawazuddin Siddiqui; Sunil Shetty,,
2000,Kabrastan,Ramesh U. Lakhiani,,,
2000,Kahin Pyaar Na Ho Jaaye,K. Muralimohana Rao,Salman Khan; Rani Mukerji; Jackie Shroff; Raveena Tandon; Pooja Batra,,
2000,Kaho Naa... Pyaar Hai,Rakesh Roshan,Hrithik Roshan; Amisha Patel; Mohnish Bahl; Anupam Kher,₹80.01 crore,80.01
2000,Kairee,Amol Palekar,Atul Kulkarni; Yogita Deshmukh; Shilpa Navalkar,,
2000,Karobaar: The Business of Love,Rakesh Roshan,Rishi Kapoor; Anil Kapoor; Juhi Chawla,,
2000,Kharidaar,Papu Bahruz,Kishore Anand Bhanushali; Mushtaq Khan; Anil Nagrath; Amit Pachori,,
2000,Khauff,Sanjay Gupta,Sanjay Dutt; Manisha Koirala; Simran Bagga,,
2000,Khiladi 420,Neeraj Vora,Akshay Kumar; Mahima Chaudhry; Antara Mali,,
2000,Krodh,Ashok Honda,Suniel Shetty; Rambha,,
2000,Kunwara,David Dhawan,Govinda; Urmila Matondkar,,
2000,Kurukshetra,Mahesh Manjrekar,Sanjay Dutt; Mahima Chaudhry,,
2000,Kya Kehna,Kundan Shah,Saif Ali Khan; Preity Zinta; Puneet Vashisht; Chandrachur Singh; Farida Jalal; Anupam Kher,,
2000,Le Chal Apne Sang,Vijay Kondke,Nishanth; Alok Nath; Beena Banerjee,,
2000,Lekroo,Shrabani Deodhar,Sania Jhankar; Nimish Kathale; Sachin Khedekar; Mrinal Kulkarni,,
2000,Mela,Dharmesh Darshan,Aamir Khan; Twinkle Khanna; Faisal Khan; Aishwarya Rai; Johny Lever,₹25 crore,25.00
2000,Meri Jung Ka Elaan,Kanti Shah,Dharmendra,,
2000,Mission Kashmir,Vidhu Vinod Chopra,Sanjay Dutt; Hrithik Roshan; Preity Zinta; Jackie Shroff; Puru Raaj Kumar; Sonali Kulkarni; Vineet Sharma; Ashok Banthia,₹43.30 crore,43.30
2000,Mohabbatein,Aditya Chopra,Amitabh Bachchan; Shah Rukh Khan; Aishwarya Rai; Uday Chopra; Shamita Shetty; Jugal Hansraj; Kim Sharma; Jimmy Sheirgill; Preeti Jhangiani,₹76.91 crore,76.91
2000,Nidaan,Mahesh Manjrekar,Shivaji Satam; Reema Lagoo; Nisha Bains; Sunil Barve,,
2000,Pandavas: The Five Warriors,Usha Ganesh Raja,,,
2000,Papa the Great,K. Bhagyaraj,Krishna Kumar; Nagma,,
2000,Phir Bhi Dil Hai Hindustani,Aziz Mirza,Shah Rukh Khan; Juhi Chawla; Paresh Rawal; Johny Lever; Dalip Tahil; Satish Shah; Sharat Saxena,,
2000,Pukar,Rajkumar Santoshi,Anil Kapoor; Madhuri Dixit; Namrata Shirodkar; Danny Denzongpa,,
2000,Raja Ko Rani Se Pyar Ho Gaya,T.K. Rajeev Kumar,Manisha Koirala; Arvind Swamy,,
2000,Raju Chacha,Anil Devgan,Ajay Devgn; Kajol; Johnny Lever; Rishi Kapoor; Sanjay Dutt; Tiku Talsania,,
2000,Refugee,J. P. Dutta,Abhishek Bachchan; Kareena Kapoor; Sunil Shetty; Jackie Shroff; Anupam Kher,₹35.44 crore,35.44
2000,The Revenge: Geeta Mera Naam,Dilip Gulati,Birbal; Dharmendra; Jack Gaud,,
2000,Saanjh,Sabrina Dhawan,Nandita Das; Sharda Desoares; Arjun Raina; Rahul Vohra,,
2000,Second Generation,,,,
2000,Shikaar,Bobby Raj,Abhishek Kapoor; Vikas Bhalla; Ayesha Jhulka; Anupam Kher,,
2000,Shikari,N. Chandra,Govinda; Karisma Kapoor; Tabu,,
2000,Snip!,Sunil Sippy,Sohrab Ardeshir; Nikhil Chinappa; Makrand Deshpande; Vekeana Dhillon,,
2000,Sultaan,,Vikas Anand,,
2000,Tapish,Jay Prakash,Tara Deshpande; Ellora Patnaik; Parvin Dabas; Gajendra Chouhan,,
2000,Tarkieb,Esmayeel Shroff,Milind Soman; Nana Patekar; Tabu; Shilpa Shetty,,
2000,Tera Jadoo Chal Gayaa,A. Muthu,Abhishek Bachchan; Kirti Reddy; Sanjay Suri; Kader Khan,,
2000,Tune Mera Dil Le Liyaa,B.B. Bhalla,Raveena Tandon; Naseeruddin Shah; Rahul Roy; Shakti Kapoor,,
2000,Zindagi Zindabad,Sumitra Bhave–Sunil Sukthankar,Mita Vasisht; Milind Gunaji; Uttara Baokar; Abhiram Bhadkamkar,,
2001,Abhay,Suresh Krissna,Kamal Haasan; Manisha Koirala; Raveena Tandon,,
2001,Aamdani Atthanni Kharcha Rupaiya,K. Raghavendra Rao,Govinda; Juhi Chawla; Chandrachur Singh; Tabu; Isha Koppikar; Vinay Anand; Johnny Lever,,
2001,Aashiq,Indra Kumar,Bobby Deol; Karisma Kapoor; Anupam Kher; Johnny Lever; Rahul Dev,,
2001,Ajnabee,Abbas Mustan,Bobby Deol; Akshay Kumar; Kareena Kapoor; Bipasha Basu; Johnny Lever,,
2001,Aks,Rakeysh Omprakash Mehra,Amitabh Bachchan; Raveena Tandon; Manoj Bajpai; Nandita Das,,
2001,Albela,Deepak Sareen,Govinda; Aishwarya Rai; Namrata Shirodkar; Jackie Shroff,,
2001,Aśoka,Santosh Sivan,Shah Rukh Khan; Ajith Kumar; Kareena Kapoor; Hrishita Bhatt,,
2001,Bas Itna Sa Khwaab Hai,Goldie Behl,Abhishek Bachchan; Rani Mukerji; Sushmita Sen; Jackie Shroff,,
2001,Be-Lagaam,Ram Lakhan,Aryan Vaid; Pramod Moutho; Tanveer Zaidi,,
2001,Bengal Tiger,Adarsh Jain,Mithun Chakraborty; Shakti Kapoor,,
2001,Bhairav,T. L. V. Prasad,Mithun Chakraborty,,
2001,Censor,Dev Anand,,,
2001,Chandni Bar,Madhur Bhandarkar,Suhas Palshikar; Tabu; Atul Kulkarni; Rajpal Yadav,,
2001,Chhupa Rustam: A Musical Thriller,Aziz Sejawal,Sanjay Kapoor; Mamta Kulkarni; Manisha Koirala,,
2001,Chori Chori Chupke Chupke,Abbas Mustan,Salman Khan; Rani Mukerji; Preity Zinta,₹ 37.51 crore (US$7.95 million),37.51
2001,Daman,Kalpana Lajmi,Raveena Tandon; Raima Sen; Sanjay Suri; Sayaji Shinde,,
2001,Dattak,Gul Bahar Singh,Rajit Kapoor; Anjan Srivastav; A. K. Hangal; Kruttika Desai,,
2001,Deewaanapan,Ashu Trikha,Arjun Rampal; Diya Mirza; Vikas Sethi; Om Puri; Kabir Sadanand,,
2001,Dil Chahta Hai,Farhan Akhtar,Aamir Khan; Saif Ali Khan; Akshaye Khanna; Preity Zinta; Sonali Kulkarni; Dimple Kapadia,₹ 39.72 crore (US$8.42 million),39.72
2001,Dil Ne Phir Yaad Kiya,C. L. Rawal,Govinda; Tabu; Pooja Batra,,
2001,Ehsaas: The Feeling,Mahesh Manjrekar,Sunil Shetty; Neha,,
2001,Ek Rishtaa: The Bond of Love,Suneel Darshan,Sharat Saxena; Mohnish Bahl; Simone Singh; Amitabh Bachchan; Raakhee Gulzar; Akshay Kumar; Karisma Kapoor; Juhi Chawla; Shakti Kapoor; Ashish Vidyarthi,₹ 36.50 crore (US$7.74 million),36.50
2001,Farz,Raj Kanwar,Sunny Deol; Preity Zinta; Om Puri; Jackie Shroff; Dara Singh,,
2001,Gadar: Ek Prem Katha,Anil Sharma,Sunny Deol; Amisha Patel; Amrish Puri; Lillete Dubey,₹ 133.13 crore (US$28.21 million),133.13
2001,Grahan,Shashilal K. Nair,Jackie Shroff; Manisha Koirala; Anupama Verma,,
2001,Hadh: Life on the Edge of Death,Thampi Kannanthanam,Jackie Shroff; Sharad Kapoor; Ayesha Jhulka,,
2001,Hum Ho Gaye Aapke,Agathiyan,Fardeen Khan; Reema Sen; Apoorva Agnihotri,,
2001,Indian,N. Maharajan,Sunny Deol; Shilpa Shetty; Danny Denzongpa,₹ 42.61 crore (US$9.03 million),42.61
2001,Ittefaq,Sanjay Khanna,Sunil Shetty; Pooja Batra,,
2001,Jodi No.1,David Dhawan,Sanjay Dutt; Govinda; Twinkle Khanna; Monica Bedi,₹ 34.13 crore (US$7.23 million),34.13
2001,Kabhi Khushi Kabhie Gham,Karan Johar,Amitabh Bachchan; Jaya Bachchan; Shah Rukh Khan; Kajol; Hrithik Roshan; Kareena Kapoor,₹ 135.53 crore (US$28.72 million),135.53
2001,Kasam,Shibu Mitra,Sunny Deol; Chunky Pandey,,
2001,Kasoor,Vikram Bhatt,Lisa Ray; Aftab Shivdasani; Divya Dutta,,
2001,Kuch Khatti Kuch Meethi,Rahul Rawail,Sunil Shetty; Kajol; Rishi Kapoor; Rati Agnihotri,,
2001,Kyo Kii Main Jhuth Nahin Bolta,David Dhawan,Govinda; Sushmita Sen; Anupam Kher; Ajith Vachani; Shahbaz Khan; Mohnish Bahl,,
2001,Lagaan: Once Upon a Time in India,Ashutosh Gowariker,Aamir Khan; Gracy Singh; Rachel Shelley; Toby Stephens; Amin Gazi; Pradeep Rawat,,
2001,Lajja,Rajkumar Santoshi,Manisha Koirala; Rekha; Madhuri Dixit; Jackie Shroff; Anil Kapoor; Mahima Chaudhry; Ajay Devgn,₹ 34.29 crore (US$7.27 million),34.29
2001,Love Ke Liye Kuchh Bhi Karega,E. Niwas,Saif Ali Khan; Fardeen Khan; Aftab Shivdasani; Twinkle Khanna; Sonali Bendre,,
2001,Love You Hamesha,Kailash Surendranath,Rishma Malik; Rohit Bal; Sonali Bendre,,
2001,Maya,Digivijay Singh,Nitya Shetty; Mita Vasisht; Anant Nag,,
2001,Mitti,,,,
2001,Moksha,Ashok Mehta,Manisha Koirala; Arjun Rampal,,
2001,Monsoon Wedding,Mira Nair,Naseeruddin Shah; Lillete Dubey; Shefali Shah; Vasundhara Das; Vijay Raaz; Tillotama Shome; Randeep Hooda; Rajat Kapoor; Jas Arora,,
2001,Mujhe Kucch Kehna Hai,Satish Kaushik,Tusshar Kapoor; Kareena Kapoor; Rinke Khanna,,
2001,Mujhe Meri Biwi Se Bachaao,Harry Baweja,Naseeruddin Shah; Rekha; Arshad Warsi; Suman Ranganathan,,
2001,Nayak,S. Shankar,Anil Kapoor; Rani Mukerji; Pooja Batra; Paresh Rawal; Amrish Puri; Johnny Lever,,
2001,Officer,Naeem Sha,Sunil Shetty; Raveena Tandon; Danny Denzongpa; Tej Sapru,,
2001,One 2 Ka 4,Shashilal K. Nair,Shah Rukh Khan; Juhi Chawla; Madhur Mittal; Jackie Shroff; Nirmal Pandey; Dilip Joshi,,
2001,Paagalpan,Aruna Irani,Karan Nath; Aarti Agarwal; Farhan Khan,,
2001,Pyaar Ishq Aur Mohabbat,Rajiv Rai,Suniel Shetty; Arjun Rampal; Aftab Shivdasani; Isha Koppikar; Kirti Reddy,,
2001,Pyaar Tune Kya Kiya,Rajat Mukherjee,Urmila Matondkar; Fardeen Khan; Sonali Kulkarni,,
2001,Pyaar Zindagi Hai,Vijay Sadanah,Vikas Kalantri; Ashima Bhalla; Mohnish Bahl; Asawari Joshi; Upasna Singh; Rajesh Khanna,,
2001,Rahul,Prakash Jha,Neha; Jatin Grewal; Rajeshwari Sachdev,,
2001,Rehnaa Hai Terre Dil Mein,Gautham Vasudev Menon,Saif Ali Khan; Dia Mirza; R. Madhavan; Navin Nischol; Anupam Kher,,
2001,Shirdi Sai Baba,,,,
2001,Style,N. Chandra,Sahil Khan; Sharman Joshi; Riya Sen; Tara Deshpande,,
2001,Tamboo Mein Bamoo,Dil Kumar,Raza Murad,,
2001,Tera Mera Saath Rahen,Mahesh Manjrekar,Ajay Devgn; Sonali Bendre; Namrata Shirodkar,,
2001,Tere Liye,Sanjay Gadhvi,Imran Ahmed Khan; Sonali Khare; Neelu Kohli; Hiten Paintal,,
2001,Tum Bin,Anubhav Sinha,Priyanshu Chatterjee; Himanshu Malik; Sandali Sinha; Rakesh Bapat; Manoj Pahwa,,
2001,Yaadein,Subhash Ghai,Hrithik Roshan; Kareena Kapoor; Jackie Shroff; Amrish Puri,₹ 34.59 crore (US$7.33 million),34.59
2001,Yeh Raaste Hain Pyaar Ke,Deepak S. Shivdasani,Ajay Devgan; Madhuri Dixit; Preity Zinta; Sunny Deol; (special appearance),,
2001,Yeh Teraa Ghar Yeh Meraa Ghar,Priyadarshan,Suniel Shetty; Mahima Chaudhry; Neeraj Vora; Paresh Rawal,,
2001,Yeh Zindagi Ka Safar,Tanuja Chandra,Amisha Patel; Jimmy Shergill; Rajpal Yadav,,
2001,Zubeidaa,Shyam Benegal,Karisma Kapoor; Rekha; Manoj Bajpai; Amrish Puri; Lilette Dubey,,
2002,16 December,Mani Shankar,Milind Soman; Dipannita Sharma; Gulshan Grover; Aditi Govitrikar; Sushant Singh,,
2002,23rd March 1931: Shaheed,Guddu Dhanoa,Sunny Deol; Bobby Deol; Divya Dutta; Amrita Singh; Aishwarya Rai; Rajesh Khera,,
2002,Aankhen,Vipul Shah,Amitabh Bachchan; Akshay Kumar; Paresh Rawal; Arjun Rampal; Sushmita Sen; Aditya Pancholi; Shreyas Talpade; Kashmera Shah,₹ 33.80 crore,33.80
2002,Aap Mujhe Achche Lagne Lage,Vikram Bhatt,Hrithik Roshan; Amisha Patel; Ali Asgar; Mukesh Tiwari; Alok Nath,,
2002,Ab Ke Baras,Raj Kanwar,Amrita Rao; Arya Babbar; Ashish Vidyarthi,,
2002,Agni Varsha,Arjun Sajnani,Amitabh Bachchan; Akkineni Nagarjuna; Jackie Shroff; Raveena Tandon; Milind Soman; Prabhu Deva; Sonali Kulkarni,,
2002,Akhiyon Se Goli Maare,Harmesh Malhotra,Govinda; Raveena Tandon; Kader Khan; Johnny Lever; Asrani; Sharat Saxena,,
2002,Annarth,Ravi Dewan,Sunil Shetty; Sanjay Dutt; Ashutosh Rana; Preeti Jhangiani; Johny Lever; Tinu Anand,,
2002,Ansh: The Deadly Part,Rajan Johri,Om Puri; Ashutosh Rana; Abbas; Sharbani Mukherji,,
2002,Awara Paagal Deewana,Vikram Bhatt,Akshay Kumar; Sunil Shetty; Paresh Rawal; Aftab Shivdasani; Amrita Arora; Rahul Dev; Preeti Jhangiani; Om Puri; Johnny Lever; Asrani,₹ 27.58 crore,27.58
2002,Baaja,Apurba Kishore Bir,,,
2002,Badhaai Ho Badhaai,Satish Kaushik,Anil Kapoor; Shilpa Shetty; Kirti Reddy,,
2002,Bollywood Queen,Jeremy Wooding,Preeya Kalidas; James McAvoy,,
2002,Bomb the System,,,,
2002,Chalo Ishq Ladaaye,Aziz Sejawal,Govinda; Rani Mukerji; Sanjay Suri; Kader Khan; Zohra Sehgal; Johnny Lever; Suniel Shetty; Gulshan Grover,,
2002,Chor Machaaye Shor,Aziz Sejawal,Bobby Deol; Shilpa Shetty; Shekhar Suman; Bipasha Basu; Rajat Bedi; Rajpal Yadav,,
2002,Company,Ram Gopal Varma,Mohanlal; Ajay Devgn; Manisha Koirala; Vivek Oberoi; Antara Mali,₹ 25.02 crore,25.02
2002,Deewangee,Anees Bazmee,Ajay Devgn; Akshaye Khanna; Urmila Matondkar; Tiku Talsania,,
2002,Desh Devi,Milind Ukey,Shrivallabh Vyas; Jaya Seal,,
2002,Devdas,Sanjay Leela Bhansali,Shah Rukh Khan; Aishwarya Rai; Madhuri Dixit; Jackie Shroff,₹ 90 crore,90.00
2002,Dil Hai Tumhaara,Kundan Shah,Rekha; Preity Zinta; Mahima Chaudhry; Arjun Rampal; Jimmy Sheirgill; Alok Nath,,
2002,Dil Vil Pyar Vyar,Anant Mahadevan,Jimmy Sheirgill; Sanjay Suri; Namrata Shirodkar; R. Madhavan; Sonali Kulkarni; Hrishita Bhatt; Rakesh Bapat; Bhavna Pani,,
2002,Durga,J.D. Chakravarthy,J.D Chakravarthy; Priyanka Upendra; Snehal Dabi; Sayaji Shinde,,
2002,Ek Chhotisi Love Story,Shashilal K. Nair,Ranvir Shorey; Manisha Koirala; Aditya Seal; Vir Das; Anushka Sharma,,
2002,Encounter: The Killing,Ajay Phansekar,Naseeruddin Shah; Dilip Prabhavalkar; Tara Deshpande,,
2002,Filhaal,Meghna Gulzar,Tabu; Sushmita Sen; Sanjay Suri; Palash Sen,,
2002,Ghaav: The Wound,Kumar Jay,Pankaj Berry; Rahul Bhatt; Seema Biswas; Gayatri,,
2002,Gunaah,Amol Shetge,Dino Morea; Bipasha Basu; Ashutosh Rana; Irrfan Khan,,
2002,Haan Maine Bhi Pyaar Kiya,Dharmesh Darshan,Akshay Kumar; Karisma Kapoor; Abhishek Bachchan; Mohnish Bahl; Upasana Singh,,
2002,Hathyar,Mahesh Manjrekar,Sanjay Dutt; Shilpa Shetty; Namrata Shirodkar,,
2002,Hum Kisise Kum Nahin,David Dhawan,Amitabh Bachchan; Supriya Karnik; Ajay Devgn; Sanjay Dutt; Aishwarya Rai; Ashish Vidyarthi; Annu Kapoor; Rajpal Yadav; Paresh Rawal; Colin Farrell,,
2002,Hum Pyar Tumhi Se Kar Baithe,Mohan Singh Rathod,Jugal Hansraj; Tina Rana,,
2002,Hum Tumhare Hain Sanam,K. S. Adhiyaman,Salman Khan; Shah Rukh Khan; Madhuri Dixit; Atul Agnihotri; Aishwarya Rai,₹ 34.76 crore,34.76
2002,Humraaz,Abbas–Mustan,Bobby Deol; Akshaye Khanna; Amisha Patel; Firoz Irani; Johnny Lever; Suhasini Mulay,₹ 29.71 crore,29.71
2002,Jaani Dushman: Ek Anokhi Kahani,Rajkumar Kohli,Sunny Deol; Akshay Kumar; Sunil Shetty; Atharvaa; Arshad Warsi; Aftab Shivdasani; Manisha Koirala,,
2002,Jang Aur Aman,Anand Patwardhan,,,
2002,Jeena Sirf Merre Liye,Satish Kaushik,Tusshar Kapoor; Kareena Kapoor; Mallika Sherawat,,
2002,Kaante,Sanjay Gupta,Amitabh Bachchan; Sanjay Dutt; Suniel Shetty; Kumar Gaurav; Mahesh Manjrekar; Lucky Ali; Malaika Arora; Rati Agnihotri,₹ 36.37 crore,36.37
2002,Kabhie Tum Kabhie Hum,,Mamta Kulkarni; Anjan Srivastav; Vijayendra Ghatge,,
2002,Karz: The Burden of Truth,Harry Baweja,Sunny Deol; Sunil Shetty; Shilpa Shetty,,
2002,Kehtaa Hai Dil Baar Baar,Rahul Dholakia,Jimmy Shergill; Kim Sharma; Paresh Rawal,,
2002,Kitne Door Kitne Paas,Mehul Kumar,Fardeen Khan; Ayub Khan; Amrita Arora; Sonali Kulkarni,,
2002,Koi Mere Dil Se Poochhe,Boney Kapoor,Jaya Bachchan; Esha Deol; Aftab Shivdasani; Sanjay Kapoor; Anupam Kher,,
2002,Kranti,Naresh Malhotra,Bobby Deol; Amisha Patel; Om Puri; Vinod Khanna; Pallavi Kulkarni,,
2002,Kuch Tum Kaho Kuch Hum Kahein,K. Ravi Shankar,Fardeen Khan; Richa Pallod; Sharad Kapoor; Sanjai Mishra; Farida Jalal,,
2002,Kya Yehi Pyaar Hai,K. Murali Mohan Rao,Amisha Patel; Aftab Shivdasani; Sarfaraz Khan; Ashish Vidyarthi; Jackie Shroff,,
2002,Kyaa Dil Ne Kahaa,Sanjay Chhel,Tusshar Kapoor; Esha Deol; Raj Babbar; Atul Parchure,,
2002,Lal Salaam,Gaganvihari Borate,Nandita Das; Sharad Kapoor; Makrand Deshpande; Vijay Raaz,,
2002,Maa Tujhhe Salaam,Tinu Verma,Sunny Deol; Tabu; Rajat Bedi; Arbaaz Khan; Inder Kumar,,
2002,Maine Dil Tujhko Diya,Sohail Khan,Sohail Khan; Sameera Reddy; Eijaz Khan; Sanjay Dutt; Kabir Bedi; Dalip Tahil,,
2002,Makdee,Vishal Bhardwaj,Shabana Azmi; Makarand Deshpande,,
2002,Maseeha,Partho Ghosh,Sunil Shetty; Namrata Shirodkar; Inder Kumar; Manek Bedi; Rajpal Yadav; Mukesh Rishi,,
2002,Mere Yaar Ki Shaadi Hai,Sanjay Gadhvi,Uday Chopra; Bipasha Basu; Tulip Joshi; Jimmy Shergill; Nitesh Pandey; Tannaz Irani,,
2002,"Mitr, My Friend",Revathi,Shobhana; Matt Phillips,,
2002,Mohabbat Ho Gayi Hai Tumse,Rishi Talwar,Sanjay Dutt; Shamita Shetty; Chandrachur Singh,,
2002,Mujhse Dosti Karoge!,Kunal Kohli,Hrithik Roshan; Rani Mukerji; Kareena Kapoor; Uday Chopra; Kiran Kumar,₹ 33.61 crore,33.61
2002,Mulaqaat,K. Ravi Shankar,Vinay Anand; Arun Bakshi; Rita Bhaduri; Milind Gunaji,,
2002,Na Tum Jaano Na Hum,Arjun Sablok,Saif Ali Khan; Hrithik Roshan; Esha Deol; Ashima Bhalla; Shilpa Saklani; Alok Nath,,
2002,Nishad,Shaji N. Karun,,,
2002,Om Jai Jagadish,Anupam Kher,Waheeda Rehman; Parmeet Sethi; Anil Kapoor; Fardeen Khan; Abhishek Bachchan; Mahima Chaudhry; Urmila Matondkar; Lillete Dubey; Tara Sharma,,
2002,Pitaah,Mahesh Manjrekar,Sanjay Dutt; Nandita Das; Salil Ankola; Jackie Shroff; Om Puri; Shivaji Satam,,
2002,Pyaar Diwana Hota Hai,Kirti Kumar,Govinda; Rani Mukerji; Deepak Tijori; Apurva Agnihotri,,
2002,Pyar Ki Dhun,Samarjit Dasgupta,,,
2002,Pyaasa,A. Muthu,Yukta Mookhey; Aftab Shivdasani,,
2002,Raaz,Vikram Bhatt,Bipasha Basu; Dino Morea,₹ 37.2 crore,37.20
2002,Reshma Aur Sultan,S. Kumar,Dharmendra; Ankush Mohit; Sapna; Hemant Birje; Satnam Kaur,,
2002,Rishtey,Indra Kumar,Anil Kapoor; Karisma Kapoor; Shilpa Shetty,,
2002,Road,Rajat Mukherjee,Vivek Oberoi; Antara Mali; Manoj Bajpai; Vijay Raaz; Rajpal Yadav,,
2002,Saathiya,Shaad Ali,Vivek Oberoi; Rani Mukerji; Shah Rukh Khan; Tabu; Kunal Kumar; Sharat Saxena; Satish Shah; Sandhya Mridul; Tinnu Anand; Tanuja,₹ 29.15 crore,29.15
2002,Shaheed-E-Azam,Sukumar Nair,Sonu Sood; Raj Zutshi; Dev Gill,,
2002,Shakti - The Power,Boney Kapoor,Karisma Kapoor; Nana Patekar; Sanjay Kapoor; Shahrukh Khan,,
2002,Shararat,Gurudev Bhalla,Abhishek Bachchan; Hrishita Bhatt; Mohnish Bahl; Amrish Puri,,
2002,Soch,Sushen Bhatnagar,Sanjay Kapoor; Arbaaz Khan; Raveena Tandon; Danny Denzongpa; Aditi Govitrikar,,
2002,Sur: The Melody of Life,Tanuja Chandra,Lucky Ali; Gauri Karnik; Harsh Vashisht; Simone Singh; Nitin,,
2002,The Legend of Bhagat Singh,Rajkumar Santoshi,Ajay Devgn; Amrita Rao; Raj Babbar; Sushant Singh,,
2002,Tumko Na Bhool Paayenge,Pankaj Parashar,Salman Khan; Dia Mirza; Sushmita Sen; Inder Kumar; Arbaaz Khan,,
2002,Tum Se Achcha Kaun Hai,Deepak Anand,Nakul Kapoor; Rati Agnihotri; Kim Sharma; Aarti Chabria; Ali Asgar,,
2002,Waah! Tera Kya Kehna,Manoj Agrawal,Govinda; Raveena Tandon; Preeti Jhangiani,,
2002,Yeh Dil Aashiqanaa,Kuku Kohli,Karan Nath; Jividha Sharma,,
2002,Yeh Hai Jalwa,David Dhawan,Rishi Kapoor; Salman Khan; Amisha Patel; Rinke Khanna; Rati Agnihotri; Sanjay Dutt; Anupam Kher,,
2002,Yeh Kaisi Mohabbat,Dinkar Kapur,Deepak Tijori; Viveka Babajee; Krishna Abhishek; Mukesh Rishi,,
2002,Yeh Kya Ho Raha Hai?,Hansal Mehta,Prashant Chianani; Aamir Ali; Vaibhav Jhalani; Yash Pandit; Payal Rohatgi,,
2002,Yeh Mohabbat Hai,Umesh Mehra,Rahul Bhatt; Johnny Lever,,
2002,Zindagi Khoobsoorat Hai,Manoj Punj,Gurdas Maan; Tabu; Divya Dutta; Rajat Kapoor,,
2003,2 October,Sunil Tiwari,Ashutosh Rana; Sharat Saxena; Saadhika Randhawa; Mukesh Tiwari,,
2003,3 Deewarein,Nagesh Kukunoor,Naseeruddin Shah; Jackie Shroff; Juhi Chawla,,
2003,88 Antop Hill,Kushan Nandy,Rahul Dev; Shweta Menon; Harsh Khurana; Atul Kulkarni,,
2003,Aaj Ka Andha Kanoon,Amit Chandra Sahay,Sudesh Berry,,
2003,Aanch,Rajesh Kumar Singh,Nana Patekar; Paresh Rawal,,
2003,Aapko Pehle Bhi Kahin Dekha Hai,Anubhav Sinha,Priyanshu Chatterjee; Sakshi Shivanand; Manoj Pahwa; Om Puri; Farida Jalal,,
2003,Andaaz,Suneel Darshan,Akshay Kumar; Priyanka Chopra; Aman Verma; Lara Dutta,₹ 28.81 crore (US$6.18 million),28.81
2003,Armaan,Honey Irani,Amitabh Bachchan; Anil Kapoor; Preity Zinta; Gracy Singh; Randhir Kapoor; Aamir Bashir,,
2003,Baaz: A Bird in Danger,Tinu Verma,Sunil Shetty; Karisma Kapoor; Dino Morea; Preeti Jhangiani; Jackie Shroff,,
2003,Baghban,Ravi Chopra,Amitabh Bachchan; Hema Malini; Sharat Saxena; Aman Verma; Lillete Dubey; Samir Soni; Rimi Sen; Suman Ranganathan; Divya Dutta; Salman Khan; Paresh Rawal; Mahima Chaudhry,₹ 43.11 crore (US$9.25 million),43.11
2003,Bas Yun Hi,Raja Menon,Nandita Das; Purab Kohli; Sameer Malhotra; Sandhya Shetty,,
2003,Basti,Basharat Khan,Samir Soni; Faisal Khan,,
2003,Bhoot,Ram Gopal Varma,Urmila Matondkar; Ajay Devgn; Rekha; Nana Patekar; Fardeen Khan,,
2003,Boom,Kaizad Gustad,Amitabh Bachchan; Jackie Shroff; Gulshan Grover; Katrina Kaif; Madhu Sapre; Padma Lakshmi,,
2003,Calcutta Mail,Sudhir Mishra,Anil Kapoor; Rani Mukerji; Manisha Koirala,,
2003,Chalte Chalte,Aziz Mirza,Shah Rukh Khan; Rani Mukerji; Jas Arora; Lillete Dubey; Satish Shah; Rajeev Verma,₹ 43.29 crore (US$9.29 million),43.29
2003,Chori Chori,Milan Luthria,Ajay Devgn; Rani Mukerji; Sonali Bendre,,
2003,Chupke Se,Shona Urvashi,Zulfi Syed; Masumeh Makhija,,
2003,Chura Liyaa Hai Tumne,Sangeeth Sivan,Zayed Khan; Esha Deol,,
2003,Darna Mana Hai,Prawaal Raman,Saif Ali Khan; Shilpa Shetty; Sameera Reddy; Vivek Oberoi; Sohail Khan; Aftab Shivdasani; Antara Mali; Nana Patekar; Rajpal Yadav; Isha Koppikar; Sanjay Kapoor,,
2003,Dhoop,Ashwini Chaudhary,Murli Sharma; Gul Panag; Om Puri; Revathi; Sanjay Suri,,
2003,Dhund,Shyam Ramsay,Amar Upadhyay; Aditi Gowitrikar; Irrfan Khan; Gulshan Grover; Apoorva Agnihotri,,
2003,Dil Ka Rishta,Naresh Malhotra,Arjun Rampal; Aishwarya Rai; Priyanshu Chatterjee; Isha Koppikar; Raakhee; Paresh Rawal,,
2003,Dil Pardesi Ho Gayaa,Saawan Kumar Tak,Kapil Jhaveri; Ashutosh Rana; Saloni Aswani; Amrish Puri,,
2003,Dum,Eeshwar Nivas,Vivek Oberoi; Diya Mirza; Vivek Shauq; Atul Kulkarni,,
2003,Ek Alag Mausam,K. P. Sasi,Nandita Das; Anupam Kher,,
2003,Ek Aur Ek Gyarah,David Dhawan,Sanjay Dutt; Govinda; Amrita Arora; Gulshan Grover; Jackie Shroff; Ashish Vidyarthi,,
2003,Ek Din 24 Ghante,Anant Balani,Rahul Bose; Nandita Das; Kabir Sadanand; Prithvi Zutshi,,
2003,Escape from Taliban,Ujjal Chattopadhyaya,Manisha Koirala,,
2003,Final Solution,Rakesh Sharma,,,
2003,Footpath,Vikram Bhatt,Aftab Shivdasani; Bipasha Basu; Emraan Hashmi; Rahul Dev; Irrfan Khan,,
2003,Fun2shh... Dudes in the 10th Century,Imtiaz Punjabi,Gulshan Grover; Paresh Rawal; Farida Jalal,,
2003,Gangaajal,Prakash Jha,Ajay Devgn; Gracy Singh; Ayub Khan,,
2003,Haasil,Tigmanshu Dhulia,Jimmy Sheirgill; Irrfan Khan; Ashutosh Rana; Hrishita Bhatt; Sudhir Pandey,,
2003,Hawa,Guddu Dhanoa,Tabu; Shahbaz Khan,,
2003,Hawayein,Ammtoje Mann,Babbu Mann; Ammotje Mann,,
2003,The Hero: Love Story of a Spy,Anil Sharma,Sunny Deol; Preity Zinta; Priyanka Chopra,₹ 45.13 crore (US$9.69 million),45.13
2003,Humein Tumse Pyar Ho Gaya Chupke Chupke,Pramod Mandloi,Siddharth Dhawan; Shraddha Sharma; Kiran Kumar; Raza Murad; Shakti Kapoor; Mehmood Junior,,
2003,Hungama,Priyadarshan,Akshaye Khanna; Rimi Sen; Aftab Shivdasani; Rajpal Yadav; Paresh Rawal,,
2003,Indian Babu,Lawrence D'Souza,Jaz Pandher; Gurleen Chopra; Johnny Lever,,
2003,Inteha,Vikram Bhatt,Ashmit Patel; Vidya Malvade; Anup Soni; Nauheed Cyrusi,,
2003,Ishq Vishk,Ken Ghosh,Shahid Kapoor; Amrita Rao; Vishal Malhotra; Satish Shah; Yash Tonk; Neelima Azeem,,
2003,Jaal: The Trap,Guddu Dhanoa,Sunny Deol; Tabu; Reema Sen,,
2003,Jajantaram Mamantaram,Soumitra Ranade,Javed Jaffrey,,
2003,Janasheen,Feroz Khan,Fardeen Khan; Celina Jaitley; Feroz Khan,,
2003,Jhankaar Beats,Sujoy Ghosh,Juhi Chawla; Rahul Bose; Rinke Khanna; Kurush Deboo; Sanjay Suri; Riya Sen; Archana Puran Singh; Dinyar Contractor,,
2003,Jism,Anurag Basu,Bipasha Basu; John Abraham; Gulshan Grover,,
2003,Jodi Kya Banayi Wah Wah Ramji,Raman Kumar,Amar Upadhyay; Reema Sen,,
2003,Joggers Park,Anant Balani,Victor Banerjee; Perizaad Zorabian; Hiten Tejwani,,
2003,Kagaar: Life on the Edge,N. Chandra,Om Puri; Nandita Das; Amitabh Dayal,,
2003,Kahan Ho Tum,Vijay Kumar,Sharman Joshi; Samir Soni; Sonu Sood; Ishitta Arun,,
2003,Kaise Kahoon Ke... Pyaar Hai,,Sunny Deol,,
2003,Kal Ho Naa Ho,Nikhil Advani,Jaya Bachchan; Shah Rukh Khan; Saif Ali Khan; Preity Zinta; Uday Chopra,₹ 86.09 crore (US$18.48 million),86.09
2003,Kash Aap Hamare Hote,Ravindra Peepat,Juhi Babbar; Sonu Nigam,,
2003,Khanjar: The Knife,Chander Sharma,Sunil Shetty; Tabu,,
2003,Khel – No Ordinary Game,Yusuf Khan,Sunil Shetty; Sunny Deol; Ajay Jadeja; Celina Jaitley,,
2003,Khushi,S. J. Suryah,Fardeen Khan; Kareena Kapoor; Anup Soni; Amrish Puri; Sharat Saxena,,
2003,Khwahish,Govind Menon,Mallika Sherawat; Himanshu Malik,,
2003,Koi... Mil Gaya,Rakesh Roshan,Rekha; Hrithik Roshan; Preity Zinta,₹ 82.32 crore (US$17.67 million),82.32
2003,Kucch To Hai,Anurag Basu,Tusshar Kapoor; Esha Deol; Natassha; Yash Tonk; Rishi Kapoor; Jeetendra; Moonmoon Sen; Johnny Lever,,
2003,Kuch Naa Kaho,Rohan Sippy,Abhishek Bachchan; Aishwarya Rai; Arbaaz Khan,,
2003,LOC: Kargil,J. P. Dutta,Ajay Devgn; Sanjay Dutt; Suniel Shetty; Saif Ali Khan; Abhishek Bachchan; Akshaye Khanna; Kareena Kapoor; Rani Mukerji; Sanjay Kapoor; Manoj Bajpai; Isha Koppikar; Mahima Chaudhry; Karan Nath; Esha Deol; Raveena Tandon,₹ 31.67 crore (US$6.8 million),31.67
2003,Love at Times Square,,Dev Anand; Moon Moon Sen; Heenee Kaushik,,
2003,Main Madhuri Dixit Banna Chahti Hoon,Chandan Arora,Antara Mali; Rajpal Yadav,,
2003,Main Prem Ki Diwani Hoon,Sooraj R. Barjatya,Hrithik Roshan; Kareena Kapoor; Johnny Lever; Abhishek Bachchan,₹ 39.31 crore (US$8.44 million),39.31
2003,Market,Jay Prakash,Manisha Koirala,,
2003,Mudda: The Issue,Saurabh Shukla,Arya Babbar; Prashant Narayanan,,
2003,Mumbai Matinee,Anant Balani,Rahul Bose; Perizaad Zorabian; Anusha Dhandekar; Vijay Raaz; Saurabh Shukla,,
2003,Mumbai Se Aaya Mera Dost,Apoorva Agnihotri,Abhishek Bachchan; Lara Dutta,,
2003,Munna Bhai M.B.B.S.,Rajkumar Hirani,Sanjay Dutt; Arshad Warsi; Gracy Singh; Jimmy Sheirgill; Boman Irani; Sunil Dutt,₹ 36.29 crore (US$7.79 million),36.29
2003,Nayee Padosan,B. H. Tharun Kumar,Mahek Chahal; Vikas Kalantri; Anuj Sawhney,,
2003,Om,Ashok Honda,Attin Bhalla; Sandali Sinha; Pankaj Dheer; Sharat Saxena,,
2003,Oops!,Deepak Tijori,Kiran Janjani; Vikas Sethi; Mink Brar; Mita Vashisht,,
2003,Out of Control,"Apurva Asrani , Ramanjit Juneja",Ritesh Deshmukh; Hrishita Bhatt; Brande Roderick; Amrish Puri,,
2003,Paap,Pooja Bhatt,John Abraham; Udita Goswami; Gulshan Grover,,
2003,Parwana,Deepak Bahry,Ajay Devgn; Amisha Patel; Pooja Batra,,
2003,Patth,,Milind Gunaji; Sharad Kapoor; Nirmal Pandey; Payal Rohatgi; Hyder Kazmi,,
2003,Pinjar,Chandrakant Dwivedi,Urmila Matondkar; Manoj Bajpai; Sanjay Suri; Priyanshu Chatterjee; Isha Koppikar,,
2003,The Pink Mirror,Sridhar Rangayan,,,
2003,Praan Jaye Par Shaan Na Jaye,Sanjay Manjrekar,Aman Verma; Rinke Khanna; Vivek Shauq; Raveena Tandon; Namrata Shirodkar; Dia Mirza,,
2003,Qayamat: City Under Threat,Harry Baweja,Ajay Devgn; Sunil Shetty; Sanjay Kapoor; Neha Dhupia; Arbaaz Khan; Isha Koppikar; Riya Sen; Aashish Chaudhary; Chunky Pandey,₹ 28.52 crore (US$6.12 million),28.52
2003,Raghu Romeo,Rajat Kapoor,Vijay Raaz; Sadiya Siddiqui,,
2003,Raja Bhaiya,Raman Kumar,Govinda; Aarti Chhabria,,
2003,"Right Here, Right Now",Anand Gandhi,,,
2003,Rules: Pyaar Ka Superhit Formula,Parvati Balagopalan,Milind Soman,,
2003,Saaya,Anurag Basu,John Abraham; Tara Sharma; Mahima Chaudhry,,
2003,Samay: When Time Strikes,Robby Grewal,Sushmita Sen; Jackie Shroff; Sushant Singh,,
2003,Satta,Madhur Bhandarkar,Raveena Tandon,,
2003,Sssshhh...,Pawan S. Kaul,Karan Nath; Dino Morea; Tanishaa Mukerji,,
2003,Stumped,Gaurav Pandey,,,
2003,Supari,,Uday Chopra; Namrata Shirodkar,,
2003,Tada,Sisir. P. Mishra,Monica Bedi; Sharad Kapoor,,
2003,Talaash: The Hunt Begins...,Suneel Darshan,Akshay Kumar; Kareena Kapoor,,
2003,Tehzeeb,Khalid Mohamed,Urmila Matondkar; Shabana Azmi; Arjun Rampal; Rishi Kapoor; Diya Mirza; Namrata Shirodkar,,
2003,Tere Naam,Satish Kaushik,Salman Khan; Bhoomika Chawla; Sarfaraz Khan,,
2003,The Perfect Husband,Priya Singh Paul,Parvin Dabas; Neha Dubey; Rajeshwari Sachdev,,
2003,Tujhe Meri Kasam,K. Vijaya Bhaskar,Riteish Deshmukh; Genelia D'Souza,,
2003,Tumse Milke Wrong Number,Jignesh M. Vaishav,Tinnu Anand,,
2003,Waisa Bhi Hota Hai Part II,Shashanka Ghosh,Arshad Warsi; Sandhya Mridul; Prashant Narayanan,,
2003,Xcuse Me,N. Chandra,Sahil Khan; Sharman Joshi; Payal Rohatgi,,
2003,Yeh Dil,Teja,Tusshar Kapoor; Natassha; Akhilendra Mishra; Sharat Saxena,,
2003,Zameen,Rohit Shetty,Ajay Devgn; Abhishek Bachchan; Bipasha Basu,,
2004,Ishq Hai Tumse,G. Krishna,Bipasha Basu; Dino Morea,,
2004,Chameli,Sudhir Mishra,Kareena Kapoor; Rahul Bose; Kabir Sadanand; Rinke Khanna,,
2004,Paisa Vasool,Srinivas Bhashyam,Manisha Koirala; Sushmita Sen; Sushant Singh; Tinu Anand; Makrand Deshpande,,
2004,Plan,Hriday Shetty,Sanjay Dutt; Priyanka Chopra; Dino Morea; Sanjay Suri; Riya Sen; Rohit Roy; Sameera Reddy,,
2004,Ek Hasina Thi,Sriram Raghavan,Saif Ali Khan; Urmila Matondkar; Murli Sharma; Seema Biswas; Pratima Kazmi; Rasika Joshi,,
2004,Aetbaar,Vikram Bhatt,Amitabh Bachchan; Bipasha Basu; John Abraham; Tom Alter; Ali Asgar,,
2004,Khakee,Rajkumar Santoshi,Amitabh Bachchan; Akshay Kumar; Ajay Devgn; Aishwarya Rai; Tusshar Kapoor; Atul Kulkarni,₹ 49.89 crore (US$11.01 million),49.89
2004,Maqbool,Vishal Bhardwaj,Murali Sharma; Tabu; Pankaj Kapoor; Irrfan Khan; Moushumi Chatterjee; Om Puri,,
2004,Paap,Pooja Bhatt,John Abraham; Udita Goswami; Bikramjeet Kanwarpal; Gulshan Grover; Mohan Agashe; Anahita Uberoi,,
2004,Agnipankh,Sanjeev Puri,Jimmy Shergill; Rahul Dev; Divya Dutta; Shamita Shetty,,
2004,Aabra Ka Daabra,Dheeraj Kumar,Hansika Motwani; Shweta Tiwari; Vishal Lalwani; Archana Puran Singh,,
2004,Aan: Men at Work,Madhur Bhandarkar,Akshay Kumar; Sunil Shetty; Shatrughan Sinha; Irrfan Khan; Paresh Rawal; Jackie Shroff; Lara Dutta; Raveena Tandon,,
2004,Ab... Bas!,Rajesh Singh,Diana Hayden; Shawar Ali; Rohit Roy,,
2004,Ab Tak Chappan,Shimit Amin,Nana Patekar; Mohan Agashe; Revathi; Prasad Purandare; Hrishitaa Bhatt,,
2004,Ab Tumhare Hawale Watan Saathiyo,Anil Sharma,Amitabh Bachchan; Akshay Kumar; Bobby Deol; Divya Khosla Kumar; Sandali Sinha,,
2004,Aitraaz,Abbas–Mustan,Akshay Kumar; Kareena Kapoor; Priyanka Chopra; Upasna Singh; Amrish Puri,₹ 29 crore (US$6.4 million),29.00
2004,AK-47,Raam Shetty,Aditya Singh; Sheetal Bhavishi; Om Puri; Shivaji Satam; Ashish Vidyarthi,,
2004,Asambhav,Rajiv Rai,Arjun Rampal; Priyanka Chopra; Arif Zakaria; Naseeruddin Shah,,
2004,Bardaasht,E.Nivas,Bobby Deol; Lara Dutta; Ritesh Deshmukh; Rahul Dev; Virendra Saxena; Raju Kher,,
2004,Bhola in Bollywood,Sumbul Gazi,Ali Asgar; Siraj Khan; Avtar Gill; Raj Babbar,,
2004,Chand Bujh Gaya,Sharique Minhaj,Faisal Khan; Shama Sikander; Aliza,,
2004,Charas,Tigmanshu Dhulia,Jimmy Shergill; Irrfan Khan; Uday Chopra; Hrishita Bhatt; Namrata Shirodkar,,
2004,Deewaar,Milan Luthria,Amitabh Bachchan; Sanjay Dutt; Akshaye Khanna; Kay Kay Menon; Amrita Rao,,
2004,Dev,Govind Nihalani,Amitabh Bachchan; Fardeen Khan; Kareena Kapoor; Rati Agnihotri; Om Puri; Amrish Puri,,
2004,Dhoom,Sanjay Gadhvi,Abhishek Bachchan; John Abraham; Uday Chopra; Esha Deol; Rimi Sen,₹ 72.47 crore (US$15.99 million),72.47
2004,Dil Bechara Pyaar Ka Maara,Omkarnath Mishra,Vikas Kalantri; Aslam Khan; Divya Palat; Rajpal Yadav; Mallika Kapoor,,
2004,Dil Maange More,Anant Mahadevan,Shahid Kapoor; Ayesha Takia; Soha Ali Khan; Tulip Joshi; Kanwaljit Singh; Gulshan Grover,,
2004,Dil Ne Jise Apna Kahaa,Atul Agnihotri,Salman Khan; Preity Zinta; Bhumika Chawla,,
2004,Dobara,Shashi Ranjan,Raveena Tandon; Jackie Shroff; Mahima Chaudhry,,
2004,Dukaan,Iqbal Durrani,Vikas Kalantri; Rambha; Rati Agnihotri,,
2004,Ek Se Badhkar Ek,Kundan Shah,Suniel Shetty; Raveena Tandon; Isha Koppikar,,
2004,Fida,Ken Ghosh,Fardeen Khan; Kareena Kapoor; Shahid Kapoor; Kim Sharma,,
2004,Garv,Puneet Issar,Salman Khan; Shilpa Shetty; Anupam Kher; Arbaaz Khan; Mukesh Rishi; Amrish Puri,,
2004,Gayab,Prawal Raman,Tusshar Kapoor; Antara Mali; Raghubir Yadav,,
2004,Girlfriend,Karan Razdan,Amrita Arora; Isha Koppikar; Aashish Chaudhary,,
2004,Hatya,Kader Kashmiri,Akshay Kumar; Navin Nischol; Reema Lagoo; Varsha Usgaonkar,,
2004,Hava Aney Dey,Partho Sen-Gupta,Nishikant Kamat; Tannishtha Chatterjee; Rajshree Thakur,,
2004,Hawas,Karan Razdan,Shawar Ali; Meghna Naidu; Tarun Arora,,
2004,Hulchul,Priyadarshan,Akshaye Khanna; Kareena Kapoor; Sharad Kelkar; Jackie Shroff; Sunil Shetty; Amrish Puri; Arshad Warsi; Paresh Rawal; Arbaaz Khan,₹ 33.09 crore (US$7.3 million),33.09
2004,Hum Tum,Kunal Kohli,Saif Ali Khan; Rani Mukherji; Rishi Kapoor; Kirron Kher; Rati Agnihotri; Jimmy Sheirgill; Isha Koppikar; Abhishek Bachchan,₹ 43.22 crore (US$9.54 million),43.22
2004,Hyderabad Blues 2,Nagesh Kukunoor,Tisca Chopra; Elahe Hiptoola; Jyoti Dogra; Vikram Inamdar; Anu Chengappa,,
2004,I Proud to Be an Indian,Puneet Issar,Sohail Khan; Gulzar Inder Chahal; Puneet Issar; Tim Lawrence,,
2004,Insaaf: The Justice,Shrey Srivastava,Dino Morea; Namrata Shirodkar; Sanjay Suri; Henna; Rajpal Yadav,,
2004,Inteqam: The Perfect Game,Pankaj Parashar,Nethra Raghuraman; Manoj Bajpai; Isha Koppikar,,
2004,Jaago,Mrhul Kumar,Manoj Bajpayee; Sanjay Kapoor; Raveena Tandon; Hansika Motwani,,
2004,Julie,Deepak Shivdasani,Neha Dhupia; Yash Tonk; Sanjay Kapoor; Priyanshu Chatterjee,,
2004,Kaash... Hamara Dil Pagal Na Hota,Mangal Anand,Mukesh Ahuja; Chetan Aneja; Nigel Borade,,
2004,Kaun Hai Jo Sapno Mein Aaya,Rajesh Bhatt,Anupam Kher; Richa Pallod; Rakesh Bapat; Kader Khan; Rajesh Bhatt,,
2004,Kaya Taran,Sashi Kumar,Seema Biswas; Angad Bedi; Neelambari Bhattacharya; Neeta Mohindra,,
2004,Khamosh Pani,Sabiha Kumar,Kirron Kher; Amar Ali Malik,,
2004,King of Bollywood,Piyush Jha,Om Puri; Sophie Dahl; Kavita Kapoor,,
2004,Kis Kis Ki Kismat,Govind Menon,Dharmendra; Mallika Sherawat; Rati Agnihotri; Satish Shah,,
2004,Kismat,Guddu Dhanoa,Priyanka Chopra; Bobby Deol,,
2004,Kiss Kis Ko,Sharad Sharan,Karan Oberoi; Sudhanshu Pandey; Sherrin Varghese; Siddharth Haldipur; Chaitnya Bhosale,,
2004,Krishna Cottage,Santram Varma,Sohail Khan; Isha Koppikar; Natassha,,
2004,Kyun! Ho Gaya Na...,Samir Karnik,Vivek Oberoi; Aishwarya Rai; Amitabh Bachchan; Sunil Shetty; Diya Mirza; Rati Agnihotri; Arjun Mathur; Kajal Aggarwal,,
2004,Lakeer – Forbidden Lines,Ahmed Khan,Sunil Shetty; Sunny Deol; Sohail Khan; John Abraham; Nauheed Cyrusi; Apoorva Agnihotri,,
2004,Lakshya,Farhan Akhtar,Amitabh Bachchan; Hrithik Roshan; Preity Zinta; Lillete Dubey; Kushal Punjabi; Amrish Puri; Om Puri; Sharad Kapoor,,
2004,Let's Enjoy,"Ankur Tewari , Siddharth Anand Kumar",Shomendra Bose; Aashish Chaudhary; Roshni Chopra; Arzoo Govitrikar; Shiv Panditt; Sahil Gupta; Dhruv Jagasiya,,
2004,Madhoshi,Tanveer Khan,Bipasha Basu; John Abraham; Priyanshu Chatterjee,,
2004,Main Hoon Na,Farah Khan,Shahrukh Khan; Sushmita Sen; Sunil Shetty; Amrita Rao; Zayed Khan,₹ 84 crore (US$18.54 million),84.00
2004,Masti,Indra Kumar,Vivek Oberoi; Aftab Shivdasani; Lara Dutta; Riteish Deshmukh; Ajay Devgn; Genelia D'souza; Tara Sharma; Amrita Rao; Rakhi Sawant; Murali Sharma,₹ 34.14 crore (US$7.53 million),34.14
2004,Meenaxi: A Tale of Three Cities,M. F. Hussain,Tabu; Kunal Kapoor; Rajpal Yadav; Nadira Babbar,,
2004,Meri Biwi Ka Jawaab Nahin,"S. M. Iqbal , Pankaj Parashar",Sridevi; Akshay Kumar,,
2004,Morning Raga,Mahesh Dattan,Shabana Azmi; Perizaad Zorabian,,
2004,Mujhse Shaadi Karogi,David Dhawan,Salman Khan; Akshay Kumar; Priyanka Chopra; Amrish Puri,₹ 62 crore (US$13.68 million),62.00
2004,Murder,Anurag Basu,Emraan Hashmi; Ashmit Patel; Mallika Sherawat,,
2004,Musafir,Sanjay Gupta,Anil Kapoor; Sanjay Dutt; Sameera Reddy; Aditya Pancholi; Koena Mitra; Mahesh Manjrekar,,
2004,Muskaan,"Rohit Nayyar , Rohit Manash",Aftab Shivdasani; Gracy Singh; Parvin Dabas; Kader Khan; Anupam Kher,,
2004,""" Mysteries Shaque ""","Vinod Chhabara ,",Janki Shah; Quber Chauhan]]; Prem Chopra; Upasana Singh; Aarti Puri,,
2004,Naach,Ram Gopal Varma,Antara Mali; Abhishek Bachchan; Ritesh Deshmukh,,
2004,Netaji Subhas Chandra Bose: The Forgotten Hero,Shyam Benegal,Sachin Khedekar; Kulbhushan Kharbanda; Rajit Kapur; Arif Zakaria; Divya Dutta,,
2004,Phir Milenge,Revathy,Nassar; Shilpa Shetty; Salman Khan; Abhishek Bachchan; Revathi,,
2004,Police Force: An Inside Story,Dilip Shukla,Akshay Kumar; Raveena Tandon; Raj Babbar; Amrish Puri; S. M. Zaheer; Mohan Joshi,,
2004,Popcorn Khao! Mast Ho Jao,Kabir Sadanand,Akshay Kapoor; Tanisha; Yash Tonk; Reshmi Nigam,,
2004,Raincoat,Rituparno Ghosh,Ajay Devgn; Aishwarya Rai,,
2004,Rakht,Mahesh Manjrekar,Sunil Shetty; Neha Dhupia; Abhishek Bachchan; Dino Morea; Himanshu Malik; Amrita Arora; Bipasha Basu; Sanjay Dutt,,
2004,Rok Sako To Rok Lo,Arindam Chowdhury,Sunny Deol; Yash Pandit,,
2004,Rudraksh,Mani Shankar,Suniel Shetty; Sanjay Dutt; Bipasha Basu; Isha Koppikar,,
2004,Run,Jeeva,Abhishek Bachchan; Bhoomika Chawla; Vijay Raaz; Ayesha Jhulka; Mahesh Manjrekar,,
2004,Shaadi Ka Laddoo,Raj Kaushal,Sanjay Suri; Mandira Bedi; Divya Dutta; Aashish Chaudhary,,
2004,Shart: The Challenge,Puri Jagannadh,Tusshar Kapoor; Gracy Singh; Amrita Arora,,
2004,Sheen,Ashok Pandit,Tarun Arora; Raj Babbar; Anoop Soni; Kiran Juneja,,
2004,Shikaar,Darshan Bagga,Kanishka Sodhi; Jas Pandher,,
2004,Shukriya: Till Death Do Us Apart,Anupam Sinha,Anupam Kher; Aftab Shivdasani; Shriya Saran,,
2004,Silence Please...The Dressing Room,Sanjay Srinivas,Salil Ankola; Sonali Kulkarni; Tom Alter,,
2004,Stop!,Ajai Sinha,Gauri Karnik; Ishitta Arun; Rocky Bhatia; Tejaswini Kolhapure; Kiran Jhanjhani; Harsh Chhaya; Ali Asgar; Dia Mirza,,
2004,Suno Sasurjee,Vimal Kumar,Aftab; Ameesha Patel,,
2004,Swades,Ashutosh Gowarikar,Shahrukh Khan; Gayatri Joshi; Kishori Ballal,₹ 40.2 crore (US$8.87 million),40.20
2004,Taarzan: The Wonder Car,Abbas Mustan,Vatsal Seth; Ayesha Takia; Pankaj Dheer; Ajay Devgn,,
2004,Tauba Tauba,T L V Prasad,Payal Rohatgi; Antara Biswas; Amin Gazi,,
2004,Thoda Tum Badlo Thoda Hum,Esmayeel Shroff,Arya Babbar; Shriya Saran; Ashok Saraf,,
2004,Tumsa Nahin Dekha: A Love Story,Anurag Basu,Emraan Hashmi; Diya Mirza,,
2004,Uuf Kya Jaadoo Mohabbat Hai,Manoj J. Bhatia,Sammir Dattani; Pooja Kanwal; Sandhya Mridul; Akshay Anand,,
2004,Vaastu Shastra,Saurab Narang,J. D. Chakravarthy; Ahsaas Channa; Vicky Ahuja; Sushmita Sen,,
2004,Veer-Zaara,Yash Chopra,Shah Rukh Khan; Rani Mukerji; Preity Zinta; Manoj Bajpai; Amitabh Bachchan; Hema Malini; Boman Irani; Kirron Kher; Divya Dutta; Anupam Kher,₹ 97.64 crore (US$21.55 million),97.64
2004,Wajahh: A Reason to Kill,Gautama Adhikari,Arbaaz Khan; Shamita Shetty; Gracy Singh,,
2004,Woh,Raj N. Sippy,Priyanshu Chatterjee; Cleo Issacs; Shahbaz Khan,,
2004,Yeh Lamhe Judaai Ke,Birendra Nath Tiwary,Shahrukh Khan; Raveena Tandon; Mohnish Bahl; Rashmi Desai; Amit Kumar; Navneet Nishan,,
2004,Yuva,Mani Ratnam,Ajay Devgn; Abhishek Bachchan; Vivek Oberoi; Rani Mukherji; Kareena Kapoor; Esha Deol,,
2005,Rog,Himanshu Brahmbhatt,Irrfan Khan; Himanshu Malik; Ilene Hamann,,
2005,Vaada,Satish Kaushik,Arjun Rampal; Ameesha Patel; Zayed Khan,,
2005,Elaan,Vikram Bhatt,Arjun Rampal; Ameesha Patel; Mithun Chakraborty; John Abraham; Lara Dutta,,
2005,Insan,K. Subash,Akshay Kumar; Ajay Devgn; Lara Dutta; Esha Deol; Tusshar Kapoor; Koena Mitra; Rahul Dev,,
2005,Kisna: The Warrior Poet,Subhash Ghai,Vivek Oberoi; Isha Sharvani; Ronit Roy; Amrish Puri; Sushmita Sen; Rajat Kapoor,,
2005,Page 3,Madhur Bhandarkar,Konkona Sen Sharma; Atul Kulkarni; Tara Sharma; Sandhya Mridul,,
2005,Blackmail,Anil Devgan,Suniel Shetty; Ajay Devgn; Priyanka Chopra; Dia Mirza,,
2005,Padmashree Laloo Prasad Yadav,Mahesh Manjrekar,Sunil Shetty; Mahesh Manjrekar; Kim Sharma; Gulshan Grover; Johnny Lever,,
2005,Black,Sanjay Leela Bhansali,Amitabh Bachchan; Rani Mukherji; Ayesha Kapur; Shernaz Patel; Nandana Sen; Dhritiman Chaterji,"₹ 40,93,70,000 (equivalent to ₹ 1.4 billion or US$15 million in 2023)",40.94
2005,Bullet: Ek Dhamaka,Irfan Khan,Iqbal Khan; Asseem Merchant; Asad Sikandar; Saadhika,,
2005,Shabd,Leena Yadav,Sanjay Dutt; Aishwarya Rai; Zayed Khan,,
2005,Tezaab – The Acid of Love,Shakeel Noorani,Mighty Khan; Parvin Dabas; Shruti Sharma,,
2005,Chaahat – Ek Nasha,Jai Prakash,Manisha Koirala; Aryan Vaid; Preeti Jhangiani,,
2005,Hum Dum,Kushan Nandy,Anjana Sukhani; Romit Raj; Ranvir Shorey,,
2005,Sheesha,Ashu Trikha,Neha Dhupia; Sonu Sood,,
2005,Chehraa,Saurabh Shukla,Bipasha Basu; Dino Morea; Preeti Jhangiani; Irrfan Khan,,
2005,Jurm,Vikram Bhatt,Bobby Deol; Milind Soman; Lara Dutta,,
2005,Bewafaa,Dharmesh Darshan,Akshay Kumar; Sushmita Sen; Kareena Kapoor; Shamita Shetty; Anil Kapoor; Manoj Bajpai,,
2005,Fun – Can Be Dangerous Sometimes,Sunjay Zaveri,Aryan Vaid; Hina Rehman; Siddharth Koirala; Payal Rohatgi,,
2005,Nigehbaan: The Third Eye,Dilip Shankar,Sameer Dharmadhikari; Sandali Sinha; Sayaji Shinde; Govind Namdev,,
2005,Chand Sa Roshan Chehra,Shabah Shamsi,Samir Aftab; Tamanna Bhatia; Talat Aziz; Kiran Kumar,,
2005,Socha Na Tha,Imtiaz Ali,Ayesha Takia; Abhay Deol; Ayesha Jhulka,,
2005,Zameer: The Fire Within,Kamal,Ajay Devgn; Ameesha Patel; Mahima Chaudhry,,
2005,Karam,Sanjay F. Gupta,John Abraham; Priyanka Chopra; Murli Sharma; Shiney Ahuja,,
2005,Classic – Dance of Love,Babbar Subhash,Mithun Chakraborty; Meghna Naidu; Vikas Bhardwaj,,
2005,My Brother... Nikhil,Onir,Purab Kohli; Juhi Chawla; Sanjay Suri,,
2005,Tango Charlie,Mani Shankar,Ajay Devgn; Bobby Deol; Tanisha; Nandana Sen; Sanjay Dutt; Sunil Shetty,,
2005,Zeher,Mohit Suri,Shamita Shetty; Emraan Hashmi; Udita Goswami,,
2005,Jackpot,Samit Baadkar,Meghna Naidu; Himanshu Malik,,
2005,Lucky: No Time for Love,Radhika Rao Vinay Sapru,Salman Khan; Mithun Chakraborty; Sneha Ullal,,
2005,Naam Gum Jaayega,Amol Shetge,Aryan Vaid; Rakesh Bapat; Dia Mirza; Divya Dutta,,
2005,Hazaaron Khwaishein Aisi,Sudhir Mishra,Shiney Ahuja; Chitrangada Singh; Saurabh Shukla; Kay Kay Menon; Ram Kapoor; Gajraj Rao; Arif Zakaria; Yusuf Hussain,,
2005,Khamoshh... Khauff Ki Raat,Deepak Tijori,Shilpa Shetty; Juhi Chawla,,
2005,Kuchh Meetha Ho Jaye,Samar Khan,Arshad Warsi; Mahima Chaudhry; Shah Rukh Khan; Ashwin Mushran; Parvin Dabas; Sandhya Mridul,,
2005,Mumbai Xpress,Singeetam Srinivasa Rao,Kamal Haasan; Manisha Koirala; Om Puri; Vijay Raaz,,
2005,Dreams,Ashish Chanana,Aashish Chanana; Neha Pendse; Arzoo Govitrikar; Manoj Bidwani,,
2005,Waqt: The Race Against Time,Vipul Shah,Amitabh Bachchan; Akshay Kumar; Shefali Shah; Priyanka Chopra; Boman Irani; Rajpal Yadav; Asawari Joshi; Rajeev Mehta,"₹ 42,48,62,500 (equivalent to ₹ 1.4 billion or US$15 million in 2023)",42.49
2005,Khullam Khulla Pyaar Karen,Harmesh Malhotra,Govinda; Preity Zinta,,
2005,Kaal,Soham Shah,Ajay Devgn; John Abraham; Vivek Oberoi; Lara Dutta; Vishal Malhotra; Esha Deol; Shahrukh Khan; Kushal Punjabi; Malaika Arora; Parmeet Sethi,,
2005,Revati,Farogh Siddique,Kashmera Shah; Kiran; Ayub Khan; Shreyas Talpade; Alok Nath,,
2005,Kyaa Kool Hai Hum,Sangeeth Sivan,Tusshar Kapoor; Riteish Deshmukh; Isha Koppikar; Neha Dhupia; Rajpal Yadav; Anupam Kher,,
2005,Main Aisa Hi Hoon,Harry Baweja,Ajay Devgn; Sushmita Sen; Esha Deol,,
2005,Jo Bole So Nihaal,Rahul Rawail,Sunny Deol; Thomas Tevana; Kamaal Khan; Shillpi Sharma,,
2005,Naina,Shripal Morakhia,Anuj Sawhney; Urmila Matondkar; Dinesh Lamba,,
2005,Shabnam Mausi,,Ashutosh Rana,,
2005,Bunty Aur Babli,Shaad Ali,Amitabh Bachchan; Abhishek Bachchan; Rani Mukerji; Raj Babbar; Prem Chopra; Kunal Kumar; Tania Zaetta; Pankaj Tripathi,"₹ 90,40,05,000 (equivalent to ₹ 3.1 billion or US$32 million in 2023)",90.40
2005,Koi Mere Dil Mein Hai,Deepak Ramsay,Priyanshu Chatterjee; Dia Mirza; Rakesh Bapat; Neha,,
2005,Time Pass,,Arjun Punj; Sherlyn Chopra,,
2005,Parineeta,Pradeep Sarkar,Sanjay Dutt; Saif Ali Khan; Vidya Balan; Dia Mirza; Raima Sen,,
2005,99.9 FM,Sanjay Bhatia,Shawar Ali; Raima Sen; Dipannita Sharma,,
2005,Bachke Rehna Re Baba,Govind Menon,Rekha; Mallika Sherawat; Paresh Rawal; Karan Khanna; Satish Shah,,
2005,Silsiilay,Khalid Mohamed,Tabu; Bhumika Chawla; Riya Sen; Rahul Bose; Jimmy Shergill; Divya Dutta; Kay Kay Menon; Celina Jaitly; Natassha; Ashmit Patel,,
2005,Ssukh,Kirti Ahuja,Govinda; Preeti Jhangiani,,
2005,Chetna: The Excitement,Partho Ghosh,Jatin Grewal; Payal Rohatgi; Navneet Kaur,,
2005,Pehchaan: The Face of Truth,Shrabani Deodhar,Vinod Khanna; Raveena Tandon; Rati Agnihotri,,
2005,Paheli,Amol Palekar,Shah Rukh Khan; Rani Mukerji; Anupam Kher; Juhi Chawla; Sunil Shetty; Amitabh Bachchan; Rajpal Yadav; Naseeruddin Shah; Ratna Pathak Shah,,
2005,Amavas,Sidharth Srinivasan,Konkona Sen Sharma; Victor Banerjee,,
2005,Sarkar,Ram Gopal Varma,Amitabh Bachchan; Abhishek Bachchan; Katrina Kaif; Tanisha,"₹ 39,30,47,500 (equivalent to ₹ 1.3 billion or US$14 million in 2023)",39.30
2005,Yakeen,Girish Dhamija,Arjun Rampal; Priyanka Chopra; Anang Desai; Ankur Nayyar; Kim Sharma,,
2005,Dus,Anubhav Sinha,Suniel Shetty; Sanjay Dutt; Shilpa Shetty; Esha Deol; Zayed Khan; Abhishek Bachchan; Javed Sheikh; Dia Mirza; Raima Sen; Gulshan Grover; Pankaj Kapur,"₹ 38,83,70,000 (equivalent to ₹ 1.3 billion or US$14 million in 2023)",38.84
2005,Fareb,Deepak Tijori,Shilpa Shetty; Manoj Bajpai; Shamita Shetty,,
2005,Double Cross - Ek Dhoka,Vicky Tejwani,Sahil Khan; Negar Khan; Ayesha Jhulka,,
2005,Maine Pyaar Kyun Kiya?,David Dhawan,Salman Khan; Sushmita Sen; Katrina Kaif; Sohail Khan; Arshad Warsi; Isha Koppikar; Arbaaz Khan; Rajpal Yadav,"₹ 47,22,25,000 (equivalent to ₹ 1.6 billion or US$17 million in 2023)",47.22
2005,Mashooka,Afzal Ahmed,Aditya Bal; Meghna Naidu,,
2005,Mazaa Mazaa,T. L. V. Prasad,Payal Rohatgi; Farid Amiri; Shivani Singh; Pankaj Beri,,
2005,Hum Tum Aur Mom,Ashok Nanda,Mohnish Bahl; Sonali Goswami; Mushtaq Khan; Tiku Talsania; Reema Lagoo; Krishna Abhishek,,
2005,Kasak,Rajiv Babbar,Lucky Ali; Meera,,
2005,Viruddh... Family Comes First,Mahesh Manjrekar,Amitabh Bachchan; Sharmila Tagore; Prem Chopra; John Abraham; Anusha Dandekar; Sanjay Dutt; Tanvi Hegde; Tom Alter,,
2005,7½ Phere,Ishaan Trvedi,Manoj Pahwa; Juhi Chawla; Irrfan Khan; Chahat Khanna; Anang Desai,,
2005,Sehar,Kabeer Kaushik,Arshad Warsi; Mahima Chaudhry; Rajendra Gupta; Sushant Singh; Suhasini Mulay; Naved Aslam,,
2005,Yahaan,Shoojit Sircar,Jimmy Shergill; Minissha Lamba,,
2005,Film Star,Tanuja Chandra,Mahima Chaudhry; Priyanshu Chatterjee; Vasundhara Das; Anup Shukla,,
2005,White Rainbow,Dharan Mandrayar,Sonali Kulkarni; Amardeep Jha; Shameen Shaikh; Amruta Subhash,,
2005,Mangal Pandey: The Rising,Ketan Mehta,Aamir Khan; Rani Mukherji; Ameesha Patel; Murali Sharma,"₹ 52,57,85,000 (equivalent to ₹ 1.8 billion or US$19 million in 2023)",52.58
2005,Barsaat,Suneel Darshan,Bobby Deol; Bipasha Basu; Priyanka Chopra; Shakti Kapoor,,
2005,My Wife's Murder,Jijy Philip,Anil Kapoor; Suchitra Krishnamoorthi; Nandana Sen; Boman Irani,,
2005,Bhagmati,Ashok Kaul,Milind Soman; Mahima Chaudhry; Tabu; Ashok Kaul,,
2005,Iqbal,Nagesh Kukunoor,Shreyas Talpade; Naseeruddin Shah,,
2005,No Entry,Anees Bazmee,Anil Kapoor; Salman Khan; Fardeen Khan; Bipasha Basu; Lara Dutta; Sameera Reddy; Esha Deol; Celina Jaitly,"₹ 95,13,50,000 (equivalent to ₹ 3.2 billion or US$34 million in 2023)",95.14
2005,Aashiq Banaya Aapne,Aditya Datt,Emraan Hashmi; Tanushree Dutta; Navin Nischol; Sonu Sood,,
2005,Dansh,Kanika Verma,Kay Kay Menon; Sonali Kulkarni,,
2005,Pyaar Mein Twist,Hriday Shetty,Rishi Kapoor; Dimple Kapadia; Vikas Bhalla; Sameer Dattani; Soha Ali Khan,,
2005,Ramji Londonwale,Sanjay Dayma,Madhavan; Samita Bangargi,,
2005,Jalwa - Fun in Love,Rajiv S. Ruia,Kiran Janjani; Monalisa; Viraaj; Neha Bhatt,,
2005,Salaam Namaste,Siddharth Anand,Saif Ali Khan; Preity Zinta; Abhishek Bachchan; Arshad Warsi; Tania Zaetta; Jugal Hansraj; Javed Jaffrey; Kunal Vijaykar,"₹ 75,23,00,000 (equivalent to ₹ 2.6 billion or US$27 million in 2023)",75.23
2005,Topless,,Shweta Menon; Tarun Khanna; Sardar Sohi,,
2005,Water,Deepa Mehta,Seema Biswas; Lisa Ray; John Abraham; Sarala Kariyawasam; Manorama,,
2005,Chocolate,Vivek Agnihotri,Anil Kapoor; Sunil Shetty; Irrfan Khan; Emraan Hashmi; Arshad Warsi; Tanushree Dutta; Sushama Reddy; Murali Sharma,,
2005,James,Rohit Jugraj,Mohit Ahlawat; Nisha Kothari; Zakir Hussain; Mohan Agashe; Rajpal Yadav; Riya Sen,,
2005,Sau Jhooth Ek Sach,Bappaditya Roy,Mammootty; Vikram Gokhale,,
2005,Mumbai Godfather,Deepak Balraj Vij,Seema Biswas; Vikram Singh,,
2005,Dil Jo Bhi Kahey...,Romesh Sharma,Amitabh Bachchan; Bhumika Chawla; Karan Sharma; Revathi,,
2005,Maine Gandhi Ko Nahin Mara,Jahnu Barua,Prem Chopra; Urmila Matondkar; Anupam Kher; Parvin Dabas; Rajit Kapur; Waheeda Rehman,,
2005,Sauda - The Deal,Jay Prakash,Aryan Vaid; Preeti Jhangiani,,
2005,"Main, Meri Patni Aur Woh",Chandan Arora,Rajpal Yadav; Rituparna Sen,,
2005,Saathi: The Companion,Faaiz Anwar,Rupa Dutta; Divvij Kak; Anchal Anand; Sameer Ali Khan,,
2005,Koi Aap Sa,Partho Mitra,Aftab Shivdasani; Natassha; Himanshu Malik,,
2005,Hanuman,V. G. Samant,,,
2005,"U, Bomsi n Me",Jairaj Padmanabhan,Gautam Rode; Sonal Sehgal; Vivek Madan; Vidya Malvade,,
2005,Garam Masala,Priyadarshan,Akshay Kumar; John Abraham; Rimi Sen; Neha Dhupia; Paresh Rawal; Rajpal Yadav; Daisy Bopanna; Asrani,"₹ 64,65,17,500 (equivalent to ₹ 2.2 billion or US$23 million in 2023)",64.65
2005,Kyon Ki,Priyadarshan,Salman Khan; Kareena Kapoor; Jackie Shroff; Suniel Shetty,,
2005,Shaadi No. 1,David Dhawan,Fardeen Khan; Zayed Khan; Sharman Joshi; Esha Deol; Ayesha Takia; Soha Ali Khan; Sanjay Dutt; Rajpal Yadav; Riya Sen; Sophie Choudry; Aarti Chhabria,,
2005,Ek Khiladi Ek Haseena,Suparn Verma,Sharad Kapoor; Rakhi Sawant; Fardeen Khan; Feroz Khan; Koena Mitra; Murali Sharma; Kay Kay Menon; Gulshan Grover; Rohit Roy; Mukul Dev; Kurush Deboo,,
2005,Sitam,,Kiran Janjani; Tara Sharma; Navneet Kaur; Avtar Gill; Suhasini Mulay,,
2005,Taj Mahal: An Eternal Love Story,Akbar Khan,Arbaaz Khan; Kabir Bedi; Manisha Koirala; Pooja Batra,,
2005,Deewane Huye Paagal,Vikram Bhatt,Akshay Kumar; Shahid Kapoor; Sunil Shetty; Paresh Rawal; Rimi Sen; Vijay Raaz; Johnny Lever; Asrani; Aftab Shivdasani; Vivek Oberoi; Baljeet Singh; Om Puri; Supriya Pilgaonkar; Suresh Menon,,
2005,The Film,Junaid Memon,Mahima Chaudhry; Khalid Siddiqui; Ananya Khare; Chahat Khanna; Ravi Gossain; Vaibhav Jhalani; Vivek Madan,,
2005,Apaharan,Prakash Jha,Ajay Devgn; Bipasha Basu; Nana Patekar; Murli Sharma; Ayub Khan; Mrinalini Sharma; Pankaj Tripathi; Mukesh Tiwari,,
2005,Home Delivery,Sujoy Ghosh,Vivek Oberoi; Mahima Chaudhry; Karan Johar; Ayesha Takia; Sanjay Suri; Juhi Chawla; Boman Irani; Sunil Shetty,,
2005,Mr Ya Miss,Antara Mali,Rushad Rana; Antara Mali; Aftab Shivdasani; Riteish Deshmukh,,
2005,Ek Ajnabee,Apoorva Lakhia,Amitabh Bachchan; Arjun Rampal; Perizaad Zorabian; Vikram Chatwal; Abhishek Bachchan; Akhilendra Mishra,,
2005,Kalyug,Mohit Suri,Kunal Khemu; Amrita Singh; Emraan Hashmi; Deepal Shaw; Smilie Suri; Ashutosh Rana; Atul Parchure; Sheena Bajaj,,
2005,Neal 'n' Nikki,Arjun Sablok,Uday Chopra; Tanisha; Abhishek Bachchan; Gaurav Gera; Richa Pallod,,
2005,Bluffmaster!,Rohan Sippy,Abhishek Bachchan; Priyanka Chopra; Mahesh Thakur; Nana Patekar; Riteish Deshmukh; Boman Irani; Tinnu Anand; Sanjay Mishra,,
2005,Dosti: Friends Forever,Suneel Darshan,Akshay Kumar; Bobby Deol; Lara Dutta; Kareena Kapoor; Juhi Chawla; Shakti Kapoor; Lillete Dubey; Aman Verma; Sherlyn Chopra; Karishma Tanna; Kiran Kumar,,
2005,Vaah! Life Ho Toh Aisi!,Mahesh Manjrekar,Sanjay Dutt; Shahid Kapoor; Amrita Rao; Arshad Warsi; Mohnish Bahl; Radhika Apte; Rajat Bedi; Upasna Singh,,
2005,Anjaane,Harry W. Fernandes,Manisha Koirala; Sanjay Kapoor,,
2005,Mr Prime Minister,Dev Anand,Dev Anand; Prem Chopra; Milind Gunaji; A.K. Hangal,,
2005,Shikhar,John Matthew Matthan,Ajay Devgn; Bipasha Basu; Shahid Kapoor; Javed Sheikh; Amrita Rao; John Abraham,,
2006,Kudiyon Ka Hai Zamana,Amar Butala,Rekha; Mahima Chaudhry; Vasundhara Das; Kim Sharma; Ashmit Patel,,
2006,Devaki,Bappaditya Bandopadhyay,Ram Kapur; Perizaad Zorabian; Suman Ranganathan,,
2006,Jawani Diwani: A Youthful Joyride,Manish Sharma,Emraan Hashmi; Hrishita Bhatt; Celina Jaitley; Sherlyn Chopra,,
2006,Zinda,Sanjay Gupta,Sanjay Dutt; John Abraham; Lara Dutta; Celina Jaitley; Mahesh Manjrekar; Rajendranath Zutshi; Alisha Baig; Gaurav Chanana,,
2006,Rang De Basanti,Rakeysh Omprakash Mehra,Aamir Khan; Kunal Kapoor; Soha Ali Khan; Sharman Joshi; Atul Kulkarni; Madhavan; Alice Patten; Cyrus Sahukar; Waheeda Rehman; Kirron Kher; Om Puri; Anupam Kher; Mohan Agashe,₹ 97 crore (US$21.41 million),97.00
2006,Aksar,Anant Mahadevan,Emraan Hashmi; Dino Morea; Udita Goswami; Tara Sharma; Rajat Bedi,,
2006,Mere Jeevan Saathi,Suneel Darshan,Akshay Kumar; Karisma Kapoor; Amisha Patel,,
2006,Aisa Kyon Hota Hai?,Ajay Kanchan,Aryan Vaid; Rati Agnihotri; Johnny Lever,,
2006,Holiday,Pooja Bhatt,Dino Morea; Onjolee Nair; Kashmera Shah,,
2006,Chingaari,Kalpana Lajmi,Sushmita Sen; Mithun Chakraborty; Anuj Sawhney; Sanjay Suri,,
2006,Fight Club: Members Only,Vikram Chopra,Sunil Shetty; Riteish Deshmukh; Zayed Khan; Sohail Khan; Aashish Chaudhary; Yash Tonk; Ashmit Patel; Rahul Dev; Dino Morea; Diya Mirza; Neha Dhupia; Amrita Arora; Murali Sharma,,
2006,Rafta Rafta – The Speed,Raj Sharma,Sameer Dharmadhikari; Viraaj Kumar; Urmila Rao; Monica Castelino,,
2006,Humko Tumse Pyaar Hai,Vikram Bhatt,Bobby Deol; Arjun Rampal; Amisha Patel,,
2006,Taxi No. 9211,Milan Luthria,John Abraham; Nana Patekar; Sameera Reddy; Sonali Kulkarni,,
2006,Teesri Aankh: The Hidden Camera,Harry Baweja,Sunny Deol; Amisha Patel; Murli Sharma; Neha Dhupia; Mukesh Rishi,,
2006,Jigyaasa,Faisal Saif,Hrishita Bhatt; Varsha Usgaonkar; Mukesh Tiwari; Milind Gunaji; Jaya Bhattacharya; Kader Khan,,
2006,Malamaal Weekly,Priyadarshan,Paresh Rawal; Om Puri; Ritesh Deshmukh; Reema Sen; Arbaaz Khan; Shakti Kapoor; Asrani,,
2006,Umar,Karan Razdan,Jimmy Sheirgill; Shenaz Treasurywala; Kader Khan,,
2006,Being Cyrus,Homi Adajania,Saif Ali Khan; Dimple Kapadia; Boman Irani; Naseeruddin Shah; Simone Singh,,
2006,Souten: The Other Woman,Karan Razdan,Gulshan Grover; Mahima Chaudhry,,
2006,Chand Ke Paar Chalo,Mustafa Engineer,Preeti Jhangiani; Sanjay Narvekar,,
2006,Banaras,Pankaj Parashar,Urmila Matondkar; Dimple Kapadia; Ashmit Patel; Naseeruddin Shah; Raj Babbar,,
2006,Saawan... The Love Season,Saawan Kumar Tak,Salman Khan; Saloni Aswani; Kapil Jhaveri; Johnny Lever,,
2006,Shaadi Se Pehle,Satish Kaushik,Akshaye Khanna; Ayesha Takia; Mallika Sherawat; Sunil Shetty; Aftab Shivdasani; Anupam Kher,,
2006,Eight: The Power of Shani,Karan Razdan,Raj Tara; Gulshan Grover,,
2006,Humko Deewana Kar Gaye,Raj Kanwar,Akshay Kumar; Anil Kapoor; Katrina Kaif; Bipasha Basu; Bhagyashree; Vivek Shauq,,
2006,Pyare Mohan,Indra Kumar,Vivek Oberoi; Fardeen Khan; Esha Deol; Amrita Rao; Boman Irani,,
2006,Darna Zaroori Hai,Ram Gopal Varma,Amitabh Bachchan; Anil Kapoor; Sunil Shetty; Bipasha Basu; Arjun Rampal; Riteish Deshmukh; Mallika Sherawat; Randeep Hooda; Rajpal Yadav; Sonali Kulkarni; Nisha Kothari,,
2006,Gangster: A Love Story,Anurag Basu,Emraan Hashmi; Kangana Ranaut; Shiney Ahuja; Gulshan Grover,,
2006,36 China Town,Abbas–Mustan,Shahid Kapoor; Kareena Kapoor; Priyanka Chopra; Tanushree Dutta; Akshaye Khanna; Isha Koppikar; Upen Patel; Johny Lever; Paresh Rawal; Payal Rohatgi,,
2006,Tathastu,Anubhav Sinha,Sanjay Dutt; Amisha Patel; Anup Soni; Gulshan Grover; Darshan Jariwala,,
2006,"Tom, Dick, and Harry",Deepak Tijori,Jimmy Sheirgill; Dino Morea; Anuj Sawhney; Celina Jaitley; Kim Sharma,,
2006,Aatma,Deepak Ramsay,Kapil Jhaveri; Neha,,
2006,Ankahee,Vikram Bhatt,Aftab Shivdasani; Amisha Patel; Vikas Bhalla; Esha Deol; Hrishita Bhatt; Ashwini Kalsekar,,
2006,Jaadu Sa Chal Gaya,Dev Basu,Raqesh Bapat; Sudhanshu Pandey; Meera Vasudevan,,
2006,Fanaa,Kunal Kohli,Aamir Khan; Kajol; Tabu; Rishi Kapoor; Shiney Ahuja; Kirron Kher; Lara Dutta; Sharat Saxena,₹ 103 crore (US$22.73 million),103.00
2006,Love Ke Chakkar Mein,B. H. Tharunkumar,Akshat Bhatia; Rishi Kapoor; Namitha; Satish Shah,,
2006,Sacred Evil – A True Story,Abhigyan Jha,Sarika,,
2006,Chup Chup Ke,Priyadarshan,Shahid Kapoor; Kareena Kapoor; Neha Dhupia; Sunil Shetty; Paresh Rawal; Rajpal Yadav; Shakti Kapoor; Om Puri; Anupam Kher,,
2006,Phir Hera Pheri,Neeraj Vora,Akshay Kumar; Sunil Shetty; Paresh Rawal; Bipasha Basu; Rimi Sen; Kashmera Shah; Johny Lever; Gulshan Grover,₹ 69 crore (US$15.23 million),69.00
2006,Alag,Ashu Trikha,Yatin Karyekar; Dia Mirza; Shah Rukh Khan; Mukesh Tiwari; Arjun Rampal; Akshay Kapoor; Karan Johar; Sushmita Sen,,
2006,Krrish,Rakesh Roshan,Rekha; Hrithik Roshan; Priyanka Chopra; Naseeruddin Shah,₹ 126.5 crore (US$27.92 million),126.50
2006,Corporate,Madhur Bhandarkar,Bipasha Basu; Kay Kay Menon; Minissha Lamba; Payal Rohatgi,,
2006,Golmaal: Fun Unlimited,Rohit Shetty,Ajay Devgn; Arshad Warsi; Sharman Joshi; Tusshar Kapoor; Paresh Rawal; Rimi Sen; Sushmita Mukherjee,,
2006,The Killer,Hasnain Hyderabadwala,Irrfan Khan; Emraan Hashmi; Nisha Kothari,,
2006,The Real Dream Girls,Suresh Jain,Gulshan Rana; Tanveer Hashmi; Karishma; Dipti Verma,,
2006,Yun Hota Toh Kya Hota,Nasseruddin Shah,Ayesha Takia; Konkona Sen Sharma; Paresh Rawal,,
2006,Omkara,Vishal Bhardwaj,Ajay Devgn; Kareena Kapoor; Saif Ali Khan; Konkona Sen Sharma; Vivek Oberoi; Bipasha Basu,,
2006,Anthony Kaun Hai?,Raj Kaushal,Sanjay Dutt; Arshad Warsi; Minissha Lamba; Anusha Dhandekar; Gulshan Grover,,
2006,Darwaaza Bandh Rakho,J. D. Chakravarthy,Aftab Shivdasani; Manisha Koirala; Gulshan Grover; Snehal Dabi; Chunky Pandey,,
2006,Shaadi Karke Phas Gaya Yaar,K. S. Adiyaman,Salman Khan; Shilpa Shetty; Mohnish Bahl; Shakti Kapoor; Supriya Karnik; Reema Lagoo,,
2006,Kabhi Alvida Naa Kehna,Karan Johar,Amitabh Bachchan; Shah Rukh Khan; Abhishek Bachchan; Rani Mukerji; Preity Zinta; Kirron Kher,₹ 113 crore (US$24.94 million),113.00
2006,Ahista Ahista,Shivam Nair,Abhay Deol; Soha Ali Khan; Shayan Munshi; Brijendra Kala; Richa Chadda; Shakeel Khan,,
2006,Aap Ki Khatir,Dharmesh Darshan,Sunil Shetty; Akshaye Khanna; Dino Morea; Anupam Kher; Sharat Saxena; Lillete Dubey; Amisha Patel; Priyanka Chopra,,
2006,Sandwich,Anees Bazmee,Govinda; Raveena Tandon; Mahima Chaudhry,,
2006,Jaane Hoga Kya,"Glen Barretto, Ankush Mohla",Aftab Shivdasani; Bipasha Basu; Preeti Jhangiani; Paresh Rawal; Rahul Dev,,
2006,Lage Raho Munna Bhai,Rajkumar Hirani,Sanjay Dutt; Arshad Warsi; Vidya Balan; Boman Irani; Dia Mirza; Jimmy Shergill,₹ 126.2 crore (US$27.85 million),126.20
2006,Dil Diya Hai,Aaditya Datt,Emraan Hashmi; Kitu Gidwani; Ranjeet; Ashmit Patel; Geeta Basra; Mithun Chakraborty,,
2006,Naksha,Sachin Bajaj,Sunny Deol; Vivek Oberoi; Sameera Reddy; Jackie Shroff,,
2006,Bas Ek Pal,Onir,Juhi Chawla; Urmila Matondkar; Jimmy Sheirgill; Sanjay Suri,,
2006,Pyaar Ke Side Effects,Saket Chaudhary,Rahul Bose; Mallika Sherawat; Jas Arora; Ranvir Shorey; Aamir Bashir,,
2006,Shiva,Ram Gopal Varma,Mohit Ahlawat; Nisha Kothari,,
2006,Dor,Nagesh Kukunoor,Ayesha Takia; Gul Panag; Shreyas Talpade; Vishal Malhotra,,
2006,Khosla Ka Ghosla,Dibakar Banerjee,Anupam Kher; Boman Irani; Parvin Dabas; Nitesh Pandey; Kiran Juneja; Tara Sharma; Ranvir Shorey; Danish Aslam; Vinay Pathak,,
2006,Rocky,Suresh Krishna,Zayed Khan; Minissha Lamba; Rajat Bedi; Isha Sharvani,,
2006,Krishna,Amar Khan,Sonu Nigam; Sunidhi Chauhan,,
2006,Woh Lamhe...,Mohit Suri,Kangana Ranaut; Shiney Ahuja; Purab Kohli,,
2006,Bhoot Unkle,Mukesh Saigal,Jackie Shroff; Sheena Bajaj,,
2006,Jaana - Let's Fall In Love,"Glen Barretto, Ankush Mohla",Rajesh Khanna; Zeenat Aman; Rehan Khan; Anjana Sukhani; Rajeev Verma,,
2006,Iqraar by Chance,K. Ravi Shankar,Shilpa Anand; Amarjeet Shukla; Rahul Dev; Arbaaz Khan,,
2006,Zindaggi Rocks,Tanuja Chandra,Sushmita Sen; Shiney Ahuja,,
2006,Utthaan,Ujjhal Chatterjee,Priyanshu Chatterjee; Neha Dhupia; Sudesh Berry,,
2006,Don: The Chase Begins Again,Farhan Akhtar,Shah Rukh Khan; Priyanka Chopra; Arjun Rampal; Kareena Kapoor; Boman Irani; Om Puri; Isha Koppikar,₹ 106 crore (US$23.4 million),106.00
2006,Jaan-E-Mann,Shirish Kunder,Salman Khan; Akshay Kumar; Preity Zinta,,
2006,Umrao Jaan,J. P. Dutta,Aishwarya Rai; Abhishek Bachchan; Shabana Azmi; Sunil Shetty; Divya Dutta,,
2006,Apna Sapna Money Money,Sangeeth Sivan,Sunil Shetty; Riteish Deshmukh; Shreyas Talpade; Celina Jaitley; Anupam Kher; Koena Mitra; Jackie Shroff; Riya Sen; Chunky Pandey; Rajpal Yadav,,
2006,Deadline: Sirf 24 Ghante,Tanveer Khan,Irrfan Khan; Konkona Sen Sharma; Rajeev Verma,,
2006,Vivah,Sooraj R. Barjatya,Shahid Kapoor; Amrita Rao; Mohnish Bahl; Anupam Kher; Samir Soni,₹ 49 crore (US$10.82 million),49.00
2006,Unns...Means Love,Bhupender Gupta,Juhi Babbar; Chitrapama Banerjee; Sanjay Kapoor,,
2006,Sarhad Paar,Raman Kumar,Sanjay Dutt; Tabu; Mahima Chaudhry; Rahul Dev,,
2006,Dhoom 2,Sanjay Gadhvi,Hrithik Roshan; Abhishek Bachchan; Aishwarya Rai; Bipasha Basu; Uday Chopra; Rimi Sen,₹ 151 crore (US$33.33 million),151.00
2006,Baabul,Ravi Chopra,Amitabh Bachchan; Hema Malini; Salman Khan; Rani Mukherji; John Abraham,,
2006,Aryan,Abhishek Kapoor,Sohail Khan; Sneha Ullal; Inder Kumar; Fardeen Khan; Ahsaas Channa; Satish Shah; Farida Jalal; Puneet Issar,,
2006,Kabul Express,Kabir Khan,John Abraham; Linda Arsenio; Arshad Warsi,,
2006,Bhagam Bhag,Priyadarshan,Akshay Kumar; Govinda; Paresh Rawal; Lara Dutta; Tanushree Dutta; Jackie Shroff; Gurleen Chopra; Rajpal Yadav; Sharat Saxena; Arbaaz Khan; Shakti Kapoor; Asrani; Manoj Joshi,₹ 67 crore (US$14.79 million),67.00
2006,I See You,Vivek Agrawal,Arjun Rampal; Vipasha Agarwal; Sonali Kulkarni; Chunky Pandey; Boman Irani; Kirron Kher; Shahrukh Khan; Hrithik Roshan,,
2007,Anwar,Manish Jha,Siddharth Koirala; Rajpal Yadav; Nauheed Cyrusi; Vijay Raaz; Manisha Koirala; Sudhir Pandey; Hiten Tejwani; Rasika Dugal,,
2007,Guru,Mani Ratnam,Abhishek Bachchan; Aishwarya Rai; Arjan Bajwa; Mithun Chakraborty; Vidya Balan; R. Madhavan,₹ 83.67 crore,83.67
2007,Risk,Vishram Sawant,Vinod Khanna; Randeep Hooda; Tanushree Dutta; Seema Biswas,,
2007,Salaam-e-Ishq: A Tribute to Love,Nikhil Advani,Salman Khan; Akshaye Khanna; Priyanka Chopra; Anil Kapoor; Ayesha Takia; Juhi Chawla; Vidya Balan; John Abraham; Sohail Khan; Isha Koppikar; Govinda; Shannon Esra; Vishal Malhotra; Anjana Sukhani,,
2007,Traffic Signal,Madhur Bhandarkar,Kunal Khemu; Neetu Chandra; Naseer Abdullah; Vinay Apte; Konkona Sen Sharma; Ranvir Shorey; Gopal K Singh,,
2007,Black Friday,Anurag Kashyap,Kay Kay Menon; Pavan Malhotra; Aditya Srivastava; Imtiaz Ali; Pratima Kazmi; Zakir Hussain,,
2007,Eklavya: The Royal Guard,Vidhu Vinod Chopra,Amitabh Bachchan; Sharmila Tagore; Sanjay Dutt; Saif Ali Khan; Vidya Balan; Jimmy Sheirgill; Jackie Shroff; Raima Sen,,
2007,Haseena,Vicky Ranawat,Isha Koppikar; Raj Babbar; Kiran Janjani; Preeti Jhangiani,,
2007,Honeymoon Travels Pvt. Ltd.,Reema Kagti,Shabana Azmi; Boman Irani; Amisha Patel; Sandhya Mridul; Diya Mirza; Minissha Lamba; Kay Kay Menon; Arjun Rampal; Ranvir Shorey; Raima Sen; Karan Khanna; Vikram Chatwal; Ayaz Khan; Abhay Deol,,
2007,Nehlle Pe Dehlla,Ajay Chandhok,Sanjay Dutt; Saif Ali Khan; Bipasha Basu; Kim Sharma,,
2007,Nishabd,Ram Gopal Varma,Amitabh Bachchan; Jiah Khan; Aftab Shivdasani; Revathi,,
2007,Water,Deepa Mehta,Seema Biswas; Lisa Ray; John Abraham; Waheeda Rehman; Sarala Kariyawasam; Manorama; Raghubir Yadav; Vinay Pathak,,
2007,1971,Amrit Sagar,Manoj Bajpai; Ravi Kishan; Manav Kaul; Bikramjeet Kanwarpal; Deepak Dobriyal; Piyush Mishra,,
2007,Red: The Dark Side,Vikram Bhatt,Aftab Shivdasani; Amrita Arora; Celina Jaitly,,
2007,Hattrick,Milan Luthria,Paresh Rawal; Rimi Sen; Kunal Kapoor; Nana Patekar; Danny Denzongpa; Asawari Joshi; John Abraham; Manoj Pahwa,,
2007,Just Married,Meghna Gulzar,Fardeen Khan; Esha Deol; Eijaz Khan; Anupam Kher; Kirron Kher; Satish Shah,,
2007,My Bollywood Bride,Rajeev Virani,Jason Lewis; Kashmera Shah; Sanjay Suri; Gulshan Grover,,
2007,Namastey London,Vipul Amrutlal Shah,Akshay Kumar; Katrina Kaif; Rishi Kapoor; Upen Patel; Riteish Deshmukh; Javed Sheikh; Clive Standen; Nina Wadia,₹ 71.4 crore,71.40
2007,The Namesake,Mira Nair,Kal Penn; Tabu; Irrfan Khan; Sahira Nair,,
2007,Delhii Heights,Anand Kumar,Jimmy Sheirgill; Neha Dhupia; R Madhavan; Rohit Roy; Simone Singh; Om Puri,,
2007,Say Salaam India,Subhash Kapoor,Sanjay Suri; Sandhya Mridul; Aditya Seal; Milind Soman,,
2007,Shakalaka Boom Boom,Suneel Darshan,Bobby Deol; Upen Patel; Kangana Ranaut; Celina Jaitly; Anupam Kher; Govind Namdev,,
2007,Big Brother,Guddu Dhanoa,Sunny Deol; Priyanka Chopra; Danny Denzongpa; Raju Srivastava,,
2007,Bheja Fry,Sagar Ballary,Vinay Pathak; Sarika; Ranvir Shorey; Rajat Kapoor; Milind Soman,,
2007,Life Mein Kabhie Kabhiee,Vikram Bhatt,Dino Morea; Aftab Shivdasani; Anjori Alagh; Nauheed Cyrusi; Sameer Dattani; Anuj Sawhney,,
2007,Aur Pappu Paas Ho Gaya,S. Soni,Krishna Abhishek; Kashmera Shah; Sikandar Kharbanda; Jackie Shroff,,
2007,Kya Love Story Hai,Lovely Singh,Tusshar Kapoor; Ayesha Takia; Kareena Kapoor; Shahid Kapoor,,
2007,Ta Ra Rum Pum,Siddharth Anand,Saif Ali Khan; Rani Mukerji; Javed Jaffrey; Shruti Seth; Master Ali Haji; Aarti Chabria,₹ 70 crore,70.00
2007,Yatra,Gautam Ghose,Rekha; Nana Patekar; Deepti Naval,,
2007,"Good Boy, Bad Boy",Ashwini Chaudhary,Emraan Hashmi; Tusshar Kapoor; Isha Sharvani; Tanushree Dutta; Paresh Rawal,,
2007,Life in a... Metro,Anurag Basu,Dharmendra; Irrfan Khan; Kay Kay Menon; Sharman Joshi; Shiney Ahuja; Shilpa Shetty; Kangana Ranaut; Konkana Sen Sharma; Ashwin Mushran; Manoj Pahwa,,
2007,Ek Chalis Ki Last Local,Sanjay Khanduri,Abhay Deol; Neha Dhupia; Deepak Shirke; Ashwin Mushran; Nawazuddin Siddiqui; Snehal Dabi; Ashok Samarth; Sunita Rajwar,,
2007,Raqeeb,Anurag Singh,Rahul Khanna; Jimmy Sheirgill; Sharman Joshi; Tanushree Dutta,,
2007,Cheeni Kum,R. Balki,Amitabh Bachchan; Tabu; Paresh Rawal; Zohra Sehgal,,
2007,Shootout at Lokhandwala,Apoorva Lakhia,Amitabh Bachchan; Sanjay Dutt; Sunil Shetty; Vivek Oberoi; Tusshar Kapoor; Arbaaz Khan; Abhishek Bachchan; Neha Dhupia; Dia Mirza; Aarti Chabria; Amrita Singh; Rohit Roy,,
2007,Fool & Final,Ahmed Khan,Arbaaz Khan; Sunny Deol; Shahid Kapoor; Vivek Oberoi; Ayesha Takia; Jackie Shroff; Paresh Rawal; Sameera Reddy; Gulshan Grover; Om Puri; Sharmila Tagore; Johnny Lever,,
2007,Dharm,Bhavna Talwar,Pankaj Kapur; Hrishitaa Bhatt; Supriya Pathak,,
2007,MP3: Mera Pehla Pehla Pyaar,Robbie Grewal,Ruslaan Mumtaz; Hazel Crowney; Gaurav Gera; Manoj Pahwa,,
2007,Red Swastik,Vinod Pande,Sherlyn Chopra; Deepshika,,
2007,Swami,Ganesh Acharya,Manoj Bajpai; Juhi Chawla,,
2007,The Train,"Hasnain Hyderabadwala, Raksha Mistry",Emraan Hashmi; Geeta Basra; Rajat Bedi; Sayali Bhagat; Suresh Menon,,
2007,Jhoom Barabar Jhoom,Shaad Ali,Abhishek Bachchan; Preity Zinta; Bobby Deol; Lara Dutta; Amitabh Bachchan; Piyush Mishra,,
2007,Chain Kulii Ki Main Kulii,Karanjeet Saluja,Zain Khan; Rahul Bose; Meera Vasudevan; Nassar Abdullah,,
2007,Aap Kaa Surroor,Prashant Chadha,Himesh Reshammiya; Hansika Motwani; Mallika Sherawat; Darshan Jariwala; Raj Babbar,,
2007,Apne,Anil Sharma,Dharmendra; Sunny Deol; Bobby Deol; Shilpa Shetty; Katrina Kaif; Divya Dutta; Kirron Kher; Kurush Deboo; Aryan Vaid; Victor Banerjee,,
2007,Awarapan,Mohit Suri,Emraan Hashmi; Shriya Saran; Salil Acharya; Mrinalini Sharma; Ashish Vidyarthi; Ashutosh Rana; Purab Kohli; Rehan Khan,,
2007,Journey Bombay to Goa,Raj Pendurkar,Sunil Pal; Raju Shrivastav; Asrani; Vijay Raaz; Tinu Anand; Ehsaan Qureshi; Aasif Sheikh,,
2007,My Friend Ganesha,Rajiv S Ruia,Ahsaas Channa; Kiran Janjani; Shital Shah; Upasana Singh,,
2007,Jahan Jaaeyega Hamen Paaeyega,Janmendra Ahuja,Govinda; Sakshi Sivanand; Krishna Abhishek; Vinay Anand; Sharat Saxena; Mukesh Rishi; Kader Khan; Raju Srivastav,,
2007,Naqaab,Abbas Mustan,Bobby Deol; Akshaye Khanna; Urvashi Sharma; Vishal Malhotra; Vikas Kalantri,,
2007,Partner,David Dhawan,Salman Khan; Govinda; Lara Dutta; Katrina Kaif; Aarti Chabria; Rajat Bedi; Rajpal Yadav; Dalip Tahil,₹ 101 crore,101.00
2007,Cash,Anubhav Sinha,Ajay Devgn; Sunil Shetty; Zayed Khan; Riteish Deshmukh; Esha Deol; Shamita Shetty; Dia Mirza; Ayesha Takia,,
2007,"Gandhi, My Father",Feroz Abbas Khan,Akshaye Khanna; Shefali Shah; Bhumika Chawla; Darshan Jariwala,,
2007,Chak De! India,Shimit Amin,Shah Rukh Khan; Sagarika Ghatge; Vivan Bhatena; Vidya Malvade; Chitrashi Rawat; Seema Azmi; Nakul Vaid; Vibha Chibber,₹ 109 crore,109.00
2007,Kaafila,Ammtoje Mann,Sunny Deol; Sara Loren; Chandan Anand; Sudesh Berry; Sana Nawaz,,
2007,Buddha Mar Gaya,Rahul Rawail,Ranvir Shorey; Rakhi Sawant; Anupam Kher; Om Puri; Paresh Rawal,,
2007,Marigold,Willard Carroll,Salman Khan; Ali Larter,,
2007,Heyy Babyy,Sajid Khan,Akshay Kumar; Riteish Deshmukh; Fardeen Khan; Vidya Balan; Boman Irani; Anupam Kher; Vrajesh Hirjee; Muskaan Mihani,₹ 84 crore,84.00
2007,Aag,Ram Gopal Varma,Amitabh Bachchan; Urmila Matondkar; Ajay Devgn; Sushmita Sen; Nisha Kothari; Mohanlal; Prashant Raj Sachdev; Rajpal Yadav,,
2007,Dhokha,Pooja Bhatt,Muzammil Ibrahim; Tulip Joshi; Ashutosh Rana; Anupam Kher; Gulshan Grover; Aushima Sawhney,,
2007,Victoria No. 203,Anant Mahadevan,Om Puri; Anupam Kher; Jimmy Sheirgill; Preeti Jhangiani; Kamal Sadanah; Javed Jaffrey; Johnny Lever,,
2007,Apna Asmaan,Kaushik Roy,Irrfan Khan; Shobana; Nassar Abdullah; Anupam Kher; Rajat Kapoor,,
2007,Darling,Ram Gopal Verma,Fardeen Khan; Isha Koppikar; Zakir Hussain; Esha Deol; Nisha Kothari,,
2007,Dhamaal,Indra Kumar,Javed Jaffrey; Sanjay Dutt; Riteish Deshmukh; Arshad Warsi; Aashish Chaudhary; Manoj Pahwa; Murali Sharma; Asrani; Vijay Raaz; Kurush Deboo,,
2007,Aggar,Anant Mahadevan,Shreyas Talpade; Tushar Kapoor; Udita Goswami; Vikas Kalantri; Suresh Menon,,
2007,Nanhe Jaisalmer,Samir Karnik,Bobby Deol; Dwij Yadav; Katrina Kaif; Sharat Saxena,,
2007,Dhol,Priyadarshan,Sharman Joshi; Tusshar Kapoor; Kunal Khemu; Rajpal Yadav; Tanushree Dutta; Murli Sharma; Om Puri; Arbaaz Khan,,
2007,Manorama Six Feet Under,Navdeep Singh,Abhay Deol; Nawazuddin Siddiqui; Raima Sen; Gul Panag; Vinay Pathak,,
2007,Dil Dosti Etc,Manish Tiwary,Shreyas Talpade; Nikita Anand; Imaad Shah; Smriti Mishra; Ishita Sharma,,
2007,Johnny Gaddaar,Sriram Raghavan,Neil Nitin Mukesh; Dharmendra; Vinay Pathak; Zakir Hussain; Rimi Sen; Dayanand Shetty,,
2007,Chhodon Naa Yaar,Dillip Sood,Jimmy Sheirgill; Kim Sharma; Kabir Sadanand,,
2007,Go,Manish Shrivastava,Gautam Gupta; Nisha Kothari; Ravi Bhatia; Kay Kay Menon; Rajpal Yadav,,
2007,50 Lakh,Chandra Sekhar Yeleti,Pawan Malhotra; Mohit Chadda; Shashank; Abhishek; Janardhan; and; Sindhu Tolani,,
2007,Bhool Bhulaiyaa,Priyadarshan,Akshay Kumar; Vidya Balan; Rajpal Yadav; Amisha Patel; Shiney Ahuja; Kaveri Jha; Paresh Rawal; Vineeth,₹ 83 crore,83.00
2007,Laaga Chunari Mein Daag,Pradeep Sarkar,Jaya Bachchan; Rani Mukerji; Abhishek Bachchan; Konkona Sen Sharma; Kunal Kapoor; Anupam Kher,,
2007,Speed,Vikram Bhatt,Sanjay Suri; Zayed Khan; Urmila Matondkar; Sophie Choudry; Aftab Shivdasani; Tanushree Dutta; Amrita Arora; Aashish Chaudhary,,
2007,Bal Ganesh,Pankaj Sharma,Ashar Shaikh; Adarsh Gautam; Namrata Sawhney,,
2007,Jab We Met,Imtiaz Ali,Shahid Kapoor; Kareena Kapoor; Tarun Arora; Saumya Tandon; Pawan Malhotra; Dara Singh,,
2007,Mumbai Salsa,Manoj Tyagi,Vir Das; Linda Arsenio; Manjari Phadnis; Dilip Thadeshwar,,
2007,No Smoking,Anurag Kashyap,John Abraham; Ayesha Takia; Paresh Rawal; Ranvir Shorey; Bipasha Basu,,
2007,Om Shanti Om,Farah Khan,Shah Rukh Khan; Deepika Padukone; Arjun Rampal; Shreyas Talpade; Kiron Kher; Asawari Joshi; Bindu; Yuvika Chaudhary; Satish Shah,₹ 152 crore,152.00
2007,Saawariya,Sanjay Leela Bhansali,Ranbir Kapoor; Sonam Kapoor; Rani Mukerji; Salman Khan,,
2007,Goal,Vivek Agnihotri,John Abraham; Bipasha Basu; Kushal Punjabi; Arshad Warsi; Boman Irani,,
2007,Aaja Nachle,Anil Mehta,Madhuri Dixit; Akshaye Khanna; Vinay Pathak; Kunal Kapoor; Konkona Sen Sharma; Ranvir Shorey; Irrfan Khan; Jugal Hansraj,,
2007,Gauri: The Unborn,Akku Akbar,Rituparna Sengupta; Atul Kulkarni,,
2007,Dus Kahaniyaan,"Sanjay Gupta , Apoorva Lakhia , Meghna Gulzar , Rohit Roy , Hansal Mehta , Jasmeet Dhodhi",Sanjay Dutt; Sunil Shetty; Arbaaz Khan; Nana Patekar; Dino Morea; Manoj Bajpai; Aftab Shivdasani; Diya Mirza; Amrita Singh; Neha Dhupia; Minissha Lamba; Tarina Patel; Naseeruddin Shah; Shabana Azmi; Anupam Kher; Natassha,,
2007,Khoya Khoya Chand,Sudhir Mishra,Shiney Ahuja; Soha Ali Khan; Sushmita Mukherjee; Vinay Pathak; Rajat Kapoor; Sonya Jehan,,
2007,Strangers,Aanand L. Rai,Jimmy Sheirgill; Kay Kay Menon; Nandana Sen; Sonali Kulkarni,,
2007,Taare Zameen Par,Aamir Khan,Aamir Khan; Darsheel Safary; Tisca Chopra; Vipin Sharma; Tanay Chheda; Sachet Engineer,₹ 98.48 crore,98.48
2007,Welcome,Anees Bazmee,Akshay Kumar; Nana Patekar; Anil Kapoor; Katrina Kaif; Mallika Sherawat; Paresh Rawal; Feroz Khan,₹122 crore,122.00
2007,Return of Hanuman,Anurag Kashyap,Pinky Rajput; Malak Shah; Suraj; Uday Sabnis; Dhananjai Shrestha; Ayesha Raza; Chetanya Adib; Rajeev Raj; Sudesh Bhosale; Rajendra Gupta,,
2007,Showbiz,Raju Khan,Tushar Jalota; Mrinalini Sharma; Gulshan Grover; Delnaaz Irani; Sushant Singh,,
2008,Humne Jeena Seekh Liya,Milind Ukey,Siddharth Chandekar; Mrunmayi Deshpande,,
2008,Halla Bol,Rajkumar Santoshi,Ajay Devgn; Vidya Balan; Tushar Kapoor; Kareena Kapoor; Pankaj Kapur; Sana Khan; Jackie Shroff; Aarti Chabria,,
2008,My Name Is Anthony Gonsalves,Eeshwar Nivas,Nikhil Dwivedi; Amrita Rao; Vishal O Sharma; Mithun Chakraborty; Lillete Dubey; Jawed Sheikh,,
2008,Bombay to Bangkok,Nagesh Kukunoor,Shreyas Talpade; Lena Christensen; Naseeruddin Shah,,
2008,Tulsi,K. Ajay Kumar,Irrfan Khan; Manisha Koirala; Arzoo Govitrikar,,
2008,Sunday,Rohit Shetty,Ajay Devgn; Ayesha Takia; Arshad Warsi; Irrfan Khan; Tusshar Kapoor; Esha Deol; Murli Sharma; Anjana Sukhani,,
2008,Rama Rama Kya Hai Dramaa?,S. Chandrakaant,Rajpal Yadav; Neha Dhupia; Ashish Chaudhary; Amrita Arora; Anupam Kher; Rati Agnihotri; Alan Kapoor,,
2008,Superstar,Rohit Jugraj,Kunal Khemu; Tulip Joshi; Aman Verma; Aushima Sawhney; Reema Lagoo; Sharat Saxena,,
2008,Jodhaa Akbar,Ashutosh Gowariker,Hrithik Roshan; Aishwarya Rai Bachchan; Sonu Sood; Ila Arun,₹ 120 crore (US$27.58 million),120.00
2008,Black & White,Subhash Ghai,Anil Kapoor; Anurag Sinha; Shefali Shah; Aditi Sharma; Anurag Singh,,
2008,Race,Abbas–Mustan,Anil Kapoor; Saif Ali Khan; Bipasha Basu; Akshaye Khanna; Katrina Kaif; Sameera Reddy,₹ 106 crore (US$24.37 million),106.00
2008,One Two Three,Ashwni Dhir,Tusshar Kapoor; Paresh Rawal; Suniel Shetty; Esha Deol; Sameera Reddy; Upen Patel; Neetu Chandra; Tanishaa Mukerji; Murli Sharma; Ashwin Mushran,,
2008,Shaurya,Samar Khan,Kay Kay Menon; Rahul Bose; Minissha Lamba; Shah Rukh Khan; Amrita Rao; Javed Jaffrey,,
2008,Bhram,Pavan Kaul,Dino Morea; Deepshikha Nagpal; Milind Soman; Sheetal Menon; Karan Singh Grover; Chetan Hansraj,,
2008,Krazzy 4,Jaideep Sen,Juhi Chawla; Arshad Warsi; Irrfan Khan; Suresh Menon; Rajpal Yadav; Dia Mirza; Mukesh Rishi; Rajat Kapoor,,
2008,U Me Aur Hum,Ajay Devgn,Ajay Devgn; Kajol; Aditya Singh Rajput; Karan Khanna; Isha Sharvani; Hazel Crowney; Sumeet Raghavan; Divya Dutta,,
2008,Pehli Nazar Ka Pyaar,Arshad Khan,Arbaaz Ali Khan; Vikas Anand; Rahul; Dinesh Hingoo; Tej Sapru,,
2008,Sirf,Rajaatesh Nayar,Kay Kay Menon; Manisha Koirala; Ranvir Shorey; Parvin Dabas; Sonali Kulkarni,,
2008,Tashan,Vijay Krishna Acharya,Akshay Kumar; Saif Ali Khan; Kareena Kapoor; Anil Kapoor; Manoj Pahwa; Rajesh Jais,,
2008,Mr. Black Mr. White,Deepak Shivdasani,Sunil Shetty; Sandhya Mridul; Arshad Warsi; Sharat Saxena; Tania Zaetta; Rashmi Nigam,,
2008,Anamika,Anant Mahadevan,Dino Morea; Minissha Lamba; Koena Mitra; Aarti Chabria; Gulshan Grover,,
2008,Jimmy,Raj N. Sippy,Mimoh Chakraborty; Rati Agnihotri; Vikas Anand,,
2008,Bhoothnath,Vivek Sharma,Amitabh Bachchan; Juhi Chawla; Priyanshu Chatterjee; Shah Rukh Khan; Aman Siddiqui; Rajpal Yadav; Satish Shah; Ashish Chaudhary; Nauheed Cyrusi; Shaana Diya,₹ 70 crore (US$16.09 million),70.00
2008,Jannat,Kunal Deshmukh,Emraan Hashmi; Vishal Malhotra; Sonal Chauhan; Sameer Kochhar; Javed Shaikh,,
2008,Dhoom Dadakka,Shashi Ranjan,Anupam Kher; Gulshan Grover; Satish Kaushik; Satish Shah,,
2008,Don Muthu Swami,Ashim Samanta,Hrishita Bhatt; Mithun Chakraborty; Shakti Kapoor; Rohit Roy,,
2008,Ghatothkach,Singeetam Srinivasa Rao,,,
2008,Woodstock Villa,Hansal Mehta,Sikandar Kher; Neha Oberoi; Gaurav Gera; Arbaaz Khan; Sanjay Dutt; Shakti Kapoor; Gulshan Grover; Sachin Khedekar; Boman Irani; Anupama Verma,,
2008,Aamir,Rajkumar Gupta,Rajeev Khandelwal; Gajraj Rao; Rohitash Gaud; Sudipto Balav; Vikas Bahl; Uday Sabnis,,
2008,Sarkar Raj,Ram Gopal Verma,Amitabh Bachchan; Abhishek Bachchan; Aishwarya Rai Bachchan; Supriya Pathak; Tanishaa Mukerji; Ravi Kale,₹ 63 crore (US$14.48 million),63.00
2008,Mere Baap Pehle Aap,Priyadarshan,Akshaye Khanna; Paresh Rawal; Genelia D'Souza; Arzoo Govitrikar; Om Puri; Rajpal Yadav,,
2008,Summer 2007,Suhail Tatari,Sikandar Kher; Gul Panag; Neetu Chandra; Susan Brar; Uvika Choudhary,,
2008,De Taali,Eeshwar Nivas,Riteish Deshmukh; Aftab Shivdasani; Ayesha Takia; Rimi Sen; Mukul Dev; Neha Dhupia; Anupam Kher; Anjana Sukhani,,
2008,Haal-e-Dil,Anil Devgan,Ajay Devgn; Kajol; Naseer Abdullah; Amita Pathak; Mukesh Tiwari; Nakuul Mehta; Adhyayan Suman,,
2008,Thoda Pyaar Thoda Magic,Kunal Kohli,Saif Ali Khan; Rani Mukerji; Sharat Saxena; Ameesha Patel; Rishi Kapoor,,
2008,Thodi Life Thoda Magic,Vinayak Rajesh,Jackie Shroff; Anita Raj; Parmeet Sethi; Paresh Rawal; Arbaaz Khan,,
2008,Via Darjeeling,Arindam Nandy,Kay Kay Menon; Sonali Kulkarni; Vinay Pathak; Sandhya Mridul; Rajat Kapoor,,
2008,Jaane Tu... Ya Jaane Na,Abbas Tyrewala,Imran Khan; Genelia D'Souza; Prateik Babbar; Murali Sharma; Ratna Pathak; Shakun Batra; Ayaz Khan; Naseeruddin Shah; Paresh Rawal; Manjari Fadnis; Arbaaz Khan; Rajat Kapoor; Sugandha Garg; Sohail Khan,,
2008,Love Story 2050,Harry Baweja,Dalip Tahil; Priyanka Chopra; Harman Baweja; Boman Irani,,
2008,Mehbooba,Afzal Khan,Ajay Devgn; Manisha Koirala; Sanjay Dutt; Asrani; Kader Khan; Annu Kapoor,,
2008,Kismat Konnection,Aziz Mirza,Shahid Kapoor; Vidya Balan; Shah Rukh Khan; Om Puri; Juhi Chawla; Amit Varma; Boman Irani; Karanvir Bohra; Hyder Ali; Vishal Malhotra; Himani Shivpuri,,
2008,Contract,Ram Gopal Varma,Adhvik Mahajan; Sakshi Gulati; Kishor Kadam; Sumeet Nijhawan,,
2008,Mission Istaanbul,Apoorva Lakhia,Vivek Oberoi; Shweta Bhardwaj; Abhishek Bachchan; Shriya Saran; Suniel Shetty; Zayed Khan; Nikitin Dheer; Shabbir Ahluwalia,,
2008,Money Hai Toh Honey Hai,Ganesh Acharya,Govinda; Aftab Shivdasani; Upen Patel; Manoj Bajpayee; Hansika Motwani; Celina Jaitly; Kim Sharma; Priyanka Sharma,,
2008,Ugly Aur Pagli,Sachin Khot,Ranvir Shorey; Mallika Sherawat; Vishal Malhotra; Payal Rohatgi; Tinnu Anand; Gaurav Kapur; Sapna Bhavnani; Zeenat Aman,,
2008,Good Luck!,Aditya Datt,Aryeman; Sayali Bhagat; Ranvir Shorey; Lucky Ali; Archana Puran Singh; Mushtaq Khan; Nazneen Patel,,
2008,Singh Is Kinng,Anees Bazmee,Akshay Kumar; Katrina Kaif; Om Puri; Neha Dhupia; Javed Jaffrey; Kiron Kher; Ranvir Shorey,₹ 136 crore (US$31.26 million),136.00
2008,Bachna Ae Haseeno,Siddharth Anand,Ranbir Kapoor; Bipasha Basu; Deepika Padukone; Minissha Lamba; Kunal Kapoor,₹ 79 crore (US$18.16 million),79.00
2008,God Tussi Great Ho,Rumi Jaffery,Sohail Khan; Salman Khan; Priyanka Chopra; Amitabh Bachchan; Dalip Tahil; Anupam Kher,,
2008,Phoonk,Ram Gopal Varma,Amruta Khanvilkar; Ahsaas Channa; Kenny Desai; Ashwini Kalsekar,,
2008,Mumbai Meri Jaan,Nishikanth Kamat,Kay Kay Menon; Soha Ali Khan; Nishikant Kamat; Paresh Rawal; R. Madhavan,,
2008,Maan Gaye Mughal-e-Azam,Sanjay Chhel,Rahul Bose; Mallika Sherawat; Kay Kay Menon; Paresh Rawal,,
2008,Rock On!!,Abhishek Kapoor,Arjun Rampal; Farhan Akhtar; Prachi Desai; Luke Kenny; Purab Kohli; Koel Purie; Shahana Goswami; Nicolette Bird,,
2008,C Kkompany,Sachin Yardi,Tusshar Kapoor; Raima Sen; Karan Johar; Rajpal Yadav; Anupam Kher; Sanjay Dutt,,
2008,Chamku,Kabeer Kaushik,Priyanka Chopra; Bobby Deol; Danny Denzongpa; Deepal Shaw; Irrfan Khan; Riteish Deshmukh; Rajpal Yadav,,
2008,Mukhbiir,Mani Shankar,Jackie Shroff; Om Puri; Sunil Shetty; Rahul Dev; Sameer Dattani; Raima Sen; Sushant Singh,,
2008,A Wednesday!,Neeraj Pandey,Naseeruddin Shah; Anupam Kher; Jimmy Sheirgill; Deepal Shaw,,
2008,Tahaan,Santosh Sivan,Rahul Bose; Fatima Sana Shaikh; Rahul Khanna; Sarika; Anupam Kher,,
2008,Hijack,Kunal Shivdasani,Shiney Ahuja; Esha Deol; KK Raina; Ishita Chauhan,,
2008,1920,Vikram Bhatt,Rajneesh Duggal; Adah Sharma; Vipin Sharma; Indraneil Sengupta,,
2008,The Last Lear,Rituparno Ghosh,Amitabh Bachchan; Preity Zinta; Arjun Rampal; Divya Dutta; Shefali Shah; Jisshu Sengupta,,
2008,Welcome to Sajjanpur,Shyam Benegal,Shreyas Talpade; Amrita Rao; Kunal Kapoor; Ravi Kishan; Yashpal Sharma,,
2008,Saas Bahu Aur Sensex,Shona Urvashi,Tanushree Dutta; Ankur Khanna; Kiron Kher; Farooq Sheikh,,
2008,Hari Puttar: A Comedy of Terrors,Lucky Kohli & Rajesh Bajaj,Sarika; Zain Khan; Sweeny Khara; Aditya Kapadia; Saurabh Shukla; Vijay Raaz; Jackie Shroff; Lillete Dubey; Shamita Shetty,,
2008,Kidnap,Sanjay Gadhvi,Sanjay Dutt; Minissha Lamba; Imran Khan; Vidya Malvade; Rahul Dev; Reema Lagoo; Ankita Makwana; Sophie Choudry; Raj Zutshi; Sonia Kapoor,,
2008,Drona,Goldie Behl,Abhishek Bachchan; Priyanka Chopra; Kay Kay Menon; Ali Haji; Shahid Kapoor; Jaya Bachchan,,
2008,Hello,Atul Agnihotri,Sharat Saxena; Arbaaz Khan; Katrina Kaif; Sohail Khan; Sharman Joshi; Amrita Arora; Gul Panag; Isha Koppikar; Salman Khan,,
2008,Karzzzz,Satish Kaushik,Himesh Reshammiya; Benjamin Schoefer; Urmila Matondkar; Dino Morea; Gulshan Grover,,
2008,Heroes,Samir Karnik,Salman Khan; Preity Zinta; Mithun Chakraborty; Bobby Deol; Sunny Deol; Sohail Khan; Vatsal Sheth; Amrita Arora; Dino Morea; Riya Sen,,
2008,Roadside Romeo,Jugal Hansraj,Saif Ali Khan; Kareena Kapoor; Javed Jaffrey; Suresh Menon; Kiku Sharda,,
2008,Golmaal Returns,Rohit Shetty,Ajay Devgn; Kareena Kapoor; Arshad Warsi; Amrita Arora; Shreyas Talpade; Celina Jaitly; Tusshar Kapoor; Anjana Sukhani,₹ 95 crore (US$21.84 million),95.00
2008,Fashion,Madhur Bhandarkar,Ranvir Shorey; Priyanka Chopra; Karan Johar; Kangana Ranaut; Arbaaz Khan; Mugdha Godse; Arjan Bajwa; Ashwin Mushran; Samir Soni; Konkona Sen Sharma; Rohit Roy; Raj Babbar; Harsh Chhaya; Kiran Juneja; Humayun Saeed; Zac Efron,,
2008,EMI - Liya Hai Toh Chukana Parega,Saurabh Kabra,Sanjay Dutt; Arjun Rampal; Urmila Matondkar; Malaika Arora; Ashish Chaudhary; Neha Oberoi; Manoj Joshi,,
2008,Ek Vivaah... Aisa Bhi,Kaushik Ghatak,Isha Koppikar; Sonu Sood; Vishal Malhotra; Alok Nath,,
2008,Dasvidaniya,Shashant Shah,Vinay Pathak; Neha Dhupia; Rajat Kapoor; Ranvir Shorey,,
2008,Dostana,Tarun Mansukhani,Abhishek Bachchan; John Abraham; Priyanka Chopra; Bobby Deol; Kirron Kher,₹ 87 crore (US$20 million),87.00
2008,Deshdrohi,Jagdish A. Sharma,Kamaal Rashid Khan; Krishna Abhishek; Hrishitaa Bhatt; Gracy Singh; Zulfi Syed,,
2008,Yuvvraaj,Subhash Ghai,Anil Kapoor; Amy Maghera; Salman Khan; Zayed Khan; Katrina Kaif; Boman Irani; Javed Sheikh; Mithun Chakraborty,,
2008,Gumnaam – The Mystery,Neeraj Pathak,Mahima Chaudhry; Dino Morea; Suman Ranganathan; Irrfan Khan,,
2008,Oye Lucky! Lucky Oye!,Dibakar Banerjee,Abhay Deol; Neetu Chandra; Paresh Rawal; Manu Rishi; Richa Chadda; Archana Puran Singh,,
2008,Sorry Bhai!,Onir,Shabana Azmi; Boman Irani; Sanjay Suri; Sharman Joshi; Chitrangada Singh,,
2008,Maharathi,Shivam Nair,Paresh Rawal; Naseeruddin Shah; Neha Dhupia; Om Puri; Boman Irani; Tara Sharma,,
2008,Dil Kabaddi,Anil Sharma (Senior),Irrfan Khan; Rahul Bose; Rahul Khanna; Konkona Sen Sharma; Soha Ali Khan; Payal Rohatgi,,
2008,Meerabai Not Out,Chandrakant Kulkarni,Mahesh Manjrekar; Mandira Bedi; Eijaz Khan; Anupam Kher,,
2008,"Oh, My God",Saurabh Shrivastava,Vinay Pathak; Saurabh Shukla; Divya Dutta; Gaurav Gera; Harsh Chhaya,,
2008,Rab Ne Bana Di Jodi,Aditya Chopra,Shah Rukh Khan; Anushka Sharma; Kajol; Bipasha Basu; Preity Zinta; Lara Dutta; Vinay Pathak; Isha Koppikar; Rani Mukherjee; Manmeet Singh; Richa Pallod; M. K. Raina,₹ 157 crore (US$36.09 million),157.00
2008,Wafaa,Rakesh Sawant,Rajesh Khanna; Laila Khan; Shahib Chopra; Diya Hayat; Tinnu Anand; Sudesh Berry,,
2008,Ghajini,A. R. Murugadoss,Aamir Khan; Asin; Khalid Siddiqui; Jiah Khan; Riyaz Khan; Sunil Grover; Tinnu Anand; Pradeep Rawat,₹ 232 crore (US$53.33 million),232.00
2008,Jumbo,Kompin Kemgumnird,Akshay Kumar; Lara Dutta; Amar Babaria; Dimple Kapadia; Rajpal Yadav; Gulshan Grover,,
2009,Mumbai Chakachak,Sanjay Jha,Rahul Bose; Ayesha Dharker; Mandira Bedi,,
2009,Horn 'Ok' Pleassss,Rakesh Sarang,Nana Patekar; Rimi Sen; Muzamil Ibrahim,,
2009,Chandni Chowk to China,Nikkhil Advani,Akshay Kumar; Deepika Padukone; KevJumba; Mithun Chakraborty; Ranvir Shorey,,
2009,Aasma: The Sky Is the Limit,Rohit Nayyar,Hrishitaa Bhatt; Seema Biswas; Nauheed Cyrusi; Mansi Dovhal; Ravi Gossain,,
2009,Raaz: The Mystery Continues,Mohit Suri,Emraan Hashmi; Kangana Ranaut; Adhyayan Suman; Jackie Shroff,,
2009,Luck by Chance,Zoya Akhtar,Farhan Akhtar; Konkona Sen Sharma; Aamir Khan; Hrithik Roshan; Juhi Chawla; Rishi Kapoor; Sanjay Kapoor; Dimple Kapadia; Isha Sharvani; Shah Rukh Khan,,
2009,Victory,Ajit Pal Mangat,Harman Baweja; Amrita Rao; Anupam Kher; Gulshan Grover,,
2009,Dev.D,Anurag Kashyap,Abhay Deol; Mahi Gill; Kalki Koechlin,,
2009,Chal Chala Chal,T. K. Rajeev Kumar,Govinda; Rajpal Yadav; Reemma Sen; Om Puri,,
2009,Mere Khwabon Mein Jo Aaye,Madhureeta Anand,Randeep Hooda; Raima Sen; Arbaaz Khan; Neil Bhoopalam; Murli Sharma,,
2009,Billu,Priyadarshan,Irrfan Khan; Shah Rukh Khan; Lara Dutta; Om Puri; Rajpal Yadav; Asrani,,
2009,The Stoneman Murders,Manish Gupta,Kay Kay Menon; Arbaaz Khan; Vikram Gokhale; Rukhsar Rehman,,
2009,Delhi-6,Rakeysh Omprakash Mehra,Abhishek Bachchan; Sonam Kapoor; Amitabh Bachchan; Waheeda Rehman; Divya Dutta; Rishi Kapoor; Om Puri; Atul Kulkarni; Prem Chopra,,
2009,Kisse Pyaar Karoon,Ajay Chandock,Arshad Warsi; Aashish Chaudhary; Aarti Chhabria; Yash Tonk; Udita Goswami,,
2009,13B,Vikram K. Kumar,R. Madhavan; Neetu Chandra; Saranya; Poonam Dhillon; Ravibabu; Sachin Khedekar; Deepak Dobriyal; Murli Sharma,,
2009,Dhoondte Reh Jaaoge,Umesh Shukla,Kunal Khemu; Paresh Rawal; Soha Ali Khan; Sonu Sood; Asrani; Johnny Lever; Hrishita Bhatt; Deepal Shaw,,
2009,Karma Aur Holi,Manish Gupta,Sushmita Sen; Randeep Hooda; Naomi Campbell; Suresh Oberoi; Suchitra Krishnamoorthi; Deepal Shaw,,
2009,Jai Veeru,Puneet Sira,Fardeen Khan; Kunal Khemu; Dia Mirza; Anjana Sukhani; Rajesh Khattar; Arbaaz Khan,,
2009,Little Zizou,Sooni Taraporevala,Boman Irani; John Abraham; Kurush Deboo,,
2009,Gulaal,Anurag Kashyap,Kay Kay Menon; Deepak Dobriyal; Piyush Mishra; Mahi Gill; Jesse Randhawa; Aditya Shrivastava,,
2009,Aloo Chaat,Robby Grewal,Aftab Shivdasani; Aamna Sharif; Linda Arsenio; Kulbhushan Kharbanda; Manoj Pahwa; Sanjay Mishra,,
2009,Barah Aana,Raja Menon,Naseeruddin Shah; Tannishtha Chatterjee; Arjun Mathur; Vijay Raaz,,
2009,Firaaq,Nandita Das,Deepti Naval; Naseeruddin Shah; Paresh Rawal; Raghubir Yadav; Sanjay Suri,,
2009,Lottery,Hemant Prabhu,Abhijeet Sawant; Sanjay Narvekar; Mukesh Tiwari; Rucha Gujarati; Manisha Kelkar,,
2009,Straight,Parvati Balagopalan,Daman Baggan; Anuj Chaudhary; Ketki Dave; Siddharth Makkar; Gul Panag; Vinay Pathak,,
2009,Aa Dekhen Zara,Jehangir Surti,Neil Mukesh; Bipasha Basu; Rahul Dev; Sophie Choudry,,
2009,Ek: The Power of One,Sangeeth Sivan,Bobby Deol; Shriya Saran; Nana Patekar; Chunky Pandey; Pradeep; Kulbhushan Kharbanda; Jackie Shroff,,
2009,8 x 10 Tasveer,Nagesh Kukunoor,Akshay Kumar; Ayesha Takia; Rushad Rana; Sharmila Tagore; Javed Jaffrey,,
2009,Ek Se Bure Do,Tarique,Arshad Warsi; Anita Hassanandani; Rajpal Yadav; Govind Namdeo; Yashpal Sharma; Virendra Saxena; Vijay Raaz; Razzak Khan,,
2009,Pal Pal Dil Ke Ssaat,V Krishna Kumar,Ajay Jadeja; Mahie Gill; Satish Shah; Sushma Seth; Vinod Kambli; Sylvie,,
2009,Coffee House,Gurbir Grewal,Ashutosh Rana; Sakshi Tanwar; Harsh Chhaya,,
2009,School Days,Dilip Sood,Pankaj Sharma; Rajiv Sethi; Virender Sharma; Shailly Sehgal,,
2009,Royal Utsav,Ravi K. Patwa,Vikram Kumar; Monalisa; Sudesh Berry; Master Abhishek Sharma; Tripta Chopra; Antra Vishwas; Charu Arora,,
2009,Chowrasta Crossroads of Love,Anjan Dutt,Victor Banerjee; Atul Kulkarni; Roopa Ganguly; Naved Aslam; Aparajita,,
2009,Meri Padosan,Prakash Saini,Sarwar Ahuja; Saadhika Randhawa; Hina Tasleem; Sneha Dhabi; Sanjay Mishra; Ashok Bagla; Khayali,,
2009,Sikandar,Piyush Jha,Parzan Dastur; Ayesha Kapur; Rahul Singh; R. Madhavan; Sanjay Suri,,
2009,99,Raj and D.K.,Kunal Khemu; Boman Irani; Soha Ali Khan; Cyrus Broacha; Mahesh Manjrekar; Vinod Khanna; Sudesh Berry; Simone Singh,,
2009,Suno Na.. Ek Nanhi Aawaz,Amy Thanawala,Tara Sharma; Avinash Tiwary; Rajendra Chawla; Dharmendra Gohil; Rinku Patel,,
2009,Detective Naani,Romilla Mukherjee,Ava Mukherjee; Zain Khan; Shweta Gulati; Amit Verma,,
2009,Yeh Pal Ho Na Ho kal,Ravi Pun,Prakash Sagar; Rishabh; Tina Rana; Simran,,
2009,Sanam Teri Kasam,Lawrence D'Souza,Saif Ali Khan; Pooja Bhatt; Atul Agnihotri,,
2009,Team - The Force,Ajay Chandhok,Sohail Khan; Amrita Arora; Yash Tonk,,
2009,Kal Kissne Dekha,Vivek Sharma,Jackky Bhagnani; Vaishali Desai; Rishi Kapoor; Juhi Chawla; Riteish Deshmukh; Sanjay Dutt; Dalip Tahil,,
2009,Zor Lagaa Ke...Haiya!,Girish Girija Joshi,Mithun Chakraborty; Mahesh Manjrekar; Sachin Khedekar; Raj Zutshi; Ashwin Chitale; Gulshan Grover,,
2009,Let's Dance,Aarif Sheikh,Ajay Chaudhary; Gayatri Patel; Sugandha Garg; Paras Arora,,
2009,Paying Guests,Paritossh Painter,Shreyas Talpade; Sayali Bhagat; Javed Jaffrey; Aashish Chaudhary; Chunky Pandey; Vatsal Sheth; Johnny Lever; Celina Jaitly; Riya Sen; Neha Dhupia,,
2009,New York,Kabir Khan,John Abraham; Katrina Kaif; Neil Mukesh; Irrfan Khan,₹ 78.34 crore (US$16.18 million),78.34
2009,Kambakkht Ishq,Sabbir Khan,Akshay Kumar; Kareena Kapoor; Brandon Routh; Vindu Dara Singh; Aftab Shivdasani; Amrita Arora; Sylvester Stallone; Javed Jaffrey; Kirron Kher; Boman Irani,₹ 85.56 crore (US$17.68 million),85.56
2009,Sankat City,Pankaj Advani,Kurush Deboo; Manoj Pahwa; Kay Kay Menon; Anupam Kher; Rimi Sen; Chunky Pandey; Mia Uyeda; Rahul Dev,,
2009,Shortkut,Neeraj Vora,Akshaye Khanna; Arshad Warsi; Amrita Rao; Sanjay Dutt; Anil Kapoor; Siddharth Randeria,,
2009,Jashnn,Raksha Mistry & Hasnain S Hyderabadwala,Adhyayan Suman; Anjana Sukhani; Sumeet Vyas; Shahana Goswami; Humayun Saeed,,
2009,Luck,Soham Shah,Sanjay Dutt; Shruti Haasan; Imran Khan; Mithun Chakraborty; Danny Denzongpa; Ravi Kishan; Rati Agnihotri,,
2009,Love Aaj Kal,Imtiaz Ali,Kavi Shastri; Giselle Monteiro; Saif Ali Khan; Deepika Padukone; Vir Das; Rishi Kapoor; Rahul Khanna; Raj Zutshi; Dolly Ahluwalia; Neetu Singh,₹ 119.52 crore (US$24.69 million),119.52
2009,Agyaat,Ram Gopal Varma,Gautam Rode; Nitin Kumar Reddy; Priyanka Kothari,,
2009,Chal Chalein,Ujjwal Singh,Mithun Chakraborty; Rati Agnihotri; Shilpa Shukla; Mukesh Khanna,,
2009,Teree Sang,Satish Kaushik,Ruslaan Mumtaz; Sheena Shahabadi; Neena Gupta,,
2009,Kaminey,Vishal Bhardwaj,Shahid Kapoor; Priyanka Chopra; Amole Gupte; Chandan Roy Sanyal; Deb Mukherjee,₹ 71.57 crore (US$14.79 million),71.57
2009,Life Partner,Rumi Jaffrey,Govinda; Fardeen Khan; Tusshar Kapoor; Genelia D'Souza; Prachi Desai; Amrita Rao; Anupam Kher,,
2009,"Three: Love, Lies, Betrayal",Vishal Pandya,Aashish Chaudhary; Akshay Kapoor; Nausheen Ali Sardar,,
2009,Daddy Cool,K. Murli Manohar Rao,Suniel Shetty; Aftab Shivdasani; Aarti Chabria; Aashish Chaudhary; Javed Jaffrey; Rajpal Yadav; Sophie Chaudhry; Tulip Joshi; Chunky Pandey; Prem Chopra; Kim Sharma,,
2009,Kisaan,Puneet Sira,Jackie Shroff; Sohail Khan; Arbaaz Khan; Diya Mirza; Nauheed Cyrusi,,
2009,Love Khichdi,Srinivas Bhashyam,Randeep Hooda; Rituparna Sengupta; Milind Soman; Divya Dutta,,
2009,Toss,Ramesh Khatkar,Prashant Raj Sachdev; Ashmit Patel; Rannvijay Singh,,
2009,Yeh Mera India,N. Chandra,Anupam Kher; Perizaad Zorabian; Ashwin Mushran; Purab Kohli; Rajpal Yadav; Sarika; Parvin Dabas; Seema Biswas; Vijay Raaz; Smilie Suri,,
2009,Quick Gun Murugun,Shashanka Ghosh,Rajendra Prasad; Nassar; Rambha; Anuradha Menon; Raju Sundaram; Shanmugarajan; Vinay Pathak; Ashwin Mushran,,
2009,Aagey Se Right,Indrajit Nattoji,Shreyas Talpade; Shiv Panditt; Mahi Gill; Kay Kay Menon; Shruti Seth; Shenaz Treasurywala,,
2009,Chintu Ji,Ranjit Kapoor,Rishi Kapoor; Priyanshu Chatterjee; Kulraj Randhawa,,
2009,Fox,Deepak Tijori,Arjun Rampal; Sagarika Ghatge; Udita Goswami; Sunny Deol; Kurush Deboo; Vipul Gupta,,
2009,Aamras,Rupali Guha,Jiya Sarang; Pari Sehgal; Rakhi Chadda; Sanya Balsara; Zarina Wahab; Reema; Sukanya Kulkarni; Shubhi; Vikram Kapadia; Usha Bachani; Sonali Sachdev; Meher; Sunil Sinha; Manoj Pahwa,,
2009,Baabarr,Ashu Trikha,Soham Deepak; Mithun Chakraborty; Urvashi Sharma,,
2009,Vaada Raha,Samir Karnik,Bobby Deol; Kangana Ranaut; Mohnish Bahl; Sharat Saxena; Dwij Yadav; Atul Agnihotri,,
2009,Dil Bole Hadippa!,Anurag Singh,Rani Mukherjee; Shahid Kapoor; Anupam Kher; Dalip Tahil; Rakhi Sawant; Sherlyn Chopra,,
2009,Wanted,Prabhu Deva,Salman Khan; Ayesha Takia; Anil Kapoor; Prakash Raj; Vinod Khanna; Mahesh Manjrekar; Inder Kumar; Govinda,₹ 93.23 crore (US$19.26 million),93.23
2009,Blue Oranges,Rajesh Ganguly,Rajat Kapoor; Shishir Sharma; Aham Sharma; Puja Kanwal; Rati Agnihotri; Harsh Chhaya,,
2009,Phir Kabhi,V. K. Prakash,Mithun Chakraborty; Dimple Kapadia; Rati Agnihotri; Gulshan Grover,,
2009,What's Your Raashee?,Ashutosh Gowarikar,Harman Baweja; Priyanka Chopra,,
2009,Do Knot Disturb,David Dhawan,Govinda; Riteish Deshmukh; Lara Dutta; Sushmita Sen; Sohail Khan; Ranvir Shorey; Rajpal Yadav,,
2009,Wake Up Sid,Ayan Mukerji,Ranbir Kapoor; Konkona Sen Sharma; Rahul Khanna; Namit Das; Anupam Kher,,
2009,Acid Factory,Suparn Verma,Dia Mirza; Fardeen Khan; Irrfan Khan; Manoj Bajpai; Dino Morea; Aftab Shivdasani; Danny Denzongpa; Gulshan Grover,,
2009,All the Best: Fun Begins,Rohit Shetty,Sanjay Dutt; Ajay Devgn; Fardeen Khan; Bipasha Basu; Mugdha Godse; Johnny Lever,₹ 61 crore (US$12.6 million),61.00
2009,Blue,Anthony D'souza,Akshay Kumar; Sanjay Dutt; Lara Dutta; Zayed Khan; Katrina Kaif; Rahul Dev,₹ 63.92 crore (US$13.21 million),63.92
2009,Main Aurr Mrs Khanna,Prem Soni,Salman Khan; Kareena Kapoor; Sohail Khan; Deepika Padukone; Dino Morea; Preity Zinta; Nauheed Cyrusi; Yash Tonk; Bappi Lahiri,,
2009,Bal Ganesh 2,Pankaj Sharma,,,
2009,Fruit and Nut,Kunal Vijaykar,Boman Irani; Cyrus Broacha; Mahesh Manjrekar; Dia Mirza,,
2009,Love Ka Tadka,Rajan Wagdhare,Nauheed Cyrusi; Sameer Dattani,,
2009,London Dreams,Vipul Shah,Salman Khan; Ajay Devgn; Asin Thottumkal; Rannvijay Singh; Aditya Roy Kapur; Om Puri,,
2009,Aladin,Sujoy Ghosh,Amitabh Bachchan; Sanjay Dutt; Jacqueline Fernandez; Riteish Deshmukh; Sahil Khan; Ratna Pathak Shah,,
2009,Ajab Prem Ki Ghazab Kahani,Rajkumar Santoshi,Ranbir Kapoor; Katrina Kaif; Pradeep Kharab; Zakir Hussain; Upen Patel; Darshan Jariwala,₹ 106.74 crore (US$22.05 million),106.74
2009,Jail,Madhur Bhandarkar,Neil Nitin Mukesh; Mugdha Godse; Manoj Bajpayee; Kaveri Jha; Sayali Bhagat; Rahul Singh; Atul Kulkarni; Navni Parihar,,
2009,Tum Mile,Kunal Deshmukh,Emraan Hashmi; Soha Ali Khan; Rituraj Singh; Sachin Khedekar,,
2009,Aao Wish Karein,Glenn Baretto,Aftab Shivdasani; Aamna Shariff; Shah Rukh Khan; Johnny Lever; Ritesh Deshmukh,,
2009,Kurbaan,Rensil D'Silva,Saif Ali Khan; Kareena Kapoor; Rupinder Nagra; Vivek Oberoi; Dia Mirza; Om Puri; Kirron Kher; Nauheed Cyrusi,,
2009,Shaabash! You Can Do It,Shankar Mondal,Hitesh Agrawal; Mansi Dovhal; Sudesh Berry; Nasir Khan,,
2009,Marega Salaa,Devang Dholkia,Jimmy Sheirgill; Kim Sharma; Hrishita Bhatt; Rahul Handa,,
2009,De Dana Dan,Priyadarshan,Akshay Kumar; Manoj Joshi; Katrina Kaif; Tinnu Anand; Johnny Lever; Sunil Shetty; Paresh Rawal; Neha Dhupia; Sameera Reddy; Aditi Govitrikar; Rajpal Yadav; Supriya Karnik; Shakti Kapoor; Vikram Gokhale; Asrani; Chunky Pandey; Archana Puran Singh,₹ 81.85 crore (US$16.91 million),81.85
2009,Radio,Ishaan Trivedi,Himesh Reshammiya; Shenaz Treasurywala; Sonal Sehgal,,
2009,Paa,R. Balki,Amitabh Bachchan; Abhishek Bachchan; Vidya Balan; Paresh Rawal,,
2009,Rocket Singh: Salesman of the Year,Shimit Amin,Ranbir Kapoor; Gauahar Khan; Shazahn Padamsee; Prem Chopra,,
2009,"Raat Gayi, Baat Gayi?",Saurabh Shukla,Rajat Kapoor; Vinay Pathak; Neha Dhupia; Navneet Nishan; Dalip Tahil; Anuradha Menon; Aamir Bashir; Iravati Harshe,,
2009,3 Idiots,Rajkumar Hirani,Aamir Khan; Kareena Kapoor; Sharman Joshi; R. Madhavan; Boman Irani; Omi Vaidya; Mona Singh; Ali Fazal,₹ 400.61 crore (US$82.76 million),400.61
2009,Accident on Hill Road,Mahesh Nair,Celina Jaitly; Farooq Sheikh,,
2010,Dulha Mil Gaya,Muddassar Aziz,Shah Rukh Khan; Fardeen Khan; Sushmita Sen; Ishita Sharma; Tara Sharma; Anushka Manchanda; Mohit Chadda; Vivek Vaswani; Johnny Lever,,
2010,Pyaar Impossible!,Jugal Hansraj,Priyanka Chopra; Uday Chopra; Anupam Kher; Dino Morea,,
2010,Chance Pe Dance,Ken Ghosh,Shahid Kapoor; Mohnish Bahl; Genelia D'Souza; Vikas Bhalla; Parikshit Sahni; Satish Shah,,
2010,Hello! Hum Lallan Bol Rahe Hain,Dileep Shukla,Rajpal Yadav; Preeti Mehra,,
2010,Veer,Anil Sharma,Salman Khan; Zarine Khan; Mithun Chakraborty; Sohail Khan; Jackie Shroff,,
2010,Ishqiya,Abhishek Chaubey,Naseeruddin Shah; Vidya Balan; Rajesh Sharma; Arshad Warsi,,
2010,Rann,Ram Gopal Varma,Amitabh Bachchan; Sudeep; Ritesh Deshmukh; Paresh Rawal; Rajpal Yadav; Gul Panag; Rajat Kapoor; Suchitra Krishnamurthy; Neetu Chandra; Mohnish Behl,,
2010,Road To Sangam,Amit Rai,Paresh Rawal; Om Puri; Javed Sheikh,,
2010,The Hangman,Vishal Bhandari,Om Puri; Shreyas Talpade; Gulshan Grover; Smita Jaykar; Tom Alter; Anita Kanwar; Yatin Karyekar; Nazneen Ghaani; Amrita Bedi,,
2010,Striker,Chandan Arora,Siddharth Narayan; Aditya Pancholi; Ankur Vikal; Anupam Kher; Seema Biswas,,
2010,Sukhmani: Hope for Life,Manjeet Mann,Gurdas Maan; Juhi Chawla; Divya Dutta,,
2010,My Name Is Khan,Karan Johar,Shah Rukh Khan; Kajol; Vinay Pathak; Jimmy Shergill; Parvin Dabas; Sonya Jehan; Sugandha Garg; Arjun Mathur; Shane Harper; Kenton Duty; Arif Zakaria; Sumeet Raghavan; Osama bin Laden; Kavin Dave,₹ 220.3 crore (US$48.18 million),220.30
2010,Aakhari Decision,Deepak Bandhu,Anant Jog; Sumona Chakravarti; Pradeep Kharab; Nagesh Bhonsle; Mushtaq Khan,,
2010,Click,Sangeeth Sivan,Shreyas Talpade; Sadha; Sneha Ullal,,
2010,Toh Baat Pakki!,Kedarh Shinde,Tabu; Sharman Joshi; Vatsal Sheth; Uvika Choudhary; Ayub Khan; Vishal Malhotra,,
2010,Karthik Calling Karthik,Vijay Lalwani,Farhan Akhtar; Deepika Padukone; Vivan Bhatena; Ram Kapoor; Vipin Sharma; Shefali Shah,,
2010,Teen Patti,Leena Yadav,Amitabh Bachchan; Ben Kingsley; R. Madhavan; Saira Mohan; Raima Sen; Mahesh Manjrekar; Shraddha Kapoor,,
2010,Atithi Tum Kab Jaoge?,Ashwni Dhir,Ajay Devgn; Konkona Sen Sharma; Paresh Rawal; Satish Kaushik,,
2010,Hello Zindagi,Raja Unnithan,Mrunmayee Lagoo; Milind Gunaji; Neena Gupta; Kanwaljeet Singh,,
2010,"Road, Movie",Dev Benegal,Abhay Deol; Satish Kaushik; Tannishtha Chatterjee; Mohammed Faisal Usmani,,
2010,Rokkk,Rajesh Ranshinge,Udita Goswami; Shaad Randhawa; Nishigandha Wad; Tanushree Dutta,,
2010,Thanks Maa,Irfan Kamal,Ranvir Shorey; Alok Nath; Raghuveer Yadav; Barry John; Sanjay Mishra,,
2010,Do Dilon Ke Khel Mein,Akash Pandey,Rajesh Khanna; Nausheen Ali Sardar; Sonika Gill; Satish Kaushik,,
2010,Hide & Seek,Shawn Arranha,Purab Kohli; Arjan Bajwa; Mrinalini Sharma; Samir Kochhar,,
2010,Na Ghar Ke Na Ghaat Ke,Rahul Aggarwal,Rahul Aggarwal; Paresh Rawal; Narayani Shastri; Om Puri,,
2010,Right Yaaa Wrong,Neeraj Pathak,Sunny Deol; Irrfan Khan; Isha Koppikar; Konkona Sen Sharma; Master Ali Haji,,
2010,Trump Card,Arshad Khan,Vikram Kumar; Urvashi Chaudhary; Mansi Dovhal; Sheetal Bedi,,
2010,Idiot Box,Sunanda Mitra,Sushant Singh; Hrishita Bhatt; Jyoti Gauba; Milind Gunaji,,
2010,Lahore,Sanjay Puran Singh Chauhan,Aanaahad; Shraddha Das; Farooq Sheikh; Nafisa Ali,,
2010,Love Sex Aur Dhokha,Dibakar Banerjee,Amit Sial; Anshuman Jha; Arya Banerjee; Atul Mongia; Neha Chauhan; Shruti,,
2010,Shaapit,Vikram Bhatt,Aditya Narayan; Shweta Agarwal; Rahul Dev; Shubh Joshi,,
2010,Hum Tum Aur Ghost,Kabeer Kaushik,Arshad Warsi; Dia Mirza; Sandhya Mridul; Boman Irani; Asawari Joshi; Javed Sheikh; Ashwin Mushran; Tinnu Anand,,
2010,It's a Man's World,Saurabh Sengupta,Mohsin Akhtar; Mouli Ganguly; Ranjeet Jha; Mikhil Chindaramani,,
2010,Mittal v/s Mittal,Karan Razdan,Rituparna Sengupta; Rohit Roy; Gulshan Grover; Suchitra Krishnamurthy,,
2010,My Friend Ganesha 3,Rajiv S. Ruia,Rahul Pendkalkar; Baba Sehgal; Eva Grover; Sayaji Shinde,,
2010,Prem Kaa Game,Ashok Kheny,Arbaaz Khan; Tara Sharma; Madhuri Bhattacharya; Johnny Lever,,
2010,Well Done Abba,Shyam Benegal,Boman Irani; Minissha Lamba; Sameer Dattani; Ravi Kissen,,
2010,Pankh,Sudipto Chattopadhyaya,Bipasha Basu; Maradona Rebello; Mahesh Manjrekar; Ronit Roy; Sanjeeda Sheikh,,
2010,Sadiyaan,Raj Kanwar,Luv Sinha; Ferena Wazeir; Rekha; Hema Malini; Rishi Kapoor,,
2010,Tum Milo Toh Sahi,Kabir Sadanand,Nana Patekar; Dimple Kapadia; Rehan Khan; Sunil Shetty; Vidya Malvade; Anjana Sukhani; Mohnish Behl,,
2010,Jaane Kahan Se Aayi Hai,Milap Zaveri,Riteish Deshmukh; Jacqueline Fernandez; Akshay Kumar; Priyanka Chopra; Deepika Padukone; Katrina Kaif; Vishal Malhotra; Sonal Sehgal; Amrita Rao; Ruslaan Mumtaz,,
2010,Prince,Kookie Gulati,Vivek Oberoi; Aruna Shields; Nandana Sen; Neeru Bajwa; Isaiah; Sanjay Kapoor,,
2010,The Japanese Wife,Aparna Sen,Rahul Bose; Raima Sen; Chigasu Takaku; Moushmi Chatterjee,,
2010,Paathshaala,Milind Ukey,Shahid Kapoor; Nana Patekar; Ayesha Takia; Ali Haji; Swini Khara,,
2010,Phoonk 2,Milind Gadagkar,Sudeep; Neeru Bajwa; Amruta Khanvilkar; Ahsaas Channa,,
2010,Apartment,Jagmohan Mundhra,Rohit Roy; Tanushree Dutta; Neetu Chandra; Anupam Kher,,
2010,Bird Idol,Jyotin Goel,,,
2010,City of Gold,Mahesh Manjrekar,Vineet Kumar; Sameer Dharmadhikari; Kashmira Shah; Satish Kaushik,,
2010,Kuchh Kariye,Jagbir Dahiya,Sukhwinder Singh; Vikrum Kumar; Rufy Khan,,
2010,Muskurake Dekh Zara,Som Shekar,Gashmeer Mahajani; Twinkle Patel; Hiten Paintal; Sunil Sabarwal; Simran Suri,,
2010,Chase,Jagmohan Mundhra,Udita Goswami; Caterina Murino; Rajesh Khattar; Shweta Menon,,
2010,Housefull,Sajid Khan,Akshay Kumar; Arjun Rampal; Deepika Padukone; Riteish Deshmukh; Lillete Dubey; Lara Dutta; Malaika Arora; Randhir Kapoor; Jiah Khan; Boman Irani; Chunky Pandey,₹ 114.18 crore (US$24.97 million),114.18
2010,Badmaash Company,Parmeet Sethi,Shahid Kapoor; Anushka Sharma; Anupam Kher; Meiyang Chang; Vir Das; Harry Mearing,,
2010,Bumm Bumm Bole,Priyadarshan,Darsheel Safary; Kaveri Jha; Atul Kulkarni; Rituparna Sengupta; Ziyah Vastani,,
2010,Admissions Open,K.D. Satyam,Anupam Kher; Aashish Vidyarthi; Ankur Khanna; Pramod Moutho,,
2010,Kushti,T K Rajeev Kumar,Rajpal Yadav; Khali; Nargis; Sharat Saxena,,
2010,Kites,Anurag Basu,Hrithik Roshan; Barbara Mori; Kangana Ranaut,,
2010,Raajneeti,Prakash Jha,Ajay Devgn; Ranbir Kapoor; Arjun Rampal; Nana Patekar; Katrina Kaif; Manoj Bajpai; Naseeruddin Shah; Sarah Thompson,₹ 145.50 crore (US$31.82 million),145.50
2010,Ek Second... Jo Zindagi Badal De?,Partho Ghosh,Jackie Shroff; Manisha Koirala; Aman Verma; Moammar Rana,,
2010,Raavan,Mani Ratnam,Vikram; Abhishek Bachchan; Aishwarya Rai Bachchan; Govinda; Nikhil Dwivedi; Priyamani,,
2010,Krantiveer – The Revolution,Mehul Kumar,Jahan Bloch; Sameer Aftab; Aman Verma,,
2010,Mr. Singh Mrs. Mehta,Pravesh Raman,Aruna Shields; Prashant Narayanan,,
2010,I Hate Luv Storys,Punit Malhotra,Imran Khan; Kavin Dave; Sonam Kapoor; Sameer Dattani; Aamir Ali,₹ 72.52 crore (US$15.86 million),72.52
2010,Milenge Milenge,Satish Kaushik,Kareena Kapoor; Shahid Kapoor; Aarti Chabria,,
2010,Red Alert: The War Within,Anant Mahadevan,Sunil Shetty; Vinod Khanna; Naseeruddin Shah; Sameera Reddy; Bhagyashree; Murli Sharma,,
2010,Lamhaa,Rahul Dholakia,Sanjay Dutt; Bipasha Basu; Kunal Kapoor; Murali Sharma; Anupam Kher,,
2010,Tere Bin Laden,Abhishek Sharma,Ali Zafar; Sugandha Garg; Rahul Singh; Barry John; Nikhil Ratnaparkhi,,
2010,Udaan,Vikramaditya Motwane,Ronit Roy; Rajat Barmecha,,
2010,Khatta Meetha,Priyadarshan,Akshay Kumar; Trisha Krishnan; Rajpal Yadav; Johnny Lever; Urvashi Sharma,₹ 62.79 crore (US$13.73 million),62.79
2010,Once Upon a Time in Mumbaai,Milan Luthria,Ajay Devgn; Emraan Hashmi; Kangana Ranaut; Prachi Desai; Randeep Hooda,₹ 96.44 crore (US$21.09 million),96.44
2010,Aisha,Rajshree Ojha,Sonam Kapoor; Abhay Deol; Anand Tiwari; Ira Dubey; Amrita Puri; Arunoday Singh; Cyrus Sahukar; Lisa Haydon,,
2010,Help,Rajeev Virani,Bobby Deol; Mugdha Godse; Sophia Handa; Shreyas Talpade,,
2010,Peepli Live,Anusha Rizvi,Omkar Das Manikpuri; Raghubir Yadav,,
2010,Lafangey Parindey,Pradeep Sarkar,Neil Nitin Mukesh; Deepika Padukone; Namit Das; Kay Kay Menon,,
2010,...And Once Again,Amol Palekar,Antara Mali; Rajat Kapoor; Rituparna Sengupta,,
2010,Hello Darling,Manoj Tiwari,Celina Jaitly; Isha Koppikar; Gul Panag,,
2010,Antardwand,Sushil Rajpal,Raja Chaudhary; Vinay Pathak,,
2010,Aashayein,Nagesh Kukunoor,John Abraham; Sonal Sehgal; Prateeksha Lonkar,,
2010,Soch Lo,Sartaj Singh Pannu,Sartaj Singh Pannu; Barkha Madan; Bhupinder Singh,,
2010,We Are Family,Siddharth Malhotra,Arjun Rampal; Kajol; Kareena Kapoor,,
2010,Mallika,Wilson Louis,Sameer Dattani; Sheena Nayar; Himanshu Malik,,
2010,The Film Emotional Atyachar,Akshay Shere,Mohit Alawat; Kalki Koechlin; Vinay Pathak; Ranvir Shorey; Ravi Kishan; Sakshi Gulati,,
2010,Dabangg,Abhinav Kashyap,Salman Khan; Arbaaz Khan; Sonakshi Sinha; Sonu Sood; Mahie Gill; Vinod Khanna; Dimple Kapadia; Om Puri; Anupam Kher; Mahesh Manjrekar; Malaika Arora Khan,₹ 221.14 crore (US$48.36 million),221.14
2010,Anjaana Anjaani,Siddharth Anand,Priyanka Chopra; Ranbir Kapoor; Zayed Khan; Vishal Malhotra,₹ 69.85 crore (US$15.28 million),69.85
2010,Benny and Babloo,Yunus Sajawal,Kay Kay Menon; Rajpal Yadav; Riya Sen; Shweta Tiwari; Rukhsar Rehman; Anita Hassanandani; Richa Chadha; Maushumi Udeshi; Hiten Paintal; Aasif Sheikh,,
2010,Khichdi: The Movie,Aatish Kapadia,Supriya Pathak; Anang Desai; Rajeev Mehta; Jamnadas Majethia; Nimisha Vakharia,,
2010,Crook,Mohit Suri,Emraan Hashmi; Neha Sharma; Arjan Bajwa; Kavin Dave,,
2010,Do Dooni Chaar,Habib Faisal,Rishi Kapoor; Neetu Singh; Mohit Chadda; Rajesh Vivek; Aditi Vasudev; Natasha Rastogi,,
2010,Aakrosh,Priyadarshan,Ajay Devgn; Akshaye Khanna; Bipasha Basu; Reema Sen; Paresh Rawal,,
2010,Pusher,Assad Raja,Mahima Chaudhry; Pasha Bocarie; Marc Anwar; Assad Raja,,
2010,Knock Out,Mani Shankar,Sanjay Dutt; Kangana Ranaut; Irrfan Khan; Gulshan Grover,,
2010,Kajraare,Pooja Bhatt,Himesh Reshammiya; Sara Loren; Gaurav Chanana; Javed Sheikh,,
2010,Ramayana: The Epic,Cheetan Desai,Manoj Bajpai; Juhi Chawla; Sanjeev Tiwari; Ashutosh Rana,,
2010,Hisss,Jennifer Lynch,Mallika Sherawat; Irrfan Khan,,
2010,Jhootha Hi Sahi,Abbas Tyrewala,John Abraham; Pakhi Tyrewala; Abhishek Bachchan; Ritesh Deshmukh,,
2010,Rakta Charitra,Ram Gopal Verma,Vivek Oberoi; Sudeep; Radhika Apte; Shatrughan Sinha; Kota Srinivasa Rao; Abhimanyu Singh; Sushant Singh,,
2010,Maalik Ek,Deepak Balraj Vij,Jackie Shroff; Divya Dutta,,
2010,Nakshatra,Mohan Savalkar,Anupam Kher; Shubh; Sabina Sheema,,
2010,Golmaal 3,Rohit Shetty,Ajay Devgn; Mithun Chakraborty; Tusshar Kapoor; Arshad Warsi; Shreyas Talpade; Kareena Kapoor; Kunal Khemu; Ratna Pathak; Murli Sharma; Johnny Lever,₹ 167 crore (US$36.52 million),167.00
2010,Action Replayy,Vipul Amrutlal Shah,Akshay Kumar; Aishwarya Rai Bachchan; Rajpal Yadav; Aditya Roy Kapur; Sudeepa Singh; Rannvijay Singh; Neha Dhupia; Randhir Kapoor,,
2010,Dunno Y... Na Jaane Kyon,Sanjay Sharma,Aryan Vaid; Kapil Sharma; Rituparna Sengupta; Helen; Zeenat Aman,,
2010,A Flat,Raaj Verma,Sanjay Suri; Jimmy Shergill,,
2010,Ramaa: The Saviour,Haadi Abrar,Sahil Khan; Tanushree Dutta; Dalip Singh Rana,,
2010,Guzaarish,Sanjay Leela Bhansali,Hrithik Roshan; Aishwarya Rai Bachchan; Suhel Seth; Aditya Roy Kapur; Shernaz Patel; Priyanka Bose; Ash Chandler; Swara Bhaskar,,
2010,"Shahrukh Bola ""Khoobsurat Hai Tu""",Makrand Deshpande,Preetika Chawla; Afzaal Khan; Shahrukh Khan; Kay Kay Menon,,
2010,Diwangi Ne Had Kar Di,Jiten Purohit,Aditya Raj Kapoor; Deep; Ashhmita,,
2010,Allah Ke Banday,Faruk Kabir,Sharman Joshi; Naseeruddin Shah; Faruk Kabir,,
2010,Break Ke Baad,Danish Aslam,Imran Khan; Deepika Padukone; Navin Nischol; Lillete Dubey,,
2010,Khuda Kasam,K C Bokadia,Sunny Deol; Tabu; Farida Jalal; Govind Namdeo,,
2010,Khelein Hum Jee Jaan Sey,Ashutosh Gowariker,Abhishek Bachchan; Deepika Padukone; Sikander Kher,,
2010,Phas Gaye Re Obama,Subhash Kapoor,Rajat Kapoor; Neha Dhupia,,
2010,Rakta Charitra 2,Ram Gopal Verma,Suriya; Vivek Oberoi; Sudeep; Shatrughan Sinha,,
2010,Band Baaja Baaraat,Maneesh Sharma,Ranveer Singh; Anushka Sharma; Neeraj Sood,,
2010,No Problem,Anees Bazmee,Paresh Rawal; Anil Kapoor; Sushmita Sen; Neetu Chandra; Kangana Ranaut; Akshaye Khanna; Sunil Shetty; Sanjay Dutt,,
2010,332 Mumbai to India,Mahesh Pandey,Ali Asgar; Chetan Pandit,,
2010,Payback,Sachin P. Karande,Munish Khan; Sara Khan; Gulshan Grover,,
2010,Kaalo,Wilson Louis,Swini Khara; Aditya Srivastava; Gufi Paintal,,
2010,Mirch,Vinay Shukla,Konkona Sen Sharma; Raima Sen; Shahana Goswami; Ila Arun; Shreyas Talpade,,
2010,Tees Maar Khan,Farah Khan,Akshay Kumar; Katrina Kaif; Akshaye Khanna; Arya Babbar; Mia Uyeda; Murali Sharma,₹ 101.89 crore (US$22.28 million),101.89
2010,Isi Life Mein...!,Vidhi Kasliwal,Akshay Oberoi; Sandeepa Dhar; Mohnish Behl,,
2010,Toonpur Ka Superrhero,Kireet Khurana,Ajay Devgn; Kajol; Sanjay Dutt,,
2010,Tera Kya Hoga Johnny,Sudhir Mishra,Neil Nitin Mukesh; Soha Ali Khan; Kay Kay Menon; Shahana Goswami,,
2010,Ada... A Way of Life,Tanvir Ahmad,Ayaan Ahmad; Nauheed Cyrusi; Ayesha Jhulka; Rahul Roy; Milind Gunaji,,
2011,No One Killed Jessica,Raj Kumar Gupta,Rani Mukherjee; Vidya Balan,,
2011,Impatient Vivek,Rahat Kazmi,Vivek Sudershan; Sayali Bhagat,,
2011,Yamla Pagla Deewana,Samir Karnik,Dharmendra; Sunny Deol; Bobby Deol; Kulraj Randhawa; Ajay Devgn; Mahek Chahal; Himanshu Malik; Johnny Lever,,
2011,Turning 30!!!,Alankrita Shrivastava,Purab Kohli; Gul Panag; Siddharth Makkar,,
2011,Mumbai Mast Kallander,Aman Mihani,Shilpa Shukla; Mohsin Akhtar,,
2011,Odyssey of Persistence,Sagar Ambre Nikunj Pathak,Diksha Tomar,,
2011,Dhobi Ghat,Kiran Rao,Prateik Babbar; Aamir Khan; Monica Dogra,,
2011,Hostel,Manish Gupta,Vatsal Sheth; Tulip Joshi; Mukesh Tiwari,,
2011,Dil Toh Baccha Hai Ji,Madhur Bhandarkar,Ajay Devgn; Emraan Hashmi; Omi Vaidya; Shazahn Padamsee; Shruti Haasan; Tisca Chopra; Shraddha Das,,
2011,Yeh Saali Zindagi,Sudhir Mishra,Arunoday Singh; Chitrangada Singh; Irrfan Khan,,
2011,United Six,Vishal Aryan Singh,Parvathy Omanakuttan,,
2011,Utt Pataang,Srikanth V. Velagaleti,Vinay Pathak; Mahie Gill; Murali Sharma; Mona Singh; Kurush Deboo,,
2011,Angel,Ganesh Acharya,Nilesh Sahay; Madalasa Sharma; Aruna Irani,,
2011,Patiala House,Nikhil Advani,Rishi Kapoor; Dimple Kapadia; Akshay Kumar; Anushka Sharma,,
2011,Aashiqui.in,Shankhadeep,Ishaan Manhaas; Ankita Shrivastava,,
2011,7 Khoon Maaf,Vishal Bhardwaj,Priyanka Chopra; Neil Nitin Mukesh; Naseeruddin Shah; John Abraham; Irrfan Khan; Konkona Sen Sharma,,
2011,Kaccha Limboo,Sagar Ballary,Vinay Pathak; Sarika; Rukhsar; Chinmay Kambli,,
2011,Masti Express,Vikram Pradhan,Rajpal Yadav; Johnny Lever; Divya Dutta; Manoj Joshi; Razzak Khan; Vijay Patkar; Rohan Shah; Vinit Jain; Sameer Mohammed,,
2011,Tanu Weds Manu,Aanand L. Rai,Madhavan; Kangana Ranaut; Jimmy Sheirgill; Ravi Kishan,,
2011,Satrangee Parachute,Vineet Khetrapal,Jackie Shroff; Kay Kay Menon; Rupali Ganguly; Zakir Hussain,,
2011,Yeh Faasley,Yogesh Mittal,Anupam Kher; Pavan Malhotra,,
2011,Happy Husbands,Anay,Anay; Kurush Deboo; Mohit Ghai; Ahwaan; Archana,,
2011,Monica,Sushen Bhatnagar,Divya Dutta; Ashutosh Rana,,
2011,Game,Abhinay Deo,Abhishek Bachchan; Kangana Ranaut; Sarah Jane Dias; Jimmy Sheirgill; Boman Irani; Anupam Kher,,
2011,F.A.L.T.U,Remo D'Souza,Jackky Bhagnani; Puja Gupta; Arshad Warsi; Riteish Deshmukh,,
2011,Memories in March,Sanjoy Nag,Deepti Naval; Rituparno Ghosh; Raima Sen,,
2011,Thank You,Anees Bazmee,Akshay Kumar; Bobby Deol; Sunil Shetty; Irrfan Khan; Sonam Kapoor; Celina Jaitly; Rimi Sen; Mallika Sherawat; Vidya Balan,,
2011,Teen Thay Bhai,Mirgdeep Singh Lamba,Om Puri; Shreyas Talpade; Deepak Dobriyal; Ragini Khanna,,
2011,Dum Maaro Dum,Rohan Sippy,Abhishek Bachchan; Bipasha Basu; Prateik Babbar; Aditya Pancholi; Rana Daggubati; Deepika Padukone,,
2011,Zokkomon,Satyajit Bhatkal,Darsheel Safary; Anupam Kher; Manjari Phadnis,,
2011,Shor in the City,"Raj Nidimoru, Krishna Dk",Tusshar Kapoor; Preeti Desai; Alok Chaturvedi,,
2011,Chalo Dilli,Shashant Shah,Lara Dutta; Vinay Pathak; Akshay Kumar,,
2011,I Am,Onir,Sanjay Suri; Radhika Apte; Shernaz Patel; Anurag Kashyap; Pooja Gandhi; Rahul Bose; Arjun Mathur; Abhimanyu Shekhar Singh; Nandita Das; Juhi Chawla; Manisha Koirala; Purab Kohli,,
2011,Naughty @ 40,Jagmohan Mundhra,Govinda; Yuvika Chaudhary; Anupam Kher; Shakti Kapoor,,
2011,Luv Ka The End,Bumpy,Shraddha Kapoor; Taaha Shah,,
2011,Haunted – 3D,Vikram Bhatt,Mahakshay Chakraborty; Twinkle Bajpai; Achint Kaur,,
2011,Love U...Mr. Kalakaar!,S. Manasvi,Tusshar Kapoor; Amrita Rao; Kunal Kumar; Ram Kapoor; Kiran Kumar,,
2011,Ragini MMS,Pawan Kripalani,Kainaz Motivala; Rajkummar Rao,,
2011,Shagird,Tigmanshu Dhulia,Nana Patekar; Zakir Hussain; Mohit Ahlawat; Rimi Sen; Anurag Kashyap,,
2011,Stanley Ka Dabba,Amole Gupte,Partho; Divya Dutta,,
2011,404,Prawaal Raman,Rajvvir Aroraa; Imaad Shah; Nishikant Kamat,,
2011,Crackers,Anil Goyal,Nikhil Dwivedi; Smilie Suri,,
2011,Pyaar Ka Punchnama,Luv Ranjan,Kartik Aaryan; Raayo S. Bakhirta; Divyendu Sharma; Sonnalli Seygall; Nushrat Bharucha; Ishita Raj Sharma,,
2011,Kucch Luv Jaisaa,Barnali Ray Shukla,Rahul Bose; Shefali Shah; Om Puri; Neetu Chandra; Sumeet Raghavan,,
2011,Ready,Anees Bazmee,Salman Khan; Asin; Paresh Rawal; Mahesh Manjrekar; Sanjay Dutt; Ajay Devgn; Kangana Ranaut; Chunky Pandey; Arbaaz Khan; Zareen Khan,₹ 180 crore (US$38.57 million),180.00
2011,Shaitan,Bejoy Nambiar,Rajeev Khandelwal; Kalki Koechlin; Shiv Panditt,,
2011,Bheja Fry 2,Sagar Ballary,Vinay Pathak; Minissha Lamba; Amit Behl; Kay Kay Menon; Rahul Singh; Amole Gupte,,
2011,Always Kabhi Kabhi,Roshan Abbas,Ali Fazal; Giselli Monteiro; Zoa Morani; Satyajeet Dubey; Satish Shah; Lilette Dubey; Shah Rukh Khan,,
2011,Bhindi Baazaar Inc.,Ankush Bhatt,Kay Kay Menon; Piyush Mishra; Deepti Naval; Prashant Narayanan; Shilpa Shukla,,
2011,Bin Bulaye Baraati,Chandrakant Singh,Mallika Sherawat; Rati Agnihotri; Gulshan Grover; Manoj Joshi; Shakti Kapoor; Priyanka Kothari; Johnny Lever; Sanjay Mishra; Om Puri; Vijay Raaz; Aftab Shivdasani,,
2011,Double Dhamaal,Indra Kumar,Sanjay Dutt; Arshad Warsi; Javed Jaffrey; Riteish Deshmukh; Aashish Chaudhary; Mallika Sherawat; Kangana Ranaut,,
2011,Bbuddah... Hoga Terra Baap,Puri Jagannadh,Amitabh Bachchan; Hema Malini; Sonu Sood; Prakash Raj; Raveena Tandon; Charmy Kaur; Sonal Chauhan,,
2011,Delhi Belly,Abhinay Deo,Imran Khan; Shenaz Treasurywala; Poorna Jagannathan; Rahul Pendkalkar; Vir Das; Vijay Raaz; Aamir Khan,₹ 103 crore (US$22.07 million),103.00
2011,Murder 2,Mohit Suri,Emraan Hashmi; Jacqueline Fernandez; Prashant Narayanan; Yana Gupta,₹ 105 crore (US$22.5 million),105.00
2011,Chillar Party,"Vikas Bahl , Nitesh Tiwari",Irrfan Khan; Sanath Menon; Rohan Grover; Naman Jain; Aarav Khanna; Vishesh Tiwari; Aakash Dahiya; Pankaj Tripathi; Rajesh Sharma; Ranbir Kapoor; Shriya Sharma; Swara Bhaskar,,
2011,Zindagi Na Milegi Dobara,Zoya Akhtar,Hrithik Roshan; Abhay Deol; Farhan Akhtar; Katrina Kaif; Kalki Koechlin,₹ 163 crore (US$34.92 million),163.00
2011,Singham,Rohit Shetty,Ajay Devgn; Kajal Aggarwal; Murli Sharma; Prakash Raj,₹ 147.89 crore (US$31.69 million),147.89
2011,Khap,Ajai Sinha,Om Puri; Govind Namdev; Manoj Pahwa; Yuvika Chaudhary; Mohnish Bahl,,
2011,Gandhi to Hitler,Rakesh Ranjan Kumar,Neha Dhupia; Raghubir Yadav,,
2011,Bubble Gum,Sanjivan Lal,Sohail Lakhani; Apoorva Arora; Sachin Khedekar; Tanvi Azmi,,
2011,Chala Mussaddi... Office Office,Rajiv Mehra,Pankaj Kapur; Deven Bhojani; Manoj Pahwa; Sanjay Mishra; Hemant Pandey; Asawari Joshi; Gaurav Kapoor; Farida Jalal; Makrand Deshpande,,
2011,I Am Kalam,Nila Madhab Panda,Harsh Mayar; Gulshan Grover,,
2011,Milta Hai Chance By Chance,Ramesh Modi,Gracy Singh; Aslam Khan; Vishal Kaushik; Sana Govi; Reshma Modi; Mahesh Thakur,,
2011,Aagaah: The Warning,Karan Razdan,Jannat Zubair Rahmani; Atul Kulkarni; Rituparna Sengupta; Anupam Kher; Satish Kaushik; Ila Arun,,
2011,Aarakshan,Prakash Jha,Amitabh Bachchan; Saif Ali Khan; Manoj Bajpai; Deepika Padukone; Prateik Babbar,,
2011,Phhir,Girish Dhamija,Rajneesh Duggal; Adah Sharma; Roshni Chopra,,
2011,Chatur Singh Two Star,Ajay Chandok,Sanjay Dutt; Ameesha Patel; Suresh Menon,,
2011,Not a Love Story,Ram Gopal Varma,Mahie Gill; Deepak Dobriyal; Ajay Gehi,,
2011,Sahi Dhandhe Galat Bande,Parvin Dabas,Parvin Dabas; Sharat Saxena; Vansh Bharadwaj; Anupam Kher; Ashish Nayyar; Kuldip Ruhil,,
2011,Chitkabrey – Shades of Grey,Suneet Arora,Ravi Kissen; Rahul Singh; Rajesh Shringapure; Sanjay Swaraj; Akshay Singh; Bobby Vats; Divya Dwivedi,,
2011,Shabri,Lalit Marathe,Isha Koppikar,,
2011,Yeh Dooriyan,Deepshika,Deepshika; Kaishav Arora,,
2011,Bodyguard,Siddique,Salman Khan; Kareena Kapoor; Sharat Saxena; Hazel Keech,₹ 252.99 crore (US$54.21 million),252.99
2011,Mummy Punjabi,Pammi Somal,Kirron Kher; Jackie Shroff; Divya Dutta,,
2011,That Girl in Yellow Boots,Anurag Kashyap,Kalki Koechlin; Naseeruddin Shah,,
2011,Mere Brother Ki Dulhan,Ali Abbas Zafar,Katrina Kaif; Imran Khan; Ali Zafar; Tara D'Souza; Parikshit Sahni; Kanwaljit Singh; Suparna Marwah; Mohammed Zeeshan Ayyub,,
2011,Rivaaz,Ashok Nanda,Deepti Naval; Reema Lagoo; Meghna Naidu,,
2011,Mausam,Pankaj Kapoor,Shahid Kapoor; Sonam Kapoor; Ankit Mohan; Anupam Kher; Wamiqa Gabbi,,
2011,U R My Jaan,Aron Govil,Mikaal Zulfikaar; Priti Soni; Aman Verma,,
2011,Force,Nishikant Kamat,John Abraham; Vidyut Jammwal; Genelia D'Souza; Mohnish Bahl; Raj Babbar,,
2011,Hum Tum Shabana,Sagar Ballary,Tusshar Kapoor; Shreyas Talpade; Minnisha Lamba,,
2011,"Saheb, Biwi Aur Gangster",Tigmanshu Dhulia,Jimmy Sheirgill; Mahie Gill; Randeep Hooda,,
2011,Tere Mere Phere,Deepa Sahi,Vinay Pathak; Riya Sen; Jagrat Desai; Sasha Goradia,,
2011,Chargesheet,Dev Anand,Dev Anand; Jackie Shroff; Naseeruddin Shah; Divya Dutta,,
2011,Na Jaane Kabse Hum Hi,Pammi Somal,Garry Gill; Amrita Prakash; Sharat Saxena; Gurpreet Ghuggi; Lilette Dubey; Javed Sheikh,,
2011,Rascals,David Dhawan,Ajay Devgn; Arjun Rampal; Kangana Ranaut; Lisa Haydon; Sanjay Dutt,,
2011,Love Breakups Zindagi,Sahil Sangha,Zayed Khan; Dia Mirza; Cyrus Sahukar; Tisca Chopra; Satyadeep Mishra; Auritra Ghosh; Pallavi Sharda,,
2011,My Friend Pinto,Raghav Dar,Prateik Babbar; Kalki Koechlin; Arjun Mathur; Shruti Seth; Makarand Deshpande; Rajendranath Zutshi; Divya Dutta,,
2011,Mujhse Fraaandship Karoge,Nupur Asthana,Saqib Saleem; Saba Azad; Nishant Dahiya; Tara D'Souza; Harsh Nagar,,
2011,Mod,Nagesh Kukunoor,Ayesha Takia; Rannvijay Singh; Raghubir Yadav; Tanvi Azmi; Anant Mahadevan,,
2011,Aazaan,Prashant Chadha,Sachiin J. Joshi; Candice Boucher; Aarya Babbar; Dalip Tahil,,
2011,Oh God! Saare Hain Fraud,Ashu Trikha,Shreyas Talpade; Mugdha Godse; Johnny Lever,,
2011,Ra.One,Anubhav Sinha,Shah Rukh Khan; Kareena Kapoor; Dalip Tahil; Arjun Rampal; Shahana Goswami; Sanjay Dutt; Ben Hawkey; Priyanka Chopra,₹ 207 crore (US$44.35 million),207.00
2011,Tell Me O Kkhuda,Hema Malini,Esha Deol; Vinod Khanna; Rishi Kapoor; Arjan Bajwa; Dharmendra; Salman Khan,,
2011,Damadamm!,Swapna Waghmare,Himesh Reshammiya; Purbi Joshi; Sonal Sehgal,,
2011,Loot,Rajneesh Thakur,Govinda; Suniel Shetty; Jaaved Jaaferi; Mahaakshay Chakraborty; Rakhi Sawant; Shweta Bhardwaj,,
2011,Miley Naa Miley Hum,Tanveer Khan,Chirag Paswan; Kangana Ranaut; Kunal Kumar; Neeru Bajwa; Sagarika Ghatge; Kabir Bedi; Dalip Tahil; Poonam Dhillon,,
2011,Rockstar,Imtiaz Ali,Ranbir Kapoor; Nargis Fakhri; Aakash Dahiya; Jaideep Ahlawat; Sanjana Sanghi; Aditi Rao Hydari; Kumud Mishra; Piyush Mishra; Shammi Kapoor,₹ 108.70 crore (US$23.29 million),108.70
2011,Super K – The Movie,Vijay S. Bhanushali Smita Maroo,,,
2011,Shakal Pe Mat Ja,Shubh Mukherjee,Shubh Mukherjee; Pratik Katare; Saurabh Shukla; Raghubir Yadav; Aamna Sharif; Zakir Hussain,,
2011,Desi Boyz,Rohit Dhawan,Akshay Kumar; John Abraham; Sanjay Dutt; Deepika Padukone; Chitrangada Singh; Mohnish Bahl; Anupam Kher; Omi Vaidya; Ashwin Mushran; Rajat Barmecha; Bruna Abdullah,,
2011,The Dirty Picture,Milan Luthria,Vidya Balan; Naseeruddin Shah; Emraan Hashmi; Tusshar Kapoor,₹ 130 crore (US$27.85 million),130.00
2011,I Am Singh,Puneet Issar,Gulzar Inder Chahal; Rizwan Haider; Amy Rasimas; Puneet Issar; Brooke Johnston; Tulip Joshi; Mike Singh; Yusuf Hussain; Neetha Mohindra; Kavi Raz; Donny Kapoor,,
2011,Ladies vs Ricky Bahl,Maneesh Sharma,Ranveer Singh; Anushka Sharma; Parineeti Chopra; Dipannita Sharma; Aditi Sharma,,
2011,Jo Hum Chahein,Pawan Gill,Sunny Gill; Simran Mundi; Achint Kaur; Alyy Khan; Yuri Suri; Samar Virmani; Mansi Multani; Rithvik Dhanjani,,
2011,Pappu Can't Dance Saala,Saurabh Shukla,Vinay Pathak; Neha Dhupia; Rajat Kapoor; Naseeruddin Shah; Sanjay Mishra; Saurabh Shukla; Brijendra Kala; Anand Abhyankar,,
2011,Don 2,Farhan Akhtar,Shah Rukh Khan; Priyanka Chopra; Lara Dutta; Boman Irani; Kunal Kapoor; Hrithik Roshan; Om Puri; Alyy Khan,₹ 202.81 crore (US$43.45 million),202.81
2012,Players,Abbas–Mustan,Vinod Khanna; Abhishek Bachchan; Bipasha Basu; Sonam Kapoor; Bobby Deol; Neil Nitin Mukesh; Sikander Kher; Omi Vaidya; Johnny Lever; Vyacheslav Razbegaev,,
2012,Chaalis Chauraasi,Hriday Shetty,Naseeruddin Shah; Atul Kulkarni; Kay Kay Menon; Ravi Kishan,,
2012,Ghost,Puja Jatinder Bedi,Shiney Ahuja; Sayali Bhagat; Deepraj Rana; Julia Bliss,,
2012,Sadda Adda,Muazzam Beg,Karanvir Sharma; Shaurya Chauhan; Bhaumik Sampat; Kahkkashan Aryan; Rohin Robert; Rohit Arora,,
2012,Agneepath,Karan Malhotra,Hrithik Roshan; Sanjay Dutt; Rishi Kapoor; Priyanka Chopra; Om Puri; Zarina Wahab,₹ 193 crore (US$36.12 million),193.00
2012,Gali Gali Chor Hai,Rumi Jaffrey,Akshaye Khanna; Shriya Saran; Mugdha Godse; Satish Kaushik; Vijay Raaz,,
2012,Staying Alive,Anant Mahadevan,Anant Mahadevan; Saurabh Shukla; Chandan Roy Sanyal,,
2012,Love You To Death,Rafeeg Ellias,Yuki Ellias; Chandan Roy Sanyal; Sheeba Chaddha; Suhasini Mulay,,
2012,Ek Main Aur Ekk Tu,Shakun Batra,Kareena Kapoor; Imran Khan; Ratna Pathak Shah; Boman Irani; Ram Kapoor,,
2012,Valentine's Night,Krishan Kumar,Payal Rohatgi; Sangram Singh; Rahul Minz; Neha Thakur,,
2012,Ekk Deewana Tha,Gautham Vasudev Menon,Prateik Babbar; Amy Jackson; Manu Rishi; Ramesh Sippy; Sachin Khedekar,,
2012,?: A Question Mark,Allyson Patel Yash Dave,Maanvi Gagroo; Akhlaque Khan; Yaman Chatwal; Varun Thakur; Chirag Jain; Sonam Mukherjee,,
2012,Married 2 America,Dilip Shankar,Jackie Shroff; Archana Joglekar; Anjali Malhotra; Shweta Tiwari; Raghubir Yadav; Chetan Pandit; Ashok Samarth; Akhilendra Mishra,,
2012,Jodi Breakers,Ashwini Chaudhary,R. Madhavan; Bipasha Basu; Milind Soman; Dipannita Sharma; Omi Vaidya; Mrinalini Sharma,,
2012,Tere Naal Love Ho Gaya,Mandeep Kumar,Riteish Deshmukh; Genelia D'Souza; Om Puri; Tinnu Anand,,
2012,"London, Paris, New York",Anu Menon,Ali Zafar; Aditi Rao Hydari,,
2012,Paan Singh Tomar,Tigmanshu Dhulia,Irrfan Khan; Mahie Gill; Vipin Sharma; Nawazuddin Siddiqui,,
2012,Will You Marry Me?,Aditya Dutt,Shreyas Talpade; Rajeev Khandelwal; Tripta Parashar; Mugdha Godse; Celina Jaitly; Muzammil Ibrahim,,
2012,Kahaani,Sujoy Ghosh,Vidya Balan; Parambrata Chatterjee; Nawazuddin Siddiqui; Indraneil Sengupta; Saswata Chatterjee,,
2012,Chaar Din Ki Chandni,Samir Karnik,Kulraj Randhawa; Tusshar Kapoor; Anupam Kher; Om Puri; Anita Raj,,
2012,Say Yes to Love,Mahrukh Mirza Beg,Asad Mirza; Nazia Hussain; Aditya Raj Kapoor,,
2012,Akkad Bakkkad Bam Be Bo,Dweep Raj Kochhar,Dweep Raj Kochhar,,
2012,Zindagi Tere Naam,Ashu Trikha,Mithun Chakraborthy; Ranjeeta Kaur; Ashish Sharma,,
2012,Agent Vinod,Sriram Raghavan,Saif Ali Khan; Kareena Kapoor; Ram Kapoor; Prem Chopra; Shahbaz Khan; Adil Hussain; Ravi Kishan,,
2012,Blood Money,Vishal Mahadkar,Kunal Khemu; Amrita Puri; Manish Chaudhari; Teeshay Shah; Puja Gupta,,
2012,Bumboo,Jagdish Rajpurohit,Sharat Saxena; Sanjay Mishra,,
2012,Housefull 2,Sajid Khan,Akshay Kumar; Asin; John Abraham; Jacqueline Fernandez; Riteish Deshmukh; Zareen Khan; Shreyas Talpade; Shazahn Padamsee; Chunky Pandey; Mithun Chakraborty; Rishi Kapoor; Randhir Kapoor; Boman Irani; Johnny Lever; Neelu Kohli; Suparna Marwah; Malaika Arora,₹ 179.15 crore (US$33.53 million),179.15
2012,Bittoo Boss,Supavitra Babul,Pulkit Samrat; Amita Pathak,,
2012,Ab Hoga Dharna Unlimited,Deepak Tanwar,Saurabh Malik; Rekha Rana; Omkar Das Manikpuri,,
2012,Vicky Donor,Shoojit Sircar,Ayushmann Khurrana; Yami Gautam; Annu Kapoor; John Abraham,,
2012,Hate Story,Vivek Agnihotri,Paoli Dam; Gulshan Devaiah; Nikhil Dwivedi,,
2012,Chhodo Kal Ki Baatein,Pramod Joshi,Sachin Khedekar; Aanjjan Srivastav; Atul Parchure; Anupam Kher,,
2012,Tezz,Priyadarshan,Ajay Devgn; Anil Kapoor; Kangana Ranaut; Zayed Khan; Sameera Reddy; Boman Irani; Mohanlal; Mallika Sherawat,,
2012,Life Ki Toh Lag Gayi,Rakesh Mehta,Ranvir Shorey; Kay Kay Menon; Manu Rishi; Rukhsar Rehman; Neha Bhasin,,
2012,Jannat 2,Kunal Deshmukh,Emraan Hashmi; Esha Gupta; Randeep Hooda,,
2012,Fatso!,Rajat Kapoor,Ranvir Shorey; Gul Panag; Purab Kohli,,
2012,The Forest,Ashvin Kumar,Ankur Vikal; Nandana Sen; Jaaved Jaaferi,,
2012,"Love, Lies & Seeta",Chandra Pemmaraju,Melanie Kannokada; Arjun Gupta; Lavrenti Lopes,,
2012,Dangerous Ishq,Vikram Bhatt,Karisma Kapoor; Rajneesh Duggal; Jimmy Sheirgill; Divya Dutta,,
2012,Chhota Bheem and the Curse of Damyaan,Rajiv Chilaka,Voice-over by Kaustav Ghosh; Rupa Bhimani,,
2012,Ishaqzaade,Habib Faisal,Arjun Kapoor; Parineeti Chopra; Gauahar Khan,,
2012,Department,Ram Gopal Varma,Amitabh Bachchan; Sanjay Dutt; Rana Daggubati; Anjana Sukhani; Lakshmi Manchu; Naseeruddin Shah,,
2012,Mr. Bhatti on Chutti,Karan Razdan,Anupam Kher; Abid Ali,,
2012,Arjun: The Warrior Prince,Arnab Chaudhuri,Voice-over by Yuddvir Bakolia; Anjan Srivastav; Sachin Khedekar; Ila Arun; Vishnu Sharma,,
2012,MLA,Shiv Dube,Mukesh Tiwari; Omkar Das Manikpuri,,
2012,Rakhtbeej,Anil Balani,Maanas Srivastavam; Sayantani Nandi,,
2012,Yeh Khula Aasmaan,Gitanjali Sinha,Raghubir Yadav; Yashpal Sharma,,
2012,"Love, Wrinkle-free",Sandeep Mohan,Ash Chandler; Shernaz Patel,,
2012,Rowdy Rathore,Prabhu Deva,Akshay Kumar; Sonakshi Sinha; Paresh Ganatra; Nassar,₹ 203.39 crore (US$38.06 million),203.39
2012,Shanghai,Dibakar Banerjee,Emraan Hashmi; Abhay Deol; Kalki Koechlin; Prasenjit Chatterjee,,
2012,Ferrari Ki Sawaari,Rajesh Mapuskar,Sharman Joshi; Boman Irani; Vidya Balan; Ritvik Sahore,,
2012,Qasam Se Qasam Se,Azim Rizvi,Faith; Rakhi Sawant; Satish Kaushik; Mukesh Tiwari; Omkar Das Manikpuri,,
2012,Teri Meri Kahaani,Kunal Kohli,Shahid Kapoor; Priyanka Chopra; Prachi Desai; Neha Sharma,,
2012,Gangs of Wasseypur – Part 1,Anurag Kashyap,Manoj Bajpai; Nawazuddin Siddiqui; Piyush Mishra; Richa Chadda; Huma Qureshi; Reema Sen,,
2012,Maximum,Kabeer Kaushik,Sonu Sood; Naseeruddin Shah; Neha Dhupia; Vinay Pathak,,
2012,Bol Bachchan,Rohit Shetty,Ajay Devgn; Abhishek Bachchan; Asin; Prachi Desai,₹ 165.68 crore (US$31 million),165.68
2012,3 Bachelors,Ajay Sinha,Sharman Joshi; Riya Sen; Raima Sen,,
2012,Cocktail,Homi Adajania,Deepika Padukone; Saif Ali Khan; Diana Penty; Dimple Kapadia; Boman Irani; Randeep Hooda,,
2012,Gattu,Rajan Khosa,Sarvasva; Mohammad Samad; Naresh Kumar,,
2012,Challo Driver,Vickrant Mahajan,Kainaz Motivala; Vickrant Mahajan; Prem Chopra; Manoj Pahwa,,
2012,Mere Dost Picture Abhi Baki Hai,Rajnish Raj Thakur,Suniel Shetty; Rajpal Yadav,,
2012,Kyaa Super Kool Hain Hum,Sachin Yardi,Tusshar Kapoor; Riteish Deshmukh; Neha Sharma; Sarah-Jane Dias,,
2012,Aalaap,Manish Manikpuri,Amit Purohit; Pitobash Tripathy; Gamya Wijayadasa; Rituparna Sengupta,,
2012,Overtime,Ajay Yadav,Swati Sharma; Yashpal Sharma; Satish Kaushik,,
2012,Jism 2,Pooja Bhatt,Sunny Leone; Arunoday Singh; Randeep Hooda,,
2012,Krishna Aur Kans,Vikram Veturi,Voice-over by; Om Puri; Juhi Chawla; Manoj Bajpai; Anupam Kher; A. K. Hangal; Sachin Pilgaonkar; Supriya Pilgaonkar; Prachi Save,,
2012,Gangs of Wasseypur – Part 2,Anurag Kashyap,Nawazuddin Siddiqui; Tigmanshu Dhulia; Piyush Mishra; Richa Chadda; Huma Qureshi; Reema Sen,,
2012,Paanch Ghantey Mien Paanch Crore,Faisal Saif,Meera; Abhishek Kumar; Kavita Radheshyam; Shawar Ali,,
2012,Ek Tha Tiger,Kabir Khan,Salman Khan; Katrina Kaif; Ranvir Shorey; Girish Karnad,₹ 334.39 crore (US$62.58 million),334.39
2012,Shirin Farhad Ki Toh Nikal Padi,Bela Sehgal,Boman Irani; Farah Khan,,
2012,Joker,Shirish Kunder,Akshay Kumar; Sonakshi Sinha; Chitrangada Singh; Shreyas Talpade; Minissha Lamba,,
2012,Jalpari: The Desert Mermaid,Nila Madhab Panda,Rahul Singh; Suhasini Mulay; Lehar Khan; Harsh Mayar; Tannishtha Chatterjee; Parvin Dabas,,
2012,From Sydney with Love,Prateek Chakraborty,Sharad Malhotra; Prateek Chakraborty; Evelyn Sharma; Bidita Bag,,
2012,I M 24,Saurabh Shukla,Ranvir Shorey; Neha Dhupia; Saurabh Shukla; Rajat Kapoor; Manjari Fadnis; Delnaaz Irani; Lillete Dubey; Karan Singh Grover,,
2012,Raaz 3: The Third Dimension,Vikram Bhatt,Emraan Hashmi; Bipasha Basu; Esha Gupta,,
2012,Chal Pichchur Banate Hain,Pritish Chakraborty,Rahil Tandon; Bhavna Ruparel,,
2012,Barfi!,Anurag Basu,Ranbir Kapoor; Priyanka Chopra; Ileana D'Cruz,₹ 175 crore (US$32.75 million),175.00
2012,Jeena Hai Toh Thok Daal,Manish Vatsalya,Ravi Kishan; Yashpal Sharma; Govind Namdev; Hazel Crowney; Sharat Saxena,,
2012,Heroine,Madhur Bhandarkar,Kareena Kapoor; Arjun Rampal; Randeep Hooda; Mugdha Godse; Raqesh Bapat; Divya Dutta; Lillete Dubey,,
2012,Kamaal Dhamaal Malamaal,Priyadarshan,Paresh Rawal; Om Puri; Nana Patekar; Shreyas Talpade; Rajpal Yadav; Nyra Banerjee,,
2012,OMG – Oh My God!,Umesh Shukla,Paresh Rawal; Akshay Kumar; Mithun Chakraborty; Nidhi Subbaiah; Lubna Salim; Prabhu Deva; Sonakshi Sinha,,
2012,English Vinglish,Gauri Shinde,Sridevi; Priya Anand; Mehdi Nebbou; Amitabh Bachchan,,
2012,Kismat Love Paisa Dilli,Sanjay Khanduri,Vivek Oberoi; Mallika Sherawat,,
2012,Aiyyaa,Sachin Kundalkar,Rani Mukerji; Prithviraj Sukumaran,,
2012,Login,Sanjeev Reddy,Himansu Bhatt; Radhika Roy; Akkash Basant; Rashmi Gautam; Nandini Rai,,
2012,Chittagong,Bedabrata Pain,Manoj Bajpai; Vega Tamotia; Nawazuddin Siddiqui; Barry John,,
2012,Bhoot Returns,Ram Gopal Verma,Manisha Koirala; J. D. Chakravarthy,,
2012,Student of the Year,Karan Johar,Sidharth Malhotra; Alia Bhatt; Varun Dhawan; Rishi Kapoor,,
2012,Delhi Safari,Nikhil Advani,Voice-over by; Akshaye Khanna; Suniel Shetty; Urmila Matondkar; Boman Irani; Govinda; Swini Khara,,
2012,Chakravyuh,Prakash Jha,Arjun Rampal; Abhay Deol; Esha Gupta; Manoj Bajpai; Kabir Bedi,,
2012,Ajab Gazabb Love,Sanjay Gadhvi,Jackky Bhagnani; Nidhi Subbaiah; Arjun Rampal; Darshan Jariwala; Kirron Kher,,
2012,Rush,"Shamin Desai, Priyanka Desai",Emraan Hashmi; Neha Dhupia; Sagarika Ghatge; Aditya Pancholi,,
2012,Luv Shuv Tey Chicken Khurana,Sameer Sharma,Kunal Kapoor; Huma Qureshi,,
2012,1920: The Evil Returns,Bhushan Patel,Aftab Shivdasani; Tia Bajpai; Vidya Malvade,,
2012,Ata Pata Laapata,Rajpal Yadav,Rajpal Yadav; Ashutosh Rana; Asrani,,
2012,Sons of Ram,Kushal Ruia,Voice over by; Sunidhi Chauhan; Aditya Kapadia; Devansh Doshi; Saptharishi Ghosh,,
2012,Future To Bright Hai Ji,Sanjay Amar,Aamir Bashir; Sonal Sehgal; Satish Kaushik,,
2012,Jab Tak Hai Jaan,Yash Chopra,Shah Rukh Khan; Katrina Kaif; Anushka Sharma,₹ 235 crore (US$43.98 million),235.00
2012,Son Of Sardaar,Ashwni Dhir,Ajay Devgn; Sanjay Dutt; Juhi Chawla; Sonakshi Sinha,₹ 161.48 crore (US$30.22 million),161.48
2012,Talaash: The Answer Lies Within,Reema Kagti,Aamir Khan; Rani Mukerji; Kareena Kapoor; Nawazuddin Siddiqui; Rajkumar Rao,₹ 180.83 crore (US$33.84 million),180.83
2012,Khiladi 786,Ashish R Mohan,Akshay Kumar; Asin; Mithun Chakraborty; Raj Babbar; Himesh Reshammiya; Paresh Rawal,,
2012,The Last Act,12 directors,Saurabh Shukla,,
2012,Cigarette Ki Tarah,Akashaditya Lama,Bhoop Yaduvanshi; Prashant Narayanan; Madhurima Tuli; Sudesh Berry,,
2012,Dabangg 2,Arbaaz Khan,Salman Khan; Sonakshi Sinha; Arbaaz Khan; Prakash Raj; Vinod Khanna,₹ 255 crore (US$47.72 million),255.00
2012,Mysterious Girl,,Uday Kiran; Venya,,
2013,Table No. 21,Aditya Datt,Paresh Rawal; Rajeev Khandelwal; Tina Desai,,
2013,Dehraadun Diary,Milind Ukey,Adhyayan Suman; Rohit Bakshi; Ragini Nandwani; Ashwini Kalsekar; Rati Agnihotri,,
2013,Meri Shadi Karao,Syed Noor,Gurdeep Singh Mehndi,,
2013,Matru Ki Bijlee Ka Mandola,Vishal Bhardwaj,Imran Khan; Anushka Sharma; Pankaj Kapur,,
2013,Pyaar Mein Aisa Hota Hai,Rajesh Kumar,Mohd Nazim; Aanamika Bawa; Rohit Rajawat; Aayushi Sharma,,
2013,Gangoobai,Priya Krishnaswamy,Sarita Joshi; Purab Kohli; Mita Vasisht,,
2013,Inkaar,Sudhir Mishra,Arjun Rampal; Chitrangada Singh; Deepti Naval; Kanwaljit Singh,,
2013,Mumbai Mirror,Ankush Bhatt,Sachiin Joshi; Gihana Khan; Prakash Raj,,
2013,Bandook,Aditya Om,Aditya Om; Manisha Kelkar; Arshad Khan,,
2013,Race 2,Abbas–Mustan,Saif Ali Khan; Jacqueline Fernandez; John Abraham; Deepika Padukone; Anil Kapoor; Ameesha Patel,₹ 175.75 crore (US$29.99 million),175.75
2013,Akaash Vani,Luv Ranjan,Kartik Tiwari; Nushrat Bharucha,,
2013,Main Krishna Hoon,Rajiv S. Ruia,Hrithik Roshan; Juhi Chawla; Rajneesh Duggal; Misti Mukherjee; Katrina Kaif,,
2013,Deewana Main Deewana,K.C. Bokadia,Govinda; Priyanka Chopra,,
2013,David,Bejoy Nambiar,Vikram; Lara Dutta; Vinay Virmani; Neil Nitin Mukesh; Tabu,,
2013,Vishwaroopam,Kamal Haasan,Kamal Haasan; Pooja Kumar; Shekhar Kapur; Andrea Jeremiah; Rahul Bose,₹ 220 crore (US$37.54 million),220.00
2013,Mai...,Mahesh Kodiyal,Asha Bhosle; Ram Kapoor; Padmini Kolhapure,,
2013,Listen... Amaya,Avinash Kumar Singh,Farooq Sheikh; Deepti Naval; Swara Bhaskar,,
2013,Special 26,Neeraj Pandey,Akshay Kumar; Kajal Aggarwal; Manoj Bajpayee; Anupam Kher; Jimmy Sheirgill,,
2013,ABCD: Any Body Can Dance,Remo D'Souza,Prabhu Deva; Ganesh Acharya; Kay Kay Menon; Lauren Gottlieb; Punit Pathak; Dharmesh Yelande; Salman Yusuff Khan,,
2013,The Unsound,Alok Shrivastava,Shadaab Khan; Anurita Jha,,
2013,Jayantabhai Ki Luv Story,Vinnil Markan,Vivek Oberoi; Neha Sharma,,
2013,Murder 3,Vishesh Bhatt,Randeep Hooda; Aditi Rao Hydari; Sara Loren,,
2013,Kai Po Che!,Abhishek Kapoor,Sushant Singh Rajput; Rajkumar Rao; Amit Sadh; Amrita Puri,,
2013,Zila Ghaziabad,Anand Kumar,Arshad Warsi; Vivek Oberoi; Sanjay Dutt; Minissha Lamba; Ravi Kishan; Paresh Rawal,,
2013,"I, Me Aur Main",Kapil Sharma,John Abraham; Prachi Desai; Chitrangda Singh,,
2013,Bloody Isshq,Arup Dutta,Akash Singh; Shilpa Anand; Tripta Parashar,,
2013,The Attacks of 26/11,Ram Gopal Varma,Nana Patekar,,
2013,"Saheb, Biwi Aur Gangster Returns",Tigmanshu Dhulia,Jimmy Sheirgill; Mahie Gill; Irrfan Khan; Soha Ali Khan,,
2013,Saare Jahaan Se Mehnga,Anshul Sharma,Sanjay Mishra; Ranjan Chhabra; Disha Pandey; Vishwa Mohan Badola; Pramod Pathak; Zakir Hussain,,
2013,3G - A Killer Connection,"Shantanu , Sheershak Anand",Neil Nitin Mukesh; Sonal Chauhan,,
2013,Asab Bosana Mera Story Hai,"Shoresa Khan, Herisa Sharma",Arjun Mathur; Gabriela Bertante,,
2013,Mere Dad Ki Maruti,Ashima Chibber,Saqib Saleem; Ram Kapoor; Rhea Chakraborty; Prabal Panjabi,,
2013,Jolly LLB,Subhash Kapoor,Arshad Warsi; Amrita Rao; Boman Irani; Saurabh Shukla,,
2013,Rangrezz,Priyadarshan,Jackky Bhagnani; Priya Anand; Rajpal Yadav; Evelyn Sharma,,
2013,The Adventures of Sinbad,"Shinjan Neogi , Abhishek Panchal",Vaibhav; Manju,,
2013,Sona Spa,,,,
2013,Himmatwala,Sajid Khan,Ajay Devgn; Tamannaah; Mahesh Manjrekar; Riteish Deshmukh,,
2013,Chashme Baddoor,David Dhawan,Ali Zafar; Siddharth; Taapsee Pannu; Divyendu Sharma,,
2013,Nautanki Saala,Rohan Sippy,Ayushmann Khurrana; Kunaal Roy Kapur; Pooja Salvi; Evelyn Sharma,,
2013,Commando: A One Man Army,Dilip Ghosh,Vidyut Jamwal; Pooja Chopra; Jaideep Ahlawat,,
2013,Ek Thi Daayan,Kannan Iyer,Emraan Hashmi; Huma Qureshi; Konkona Sen Sharma; Kalki Koechlin,,
2013,Aashiqui 2,Mohit Suri,Aditya Roy Kapur; Shraddha Kapoor; Shaad Randhawa,₹ 250 crore (US$42.66 million),250.00
2013,Shree,Rajesh Bachchani,Hussain Kuwajerwala; Paresh Ganatra; Anjali Patil,,
2013,Shootout at Wadala,Sanjay Gupta,John Abraham; Anil Kapoor; Kangana Ranaut; Manoj Bajpayee; Sonu Sood; Tushar Kapoor; Ronit Roy; Mahesh Manjrekar; Karan Patel; Jackie Shroff; Raju Kher,,
2013,Bombay Talkies,"Anurag Kashyap , Karan Johar , Zoya Akhtar , Dibakar Banerjee",Rani Mukerji; Nawazuddin Siddiqui; Randeep Hooda; Saqib Saleem; Sadashiv Amrapurkar; Katrina Kaif,,
2013,Chhota Bheem and the Throne of Bali,Rajiv Chilaka,,,
2013,Go Goa Gone,"Raj Nidimoru , Krishna D.K.",Saif Ali Khan; Kunal Khemu; Vir Das; Puja Gupta,,
2013,Gippi,Sonam Nair,Riya Vij; Divya Dutta; Taaha Shah,,
2013,Aurangzeb,Atul Sabharwal,Arjun Kapoor; Prithviraj Sukumaran; Jackie Shroff; Rishi Kapoor; Sasha Agha,,
2013,I Don't Luv U,Amit Kasaria,Ruslaan Mumtaz; Chetna Pande,,
2013,Beehad - The Ravines,Krishna Mishra,Vikas Shrivastav; Maan Singh Deep; Mangal Singh; Deepa,,
2013,Ishkq in Paris,Prem Raj,Preity Zinta; Rhehan Malliek; Isabelle Adjani,,
2013,Hum Hai Raahi Car Ke,Jyotin Goel,Adah Sharma; Dev Goel; Sanjay Dutt; Juhi Chawla; Chunky Pandey,,
2013,Zindagi 50-50,Rajiv S. Ruia,Riya Sen; Rajan Verma; Veena Malik; Arya Babbar; Supriya Kumari; Rajpal Yadav,,
2013,Yeh Jawaani Hai Deewani,Ayan Mukerji,Ranbir Kapoor; Deepika Padukone; Aditya Roy Kapur; Kalki Koechlin; Evelyn Sharma; Kunal Roy Kapoor; Madhuri Dixit,₹ 319.01 crore (US$54.44 million),319.01
2013,Yamla Pagla Deewana 2,Sangeeth Sivan,Dharmendra; Sunny Deol; Bobby Deol; Neha Sharma; Kristina Akheeva,,
2013,Mere Haule Dost,Nitin Raghunath,Anirudh Loka; Raghuvardhan Garlapati; Aadil Abedi,,
2013,Fukrey,Mrigdeep Singh Lamba,Pulkit Samrat; Manjot Singh; Ali Fazal; Richa Chadda; Vishakha Singh; Priya Anand; Pankaj Tripathi,,
2013,Ankur Arora Murder Case,Suhail Tatari,Kay Kay Menon; Paoli Dam; Arjun Mathur; Vishakha Singh; Harsh Chhaya,,
2013,Raanjhanaa,Anand L. Rai,Dhanush; Sonam Kapoor; Abhay Deol; Swara Bhaskar; Mohammed Zeeshan Ayyub,,
2013,Enemmy,Ashu Trikha,Mithun Chakraborty; Sunil Shetty; Mahakshay Chakraborty; Kay Kay Menon; Johnny Lever; Mahesh Manjrekar; Yuvika Chaudhary,,
2013,Shortcut Romeo,Susi Ganeshan,Neil Nitin Mukesh; Ameesha Patel; Puja Gupta,,
2013,Hai Golmaal In White House,Salar Sheikh,Rajpal Yadav; Govind Namdeo; Pratima Kazmi,,
2013,Ghanchakkar,Rajkumar Gupta,Emraan Hashmi; Vidya Balan; Rajesh Sharma,,
2013,Lootera,Vikramaditya Motwane,Ranveer Singh; Sonakshi Sinha,,
2013,Policegiri,K. S. Ravikumar,Sanjay Dutt; Prakash Raj; Om Puri; Prachi Desai,,
2013,Bhaag Milkha Bhaag,Rakeysh Omprakash Mehra,Farhan Akhtar; Sonam Kapoor; Divya Dutta; Pawan Malhotra,₹ 200 crore (US$34.13 million),200.00
2013,Sixteen,Raj Purohit,Izabelle Leite; Darshan Jariwala; Wamiqa Gabbi; Highphill Mathew; Rohan Mehra,,
2013,Boyss Toh Boyss Hain,Amit Vats,Raj Kumar Yadav; Anshuman Jha; Divya Dutta; Sharat Saxena; Dhruv Ganesh; Aarya Kumar,,
2013,Shorts,"Shlok Sharma, Siddharth Gupt, Anirban Roy, Rohit Pandey, Neeraj Ghaywan",Nawazuddin Siddiqui; Huma Qureshi; Richa Chadda; Vineet Kumar Singh,,
2013,Ramaiya Vastavaiya,Prabhudeva,Girish Kumar; Shruti Haasan,,
2013,D Day,Nikhil Advani,Arjun Rampal; Rishi Kapoor; Shruti Haasan; Irrfan Khan; Huma Qureshi,,
2013,Ship of Theseus,Anand Gandhi,Aida Al-Khashef; Niraj Kabi; Sohum Shah; Vinay Shukla,,
2013,Issaq,Manish Tiwary,Prateik Babbar; Amyra Dastur; Rajeshwari Sachdev; Evelyn Sharma; Ravi Kishan; Makarand Deshpande,,
2013,Bajatey Raho,Shashant Shah,Vinay Pathak; Ranvir Shorey; Ravi Kishan; Dolly Ahluwalia,,
2013,Luv U Soniyo,Joe Rajan,Tanuj Virwani; Neha Hinge,,
2013,Nasha,Amit Saxena,Poonam Pandey; Shivam; Ranbir Chakma,,
2013,Rabba Main Kya Karoon,Amrit Sagar Chopra,Arshad Warsi; Akash Chopra; Paresh Rawal,,
2013,Chor Chor Super Chor,K. Rajesh,Deepak Dobriyal; Anshul Kataria; Priya Bathija; Paru Uma,,
2013,B.A. Pass,Ajay Bahl,Shilpa Shukla; Shadab Kamal; Rajesh Sharma,,
2013,Calapor,Dinesh P. Bhonsle,Rituparna Sengupta; Priyanshu Chatterjee; Raghubir Yadav; Harsh Chhaya,,
2013,Love in Bombay,Joy Mukherjee,Joy Mukherjee; Waheeda Rehman; Kishore Kumar; Ashok Kumar; Rehman,,
2013,Chennai Express,Rohit Shetty,Shah Rukh Khan; Deepika Padukone,₹ 423.76 crore (US$72.32 million),423.76
2013,Once Upon ay Time in Mumbai Dobaara!,Milan Luthria,Akshay Kumar; Imran Khan; Sonakshi Sinha; Sonali Bendre; Mahesh Manjrekar,,
2013,Madras Cafe,Shoojit Sircar,John Abraham; Nargis Fakhri; Raashii Khanna,,
2013,Satyagraha,Prakash Jha,Amitabh Bachchan; Ajay Devgn; Kareena Kapoor; Arjun Rampal; Amrita Rao; Manoj Bajpai,,
2013,Zanjeer,Apoorva Lakhia,Ram Charan; Priyanka Chopra; Sanjay Dutt; Mahie Gill; Prakash Raj; Atul Kulkarni,,
2013,Shuddh Desi Romance,Maneesh Sharma,Sushant Singh Rajput; Parineeti Chopra; Vaani Kapoor; Rishi Kapoor,,
2013,Zindagi Jalebi,Karan Kashyap,Avinash Bhargava; Leena; Samarth Chaturvedi,,
2013,Siddharth,Richie Mehta,Rajesh Tailang,,
2013,Grand Masti,Indra Kumar,Riteish Deshmukh; Vivek Oberoi; Aftab Shivdasani; Karishma Tanna; Manjari Fadnis; Bruna Abdullah; Kainaat Arora,₹ 148.23 crore (US$25.3 million),148.23
2013,John Day,Ahishor Solomon,Naseeruddin Shah; Randeep Hooda,,
2013,Horror Story,Ayush Raina,Karan Kundra; Nishant Singh Malkani; Ravish Desai; Hasan Zaidi; Sheetal Singh; Aparna Bajpai; Radhika Menon; Nandini Vaid,,
2013,Phata Poster Nikhla Hero,Rajkumar Santoshi,Shahid Kapoor; Ileana D'Cruz; Parul Yadav; Padmini Kolhapure; Darshan Jariwala,,
2013,The Lunchbox,Ritesh Batra,Irrfan Khan; Nawazuddin Siddiqui; Bharati Achrekar,,
2013,Warning,Gurmmeet Singh,Santosh Barmola; Suzana Rodrigues; Manjari Fadnis; Varun Sharma; Jitin Gulati; Sumit Suri; Madhurima Tuli,,
2013,Maazii,Jaideep Chopra,Sumeet Nijhawan; Mona Wasu; Pankaj Tripathi; Mohd. Zeeshan Ayyub; Manish Chaudhary,,
2013,Prague,Ashish R Shukla,Chandan Roy Sanyal; Elena Kazan; Arfi Lamba; Kumar Mayank,,
2013,Super Model,Navin Batra,Veena Malik; Ashmit Patel; Jackie Shroff,,
2013,Besharam,Abhinav Kashyap,Ranbir Kapoor; Pallavi Sharda; Rishi Kapoor; Neetu Singh,,
2013,War Chhod Na Yaar,Faraz Haider,Sharman Joshi; Jaaved Jaaferi; Soha Ali Khan; Sanjay Mishra,,
2013,Baat Bann Gayi,Shuja Ali,Ali Fazal; Gulshan Grover; Anisa,,
2013,Ekk Thee Sanam,Monish Kaushal,Nisha Triloki; Rajender Thakur; Gopal Thakur,,
2013,Paapi - Ek Satya Katha,Aziz Sejawal,Arya Babbar; Prosenjit Chatterjee; Sayantika Banerjee; Pooja Bharti; Rajesh Sharma; Harish Patel,,
2013,Boss,Anthony D'Souza,Akshay Kumar; Mithun Chakraborty; Danny Denzongpa; Ronit Roy; Aditi Rao Hydari; Shiv Panditt; Johny Lever,,
2013,Shahid,Hansal Mehta,Rajkummar Rao; Tigmanshu Dhulia; Kay Kay Menon; Prabal Panjabi,,
2013,Wake Up India,Babloo Seshadri,Chirag Patil; Sai Tamhankar; Manoj Joshi; Aanjjan Srivastav; Mukesh Tiwari; Mohan Joshi; Milind Gunaji; Anant Jog; Adi Irani; Mushtaq Khan; Atul Parchure; Asrani; Anjula Singh Mahor,,
2013,Amdavad Junction,Apurv Bajpai,Rohan Jardosh; Saurabh Singh; Gunjan Vyas; Touqeer Khan; Ishita Salot; Devendra Trivedi; Hitesh Patel; Swapna Nair,,
2013,Dilli Gang,Ashish Tyagi,Darshan Jariwala; Neena Kulkarni; Yashpal Sharma; Amir Dalvi; Asif Basra; Asif Ali,,
2013,Mickey Virus,Saurabh Varma,Manish Paul; Elli Avram; Varun Badola; Manish Chaudhary; Puja Gupta,,
2013,Ishk Actually,Anish Khanna,Rajeev Khandelwal; Raayo S Bakhirta; Neha Ahuja; Ann Mitchai; Neha Ghelot; Siddharth Van Shipley,,
2013,Sooper Se Ooper,Shekhar Ghosh,Vir Das; Kirti Kulhari; Gulshan Grover; Deepak Dobriyal; Yashpal Sharma,,
2013,Krrish 3,Rakesh Roshan,Hrithik Roshan; Priyanka Chopra; Kangana Ranaut; Vivek Oberoi,₹ 393.37 crore (US$67.13 million),393.37
2013,Satya 2,Ram Gopal Varma,Puneet Singh Ratn; Anaika Soti; Mahesh Thakur; Aradhna Gupta; Raj Premi; Vikram Singh,,
2013,Rajjo,Vishwas Patil,Kangana Ranaut; Paras Arora; Mahesh Manjrekar; Prakash Raj; Jaya Prada,,
2013,Goliyon Ki Raasleela Ram-Leela,Sanjay Leela Bhansali,Ranveer Singh; Deepika Padukone; Richa Chadha; Supriya Pathak,₹ 220.58 crore (US$37.64 million),220.58
2013,Kaand: Black Scandal,Santosh K. Gupta,Suraj K. Shah; J. B. Rana; Dipanshi,,
2013,Gori Tere Pyaar Mein,Punit Malhotra,Imran Khan; Kareena Kapoor; Shraddha Kapoor; Anupam Kher,,
2013,Singh Saab The Great,Anil Sharma,Sunny Deol; Amrita Rao; Johny Lever; Urvashi Rautela,,
2013,Bullett Raja,Tigmanshu Dhulia,Saif Ali Khan; Sonakshi Sinha; Jimmy Sheirgill; Vidyut Jamwal; Chunky Pandey,,
2013,R... Rajkumar,Prabhudeva,Shahid Kapoor; Sonakshi Sinha; Sonu Sood; Asrani; Ashish Vidyarthi,,
2013,Jackpot,Kaizad Gustad,Sachiin J Joshi; Naseeruddin Shah; Sunny Leone,,
2013,What the Fish,Gurmmet Singh,Dimple Kapadia; Manu Rishi; Manjot Singh; Anand Tiwari,,
2013,Dhoom 3,Vijay Krishna Acharya,Aamir Khan; Abhishek Bachchan; Katrina Kaif; Uday Chopra; Jackie Shroff; Vikas Shrivastav,₹ 589.02 crore (US$100.52 million),589.02
2014,Mr Joe B. Carvalho,Samir Tiwari,Arshad Warsi; Soha Ali Khan; Javed Jaffrey; Vijay Raaz,,
2014,19th January,Sanjay Amar,Deepti Naval; K. K. Raina; Bidita Baig; Madhuri Bhatia,,
2014,Sholay 3D,Ramesh Sippy,Dharmendra; Amitabh Bachchan; Hema Malini; Jaya Bhaduri; Sanjeev Kumar; Amjad Khan; A.K. Hangal,,
2014,Dedh Ishqiya,Abhishek Chaubey,Naseeruddin Shah; Arshad Warsi; Madhuri Dixit; Huma Qureshi,,
2014,Yaariyan,Divya Khosla Kumar,Himansh Kohli; Shreyas Pardiwalla; Dev Sharma; Nicole Faria; Rakul Preet Singh,,
2014,Karle Pyaar Karle,Rajesh Pandey,Shiv Darshan; Hasleen Kaur,,
2014,Miss Lovely,Ashim Ahluwalia,Nawazuddin Siddiqui; Niharika Singh,,
2014,Om-Dar-B-Dar,Kamal Swaroop,Aditya Lakhia; Manish Gupta; Anita Kanwar; Gopi Desai,,
2014,Paranthe Wali Gali,Sachin Gupta,Anuj Saxena; Neha Pawar; Mohinder Gujral; Vijayant Kohli; Himanshu Thakkar; Yuvraj Haral,,
2014,Strings of Passion,Sanghamitra Chaudhari,Zeenat Aman; Indrani Haldar; Shubh Mukherjee; Rajesh Sharma,,
2014,Jai Ho,Sohail Khan,Salman Khan; Daisy Shah; Tabu; Sana Khan; Danny Denzongpa; Mohnish Behl; Pulkit Samrat; Vatsal Sheth; Suniel Shetty; Genelia Deshmukh,₹ 186 crore (US$30 million),186.00
2014,One by Two,Devika Bhagat,Abhay Deol; Preeti Desai; Rati Agnihotri; Jayant Kripalani; Darshan Jariwala; Lilette Dubey; Anish Trivedi,,
2014,Babloo Happy Hai,Nila Madhab Panda,Sahil Anand; Erica Fernandes; Preet Kamal; Sumit Suri; Amol Parashar; Reyhna Malhotra; Parvin Dabas; Anu Choudhury; Pooja Tawde; Khusbhoo Purohit; Mika Singh,,
2014,Hasee Toh Phasee,Vinil Mathew,Sidharth Malhotra; Parineeti Chopra; Adah Sharma,,
2014,Heartless,Shekhar Suman,Adhyayan Suman; Ariana Ayam; Om Puri; Deepti Naval; Madan Jain; Shekhar Suman,,
2014,Ya Rab,Hasnain Hyderabadwala,Manzar Sehbai; Ajaz Khan; Akhilendra Mishra; Raju Kher; Kishori Shahane; Vikram Singh,,
2014,Gunday,Ali Abbas Zafar,Ranveer Singh; Arjun Kapoor; Priyanka Chopra; Irrfan Khan; Pankaj Tripathi,₹ 130.91 crore (US$23 million),130.91
2014,Kaho Na Kaho,Sanjay Niranjan,Sikandar; Roshni; Raja,,
2014,Darr @ the Mall,Pawan Kripalani,Jimmy Sheirgill; Nushrat Bharucha; Arif Zakaria; Asif Basra; Nivedita Bhattacharya,,
2014,Dee Saturday Night,Jay Prakash,Prashant Narayanan; Arif Zakaria; Aman Verma; Mahi Khanduri; Gaurav Dixit; Nazneen Patel,,
2014,Gulabi Gang,Nishtha Jain,Sampat Pal Devi,,
2014,Highway,Imtiaz Ali,Randeep Hooda; Alia Bhatt,,
2014,Karar: The Deal,Sabir,Tarun Arora; Mahek Chahal; Jyothi Rana,,
2014,Pyar Ka Live Show,Shailendra Singh Rajput,Ishrat Ali; Rudraksh Pundhir; Rajni Mehta; Upasana Singh; Mushtaq Khan; Adi Irani; Shiva Rindan,,
2014,The Dark Secrets Of Tonhi,Shiraz Henry,Natasha Sikka; J. Brandon Hill; Alex Peters; Smitha Siah; Priyanka Joshi,,
2014,Anuradha,Raju Mavani,Sachin Khedekar; Smita Jaykar; Disha Choudhary; Shagun Sharma; Rahul Jain; Manoj Joshi; Kishori Shahane; Hrishitaa Bhatt; Aakash Sharma; Raju Mavani; Ganesh Acharya; Manoj Tiwari; Prashant Upadhyay,,
2014,Shaadi Ke Side Effects,Saket Chaudhary,Farhan Akhtar; Vidya Balan; Vir Das; Ram Kapoor; Gautami Kapoor; Purab Kohli; Rati Agnihotri,,
2014,Akela The Alone,Abrar Qazi,Rizwan Qazi; Qasim Bilal; Adil Ahmed,,
2014,Gulaab Gang,Soumik Sen,Madhuri Dixit; Juhi Chawla,,
2014,Queen,Vikas Bahl,Kangana Ranaut; Rajkummar Rao; Lisa Haydon,,
2014,Total Siyapaa,E Niwas,Ali Zafar; Yami Gautam; Sara Khan; Anupam Kher; Kiron Kher,,
2014,Bewakoofiyaan,Nupur Asthana,Ayushmann Khurrana; Sonam Kapoor; Rishi Kapoor,,
2014,Neighbours,Shyam Ramsay,Arbaaz Ali Khan; Roushika Reikhi; Shakti Kapoor; Gavie Chahal; Rufy Khan; Hritu Dudani; Kirti Vaidhya; Prince Sodhi; Sunny Singh,,
2014,Ankhon Dekhi,Rajat Kapoor,Sanjay Mishra; Rajat Kapoor; Samit Das; Brijendra Kala,,
2014,Gang of Ghosts,Satish Kaushik,Parambrata Chatterjee; Sharman Joshi; Mahie Gill; Anupam Kher; Meera Chopra; Saurabh Shukla; Chunky Pandey,,
2014,Lakshmi,Nagesh Kukunoor,Monali Thakur; Satish Kaushik; Shefali Shetty; Ram Kapoor,,
2014,Ragini MMS 2,Bhushan Patel,Sunny Leone; Parvin Dabas; Divya Dutta,,
2014,Dishkiyaoon,Sanamjit Talwar,Sunny Deol; Harman Baweja; Ayesha Khanna; Prashant Narayanan,,
2014,O Teri,Umesh Bist,Pulkit Samrat; Sarah-Jane Dias; Bilal Amrohi; Anupam Kher; Mandira Bedi; Vijay Raaz; Manoj Pahwa,,
2014,Station,Saad Khan,Sameer Kevin Roy; Kanika Batra; Vibhinta Verma; Siddhanth Sundar,,
2014,Youngistaan,Syed Ahmad Afzal,Jackky Bhagnani; Neha Sharma; Farooq Shaikh; Boman Irani,,
2014,Ebn-E-Batuta,Varun Middha,Omkar Das Manikpuri; Rajeev Verma; Dev Gohar; Satyendra Khare; Nazea Sayed; Neelam Singh,,
2014,Honour Killing,Avtar Bhogal,Zara Sheikh; Sandeep Singh; Tom Alter; Gulshan Grover; Prem Chopra,,
2014,Jal,Girish Malik,Purab Kohli; Tannishtha Chatterjee; Kirti Kulhari; Yashpal Sharma,,
2014,Main Tera Hero,David Dhawan,Varun Dhawan; Ileana D'Cruz; Nargis Fakhri; Abhimanyu Singh; Evelyn Sharma,,
2014,Bhoothnath Returns,Nitesh Tiwari,Amitabh Bachchan; Parth Bhalerao; Boman Irani; Anurag Kashyap; Usha Jadhav,,
2014,2 States,Abhishek Varman,Arjun Kapoor; Alia Bhatt; Amrita Singh; Ronit Roy,₹ 172.99 crore (US$28 million),172.99
2014,Dekh Tamasha Dekh,Feroz Abbas Khan,Satish Kaushik; Ganesh Yadav,,
2014,Lucky Kabootar,Shammi Chhabra,Ravi Kishan; Eijaz Khan; Kulraj Randhawa; Shraddha Das; Sanjay Mishra; Madhavi Sharma,,
2014,Kaanchi: The Unbreakable,Subhash Ghai,Mishti; Kartik Aaryan; Rishi Kapoor; Mithun Chakraborty,,
2014,Revolver Rani,Sai Kabir,Kangana Ranaut; Vir Das; Piyush Mishra; Zakir Hussain,,
2014,Samrat & Co.,Kaushik Ghatak,Rajeev Khandelwal; Madalasa Sharma,,
2014,Purani Jeans,Tanushri Chattrji Bassu,Tanuj Virwani; Aditya Seal; Izabelle Leite; Sarika; Rati Agnihotri,,
2014,Kya Dilli Kya Lahore,Vijay Raaz,Vijay Raaz; Manu Rishi; Raj Zutshi; Vishwajeet Pradhan,,
2014,Angry Young Man,Ramesh Rout,Ajay Sinh Rathod; Prachi Sinha,,
2014,Kahin Hai Mera Pyar,Mahesh Vaijnath Doijode,Abhishek Sethiya; Sonia Mann; Sanjay Kapoor; Jackie Shroff,,
2014,Hawaa Hawaai,Amole Gupte,Partho Gupte; Saqib Saleem; Pragya Yadav,,
2014,Khwaabb,Zaid Ali Khan,Navdip Singh; Simer Motiani; Nafisa Ali; Bajrang Bali Singh,,
2014,Koyelaanchal,Ashu Trikha,Vinod Khanna; Suniel Shetty; Vipino,,
2014,Manjunath,Sandeep A. Varma,Divya Dutta; Seema Biswas; Asif Basra; Yashpal Sharma,,
2014,Mastram,Akhilesh Jaiswal,Rahul Bagga; Tara Alisha Berry,,
2014,Yeh Hai Bakrapur,Janaki Vishwanathan,Anshuman Jha; Asif Basra; Amit Sial; Uttkarsh Majumdar; Faiz Mohammad; Suruchi Aulakh; Yaushika Verma; Shamim Khan,,
2014,The Xposé,Ananth Narayan Mahadevan,Himesh Reshammiya; Sonali Raut; Yo Yo Honey Singh; Zoya Afroz; Irrfan Khan; Adil Hussain,,
2014,Children of War,Mrityunjay Devvrat,Farooq Shaikh; Victor Banerjee; Pawan Malhotra; Indraneil Sengupta,,
2014,M3 - Midsummer Midnight Mumbai,Braj Bhushan,Paras Chhabra; Sara Khan; M.A. Guddu; Pooja Thakur,,
2014,Heropanti,Sabbir Khan,Tiger Shroff; Kriti Sanon; Prakash Raj,,
2014,CityLights,Hansal Mehta,Rajkummar Rao; Patralekha,,
2014,Kuku Mathur Ki Jhand Ho Gayi,Aman Sachdeva,Siddharth Gupta; Simran Kaur Mundi; Pallavi Batra,,
2014,Filmistaan,Nitin Kakkar,Sharib Hashmi; Inaamulhaq; Kumud Mishra; Gopal Dutt,,
2014,Holiday: A Soldier Is Never Off Duty,A.R. Murugadoss,Akshay Kumar; Sonakshi Sinha; Govinda,₹ 176.42 crore (US$29 million),176.42
2014,Fugly,Kabir Sadanand,Jimmy Sheirgill; Mohit Marwah; Kiara Advani; Vijender Singh; Arfi Lamba,,
2014,Machhli Jal Ki Rani Hai,Debaloy Dey,Bhanu Uday; Swara Bhaskar; Murali Sharma; Reema Debnath; Sakha Kalyani; Deepraj Rana,,
2014,Humshakals,Sajid Khan,Saif Ali Khan; Esha Gupta; Riteish Deshmukh; Bipasha Basu; Ram Kapoor; Tamannaah Bhatia,,
2014,Ek Villain,Mohit Suri,Sidharth Malhotra; Riteish Deshmukh; Shraddha Kapoor; Aamna Sharif,₹ 169.62 crore (US$18 million)(US$29 million),169.62
2014,Bobby Jasoos,Samar Shaikh,Vidya Balan; Ali Fazal; Arjan Bajwa; Anupriya Kapoor; Supriya Pathak; Tanvi Azmi,,
2014,Lekar Hum Deewana Dil,Arif Ali,Armaan Jain; Deeksha Seth; Nikita Dutta,,
2014,Humpty Sharma Ki Dulhania,Shashank Khaitan,Varun Dhawan; Alia Bhatt; Sidharth Shukla,,
2014,Munna Mange Memsaab,Shareeph Mansuri Saranawala,Omkar Das Manikpuri; Razak Khan; Himani Shivpuri,,
2014,Hate Story 2,Vishal Pandya,Surveen Chawla; Sushant Singh; Jay Bhanushali; Siddharth Kher; Rajesh Khera,,
2014,Bazaar-E-Husn,Ajay Mehra,Om Puri; Reshmi Ghosh; Yashpal Sharma; Jeet Goshwami,,
2014,Riyasat,Ashok Tyagi,Rajesh Khanna; Aryaman Ramsay; Aryan Vaid; Raja Murad; Vishwajeet Pradhan,,
2014,Amit Sahni Ki List,Ajay Bhuyan,Vir Das; Vega Tamotia; Anindita Nayar; Kavi Shastri,,
2014,Pizza,Akshay Akkineni,Akshay Oberoi; Parvathy Omanakuttan; Dipannita Sharma,,
2014,Kick,Sajid Nadiadwala,Salman Khan; Jacqueline Fernandez; Nawazuddin Siddiqui; Randeep Hooda,₹ 402 crore (US$66 million),402.00
2014,Entertainment,Sajid-Farhad,Akshay Kumar; Tamannaah Bhatia; Prakash Raj; Sonu Sood; Mithun Chakraborty,,
2014,Singham Returns,Rohit Shetty,Ajay Devgn; Kareena Kapoor; Amol Gupte; Anupam Kher,₹ 215 crore (US$35 million),215.00
2014,Life is Beautiful!,Manoj Amarnani,Manoj Amarnani; Anokhi Dalvi; Nancy Brunetta; Parth Naik; Raj Zutshi,,
2014,Mad About Dance,Saahil Prem,Saahil Prem; Amrit Maghera,,
2014,Mardaani,Pradeep Sarkar,Rani Mukerji; Tahir Raj Bhasin; Jisshu Sengupta,,
2014,Mumbhai Connection,Atlanta Nagendra,Rafiq Batcha; Srinivas; Dick Mays; Alieesa Badresia,,
2014,Raja Natwarlal,Kunal Deshmukh,Emraan Hashmi; Humaima Malick; Paresh Rawal; Deepak Tijori; Kay Kay Menon,,
2014,Mary Kom,Omung Kumar,Priyanka Chopra; Minakkshi Kalitaa; Zachary Coffin,,
2014,Creature,Vikram Bhatt,Bipasha Basu; Imran Abbas,,
2014,Daawat-e-Ishq,Habib Faisal,Aditya Roy Kapur; Parineeti Chopra; Anupam Kher,,
2014,Khoobsurat,Shashanka Ghosh,Sonam Kapoor; Fawad Khan; Kiron Kher; Ratna Pathak; Aamir Raza Hussain,,
2014,3 A.M.,Vishal Mahadkar,Rannvijay Singh; Anindita Nayar; Salil Acharya; Kavin Dave,,
2014,Chaarfutiya Chhokare,Manish Harishankar,Soha Ali Khan; Seema Biswas; Zakir Hussain,,
2014,Desi Kattey,Anand Kumar,Suniel Shetty; Akhil Kapur; Jay Bhanushali; Sasha Agha; Tia Bajpai,,
2014,Meinu Ek Ladki Chaahiye,Abhishek Bindal,Raghuvir Yadav; Puru Chibber; Reecha Sinha; Zakir Hussain,,
2014,Balwinder Singh Famous Ho Gaya,Sunil Agnihotri,Mika Singh; Shaan; Gabriela Bertante,,
2014,Bang Bang!,Siddharth Anand,Hrithik Roshan; Katrina Kaif; Jaaved Jaaferi; Jimmy Shergill; Danny Denzongpa,₹ 333 crore (US$56 million),333.00
2014,Haider,Vishal Bhardwaj,Shahid Kapoor; Tabu; Kay Kay Menon; Shraddha Kapoor; Irrfan Khan,,
2014,Spark,V. K. Singh,Rajniesh Duggal; Mansha Bahl; Subhashree Ganguly,,
2014,Jigariyaa,Raj Purohit,Harshvardhan Deo; Cherry Mardia; Virendra Saxena; K.K. Raina; Navni Parihar; Natasha Rastogi,,
2014,Ekkees Toppon Ki Salaami,Ravindra Gautam,Anupam Kher; Neha Dhupia; Divyendu Sharma; Manu Rishi; Aditi Sharma,,
2014,Tamanchey,Navneet Behal,Nikhil Dwivedi; Richa Chadda,,
2014,Mumbai 125 KM,Hemant Madhukar,Veena Malik; Karanvir Bohra; Vedita Pratap Singh; Aparna Bajpai,,
2014,Sonali Cable,Charudutt Acharya,Rhea Chakraborty; Ali Fazal; Raghav Juyal; Anupam Kher; Smita Jaykar,,
2014,Happy New Year,Farah Khan,Shah Rukh Khan; Deepika Padukone; Abhishek Bachchan; Sonu Sood; Boman Irani; Vivaan Shah; Jackie Shroff,₹ 342 crore (US$66 million),342.00
2014,Fireflies,Sabal Singh Sheikhawat,Rahul Khanna; Monica Dogra; Arjun Mathur; Shivani Ghai; Aadya Bedi,,
2014,Roar: Tigers of the Sundarbans,Kamal Sadanah,Abhinav Shukla; Varinder Singh Ghuman; Himarsha Venkatsamy; Achint Kaur; Nora Fatehi,,
2014,Super Nani,Indra Kumar,Rekha; Sharman Joshi; Randhir Kapoor; Shweta Kumar,,
2014,Rang Rasiya,Ketan Mehta,Randeep Hooda; Nandana Sen; Paresh Rawal; Ashish Vidyarthi; Sachin Khedekar,,
2014,A Decent Arrangement,Sarovar Banka,Shabana Azmi; Adam Laupus; Lethia Nall; Farid Currim; Shreya Sharma; Vikram Kapadia; Navniit Nisshan; Adhir Bhat,,
2014,The Shaukeens,Abhishek Sharma,Akshay Kumar; Anupam Kher; Annu Kapoor; Lisa Haydon; Piyush Mishra,,
2014,6 – 5 = 2,Bharat Jain,Prashanth Gupta; Niharica Raizada; Ashruth Jain; Gaurav Kothari; Disha Kapoor,,
2014,Kill Dil,Shaad Ali,Ranveer Singh; Parineeti Chopra; Ali Zafar; Govinda,,
2014,Gollu Aur Pappu,Kabir Sadanand,Vir Das; Kunaal Roy Kapur; Shobhit Rana; Dimple Kapadia; Deepak Tijori,,
2014,Happy Ending,Raj Nidimoru and Krishna DK,Saif Ali Khan; Ileana D'Cruz; Govinda; Ranvir Shorey; Kalki Koechlin,,
2014,Titoo MBA,Amit Vats,Nishant Dahiya; Pragya Jaiswal; Abhishek Kumar,,
2014,Hum Hai Teen Khurafaati (हम हैं तीन खुराफाती),Rajeshwar Chauhan,Heena Panchal; Mausam Sharma; Pranshu Kaushal; Shrey Chhabra; Vrajesh Hirjee; Hemant Pandey; Razzak Khan; Brijendra Kala; Manoj Bakshi,,
2014,Ungli,Rensil D'Silva,Sanjay Dutt; Emraan Hashmi; Randeep Hooda; Kangana Ranaut; Neha Dhupia; Neil Bhoopalam; Angad Bedi; Arunoday Singh,,
2014,Zed Plus,Chandraprakash Dwivedi,Adil Hussain; Mona Singh; Mukesh Tiwari; Sanjay Mishra; Kulbhushan Kharbanda; Rahul Singh; Shivani Tanksale; K K Raina; Ekavali Khanna; Anil Rastogi,,
2014,Zid,Vivek Agnihotri,Karanvir Sharma; Mannara Chopra; Shraddha Das,,
2014,Action Jackson,Prabhu Deva,Ajay Devgn; Sonakshi Sinha; Yami Gautam; Manasvi Mamgai; Kunaal Roy Kapur,,
2014,Bhopal: A Prayer for Rain,Ravi Kumar,Martin Sheen; Mischa Barton; Rajpal Yadav; Tannishtha Chatterjee; Akhil Mishra; Fagun Thakrar; Joy Sengupta; Kal Penn; Martin Brambach; David Brooks; Vineet Kumar; Satish Kaushik; Vasanth Santosham; Manoj Joshi,,
2014,Mumbai Delhi Mumbai,Satish Rajwade,Shiv Panditt; Piaa Bajpai,,
2014,Sulemani Keeda,Amit Masurkar,Naveen Kasturia; Mayank Tewari; Aditi Vasudev,,
2014,Badlapur Boys,Shailesh Verma,Shashank Udapurkar; Annu Kapoor; Anupam Maanav; Kishori Shahane; Aman Verma; Saranya Mohan,,
2014,Life Mein Twist Hai,Dinesh Soni,Shyam Avtar Kedia,,
2014,LUV...Phir Kabhie,Ajay Yadav,Saurabbh Roy; Arijita Roy; Meghna Patel; Narendra Bedi,,
2014,Main Aur Mr. Riight,Adeeb Rais,Varun Khandelwal; Danny Saru; Shenaz Treasuryvala; Barun Sobti; Kavi Shastri; Maia Sethna; Anagha Mane; Neha Gosain,,
2014,Objection My God,Amit Khan,Makrand Deshpande; Sanjay Mishra; Rajesh Khattar; Zarina Wahab,,
2014,Room – The Mystery,Faizal Khan,Atif Jamil; Ibra Khan; Roselyn Dsouza; Eshu Gambhir; Himir Gandhi; Rohit Juneja; Shashwita Sharma,,
2014,PK,Rajkumar Hirani,Aamir Khan; Anushka Sharma; Ranbir Kapoor; Parikshit Sahni; Sushant Singh Rajput; Sanjay Dutt; Boman Irani; Saurabh Shukla,₹ 769 crore ( US$ 140 million),769.00
2014,Ugly,Anurag Kashyap,Abir Goswami; Girish Kulkarni; Madhavi Singh; Ronit Roy; Anshikaa Shrivastava; Rahul Bhat; Tejaswini Kolhapure; Sandesh Jadhav,,
2015,International Hero,Sanjay Niranjan,Nakul Vaid; Jatin Grewal; Gurleen Choter,,
2015,Mumbai Can Dance Saala,Sachindra Sharma,Ashima Sharma; Prashant Narayanan; Aditya Pancholi; Mukesh Tiwari,,
2015,Take It Easy,Sunil Prem Vyas,Vikram Gokhale; Dipannita Sharma; Raj Zutshi; Anang Desai; Joy Sengupta; Sulabha Arya; Vijay Kashyap,,
2015,Tevar,Amit Sharma,Arjun Kapoor; Sonakshi Sinha; Raj Babbar; Manoj Bajpai,,
2015,Alone,Bhushan Patel,Bipasha Basu; Karan Singh Grover,,
2015,Crazy Cukkad Family,Ritesh Menon,Swanand Kirkire; Shilpa Shukla; Ninad Kamat; Kushal Punjabi; Kiran Karmarkar; Yusuf Hussain,,
2015,Sharafat Gayi Tel Lene,Gurmmeet Singh,Zayed Khan; Tina Desai; Rannvijay Singh; Talia Benson; Anupam Kher,,
2015,Baby,Neeraj Pandey,Akshay Kumar; Taapsee Pannu; Rana Daggubati; Anupam Kher; Kay Kay Menon; Danny Denzongpa,₹ 142.98 crore (US$22 million),142.98
2015,Dolly Ki Doli,Abhishek Dogra,Sonam Kapoor; Pulkit Samrat; Rajkummar Rao; Varun Sharma,,
2015,Chal Guru Ho Ja Shuru,Manoj Sharma,Hemant Pandey; Chandrachur Singh; Sanjay Mishra; Manoj Pahwa,,
2015,Hawaizaada,Vibhu Puri,Ayushmann Khurrana; Pallavi Sharda,,
2015,Khamoshiyan,Karan Dara,Gurmeet Choudhary; Ali Fazal; Sapna Pabbi,,
2015,Rahasya,Manish Gupta,Tisca Chopra; Ashish Vidyarthi; Kay Kay Menon,,
2015,Jai Jawaan Jai Kisaan,Milan Ajmera,Jatin Khurana; Om Puri; Prem Chopra; Rati Agnihotri; Rishi Bhutani; Sanjay Chakraborty; Akhilesh Jain,,
2015,Shamitabh,R. Balki,Amitabh Bachchan; Dhanush; Akshara Haasan,,
2015,MSG: The Messenger,"Gurmeet Ram Rahim Singh , Jeetu Arora",Gurmeet Ram Rahim Singh; Daniel Kaleb; Flora Saini; Jayshree Soni; Olexandra Semen; Gaurav Gera; Jay Singh Rajpoot; Himanshu Tiwari,,
2015,Roy,Vikramjit Singh,Ranbir Kapoor; Jacqueline Fernandez; Arjun Rampal,,
2015,Badlapur,Sriram Raghavan,Varun Dhawan; Nawazuddin Siddiqui; Huma Qureshi; Yami Gautam; Vinay Pathak; Divya Dutta,,
2015,Qissa,Anup Singh,Irrfan Khan; Tillotama Shome; Tisca Chopra; Faezeh Jalali; Rasika Duggal,,
2015,Ab Tak Chhappan 2,Aejaz Gulab,Nana Patekar; Ashutosh Rana; Vikram Gokhale; Gul Panag,,
2015,Dum Laga Ke Haisha,Sharat Katariya,Ayushmann Khurrana; Bhumi Pednekar,,
2015,Badmashiyaan,Amit Khanna,Suzzanna Mukherjee; Sidhant Gupta; Gunjan Malhotra; Sharib Hashmi; Karan Mehra,,
2015,Coffee Bloom,Manu Warrier,Arjun Mathur; Sugandha Garg; Mohan Kapur,,
2015,Dirty Politics,K. C. Bokadia,Mallika Sherawat; Naseeruddin Shah; Jackie Shroff; Atul Kulkarni; Anupam Kher; Ashutosh Rana,,
2015,Hey Bro,Ajay Chandhok,Ganesh Acharya; Nupur Sharma; Maninder Singh,,
2015,NH10,Navdeep Singh,Anushka Sharma; Neil Bhoopalam; Darshan Kumar,,
2015,Dilliwali Zaalim Girlfriend,Japinder Kaur,Divyendu Sharma; Jackie Shroff; Prachi Mishra; Ira Dubey,,
2015,Hunterrr,Harshavardhan Kulkarni,Gulshan Devaiah; Radhika Apte; Sai Tamhankar,,
2015,Barkhaa,Shadaab Mirza,Sara Loren; Taaha Shah; Shweta Pandit; Priyanshu Chatterjee,,
2015,Yahaan Sabki Lagi Hai,"Satavisha Bose, Cyrus R. khambhata",Varun Thakur; Eden Shyodhi; Heerok Das; Teeshay Shah,,
2015,Detective Byomkesh Bakshy!,Dibakar Banerjee,Sushant Singh Rajput; Anand Tiwari; Swastika Mukherjee; Divya Menon; Neeraj Kabi; Meiyang Chang,,
2015,Luckhnowi Ishq,Aanand Raut,Adhyayan Suman; Karishma Kotak,,
2015,Dharam Sankat Mein,Fuwad Khan,Naseeruddin Shah; Paresh Rawal; Annu Kapoor; Murali Sharma,,
2015,Ek Paheli Leela,Bobby Khan,Sunny Leone; Jay Bhanushali; Mohit Ahlawat; Rajneesh Duggal; Rahul Dev; Jas Arora,,
2015,Court,Chaitanya Tamhane,Vira Satidhar; Vivek Gombher; Geetanjali Kulkarni,,
2015,Margarita with a Straw,Shonali Bose,Kalki Koechlin; Revathi; Hussain Dalal,,
2015,Mr. X,Vikram Bhatt,Emraan Hashmi; Amyra Dastur,,
2015,NH-8 Road to Nidhivan,Munindra Gupta,Auroshikha Dey; Ravneet Kaur; Satyakam Anand; Arjun Fauzdar; Swaroopa Ghosh,,
2015,Ek Adbhut Dakshina Guru Dakshina,Kiran Phadnis,Rajeev Govinda Pillai; Rajesh Shringarpure; Sulagna Panigrahi; Girish Karnad; Roopa Ganguly,,
2015,Ishq Ke Parindey,Shakir Khan,Rishi Verma; Priyanka Mehta; Manjul Aazad; Yasir Iftikhar Khan,,
2015,Kaagaz Ke Fools,Anil Kumar Chaudhary,Vinay Pathak; Mugdha Godse; Raima Sen; Saurabh Shukla; Rajendra Sethi; Amit Behl,,
2015,Gabbar Is Back,Krish,Akshay Kumar; Shruti Haasan; Suman,,
2015,Sabki Bajegi Band,Anirudh Chawla,Sumeet Vyas; Swara Bhaskar; Alekh Sangal; Shaurya Chauhan; Amol Parashar,,
2015,Kuch Kuch Locha Hai,Devang Dholakia,Ram Kapoor; Sunny Leone; Evelyn Sharma; Navdeep Chabbra,,
2015,Piku,Shoojit Sircar,Amitabh Bachchan; Deepika Padukone; Irrfan Khan; Moushumi Chatterjee; Jisshu Sengupta,,
2015,Bombay Velvet,Anurag Kashyap,Ranbir Kapoor; Anushka Sharma; Karan Johar; Kay Kay Menon,,
2015,Main Hoon Part-Time Killer,Faisal Saif,Adithya Menon; Kavita Radheshyam,,
2015,Tanu Weds Manu: Returns,Anand L. Rai,R. Madhavan; Kangana Ranaut,₹ 243.6 crore (US$38 million),243.60
2015,Waiting,Anu Menon,Naseeruddin Shah; Kalki Koechlin; Arjun Mathur; Rajat Kapoor; Suhasini Maniratnam,,
2015,I Love Desi,Pankaj Batra,Vedant Bali; Priyanka Shah; Gulshan Grover,,
2015,Ishqedarriyaan,V. K. Prakash,Mahaakshay Chakraborty; Evelyn Sharma; Kavin Dave; Mohit Dutta,,
2015,P Se PM Tak,Kundan Shah,Meenakshi Dixit; Rocky Verma; Bharat Jadhav; Yashpal Sharma,,
2015,Welcome 2 Karachi,Ashish R Mohan,Arshad Warsi; Jackky Bhagnani; Lauren Gottlieb; Ayub Khoso; Adnan Shah; Imran Hasnee,,
2015,Dil Dhadakne Do,Zoya Akhtar,Anil Kapoor; Shefali Shah; Priyanka Chopra; Ranveer Singh; Anushka Sharma; Farhan Akhtar; Rahul Bose; Zarina Wahab,₹ 145 crore (US$23 million),145.00
2015,Mere Genie Uncle,Ashish Bhavsar,Tiku Talsania; Swati Kapoor; Shakti Kapoor; Ehsaan Qureshi,,
2015,Hamari Adhuri Kahani,Mohit Suri,Emraan Hashmi; Vidya Balan; Rajkummar Rao,,
2015,ABCD 2,Remo D'Souza,Varun Dhawan; Shraddha Kapoor; Prabhu Deva; Lauren Gottlieb; Dharmesh Yelande; Punit Pathak; Raghav Juyal,₹ 158.31 crore (US$25 million),158.31
2015,Miss Tanakpur Haazir Ho,Vinod Kapri,Annu Kapoor; Om Puri; Rahul Bagga; Hrishitaa Bhatt,,
2015,Uvaa,Jasbir Bhaati,Om Puri; Jimmy Sheirgill; Sangram Singh; Archana Puran Singh,,
2015,Lion of Gujarat,Dinesh Lamba,Dinesh Lamba; Akruti Agrawal; Homi Wadia,,
2015,Bezubaan Ishq,Jashwant Gangani,Nishant Singh Malkani; Mugdha Godse; Sneha Ullal,,
2015,Guddu Rangeela,Subhash Kapoor,Arshad Warsi; Aditi Rao Hydari; Amit Sadh,,
2015,Second Hand Husband,Smeep Kang,Gippy Grewal; Tina Ahuja; Dharmendra,,
2015,I Love NY,Radhika Rao,Sunny Deol; Kangana Ranaut,,
2015,Thoda Lutf Thoda Ishq,Sachin Gupta,Hiten Tejwani; Sanjay Mishra,,
2015,Bajrangi Bhaijaan,Kabir Khan,Salman Khan; Kareena Kapoor; Nawazuddin Siddiqui; Harshaali Malhotra,₹ 920.9 crore (US$141 million),920.90
2015,Aisa Yeh Jahaan,Biswajeet Bora,Palash Sen; Ira Dubey; Kymsleen Kholie; Yashpal Sharma,,
2015,Masaan,Neeraj Ghaywan,Richa Chadha; Vicky Kaushal; Sanjay Mishra; Shweta Tripathi,,
2015,Drishyam,Nishikant Kamat,Ajay Devgn; Tabu; Shriya Saran; Rajat Kapoor,₹ 147 crore (US$23 million),147.00
2015,Bangistan,Karan Anshuman,Riteish Deshmukh; Pulkit Samrat,,
2015,Brothers,Karan Malhotra,Akshay Kumar; Sidharth Malhotra; Jacqueline Fernandez; Jackie Shroff; Conan Stevens,,
2015,Gour Hari Dastaan,Ananth Narayan Mahadevan,Vinay Pathak; Konkona Sen Sharma; Ranvir Shorey; Tannishtha Chatterjee,,
2015,All Is Well,Umesh Shukla,Abhishek Bachchan; Asin Thottumkal; Rishi Kapoor; Supriya Pathak,,
2015,Manjhi – The Mountain Man,Ketan Mehta,Nawazuddin Siddiqui; Radhika Apte,,
2015,Rolling Dream,Maahi Kaur,Saachi Tiwari,,
2015,Kaun Kitney Paani Mein,Nila Madhab Panda,Saurabh Shukla; Radhika Apte; Gulshan Grover,,
2015,Phantom,Kabir Khan,Saif Ali Khan; Katrina Kaif,,
2015,Welcome Back,Anees Bazmee,John Abraham; Shruti Hassan; Anil Kapoor; Nana Patekar; Paresh Rawal; Dimple Kapadia,₹ 168.76 crore (US$26 million),168.76
2015,Lakhon Hain Yahan Dilwale,Munnawar Bhagat,Aditya Pancholi; Arun Bakshi; Kishori Shahane,,
2015,Hero,Nikhil Advani,Sooraj Pancholi; Athiya Shetty; Salman Khan; Tigmanshu Dhulia; Aditya Pancholi; Sharad Kelkar,,
2015,Sorry Daddy,Vijay Pal and Shakur,Shamim Khan; Mukesh Tiwari; Tinu Verma,,
2015,Katti Batti,Nikhil Advani,Imran Khan; Kangana Ranaut,,
2015,Meeruthiya Gangster,Zeishan Quadri,Jaideep Ahlawat; Aakash Dahiya; Shadab Kamal; Nushrat Bharucha; Ishita Sharma,,
2015,Kis Kisko Pyaar Karoon,Abbas–Mustan,Kapil Sharma; Arbaz Khan; Manjari Phadnis; Simran Kaur Mundi; Elli Avram; Sai Lokur; Varun Sharma; Supriya Pathak,,
2015,Bhaag Johnny,Shivam Nair,Kunal Khemu; Zoa Morani; Mandana Karimi,,
2015,Singh Is Bliing,Prabhu Deva,Akshay Kumar; Amy Jackson,,
2015,Talvar,Meghna Gulzar,Irrfan Khan; Konkona Sen Sharma; Tabu,,
2015,Jazbaa,Sanjay Gupta,Aishwarya Rai Bachchan; Irrfan Khan; Shabana Azmi,,
2015,Bumper Draw,Irshad Khan,Rajpal Yadav; Zakir Hussain; Subrat Dutta; Rushad Rana,,
2015,Chinar Daastaan-E-Ishq,Sharique Minhaj,Faisal Khan; Inayat Sharma; Dalip Tahil; Shahbaz Khan,,
2015,Pyaar Ka Punchnama 2,Luv Ranjan,Kartik Aaryan; Nushrat Bharucha; Sonnalli Seygall; Omkar Kapoor,,
2015,Wedding Pullav,Binod Pradhan,Anushka Ranjan; Diganth Manchale; Karan Grover; Rishi Kapoor; Sonnalli Seygall,,
2015,Shaandaar,Vikas Bahl,Shahid Kapoor; Alia Bhatt; Pankaj Kapur,,
2015,Titli,Kanu Behl,Shashank Arora; Ranvir Shorey; Amit Sial; Lalit Behl,,
2015,Main Aur Charles,Prawaal Raman,Randeep Hooda; Richa Chadha; Adil Hussain; Nandu Madhav,,
2015,Once Upon a Time in Bihar,Nitin Chandra,Ashish Vidyarthi; Kranti Prakash Jha; Ajay Kumar; Arti Puri; Pankaj Jha; Deepak Singh,,
2015,Guddu Ki Gun,"Shantanu Ray Chhibber, Sheershak Anand",Kunal Khemu; Payel Sarkar; Aparna Sharma; Sumeet Vyas,,
2015,Love Exchange,Raj V Shetty,Mohit Madan; Jyoti Sharma,,
2015,Prithipal Singh... A Story,Babita Puri,Vikas Kumar; Anjali Singh,,
2015,Four Pillars of Basement,Giresh Naik K,Dillzan Wadia; Bruna Abdullah; Aaliya Singh; Zakir Hussain,,
2015,Charlie Kay Chakkar Mein,Manish Srivasta,Naseeruddin Shah,,
2015,Yaara Silly Silly,Subhash Sehgal,Paoli Dam; Parambrata Chatterjee,,
2015,Ranbanka,Aryeman Ramsay,Manish Paul; Ravi Kishan; Pooja Thakur,,
2015,Prem Ratan Dhan Payo,Sooraj Barjatya,Salman Khan; Sonam Kapoor; Neil Nitin Mukesh; Swara Bhaskar; Armaan Kohli; Anupam Kher; Deepak Dobriyal; Sanjay Mishra,₹ 432 crore (US$64 million),432.00
2015,X: Past Is Present,Various Directors,Rajat Kapoor; Huma Qureshi,,
2015,Angry Indian Goddesses,Pan Nalin,Sarah-Jane Dias; Tannishtha Chatterjee; Anushka Manchanda; Sandhya Mridul,,
2015,Tamasha,Imtiaz Ali,Deepika Padukone; Ranbir Kapoor,,
2015,Hate Story 3,Vishal Pandya,Zarine Khan; Daisy Shah; Sharman Joshi; Karan Singh Grover,,
2015,Kajarya,Madhureeta Anand,Meenu Hooda; Ridhima Sud; Kuldeep Ruhil,,
2015,The Silent Heroes,Mahesh Bhatt,Maanuv Bhardawaj; Priyanka Panchal; Mann Bagga; Simran Deep; Nirmal Kumar Pant,,
2015,Bajirao Mastani,Sanjay Leela Bhansali,Ranveer Singh; Deepika Padukone; Priyanka Chopra,₹ 356.2 crore (US$56 million),356.20
2015,Dilwale,Rohit Shetty,Shah Rukh Khan; Kajol; Varun Dhawan; Kriti Sanon,₹ 376 crore (US$67 million),376.00
2016,Chhota Bheem Himalayan Adventures,Rajiv Chilaka,,,
2016,Wazir,Bejoy Nambiar,Amitabh Bachchan; Farhan Akhtar; Aditi Rao Hydari; Manav Kaul; Neil Nitin Mukesh; John Abraham; Murali Sharma; Avtar Gill,,
2016,Chalk n Duster,Jayant Gilatar,Shabana Azmi; Juhi Chawla; Divya Dutta; Zarina Wahab; Jackie Shroff; Arya Babbar; Richa Chadha,,
2016,Rebellious Flower,Krishan Hooda,Prince Shah; Shashank Singh; Mantra Mugdha; Kirti Adarkar; Bachchan Pachera; Shaneel Sinha,,
2016,Airlift,Raja Krishna Menon,Akshay Kumar; Nimrat Kaur; Purab Kohli; Ferena Wazeir; Gunjan Malhotra,₹ 209.97 crore (US$31.25 million),209.97
2016,Jugni,Shefali Bhushan,Sugandha Garg; Siddhant Behl; Sadhana Singh; Anuritta K Jha; Samir Sharma,,
2016,Kyaa Kool Hain Hum 3,Umesh Ghadge,Tushar Kapoor; Aftab Shivdasani; Mandana Karimi; Meghna Naidu; Darshan Jariwala; Krushna Abhishek; Claudia Ciesla; Riteish Deshmukh; Gizele Thakral; VJ Andy; Danny Saru,,
2016,Saala Khadoos,Sudha Kongara Prasad,R. Madhavan; Ritika Singh; Zakir Hussain,,
2016,Mastizaade,Milap Milan Zaveri,Tushar Kapoor; Vir Das; Sunny Leone; Shaad Randhawa; Riteish Deshmukh; Gizele Thakral; Bruna Abdullah,,
2016,Sanam Teri Kasam,"Radhika Rao , Vinay Sapru",Mawra Hocane; Harshvardhan Rane; Anurag Sinha; Shraddha Das,,
2016,Ghayal: Once Again,Sunny Deol,Sunny Deol; Soha Ali Khan; Aanchal Munjal; Daina Khan; Shivam Patil; Rishabh Arora; Abhilash Kumar,,
2016,Fitoor,Abhishek Kapoor,Aditya Roy Kapoor; Katrina Kaif; Tabu; Ajay Devgn; Aditi Rao Hydari; Akshay Oberoi; Lara Dutta; Rahul Bhatt,,
2016,Sanam Re,Divya Khosla Kumar,Pulkit Samrat; Yami Gautam; Urvashi Rautela; Rishi Kapoor; Bharti Singh; Shreyas Pardiwalla,,
2016,Direct Ishq,Rajiv S. Ruia,Rajneesh Duggal; Nidhi Subbaiah; Arjun Bijlani,,
2016,Ishq Forever,Sameer Sippy,Krishna Chaturvedi; Ruhi Singh; Javed Jaffrey; Lisa Ray,,
2016,LoveShhuda,Vaibhav Mishra,Girish Kumar; Navneet Kaur Dhillon; Benaf Dadachandji; Yash Pandit,,
2016,Neerja,Ram Madhvani,Sonam Kapoor; Shabana Azmi; Shekhar Ravjiani,,
2016,Dhara 302,Jitender Singh Narukal,Rufy Khan; Dipti Dhotre; Gulshan Pandey,,
2016,Aligarh,Hansal Mehta,Manoj Bajpayee; Rajkummar Rao,,
2016,Bollywood Diaries,K.D. Satyam,Raima Sen; Ashish Vidyarthi; Salim Diwan; Karuna Pandey; Vineet Kumar Singh,,
2016,Love Shagun,Sandesh Nayak,Anuj Sachdeva; Nidhi Subbaiah; Manit Joura,,
2016,Tere Bin Laden: Dead or Alive,Abhishek Sharma,Manish Paul; Sikander Kher; Pradhuman Singh; Sugandha Ram,,
2016,Zubaan,Mozez Singh,Vicky Kaushal; Sarah Jane Dias; Raghav Chanana,,
2016,Jai Gangaajal,Prakash Jha,Priyanka Chopra; Anuj Aggarwal; Prakash Jha; Rahul Bhatt,,
2016,Global Baba,Manoj Sidheshwari Tewari,Abhimanyu Singh; Sandeepa Dhar; Ravi Kishan; Pankaj Tripathi; Sanjay Mishra; Akhilendra Mishra,,
2016,Teraa Surroor,Shawn Arranha,Himesh Reshammiya; Farah Karimi; Monica Dogra; Naseeruddin Shah; Shekhar Kapur,,
2016,OK Mein Dhokhe,Utpal S. Chaudhary,Zoya Rathore; Sapan Krishna; Vaidhei Singh; Megha Verma; Ravi Thakur; Milan Singh,,
2016,Darling Don't Cheat,Rajkumar Hindusthani,Gaurav Pandey; Ashish Tyagi; Neha Chaterji,,
2016,Kapoor & Sons,Shakun Batra,Sidharth Malhotra; Alia Bhatt; Fawad Khan; Rishi Kapoor; Sukant Goel,₹ 143.29 crore (US$21.32 million),143.29
2016,Rocky Handsome,Nishikant Kamat,John Abraham; Shruti Haasan; Nathalia Kaur,,
2016,Ki & Ka,R. Balki,Kareena Kapoor Khan; Arjun Kapoor; Amitabh Bachchan; Jaya Bachchan,,
2016,Love Games,Vikram Bhatt,Patralekha; Tara Alisha Berry; Gaurav Arora,,
2016,The Blueberry Hunt,Anup Kurien,Naseeruddin Shah; Vipin Sharma; Vinay Forrt,,
2016,Kaafiron Ki Namaaz,Ram Ramesh Sharma,Alok Chaturvedi; Joydip Mukhopadhyay; Megh Pant; Priya Raina; Chandrahas Tiwari,,
2016,Fan,Maneesh Sharma,Shah Rukh Khan; Waluscha de Sousa; Sayani Gupta; Shriya Pilgaonkar,₹ 188.04 crore (US$27.98 million),188.04
2016,Nil Battey Sannata,Ashwini Iyer Tiwari,Swara Bhaskar; Ratna Pathak; Pankaj Tripathi; Sanjay Suri,,
2016,Laal Rang,Syed Ahmad Afzal,Randeep Hooda; Akshay Oberoi; Rajneesh Duggal; Piaa Bajpai,,
2016,Santa Banta Pvt Ltd,Akashdeep Sabir,Vir Das; Boman Irani; Ram Kapoor; Neha Dhupia; Lisa Haydon,,
2016,Baaghi,Sabbir Khan,Tiger Shroff; Shraddha Kapoor; Sudheer Babu; Sunil Grover,,
2016,Shortcut Safari,Amitabha Singh,Jimmy Shergill; Aashi Rawal; Sharvil Patel; Mann Patel; Ugam Khetani; Stuti Dwivedi; Deah Tandon; Hardil Kanaba,,
2016,One Night Stand,Jasmine Moses D'Souza,Sunny Leone; Tanuj Virwani; Nyra Banerjee,,
2016,Traffic,Rajesh Pillai,Manoj Bajpayee; Jimmy Sheirgill; Divya Dutta; Kitu Gidwani; Prosenjit Chatterjee; Sachin Khedekar; Nikita Thukral; Vishal Singh; Jishnu Raghavan; Parambrata Chatterjee,,
2016,1920: London,Tinu Suresh Desai,Sharman Joshi; Meera Chopra; Vishal Karwal,,
2016,Murari the Mad Gentleman,,,,
2016,Azhar,Tony D'Souza,Emraan Hashmi; Nargis Fakhri; Prachi Desai; Gautam Gulati; Kunaal Roy Kapur; Lara Dutta; Karanvir Sharma,,
2016,Buddha in a Traffic Jam,Vivek Agnihotri,Arunoday Singh; Mahie Gill; Anchal Dwivedi; Pallavi Joshi; Anupam Kher,,
2016,Khel Toh Ab Shuru Hoga,Kunal V Singh,Ruslaan Mumtaz; Devshi Khanduri,,
2016,Dear Dad,Tanuj Bhramar,Arvind Swamy; Himanshu Sharma; Ekavali Khanna,,
2016,Sarbjit,Omung Kumar,Aishwarya Rai; Randeep Hooda; Richa Chadha,,
2016,Phobia,Pawan Kripalani,Radhika Apte; Satyadeep Misra,,
2016,Veerappan,Ram Gopal Varma,Sandeep Bharadwaj; Lisa Ray; Sachiin Joshi; Usha Jadhav,,
2016,Fredrick,Rajesh Butalia,Prashant Narayanan; Avinash Dhyani,,
2016,Housefull 3,Sajid-Farhad,Akshay Kumar; Abhishek Bachchan; Riteish Deshmukh; Jacqueline Fernandez; Lisa Haydon; Nargis Fakhri; Nikitin Dheer; Jackie Shroff,₹ 194.94 crore (US$29.01 million),194.94
2016,Project Marathwada,"Prakash Patel, Bhavin Wadia",Om Puri; Dalip Tahil; Seema Biswas,,
2016,Do Lafzon Ki Kahani,Deepak Tijori,Randeep Hooda; Kajal Aggarwal,,
2016,Dhanak,Nagesh Kukunoor,Hetal Gadda; Krrish Chabbria; Vipin Sharma; Vibha Chibber; Vijay Maurya,,
2016,Te3n,Ribhu Dasgupta,Amitabh Bachchan; Vidya Balan; Nawazuddin Siddiqui,,
2016,Udta Punjab,Abhishek Chaubey,Shahid Kapoor; Alia Bhatt; Kareena Kapoor Khan; Diljit Dosanjh,,
2016,Raman Raghav 2.0,Anurag Kashyap,Nawazuddin Siddiqui; Vicky Kaushal; Sobhita Dhulipala,,
2016,Junooniyat,Vivek Agnihotri,Pulkit Samrat; Yami Gautam; Gulshan Devaiah; Hrishita Bhatt,,
2016,7 Hours To Go,Saurabh Varma,Shiv Panditt; Sandeepa Dhar; Natasa Stankovic; Varun Badola,,
2016,A Scandall,Ishaan Shrivedi,Reeth Mazumder; Manav Kaul; Tanvi Vyas,,
2016,Rough Book,Ananth Narayan Mahadevan,Amaan Khan; Tannishtha Chatterjee,,
2016,Shorgul,"Pranav Kumar Singh , Jitendra Tiwari",Jimmy Sheirgill; Suha Gezen; Ashutosh Rana; Narendra Jha,,
2016,Dil Toh Deewana Hai,Raja Bundela,Haider Khan; Sadha; Raj Babbar; Zeenat Aman; Sushmita Mukherjee; Alok Nath; Hemant Pandey,,
2016,Sultan,Ali Abbas Zafar,Salman Khan; Anushka Sharma; Randeep Hooda; Amit Sadh; Parikshit Sahni; Kumud Mishra,₹ 631.25 crore (US$96.93 million),631.25
2016,Brahman Naman,Qaushiq Mukherjee,Shashank Arora; Sid Mallya; Denzil Smith; Biswa Kalyan Rath; Tanmay Dhananiya; Vaishwath Shankar,,
2016,Great Grand Masti,Indra Kumar,Vivek Oberoi; Riteish Deshmukh; Aftab Shivdasani; Urvashi Rautela; Shraddha Das; Mishti; Pooja Bose; Sonali Raut; Shreyas Talpade,,
2016,Madaari,Nishikant Kamat,Irrfan Khan; Jimmy Sheirgill,,
2016,Ishq Click,Anil Ballani,Adhyayan Suman; Sara Loren,,
2016,M Cream,Agneya Singh,Imaad Shah; Ira Dubey; Raaghav Chanana,,
2016,Dishoom,Rohit Dhawan,John Abraham; Varun Dhawan; Jacqueline Fernandez; Saqib Saleem; Ram Kapoor; Akshaye Khanna; Parineeti Chopra,,
2016,Love Ke Funday,Indervesh Yogee,Shaleen Bhanot; Pooja Banerjee,,
2016,Mission Tiger,Dipu Karunakaran,Vijay Raaz; T. R. Bijulal,,
2016,The Legend of Michael Mishra,Manish Jha,Arshad Warsi; Aditi Rao Hydari; Boman Irani; Kayoze Irani,,
2016,Fever,Rajeev Jhaveri,Rajeev Khandelwal; Gauahar Khan; Gemma Atkinson; Victor Banerjee; Caterina Murino; Ankita Makwana,,
2016,Hai Apna Dil Toh Awara,Monjoy Mukerji,Sahil Anand,,
2016,Budhia Singh – Born to Run,Soumendra Padhi,Manoj Bajpayee; Mayur Patole,,
2016,Mohenjo Daro,Ashutosh Gowariker,Hrithik Roshan; Pooja Hegde; Kabir Bedi; Arunoday Singh; Sharad Kelkar,,
2016,Rustom,Tinu Suresh Desai,Akshay Kumar; Ileana D'Cruz; Esha Gupta; Arjan Bajwa,₹ 216.35 crore (US$32.2 million),216.35
2016,Happy Bhag Jayegi,Mudassar Aziz,Abhay Deol; Diana Penty; Momal Sheikh; Ali Fazal; Jimmy Sheirgill,,
2016,Waarrior Savitri,Param Gill,Niharica Raizada; Lucy Pinder; Rajat Barmecha,,
2016,A Flying Jatt,Remo D'Souza,Tiger Shroff; Jacqueline Fernandez; Nathan Jones; Kay Kay Menon; Amrita Singh,,
2016,Akira,A.R. Murugadoss,Sonakshi Sinha; Konkona Sen Sharma; Raai Laxmi; Amit Sadh; Anurag Kashyap; Atul Kulkarni,,
2016,Yea Toh Two Much Ho Gayaa,Anwer Khan,Arbaaz Khan; Jimmy Sheirgill; Pooja Chopra; Bruna Abdullah; Devansh Sharma,,
2016,Island City,Ruchika Oberoi,Tannishtha Chatterjee; Ashwin Mushran; Vinay Pathak; Amruta Subhash,,
2016,Baar Baar Dekho,Nitya Mehra,Katrina Kaif; Sidharth Malhotra; Ram Kapoor; Taaha Shah; Sarika; Sayani Gupta,,
2016,Freaky Ali,Sohail Khan,Nawazuddin Siddiqui; Arbaaz Khan; Amy Jackson; Jas Arora; Seema Biswas; Nikitin Dheer; Asif Basra; Paresh Ganatra; Alam Khan,,
2016,Ek Kahani Julie Ki,Aziz Zee,Rakhi Sawant,,
2016,Raaz: Reboot,Vikram Bhatt,Emraan Hashmi; Kriti Kharbanda; Gaurav Arora; Suzanna Mukherjee,,
2016,Pink,Aniruddha Roy Chowdhury,Amitabh Bachchan; Taapsee Pannu; Kirti Kulhari; Andrea Tariang; Angad Bedi,,
2016,Parched,Leena Yadav,Tannishtha Chatterjee; Radhika Apte; Surveen Chawla; Sayani Gupta,,
2016,Banjo,Ravi Jadhav,Riteish Deshmukh; Nargis Fakhri; Dharmesh Yelande,,
2016,Days of Tafree,Krishnadev Yagnik,Yash Soni; Nimisha Mehta,,
2016,Wah Taj,Ajit Sinha,Shreyas Talpade; Manjari Phadnis; Hemant Pandey; Rajesh Sharma; Rajeev Verma,,
2016,M.S. Dhoni: The Untold Story,Neeraj Pandey,Sushant Singh Rajput; Anupam Kher; Herry Tangri; Kiara Advani; Disha Patani; Bhumika Chawla,₹ 215.48 crore (US$32.07 million),215.48
2016,Mirzya,Rakeysh Omprakash Mehra,Harshvardhan Kapoor; Saiyami Kher; Om Puri; Art Malik; K.K. Raina,,
2016,MSG: The Warrior Lion Heart,"Gurmeet Ram Rahim Singh , Honeypreet Insan",Gurmeet Ram Rahim Singh; Honeypreet Insan; Charapreet Insan; Kainaat Insan; Garima Insan; Rajesh Insan; Sukhottam Insan; Ashok Insan; Bhushan Insan,,
2016,Tutak Tutak Tutiya,A. L. Vijay,Prabhu Deva; Tamannaah; Sonu Sood,,
2016,Anna,Shashank Udapurkar,Shashank Udapurkar; Tanishaa Mukerji; Govind Namdeo; Rajit Kapur; Sharat Saxena; Kishor Kadam,,
2016,Motu Patlu: King of Kings,Suhas D. Kadavand,Saurav Chakraborty; Omi Sharma,,
2016,Beiimaan Love,Rajeev Chaudhary,Sunny Leone; Rajneesh Duggal; Daniel Weber,,
2016,Saat Uchakkey,Sanjeev Sharma,Manoj Bajpayee; Anupam Kher; Kay Kay Menon; Annu Kapoor; Vijay Raaz; Aditi Sharma,,
2016,Fuddu,Sunil Subramani,Swati Kapoor; Monali A; Pawan Kumar Sharma; Anurag Basu,,
2016,Aakhir Kab Tak,Mithilesh Avinash,Manisha Singh; Vinay Rana,,
2016,Final Cut of Director,Bharathiraja,Nana Patekar; Arjun Sarja; Kajal Aggarwal; Rukmini Vijayakumar,,
2016,Love Day - Pyaar Ka Din,"Sandeep Choudhary, Harish Kotian",Ajaz Khan; Sahil Anand; Harsh Nagar; Anant Mahadevan; Vaibhav Mathur; Shalu Singh; Amit Khanna; Devendra Chauhan,,
2016,Umrika,Prashant Nair,Prateik Babbar; Suraj Sharma; Tony Revolori; Adil Hussain; Nidhi Bisht,,
2016,31st October,Shivaji Lotan Patil,Vir Das; Soha Ali Khan,,
2016,My Father Iqbal,Suzad Iqbal Khan,Narendra Jha; Komal Thacker; Paresh Mehta,,
2016,Shivaay,Ajay Devgn,Ajay Devgn; Sayyeshaa; Erika Kaar; Ali Kazmi; Jabbz Farooqi; Vir Das; Bijou Thaangjam,₹ 124.15 crore (US$18.48 million),124.15
2016,Ae Dil Hai Mushkil,Karan Johar,Ranbir Kapoor; Aishwarya Rai; Anushka Sharma,₹ 239.56 crore (US$35.65 million),239.56
2016,Chaar Sahibzaade: Rise of Banda Singh Bahadur,Harry Baweja,Harman Baweja,,
2016,Dongri Ka Raja,Hadi Ali Abrar,Gashmeer Mahajani; Reecha Sinha; Ronit Roy; Sachin Suvarna; Ashmit Patel,,
2016,Ishq Junoon,Sanjay Sharma,Rajbeer Singh; Akshay Rangshahi; Divya Singh; Raj Aryan,,
2016,Rock On 2,Sujaat Saudagar,Farhan Akhtar; Arjun Rampal; Purab Kohli; Shraddha Kapoor; Prachi Desai; Shashank Arora; Shahana Goswami,,
2016,Tum Bin II,Anubhav Sinha,Neha Sharma; Aditya Seal; Aashim Gulati,,
2016,Force 2,Abhinay Deo,John Abraham; Sonakshi Sinha; Tahir Raj Bhasin,,
2016,Dear Zindagi,Gauri Shinde,Alia Bhatt; Shah Rukh Khan; Ira Dubey; Kunal Kapoor,,
2016,Saansein,Rajiv S. Ruia,Rajneesh Duggal; Sonarika Bhadoria; Hiten Tejwani; Neetha Shetty; Sachi Ruia; Amir Dalvi; Vishal Malhotra,,
2016,Moh Maya Money,Munish Bharadwaj,Ranvir Shorey; Neha Dhupia; Vidushi Mehra; Ashwat Bhatt,,
2016,Kahaani 2: Durga Rani Singh,Sujoy Ghosh,Vidya Balan; Arjun Rampal; Jugal Hansraj,,
2016,Befikre,Aditya Chopra,Ranveer Singh; Vaani Kapoor,,
2016,Wajah Tum Ho,Vishal Pandya,Sana Khan; Sharman Joshi; Gurmeet Choudhary; Rajneesh Duggal,,
2016,Dangal,Nitesh Tiwari,Aamir Khan; Sakshi Tanwar; Fatima Sana Shaikh; Sanya Malhotra; Zaira Wasim,"₹ 2,160 crore (US$331.69 million)",2160.00
2017,Prakash Electronic,Manoj Sharma,Hemant Pandey; Hrishitaa Bhatt; Vrajesh Hirjee; Manoj Joshi; Sanjay Mishra; Manoj Pahwa,,
2017,Haraamkhor,Shlok Sharma,Nawazuddin Siddiqui; Shweta Tripathi,,
2017,Ok Jaanu,Shaad Ali,Aditya Roy Kapur; Shraddha Kapoor,,
2017,Coffee with D,Vishal Mishra,Sunil Grover; Anjana Sukhani; Zakir Hussain; Dippanita Sharma,,
2017,Kaabil,Sanjay Gupta,Hrithik Roshan; Yami Gautam; Rohit Roy; Ronit Roy,₹ 208.14 crore (US$31.96 million),208.14
2017,Raees,Rahul Dholakia,Shah Rukh Khan; Mahira Khan; Nawazuddin Siddiqui; Mohammed Zeeshan Ayyub,₹308.10 crore ( US$47.43 million ),308.10
2017,Hind Ka Napak Ko Jawab: MSG Lion Heart 2,"Gurmeet Ram Rahim Singh , Honeypreet Insan",Gurmeet Ram Rahim Singh; Honeypreet Insan,,
2017,Jolly LLB 2,Subhash Kapoor,Akshay Kumar; Huma Qureshi; Saurabh Shukla,,
2017,"U, Me Aur Ghar",Abhay Chhabra,Omkar Kapoor; Simran Kaur Mundi,,
2017,The Great Leader Kanshiram,Arjun Singh,Raghvendra Singh; Soma Goyal,,
2017,Running Shaadi,Amit Roy,Taapsee Pannu; Amit Sadh,,
2017,The Ghazi Attack,Sankalp Reddy,Rana Daggubati; Taapsee Pannu; Kay Kay Menon; Atul Kulkarni,,
2017,Irada,Aparnaa Singh,Naseeruddin Shah; Arshad Warsi; Sharad Kelkar; Divya Dutta,,
2017,Chauhar,Raghubeer Singh,Amit Singh Kashyap; Richa Dixit; Vivek Jha,,
2017,Rangoon,Vishal Bhardwaj,Kangana Ranaut; Shahid Kapoor; Saif Ali Khan,,
2017,Wedding Anniversary,Shekhar S Jha,Nana Patekar; Mahie Gill; Priyanshu Chatterjee; Shruti Marathe,,
2017,Mona Darling,Shashi Sudigala,Anshuman Jha; Divya Menon; Suzanna Mukherjee; Sanjay Suri,,
2017,Commando 2,Deven Bhojani,Vidyut Jammwal; Adah Sharma; Esha Gupta,,
2017,Jeena Isi Ka Naam Hai,Keshhav Panneriy,Arbaaz Khan; Ashutosh Rana; Himansh Kohli,,
2017,Badrinath Ki Dulhania,Shashank Khaitan,Varun Dhawan; Alia Bhatt; Sahil Vaid; Rituraj Singh,₹200.45 crore ( US$30.78 million ),200.45
2017,Aa Gaya Hero,Dipankar Senapati,Govinda; Ashutosh Rana; Murali Sharma,,
2017,Trapped,Vikramaditya Motwane,Rajkummar Rao; Geetanjali Thapa; Khushboo Upadhyay,,
2017,Mantra,Nicholas Kharkongor,Rajat Kapoor; Lushin Dubey; Kalki Koechlin; Shiv Panditt; Adil Hussain,,
2017,Machine,Abbas–Mustan,Mustafa Burmawalla; Kiara Advani,,
2017,Phillauri,Anshai Lal,Anushka Sharma; Diljit Dosanjh; Suraj Sharma; Mehreen Pirzada,,
2017,Bhanwarey,Shaurya Singh,Shaurya Singh; Karan Thakur; Jashan Singh & Priyanka Shukla,,
2017,Anaarkali of Aarah,Avinash Das,Swara Bhaskar,,
2017,Naam Shabana,Shivam Nair,Taapsee Pannu; Prithviraj Sukumaran; Akshay Kumar,,
2017,Poorna: Courage Has No Limit,Rahul Bose,Aditi Inamdar; Rahul Bose; & Heeba Shah,,
2017,Laali Ki Shaadi Mein Laaddoo Deewana,Manish Harishankar,Vivaan Shah; Akshara Haasan; Gurmeet Choudhary; & Kavita Verma,,
2017,Mirza Juuliet,Rajesh Ram Singh,Darshan Kumar; Pia Bajpai; Chandan Roy Sanyal,,
2017,Mukti Bhawan,Shubhashish Bhutiani,Adil Hussain; Lalit Behl; Navnindra Behl,,
2017,Saanjh,Ajay Saklani,Aditi Charak; Vishal Parpagga & Rupeshwari Sharma,,
2017,Begum Jaan,Srijit Mukherji,Vidya Balan; Ila Arun; Gauahar Khan; Sumit Nijhawan; Chunky Pandey,,
2017,Romeo-N-Bullet,Aditya Kumar,Vije Bhatia; Rishi Verma; Mohit Baisla; Raj Kumar,,
2017,Noor,Sunhil Sippy,Sonakshi Sinha; Purab Kohli; & Manish Chaudhary,,
2017,Ek Thi Rani Aisi Bhi,Gulbahar Singh,Hema Malini; Vinod Khanna; Sachin Khedekar,,
2017,Maatr,Ashtar Sayed,Raveena Tandon,,
2017,Ajab Singh Ki Gajab Kahani,Rishi Prakash Mishra,Yashpal Sharma; Ajay Kumar Singh; Rajesh Jais,,
2017,Mantostaan,Rahat Kazmi,Raghubir Yadav; Virendra Saxena; Sonal Sehgal,,
2017,Meri Pyaari Bindu,Akshay Roy,Ayushmann Khurrana; Parineeti Chopra,,
2017,Sarkar 3,Ram Gopal Varma,Amitabh Bachchan; Jackie Shroff; Amit Sadh; Yami Gautam,,
2017,Half Girlfriend,Mohit Suri,Arjun Kapoor; Shraddha Kapoor,,
2017,Jattu Engineer,"Gurmeet Ram Rahim Singh , Honeypreet Insan",Gurmeet Ram Rahim Singh; Sukhottam Insan,,
2017,Hindi Medium,Saket Chaudhary,Irrfan Khan; Saba Qamar,₹334.36 crore ( US$51.34 million ),334.36
2017,Chakallaspur,Rajnish Jaiswal,Mukesh Manas; Urmilaa Mahanta,,
2017,Sachin: A Billion Dreams,James Erskine,Sachin Tendulkar,,
2017,Thodi Thodi Si Manmaaniyan,Aditya Sarpotdar,Arsh Sehrawat; Shrenu Parikh; Shilpa Tulaskar; Mukesh Tiwari,,
2017,A Death in the Gunj,Konkona Sen Sharma,Vikrant Massey; Ranvir Shorey; Kalki Koechlin; Tillotama Shome; Gulshan Devaiah; Tanuja; Om Puri; Jim Sarbh; Arya Mitra Sharma,,
2017,Hanuman: Da' Damdaar,Ruchi Narain,Salman Khan; Raveena Tandon; Kunal Khemu,,
2017,Sweetiee Weds NRI,Hasnain Hyderabadwala,Himansh Kohli; Zoya Afroz; Darshan Jariwala,,
2017,Dobaara: See Your Evil,Prawaal Raman,Huma Qureshi; Saqib Saleem,,
2017,Flat 211,Sunil Sanjan,Jayesh Raj & Sonal Singh,,
2017,Dear Maya,Sunaina Bhatnagar,Manisha Koirala,,
2017,Raabta,Dinesh Vijan,Sushant Singh Rajput; Kriti Sanon; Jim Sarbh,,
2017,Behen Hogi Teri,Ajay K Pannalal,Rajkummar Rao; Shruti Haasan,,
2017,Bachche Kachche Sachche,Ravi Sadasiv,Ekta Singh; Ashish Vidyarthi; Mukesh Tiwari,,
2017,Love You Family,Sachindra Sharma,Salman Yusuff Khan; Aksha Pardasany; Shakti Kapoor,,
2017,G Kutta Se,Rahul Dahiya,Rajbeer Singh; Neha Chauhan,,
2017,Bank Chor,Bumpy,Riteish Deshmukh; Vivek Oberoi; Rhea Chakraborty,,
2017,Tubelight,Kabir Khan,Salman Khan; Sohail Khan; Zhu Zhu,₹211.14 crore ( US$32.42 million ),211.14
2017,Ek Haseena Thi Ek Deewana Tha,Suneel Darshan,Shiv Darshan; Natasha Fernandez &; Upen Patel,,
2017,Mom,Ravi Udyawar,Sridevi; Akshaye Khanna; Sajal Ali; Nawazuddin Siddiqui,,
2017,Guest iin London,Ashwni Dhir,Kartik Aaryan; Kriti Kharbanda; Paresh Rawal; Tanvi Azmi,,
2017,Jagga Jasoos,Anurag Basu,Ranbir Kapoor; Katrina Kaif,,
2017,Shab,Onir,Raveena Tandon; Sanjay Suri; Ashish Bisht; Arpita Pal; Simon Frenay; Raj Suri; Gaurav Nanda,,
2017,Lipstick Under My Burkha,Alankrita Shrivastava,Konkona Sen Sharma; Ratna Pathak Shah; Aahana Kumra,,
2017,Munna Michael,Sabbir Khan,Tiger Shroff; Nawazuddin Siddiqui; Nidhi Agerwal,,
2017,Raag Desh,Tigmanshu Dhulia,Kunal Kapoor; Amit Sadh; & Mohit Marwah,,
2017,Indu Sarkar,Madhur Bhandarkar,Anupam Kher; Neil Nitin Mukesh; Kirti Kulhari; Tota Roy Chowdhury; Supriya Vinod; Sheeba Chaddha; Parvin Dabas,,
2017,Mubarakan,Anees Bazmee,Anil Kapoor; Arjun Kapoor; Ileana D'Cruz; Neha Sharma; Athiya Shetty,,
2017,Gurgaon,Shanker Raman,Akshay Oberoi; Ragini Khanna; Pankaj Tripathi; Aamir Bashir; Shalini Vatsa; Srinivas Sunderrajan,,
2017,Jab Harry Met Sejal,Imtiaz Ali,Shah Rukh Khan; Anushka Sharma; Evelyn Sharma; Chandan Roy Sanyal,,
2017,Toilet: Ek Prem Katha,Shree Narayan Singh,Akshay Kumar; Bhumi Pednekar; Divyendu Sharma; Anupam Kher; Sana Khan,₹311.50 crore ( US$48.62 million ),311.50
2017,Partition: 1947,Gurinder Chadha,Hugh Bonneville; Gillian Anderson; Manish Dayal; Huma Qureshi; Michael Gambon,,
2017,Bareilly Ki Barfi,Ashwini Iyer Tiwari,Ayushmann Khurrana; Rajkummar Rao; Kriti Sanon,,
2017,Shreelancer,Sandeep Mohan,Arjun Radhakrishnan; Salmin Sheriff,,
2017,A Gentleman,Raj and D.K.,Sidharth Malhotra; Jacqueline Fernandez; Darshan Kumar; Suniel Shetty,,
2017,Babumoshai Bandookbaaz,Kushan Nandy,Nawazuddin Siddiqui; Bidita Bag; Jatin Goswami; Shraddha Das; Anil George; Bhagwan Tiwari; Jeetu Shivhare; Murali Sharma; Divya Dutta; Sachin Chaubey,,
2017,Yadvi – The Dignified Princess,Jyoti Singh,Chandrachur Singh; Charu Vyas; Rahul Godara; Jyoti Singh; Vibhu Raghave; Namya Saxena; Nikkitasha Marwaha; Reshaa Sabarawal; Mini Pandit; Ashwarya Singh,,
2017,Qaidi Band,Habib Faisal,Aadar Jain; Anya Singh; Sachin; Prince Parvinder Singh,,
2017,Sniff,Amole Gupte,Khushmeet Gill; Monica Sehgal; Vijay Patkar,,
2017,Baadshaho,Milan Luthria,Ajay Devgn; Emraan Hashmi; Vidyut Jammwal; Ileana D'Cruz; Esha Gupta; Sanjay Mishra; Sunny Leone; Guest appearance in song; Sharad Kelkar; Ravi Kale,,
2017,Shubh Mangal Saavdhan,R. S. Prasanna,Ayushmann Khurrana; Bhumi Pednekar; Brijendra Kala; Shubhankar Tripathi; Anshul Chauhan; Anmol Bajaj,,
2017,Poster Boys,Shreyas Talpade,Sunny Deol; Shreyas Talpade; Bobby Deol; Sonali Kulkarni; Randheer Rai; Dilip Prabhavalkar; Elli AvrRam; Special Appearance In A Song; Samiksha Bhatnagar; Bharati Achrekar,,
2017,Daddy,Ashim Ahluwalia,Arjun Rampal; Aishwarya Rajesh; Nishikant Kamat; Anand Ingale; Rajesh Shringarpure; Purnanand Wandekar; Anupriya Goenka; Shruti Bapna; Usha Naik; Shrikant Yadav; Deepak Damle; Raj Arjun; Vijay Sanap; Abhimanyu Arun,,
2017,Simran,Hansal Mehta,Kangana Ranaut; Sohum Shah; Hiten Kumar; Kishori Shahane; Rupinder Nagra,,
2017,Lucknow Central,Ranjit Tiwari,Farhan Akhtar; Diana Penty; Deepak Dobriyal; Gippy Grewal; Ronit Roy; Inaamulhaq; Rajesh Sharma,,
2017,Patel Ki Punjabi Shaadi,Sanjay Chhel,Rishi Kapoor; Paresh Rawal; Vir Das; Prem Chopra; Payal Ghosh; Jinal Belani; Divya Seth; Bharati Achrekar; Tiku Talsania,,
2017,Newton,Amit Masurkar,Rajkummar Rao; Pankaj Tripathi; Anjali Patil; Raghuvir Yadav,,
2017,Bhoomi,Omung Kumar,Sanjay Dutt; Aditi Rao Hydari; Sidhant Gupta,,
2017,The Final Exit,Dhwanil Mehta,Kunaal Roy Kapur; Archana Shastry; Elena Kazan; Reyhna Malhotra; Scarlett Wilson,,
2017,JD,Shailendra Pandey,Govind Namdev; Aman Verma; Vedita Pratap Singh; Lalit Bisht; Arvind Gaur,,
2017,Haseena Parkar,Apoorva Lakhia,Shraddha Kapoor; Sharman Joshi; Siddhanth Kapoor; Rajesh Tailang; Satendra Bagasi; Ankur Bhatia,,
2017,Judwaa 2,David Dhawan,Varun Dhawan; Jacqueline Fernandez; Vikas Verma; Taapsee Pannu; Anupam Kher; Sachin Khedekar; Upasana Singh; Rajpal Yadav; Pavan Malhotra; Ali Asgar; Vivan Bhatena; Johnny Lever; Rajat Rawail; Salman Khan; (cameo),₹227.59 crore ( US$34.95 million ),227.59
2017,ISIS: Enemies of Humanity,Yuvraj Kumar,Yuvraj Kumar; Harish Bhimani; Rasheed Naz; Rahul Dev,,
2017,Tu Hai Mera Sunday,Milind Dhaimade,Barun Sobti; Vishal Malhotra,,
2017,Chef,Raja Krishna Menon,Saif Ali Khan; Padmapriya Janakiraman; Dhanish Karthik,,
2017,Babuji Ek Ticket Bambai,Arvind Tripathi,Rajpal Yadav; Sudha Chandran; Bharati Sharma; Milind Gunaji,,
2017,Main Terrorist Nahi Hoon,Arjin Uppal,Gulshan Grover; Rahul Dev; Afiq Muiz; Chacha Maembong; Farida Jalal,,
2017,Ranchi Diaries,Sattwik Mohanty,Jimmy Sheirgill; Taaha Shah; Himansh Kohli,,
2017,Secret Superstar,Advait Chandan,Zaira Wasim; Meher Vij; Aamir Khan,₹ 977 crore ( US$154 million ),977.00
2017,Golmaal Again,Rohit Shetty,Ajay Devgn; Parineeti Chopra; Tabu; Arshad Warsi; Tusshar Kapoor; Shreyas Talpade; Kunal Khemu; Prakash Raj; Rohit KaduDeshmukh and; Neil Nitin Mukesh,₹311.05 crore ( US$47.76 million ),311.05
2017,Jia aur Jia,Howard Rosemeyer,Kalki Koechlin; Richa Chaddha,,
2017,Rukh,Atanu Mukherjee,Manoj Bajpayee; Smita Tambe; Kumud Mishra; Adarsh Gourav,,
2017,Ittefaq,Abhay Chopra,Sidharth Malhotra; Sonakshi Sinha; Akshaye Khanna,,
2017,The House Next Door,Milind Rau,Siddharth; Andrea Jeremiah; Atul Kulkarni,,
2017,Ribbon,Rakhee Sandilya,Kalki Koechlin; Sumeet Vyas; Hitesh Malhan,,
2017,Shaadi Mein Zaroor Aana,Ratnaa Sinha,Rajkummar Rao; Kriti Kharbanda,,
2017,Qarib Qarib Singlle,Tanuja Chandra,Irrfan Khan; Parvathy; Brijendra Kala,,
2017,The Window,VK Choudhary,Amit Kumar Vashisth; Teena Singh & Preeti Sharma,,
2017,Aksar 2,Ananth Narayan Mahadevan,Zareen Khan; Gautam Rode; Abhinav Shukla; Mohit Madaan,,
2017,Panchlait,Prem Prakash Modi,Amitosh Nagpal; Anuradha Mukherjee &; Yashpal Sharma,,
2017,Tumhari Sulu,Suresh Triveni,Vidya Balan; Manav Kaul,,
2017,Dil Jo Na Keh Saka,Naresh Lalwani,Himansh Kohli; Priya Banerjee,,
2017,A Daughter's Tale Pankh,Premraaj,Nishigandha Wad; Mehul Buch; Sudhir Pandey,,
2017,Julie 2,Deepak Shivdasani,Raai Laxmi; Ravi Kishan; Aditya Srivastava,,
2017,Ajji,Devashish Makhija,Sudhir Pandey; Sushma Deshpande,,
2017,Kadvi Hawa,Nila Madhab Panda,Sanjay Mishra; Ranvir Shorey; Tillotama Shome; Bupesh Singh; Ekta Sawant,,
2017,Saankal,Dedipya Joshii,Tanima Bhattacharya; Chetan Sharma; Harish Hariaudh,,
2017,Tera Intezaar,Raajeev Waalia,Arbaaz Khan; Sunny Leone,,
2017,Firangi,Rajiv Dhingra,Kapil Sharma; Varun Badola; & Edward Sonnenblick,,
2017,Fukrey Returns,Mrighdeep Singh Lamba,Pulkit Samrat; Priya Anand; Ali Fazal; Varun Sharma,,
2017,Game Over,Paresh Vinodray Savani,Rajesh Sharma; Yashpal Sharma; Gurleen Chopra,,
2017,Sallu Ki Shaadi,Mohammad Israr Ansari,Zeenat Aman; Kiran Kumar; Asrani; Kshayp; Arshin and Sandeep Anand,,
2017,Monsoon Shootout,Amit Kumar,Nawazuddin Siddiqui; Vijay Varma; Tannishtha Chatterjee,,
2017,Tiger Zinda Hai,Ali Abbas Zafar,Salman Khan; Katrina Kaif,₹570.83 crore ( US$87.32 million ),570.83
2018,1921,Vikram Bhatt,Zareen Khan; Karan Kundra; Tobby Hinston; Sonia Armstrong,,
2018,Kaalakaandi,Akshat Verma,Saif Ali Khan; Isha Talwar; Shenaz Treasury; Akshay Oberoi; Vijay Raaz; Deepak Dobriyal; Sobhita Dhulipala; Kunaal Roy Kapur; Nary Singh,,
2018,Mukkabaaz,Anurag Kashyap,Vineet Kumar Singh; Zoya Hussain; Ravi Kishan; Jimmy Sheirgill,,
2018,Phir Se...,Kunal Kohli,Jennifer Winget; Kunal Kohli; Rajit Kapur,,
2018,My Birthday Song,Samir Soni,Sanjay Suri; Nora Fatehi; Pitobash,,
2018,Vodka Diaries,Kushal Srivastava,Kay Kay Menon; Mandira Bedi; Raima Sen; Sharib Hashmi,,
2018,Nirdosh,Pradeep Rangwani,Arbaaz Khan; Manjari Fadnis; Ashmit Patel; Mukul Dev; Mahek Chahal,,
2018,Union Leader,Sanjay Patel,Rahul Bhat; Tillotama Shome,,
2018,Padmaavat,Sanjay Leela Bhansali,Shahid Kapoor; Deepika Padukone; Ranveer Singh; Aditi Rao Hydari,₹ 571.98 crore (US$83.64 million),571.98
2018,Pad Man,R. Balki,Akshay Kumar; Sonam Kapoor; Radhika Apte,₹ 212.02 crore (US$31 million),212.02
2018,Love per Square Foot,Anand Tiwari,Vicky Kaushal; Angira Dhar; Alankrita Sahai; Raghubir Yadav,,
2018,Aiyaary,Neeraj Pandey,Sidharth Malhotra; Manoj Bajpayee; Rakul Preet Singh; Pooja Chopra; Anupam Kher; Naseeruddin Shah,,
2018,Kuchh Bheege Alfaaz,Onir,Zain Khan Durrani; Geetanjali Thapa,,
2018,Jaane Kyun De Yaaron,Akshay Anand,Raghu Raja; Abhishek Sharma; Kabir Bedi; Chetna Pande; Viju Khote,,
2018,Sonu Ke Titu Ki Sweety,Luv Ranjan,Kartik Aaryan; Nushrat Bharucha; Sunny Nijar,,
2018,Pari,Prosit Roy,Anushka Sharma; Parambrata Chatterjee; Rajat Kapoor; Ritabhari Chakraborty; Mansi Multani,,
2018,Veerey Ki Wedding,Ashu Trikha,Pulkit Samrat; Jimmy Sheirgill; Kriti Kharbanda; Satish Kaushik; Yuvika Chaudhary; Supriya Karnik,,
2018,Hate Story IV,Vishal Pandya,Urvashi Rautela; Vivan Bhatena; Karan Wahi; Ihana Dhillon; Gulshan Grover; Tia Bajpai; Shaad Randhawa,,
2018,Dil Juunglee,Aleya Sen,Saqib Saleem; Tapsee Pannu; Abhilash Thapleyal; Nidhi Singh; Srishti Srivastava; Ayesha Khaduskar,,
2018,3 Storeys,Arjun Mukerjee,Richa Chaddha; Pulkit Samrat; Sharman Joshi; Renuka Shahane; Masumeh Makhija; Laksh Singh; Aisha Ahmed; Ankit Rathi,,
2018,Raid,Raj Kumar Gupta,Ajay Devgn; Ileana D'Cruz; Saurabh Shukla,,
2018,Hichki,Siddharth P Malhotra,Rani Mukerji,₹ 239.79 crore (US$35.06 million),239.79
2018,Shaadi Teri Bajayenge Hum Band,Gurpreet Sondh,Rajpal Yadav; Mushtaq Khan; Rahul Bagga; Rohit Kumar; Dilbagh Singh; Naresh Gosain; Afreen Alvi; Radha Bhatt,,
2018,Baaghi 2,Ahmed Khan,Tiger Shroff; Disha Patani; Manoj Bajpayee; Randeep Hooda; Prateik Babbar,₹ 254.33 crore (US$37.19 million),254.33
2018,Blackmail,Abhinay Deo,Irrfan Khan; Kirti Kulhari; Arunoday Singh; Divya Dutta; Omi Vaidya,,
2018,Missing,Mukul Abhyankar,Tabu; Manoj Bajpayee; Annu Kapoor,,
2018,October,Shoojit Sircar,Varun Dhawan; Banita Sandhu; Gitanjali Rao,,
2018,Mercury,Karthik Subbaraj,Prabhu Deva; Sananth Reddy; Remya Nambeesan,,
2018,Zoo,Shlok Sharma,Shweta Tripathi; Shashank Arora; Rahul Kumar,,
2018,Beyond the Clouds,Majid Majidi,Ishaan Khatter; Malavika Mohanan,,
2018,Nanu Ki Jaanu,Faraz Haider,Patralekhaa; Abhay Deol; Sapna Chaudhary,,
2018,Daas Dev,Sudhir Mishra,Richa Chaddha; Aditi Rao Hydari; Rahul Bhat; Saurabh Shukla; Vipin Sharma; Vineet Kumar Singh; Dalip Tahil; Anurag Kashyap,,
2018,Meri Nimmo,M.M Shanklya,Anjali Patil; Karan Dave,,
2018,102 Not Out,Umesh Shukla,Amitabh Bachchan; Rishi Kapoor,,
2018,Omerta,Hansal Mehta,Rajkummar Rao,,
2018,Raazi,Meghna Gulzar,Vicky Kaushal; Alia Bhatt,,
2018,Hope Aur Hum,Sudip Bandyopadhyay,Naseeruddin Shah; Sonali Kulkarni; Aamir Bashir,,
2018,Falooda,Dhiraj Singh,Aarav Negi; Goonj Chand; Azhar; Pihu Sharma; Dhiraj Singh,,
2018,High Jack,Akash Khurana,Sumeet Vyas; Sonnalli Seygall; Mantra; Taaruk Raina; Priyanshu Painyuli; Kumud Mishra; Natasha Rastogi,,
2018,Khajoor Pe Atke,Harsh Chhaya,Vinay Pathak; Manoj Pahwa; Seema Pahwa; Dolly Ahluwalia; Sabah Kapoor,,
2018,Parmanu: The Story Of Pokhran,Abhishek Sharma,John Abraham; Diana Penty; Boman Irani,,
2018,Bioscopewala,Deb Medhekar,Danny Denzongpa; Geetanjali Thapa; Tisca Chopra; Adil Hussain,,
2018,Veere Di Wedding,Shashanka Ghosh,Kareena Kapoor; Sonam Kapoor; Swara Bhaskar; Shikha Talsania; Sumeet Vyas,,
2018,Bhavesh Joshi Superhero,Vikramaditya Motwane,Harshvardhan Kapoor; Priyanshu Painyuli; Nishikant Kamat,,
2018,Phamous,Karan Lalit Butani,Jackie Shroff; Jimmy Sheirgill; Kay Kay Menon; Shriya Saran; Mahie Gill; Pankaj Tripathi,,
2018,Race 3,Remo D'Souza,Anil Kapoor; Bobby Deol; Daisy Shah; Freddy Daruwala; Jacqueline Fernandez; Salman Khan; Saqib Saleem,₹ 303 crore (US$44.31 million),303.00
2018,Lust Stories,"Anurag Kashyap , Karan Johar , Zoya Akhtar , Dibakar Banerjee",Radhika Apte; Sanjay Kapoor; Kiara Advani; Vicky Kaushal; Neha Dhupia; Neil Bhoopalam; Bhumi Pednekar; Manisha Koirala; Akash Thosar,,
2018,Sanju,Rajkumar Hirani,Ranbir Kapoor,₹ 586.85 crore (US$85.81 million),586.85
2018,Hanuman vs Mahiravana,Ezhil Vendan,,,
2018,Soorma,Shaad Ali,Diljit Dosanjh; Taapsee Pannu; Angad Bedi,,
2018,When Obama Loved Osama,Sudhish Kumar Sharma,Mousam Sharma; Swati Bakshi; Rahul Avana; Mohit Baghel; Heena Panchal; Hemant Pandey; Vikas Giri; Manoj Bakshi; Himani Shivpuri,,
2018,Dhadak,Shashank Khaitan,Ishaan Khatter; Jhanvi Kapoor,,
2018,"Saheb, Biwi Aur Gangster 3",Tigmanshu Dhulia,Sanjay Dutt; Jimmy Sheirgill; Mahi Gill; Chitrangada Singh; Soha Ali Khan,,
2018,Nawabzaade,Jayesh Pradhan,Raghav Juyal; Punit Pathak; Dharmesh Yelande; Isha Rikhi,,
2018,Fanney Khan,Atul Manjrekar,Anil Kapoor; Aishwarya Rai Bachchan; Rajkummar Rao; Karan Singh Chhabra; Divya Dutta,,
2018,Mulk,Anubhav Sinha,Rishi Kapoor; Prateik Babbar; Rajat Kapoor; Taapsee Pannu; Ashutosh Rana; Manoj Pahwa; Neena Gupta,,
2018,Brij Mohan Amar Rahe!,Nikhil Bhatt,Arjun Mathur; Nidhi Singh; Vijayant Kohli; Sunny Hinduja,,
2018,Laxmi and Tikli Bomb,Aditya Kripalani,Vibhawari Deshpande; Suchitra Pillai; Chitraganda Chakraborty; Upendra Limaye,,
2018,Karwaan,Akarsh Khurana,Irrfan Khan; Dulquer Salman; Mithila Palkar; Kriti Kharbanda,,
2018,Gold,Reema Kagti,Akshay Kumar; Kunal Kapoor; Mouni Roy; Amit Sadh,,
2018,Satyameva Jayate,Milap Zaveri,John Abraham; Manoj Bajpayee; Aisha Sharma; Amruta Khanvilkar,,
2018,Genius,Anil Sharma,Utkarsh Sharma; Ishita Chauhan; Nawazuddin Siddiqui; Ayesha Jhulka,,
2018,Happy Phirr Bhag Jayegi,Mudassar Aziz,Sonakshi Sinha; Diana Penty; Ali Fazal; Jimmy Shergill; Jassi Gill,,
2018,Toba Tek Singh,Ketan Mehta,Pankaj Kapur; Vinay Pathak,,
2018,Yamla Pagla Deewana: Phir Se,Navaniat Singh,Dharmendra; Sunny Deol; Bobby Deol; Kriti Kharbanda,,
2018,Stree,Amar Kaushik,Rajkummar Rao; Shraddha Kapoor; Aparshakti Khurana; Pankaj Tripathi,,
2018,Once Again,Kanwal Sethi,Shefali Shah; Neeraj Kabi,,
2018,Paltan,J. P. Dutta,Jackie Shroff; Sonu Sood; Arjun Rampal; Gurmeet Choudhary; Siddhanth Kapoor; Harshvardhan Rane; Luv Sinha; Esha Gupta; Monica Gill; Sonal Chauhan; Dipika Kakar; Aditii Arya Sharma,,
2018,Laila Majnu,Sajid Ali,Mir Sarwar; Avinash Tiwary; Tripti Dimri; Ruchika Kapoor,,
2018,Gali Guleiyan,Dipesh Jain,Manoj Bajpayee; Ranvir Shorey; Neeraj Kabi; Shahana Goswami,,
2018,Halkaa,Nila Madhab Panda,Ranvir Shorey; Paoli Dam; Tathastu; Kumud Mishra,,
2018,Manmarziyaan,Anurag Kashyap,Abhishek Bachchan; Vicky Kaushal; Taapsee Pannu,,
2018,Love Sonia,Tabrez Noorani,Mrunal Thakur; Freida Pinto; Manoj Bajpayee; Rajkummar Rao; Richa Chadda; Anupam Kher; Adil Hussain; Sai Tamhankar,,
2018,Mitron,Nitin Kakar,Jackky Bhagnani; Kritika Kamra; Pratik Gandhi; Neeraj Sood,,
2018,Batti Gul Meter Chalu,Shree Narayan Singh,Shahid Kapoor; Shraddha Kapoor; Divyendu Sharma; Yami Gautam,,
2018,Manto,Nandita Das,Nawazuddin Siddiqui; Tahir Raj Bhasin; Rasika Dugal; Rajshri Deshpande,,
2018,Ishqeria,Prerna Wadhawan,Neil Nitin Mukesh; Richa Chaddha,,
2018,Sui Dhaaga,Sharat Katariya,Varun Dhawan; Anushka Sharma,,
2018,Pataakha,Vishal Bhardwaj,Sanya Malhotra; Sunil Grover; Radhika Madan,,
2018,Loveyatri,Abhiraj Minawala,Aayush Sharma; Warina Hussain,,
2018,Andhadhun,Sriram Raghavan,Ayushman Khurana; Tabu; Radhika Apte,₹ 456.89 crore (US$66.81 million),456.89
2018,Jalebi,Pushpdeep Bhardwaj,Rhea Chakraborty; Digangana Suryavanshi; Varun Mitra,,
2018,Helicopter Eela,Pradeep Sarkar,Kajol; Riddhi Sen; Neha Dhupia; Tota Roy Choudhury,,
2018,FryDay,Abhishek Dogra,Govinda; Varun Sharma,,
2018,Tumbbad,Rahi Anil Barve,Soham Shah; Harish Khanna; Anita Date,,
2018,Namaste England,Vipul Shah,Arjun Kapoor; Parineeti Chopra; Aditya Seal; Alankrita Sahai; Anil Mange; Satish Kaushik,,
2018,Badhaai Ho,Amit Ravindernath Sharma,Ayushman Khurrana; Neena Gupta; Gajraj Rao; Surekha Sikri; Sanya Malhotra,₹ 221.44 crore (US$32.38 million),221.44
2018,Baazaar,Gauravv K. Chawla,Saif Ali Khan; Radhika Apte; Chitrangada Singh; Denzil Smith; Rohan Mehra; Sonia Balani,,
2018,5 Weddings,Namrata Singh Gujral,Rajkummar Rao; Nargis Fakhri; Bo Derek; Candy Clark; Anneliese van der Pol; Suvinder Vicky,,
2018,Kaashi in Search of Ganga,Dhiraj Kumar,Sharman Joshi; Aishwarya Devan; Govind Namdev; Manoj Joshi; Manoj Pahwa; Akhilendra Mishra,,
2018,Dassehra,Manish Vatsalya,Neil Nitin Mukesh; Tina Desai; Govind Namdev,,
2018,Thugs of Hindostan,Vijay Krishna Acharya,Amitabh Bachchan; Aamir Khan; Fatima Sana Shaikh; Katrina Kaif; Mohammed Zeeshan Ayyub,₹ 335 crore (US$48.98 million),335.00
2018,Mohalla Assi,Chandraprakash Dwivedi,Sunny Deol; Sakshi Tanwar; Ravi Kishan; Saurabh Shukla; Mukesh Tiwari; Rajendra Gupta; Mithilesh Chaturvedi,,
2018,Pihu,Vinod Kapri,Myra Vishwakarma; Prerna Sharma,,
2018,Hotel Milan,Vishal Mishra,Kunaal Roy Kapur; Karishma Sharma; Zeishan Quadri; Jaideep Ahlawat; Rajesh Sharma; Zakir Hussain,,
2018,Tigers,Danis Tanović,Emraan Hashmi; Khalid Abdalla; Geetanjali Thapa; Supriya Pathak,,
2018,Bhaiaji Superhit,Neerraj Pathak,Sunny Deol; Preity Zinta; Ameesha Patel; Arshad Warsi; Shreyas Talpade; Evelyn Sharma,,
2018,2.0,S Shankar,Rajnikanth; Amy Jackson; Akshay Kumar; Adil Hussain; Sudhanshu Pandey,,
2018,Rajma Chawal,Leena Yadav,Rishi Kapoor; Anirudh Tanwar; Amyra Dastur,,
2018,Kedarnath,Abhishek Kapoor,Sushant Singh Rajput; Sara Ali Khan,,
2018,Ascharyachakit!,Samit Kakkad,Priyanka Bose; Vaibhav Raj Gupta; Ankit Raaj; Anangsha Biswas; Santosh Juvekar,,
2018,Zero,Aanand L. Rai,Shah Rukh Khan; Katrina Kaif; Anushka Sharma; Abhay Deol; Tigmanshu Dhulia,,
2018,Simmba,Rohit Shetty,Ranveer Singh; Sara Ali Khan; Sonu Sood,₹ 400.19 crore (US$58.52 million),400.19
2019,Salt Bridge,Abhijit Deonath,Rajeev Khandelwal; Chelsie Preston Crayford; Usha Jadhav,,
2019,Cabaret,Kaustav Narayan Niyogi,Richa Chadda; Gulshan Devaiah; S. Sreesanth,,
2019,Uri: The Surgical Strike,Aditya Dhar,Vicky Kaushal; Mohit Raina; Paresh Rawal; Yami Gautam,₹ 342.06 crore (US$48.57 million),342.06
2019,Battalion 609,Brijesh Batuknath Tripathi,Shoaib Ibrahim; Elena Kazan; Farnaz Shetty; Vishwas Kini; Vicky Ahuja; Vikas Srivastava; Chandraprakash Thakur,,
2019,The Accidental Prime Minister,Vijay Ratnakar Gutte,Anupam Kher; Akshaye Khanna; Suzanne Bernert; Aahana Kumra; Arjun Mathur,,
2019,Evening Shadows,Sridhar Rangayan,Mona Ambegaonkar; Ananth Narayan Mahadevan; Devansh Doshi; Arpit Chaudhary,,
2019,Why Cheat India,Soumik Sen,Emraan Hashmi; Shreya Dhanwanthary,,
2019,SP Chauhan,Manoj K Jha,Jimmy Shergill; Yuvika Chaudhary; Yashpal Sharma,,
2019,Fraud Saiyaan,Sourabh Shrivastava,Arshad Warsi; Sara Loren; Saurabh Shukla,,
2019,Soni,Ivan Ayr,Geetika Vidhya Olyan; Saloni Batra,,
2019,72 Hours: Martyr Who Never Died,Avinash Dhyani,Avinash Dhyani; Mukesh Tiwari; Virendra Saxena; Alka Amin; Shishir Sharma; Gireesh Sahdev; Prashil Rawat,,
2019,Bombairiya,Pia Sukanya,Radhika Apte; Siddhanth Kapoor; Akshay Oberoi; Shilpa Shukla; Adil Hussain; Amit Sial; Ravi Kishan,,
2019,Rangeela Raja,Sikander Bharti,Govinda; Shakti Kapoor; Prem Chopra; Govind Namdev; Shyamlal Yadav; Mishika Chourasia; Anupama Agnihotri; Digangana Suryavanshi; Karishma Harshada; Arti Gupta,,
2019,Thackeray,Abhijit Panse,Nawazuddin Siddiqui; Amrita Rao,,
2019,Manikarnika: The Queen of Jhansi,Radha Krishna Jagarlamudi Kangana Ranaut,Kangana Ranaut; Jisshu Sengupta; Suresh Oberoi; Ankita Lokhande; Danny Denzongappa; Atul Kulkarni; Mohammed Zeeshan Ayyub,,
2019,Ek Ladki Ko Dekha Toh Aisa Laga,Shelly Chopra Dhar,Anil Kapoor; Sonam Kapoor; Juhi Chawla; Rajkummar Rao,,
2019,The Fakir of Venice,Anand Surapur,Farhan Akhtar; Annu Kapoor,,
2019,Dosti Ke Side Effects,Hadi Ali Abrar,Sapna Choudhry; Vikrant Anand; Neel Motwani; Zuber K. Khan; Anju Jadhav,,
2019,Amavas,Bhushan Patel,Sachiin Joshi; Vivan Bhatena; Nargis Fakhri,,
2019,Gully Boy,Zoya Akhtar,Ranveer Singh; Alia Bhatt,₹ 238.16 crore (US$33.82 million),238.16
2019,Hum Chaar,Abhishek Dixit,Prit Kamani; Simran Sharma; Anshuman Malhotra; Tushar Pandey,,
2019,Total Dhamaal,Indra Kumar,Ajay Devgn; Madhuri Dixit; Arshad Warsi; Javed Jaffrey; Anil Kapoor; Riteish Deshmukh; Sanjay Mishra; Esha Gupta,,
2019,Goopi Gawaiya Bagha Bajaiya,Shilpa Ranade,Manish Bhawan; Rajeev Raj; Shailendra Pande,,
2019,Luka Chuppi,Laxman Utekar,Kartik Aaryan; Kriti Sanon; Aparshakti Khurana; Pankaj Tripathi; Vinay Pathak,,
2019,Sonchiriya,Abhishek Chaubey,Sushant Singh Rajput; Bhumi Pednekar; Manoj Bajpayee; Ranvir Shorey; Ashutosh Rana,,
2019,Badla,Sujoy Ghosh,Amitabh Bachchan; Taapsee Pannu,,
2019,The Sholay Girl,Aditya Sarpotdar,Bidita Bag; Chandan Roy Sanyal,,
2019,Hamid,Aijaz Khan,Talha Arshad Reshi; Rasika Dugal; Vikas Kumar; Sumit Kaul,,
2019,Photograph,Ritesh Batra,Nawazuddin Siddiqui; Sanya Malhotra,,
2019,Milan Talkies,Tigmanshu Dhulia,Ali Fazal; Shraddha Srinath; Reecha Sinha; Ashutosh Rana; Sanjay Mishra; Sikandar Kher,,
2019,Risknamaa,Aarun Nagar,Sachin Khari; Aarun Nagar; Shahbaz Khan; Pramod Moutho; Ravi Verma,,
2019,Mere Pyare Prime Minister,Rakeysh Omprakash Mehra,Anjali Patil; Makarand Deshpande; Rasika Aagashe; Sonia Albizuri; Syna Anand; Adarsh Bharti; Om Kanojiya,,
2019,22 Yards,Mitali Ghoshal,Barun Sobti; Amartya Ray; Panchi Bora; Rajit Kapur; Rajesh Sharma; Chaiti Ghoshal; Geetika Tyagi,,
2019,377 Ab Normal,Faruk Kabir,Shashank Arora; Mohammed Zeeshan Ayyub; Tanvi Azmi; Maanvi Gagroo,,
2019,Kesari,Anurag Singh,Akshay Kumar; Parineeti Chopra; Mir Sarwar; Ashwath Bhatt,,
2019,Mard Ko Dard Nahi Hota,Vasan Bala,Abhimanyu Dassani; Radhika Madan; Gulshan Devaiah; Mahesh Manjrekar; Jimit Trivedi; Shweta Basu Prasad,,
2019,Ram Ki Janmabhoomi,Sanoj Mishra,Govind Namdeo; Manoj Joshi; Najneen Patni; Rajveer Singh,,
2019,Notebook,Nitin Kakkar,Zaheer Iqbal; Pranutan Bahl,,
2019,Junglee,Chuck Russell,Vidyut Jammwal; Pooja Sawant; Asha Bhat; Atul Kulkarni,,
2019,Gone Kesh,Qasim Khallow,Shweta Tripathi; Jitendra Kumar; Vipin Sharma; Deepika Amin; Brijendra Kala,,
2019,Romeo Akbar Walter,Robbie Garewal,John Abraham; Mouni Roy; Jackie Shroff; Sikander Kher; Suchitra Krishnamoorthi,,
2019,Jai Chhathi Maa,Murari Sinha,Ravi Kishan; Gurleen Chopra; Preeti Jhangiani,,
2019,Albert Pinto Ko Gussa Kyun Aata Hai?,Soumitra Ranade,Manav Kaul; Nandita Das; Saurabh Shukla; Kishor Kadam,,
2019,The Tashkent Files,Vivek Agnihotri,Mithun Chakraborty; Naseeruddin Shah; Shweta Basu Prasad; Pankaj Tripathi; Vinay Pathak; Mandira Bedi; Pallavi Joshi; Ankur Rathee; Prakash Belawadi,,
2019,Blackboard vs Whiteboard,Tarun S. Bisht,Raghubir Yadav; Ashok Samarth; Akhilendra Mishra,,
2019,Kalank,Abhishek Varman,Madhuri Dixit; Sonakshi Sinha; Alia Bhatt; Varun Dhawan; Aditya Roy Kapur; Sanjay Dutt,,
2019,Music Teacher,Sarthak Dasgupta,Manav Kaul; Divya Dutta; Neena Gupta,,
2019,Blank,Behzad Khambata,Sunny Deol; Karan Kapadia; Ishita Dutta,,
2019,Setters,Ashwini Chaudhary,Aftab Shivdasani; Shreyas Talpade; Sonnalli Seygall; Ishita Dutta; Pavan Malhotra; Vijay Raaz; Jameel Khan; Manu Rishi,,
2019,Yours Truly,Sanjoy Nag,Soni Razdan; Aahana Kumra; Pankaj Tripathi,,
2019,Badnaam Gali,Ashwin Shetty,Patralekha Paul; Divyendu Sharma,,
2019,Chhota Bheem Kung Fu Dhamaka,Rajiv Chilaka,Parigna Pandya Shah; Julie Tejwani; Pinky Rajput; Rajesh Kava,,
2019,Student of the Year 2,Punit Malhotra,Tiger Shroff; Tara Sutaria; Ananya Panday,,
2019,Chhoriyan Chhoron Se Kam Nahi Hoti,Rajesh Amarlal Babbar,Satish Kaushik; Rashmi Somvanshi,,
2019,Gunwali Dulhaniya,Shantanu Anant Tambe,Kanchan Awasthi; Mayur Kumar; Elvis Chaturvedi; Govind Namdev; Brijendra Kala,,
2019,De De Pyaar De,Akiv Ali,Ajay Devgn; Tabu; Rakul Preet Singh; Jimmy Sheirgill,,
2019,India's Most Wanted,Rajkumar Gupta,Arjun Kapoor; Sudev Nair; Rajesh Sharma; Prashanth Alexander; Shantilal Mukherjee,,
2019,PM Narendra Modi,Omung Kumar,Vivek Oberoi; Boman Irani; Manoj Joshi; Barkha Sengupta; Aanjjan Srivastav; Zarina Wahab; Suresh Oberoi,,
2019,Yeh Hai India,Lomharsh,Gavie Chahal; Mohan Aghashe; Mohan Joshi,,
2019,Chopsticks,Sachin Yardi,Abhay Deol; Mithila Palkar; Vijay Raaz,,
2019,Bharat,Ali Abbas Zafar,Salman Khan; Tabu; Katrina Kaif; Sunil Grover; Disha Patani; Aasif Sheikh,₹ 325.58 crore (US$46.23 million),325.58
2019,Khamoshi,Chakri Toleti,Prabhu Deva; Tamannaah; Bhumika Chawla,,
2019,Kissebaaz,Annant Jaaitpaal,Pankaj Tripathi; Anupriya Goenka; Evelyn Sharma; Rahul Bagga; Mouli Ganguly; Zakir Hussain; Rajesh Sharma,,
2019,Jaoon Kahan Bata Ae Dil,Aadish Keluskar,Khushboo Upadhyay; Rohit Kokate,,
2019,Kabir Singh,Sandeep Vanga,Shahid Kapoor; Kiara Advani; Soham Majumdar; Arjan Bajwa; Kamini Kaushal; Nikita Dutta; Amit Sharma; Kunal Thakur; Swati Seth; Anusha Sampath; Suresh Oberoi,₹ 379.02 crore (US$53.82 million),379.02
2019,Article 15,Anubhav Sinha,Ayushmann Khurrana; Isha Talwar; Nassar; Manoj Pahwa; Sayani Gupta; Kumud Mishra; Mohammed Zeeshan Ayyub,,
2019,Malaal,Mangesh Hadawale,Meezaan Jaffery; Sharmin Segal,,
2019,One Day: Justice Delivered,Ashok Nanda,Anupam Kher; Esha Gupta; Kumud Mishra,,
2019,Hume Tumse Pyaar Kitna,Lalit Mohan,Karanvir Bohra; Priya Banerjee; Samir Kochhar; Mahesh Balraj,,
2019,Marudhar Express,Vishal Mishra,Kunaal Roy Kapur; Tara Alisha Berry; Rajesh Sharma,,
2019,Super 30,Vikas Bahl,Hrithik Roshan; Mrunal Thakur; Amit Sadh; Pankaj Tripathi,,
2019,Family of Thakurganj,Manoj K. Jha,Jimmy Sheirgill; Mahie Gill; Saurabh Shukla; Sudhir Pandey; Supriya Pilgaonkar; Pavan Malhotra; Mukesh Tiwari; Nandish Singh; Yashpal Sharma; Pranati Rai Prakash; Raj Zutshi; Salil Acharya; Manoj Pahwa,,
2019,Jhootha Kahin Ka,Smeep Kang,Rishi Kapoor; Omkar Kapoor; Sunny Singh; Jimmy Sheirgill; Lillete Dubey; Manoj Joshi,,
2019,Judgementall Hai Kya,Prakash Kovelamudi,Kangana Ranaut; Rajkummar Rao; Jimmy Sheirgill; Amyra Dastur; Amrita Puri,,
2019,Arjun Patiala,Rohit Jugraj,Diljit Dosanjh; Kriti Sanon; Varun Sharma; Ronit Roy,,
2019,Khandaani Shafakhana,Shilpi Dasgupta,Sonakshi Sinha; Varun Sharma; Annu Kapoor; Badshah,,
2019,Barot House,Bugs Bhargava,Amit Sadh; Manjari Fadnis,,
2019,Jabariya Jodi,Prashant Singh,Sidharth Malhotra; Parineeti Chopra,,
2019,Chicken Curry Law,Shekhar Sirrinn,Ashutosh Rana; Nivedita Bhattacharya; Makrand Deshpande; Zakir Hussain; Aman Verma; Natalia Janoszek,,
2019,Pranaam,Sanjiv Jaiswal,Rajeev Khandelwal; Sameksha; Shaji Chaudhary; Atul Kulkarni; Abhimanyu Singh; Vikram Gokhale,,
2019,Batla House,Nikhil Advani,John Abraham; Mrunal Thakur,,
2019,Mission Mangal,Jagan Shakti,Akshay Kumar; Vidya Balan; Sharman Joshi; Sonakshi Sinha; Taapsee Pannu; Kirti Kulhari; Nithya Menen,₹ 290.59 crore (US$30 million),290.59
2019,Posham Pa,Suman Mukhopadhyay,Mahie Gill; Sayani Gupta; Ragini Khanna,,
2019,Saaho,Sujeeth,Prabhas; Neil Nitin Mukesh; Shraddha Kapoor; Jackie Shroff,₹407.65—439 crore,
2019,Chhichhore,Nitesh Tiwari,Sushant Singh Rajput; Shraddha Kapoor; Varun Sharma; Prateik Babbar; Tahir Raj Bhasin; Naveen Polishetty; Tushar Pandey; Saharsh Shukla,,
2019,Dream Girl,Raaj Shaandilyaa,Ayushmann Khurrana; Nushrat Bharucha,,
2019,Section 375,Ajay Bahl,Akshaye Khanna; Richa Chadha; Rahul Bhat; Meera Chopra,,
2019,Main Zaroor Aaunga,Chandrakant Singh,Arbaaz Khan; Aindrita Ray; Vikas Verma; Govind Namdev,,
2019,The Zoya Factor,Abhishek Sharma,Sonam Kapoor; Dulquer Salmaan; Sanjay Kapoor,,
2019,Pal Pal Dil Ke Paas,Sunny Deol,Karan Deol; Sahher Bambba,,
2019,Prassthanam,Deva Katta,Sanjay Dutt; Manisha Koirala; Jackie Shroff; Chunky Pandey; Ali Fazal; Amyra Dastur; Satyajeet Dubey,,
2019,War,Siddharth Anand,Hrithik Roshan; Tiger Shroff; Vaani Kapoor,₹ 475.62 crore (US$67.54 million),475.62
2019,The Sky Is Pink,Shonali Bose,Priyanka Chopra; Farhan Akhtar; Zaira Wasim; Rohit Suresh Saraf,,
2019,Chappad Phaad Ke,Sameer Hemant Joshi,Vinay Pathak; Siddharth Menon; Ayesha Raza Mishra; Sheetal Thakur,,
2019,Ghost,Vikram Bhatt,Sanaya Irani; Shivam Bhaargava,,
2019,Laal Kaptaan,Navdeep Singh,Saif Ali Khan; Manav Vij; Zoya Hussain; Deepak Dobriyal; Simone Singh,,
2019,P Se Pyaar F Se Faraar,Manoj Tiwari,Jimmy Sheirgill; Kumud Mishra; Bhavesh Kumar,,
2019,Upstarts,Udai Singh Pawar,Priyanshu Painyuli; Chandrachoor Rai; Shadab Kamal; Sheetal Thakur,,
2019,Yaaram,Ovais Khan,Prateik Babbar; Siddhanth Kapoor; Ishita Raj Sharma,,
2019,Officer Arjun Singh IPS Batch 2000,Arshad Siddiqui,Priyanshu Chatterjee; Raai Laxmi,,
2019,Jacqueline I Am Coming,Banty Dubey,Raghubir Yadav; Diiva Dhanoya; Shakti Kumar,,
2019,Housefull 4,Farhad Samji,Akshay Kumar; Ritesh Deshmukh; Bobby Deol; Kriti Sanon; Pooja Hegde; Kriti Kharbanda; Chunky Pandey; Ranjeet; Rana Daggubati,₹ 280.27 crore (US$39.8 million),280.27
2019,Kanpuriye,Ashish Aryan,Aparshakti Khurana; Divyenndu; Harsh Mayar; Vijay Raaz; Rajshri Deshpande; Harshita Gaur,,
2019,Made in China,Mikhil Musale,Rajkummar Rao; Mouni Roy; Boman Irani; Gajraj Rao; Sumeet Vyas; Amyra Dastur; Paresh Rawal,,
2019,Saand Ki Aankh,Tushar Hiranandani,Bhumi Pednekar; Taapsee Pannu; Prakash Jha; Vineet Kumar Singh,,
2019,Drive,Tarun Mansukhani,Sushant Singh Rajput; Jacqueline Fernandez; Vikramjeet Virk; Sapna Pabbi; Boman Irani; Pankaj Tripathi,,
2019,Ujda Chaman,Abhishek Pathak,Sunny Singh; Maanvi Gagroo; Karishma Sharma; Aishwarya Sakhuja,,
2019,Bala,Amar Kaushik,Ayushmann Khurrana; Bhumi Pednekar; Yami Gautam; Saurabh Shukla; Javed Jaffrey; Seema Pahwa,,
2019,Bypass Road,Naman Nitin Mukesh,Neil Nitin Mukesh; Adah Sharma; Shama Sikander; Gul Panag; Rajit Kapur; Sudhanshu Pandey,,
2019,Moothon,Geetu Mohandas,Nivin Pauly; Sanjana Dipu; Shashank Arora; Sobhita Dhulipala; Dileesh Pothan; Jim Sarbh; Roshan Mathew,,
2019,Satellite Shankar,Irfan Kamal,Sooraj Pancholi; Megha Akash,,
2019,Jhalki,Brahmanand S. Siingh,Boman Irani; Tannishtha Chatterjee; Divya Dutta; Sanjay Suri; Yatin Karyekar; Akhilendra Mishra; Govind Namdev; Joy Sengupta,,
2019,House Arrest,Shashanka Ghosh and Samit Basu,Ali Fazal; Shriya Pilgaonkar; Jim Sarbh,,
2019,Keep Safe Distance,Raama Mehra,Kiran Kumar; Shahbaz Khan,,
2019,Marjaavaan,Milap Milan Zaveri,Sidharth Malhotra; Riteish Deshmukh; Tara Sutaria; Rakul Preet Singh,,
2019,Motichoor Chaknachoor,Debamitra Biswal,Nawazuddin Siddiqui; Athiya Shetty,,
2019,Marne Bhi Do Yaaron,Kashmera Shah,Krishna Abhishek; Kashmera Shah; Rishaab Chauhaan,,
2019,Pagalpanti,Anees Bazmee,Anil Kapoor; John Abraham; Ileana D'Cruz; Arshad Warsi; Pulkit Samrat; Kriti Kharbanda; Urvashi Rautela; Saurabh Shukla,,
2019,Commando 3,Aditya Datt,Vidyut Jammwal; Adah Sharma; Angira Dhar; Gulshan Devaiah,,
2019,Yeh Saali Aashiqui,Cherag Ruparel,Vardhan Puri; Shivaleeka Oberoi,,
2019,Panipat,Ashutosh Gowariker,Sanjay Dutt; Arjun Kapoor; Kriti Sanon; Mohnish Bahl,,
2019,Pati Patni Aur Woh,Mudassar Aziz,Kartik Aaryan; Bhumi Pednekar; Ananya Panday,,
2019,Mardaani 2,Gopi Puthran,Rani Mukerji; Vishal Jethwa; Jisshu Sengupta,,
2019,The Body,Jeethu Joseph,Emraan Hashmi; Rishi Kapoor; Vedhika; Sobhita Dhulipala,,
2019,Dabangg 3,Prabhu Deva,Salman Khan; Sonakshi Sinha; Sudeep; Saiee Manjrekar; Arbaaz Khan,₹ 230.93 crore (US$32.79 million),230.93
2019,Line of Descent,Rohit Karn Batra,Brendan Fraser; Abhay Deol; Ronit Roy; Neeraj Kabi; Prem Chopra; Ali Haji,,
2019,Happi,Bhavna Talwar,Pankaj Kapoor; Supriya Pathak; Hrishitaa Bhatt,,
2019,Good Newwz,Raj Mehta,Akshay Kumar; Kareena Kapoor; Diljit Dosanjh; Kiara Advani,₹ 318.57 crore (US$33 million),318.57
2020,Ghost Stories,Karan Johar Dibakar Banerjee Zoya Akhtar Anurag Kashyap,Sobhita Dhulipala; Mrunal Thakur; Avinash Tiwary; Janhvi Kapoor; Surekha Sikri; Raghuvir Yadav; Gulshan Devaiah; Vijay Varma; Pavail Gulati; Jyoti Subhash; Eva Ameet Pardeshi; Kitu Gidwani; Sumit Tandon,,
2020,Beautiful,Agastya Manju,Naina Ganguly; K K Binojee; Parth Suri,,
2020,Bhangra Paa Le,Sneha Taurani,Sunny Kaushal; Rukshar Dhillon; Shriya Pilgaonkar,,
2020,Sab Kushal Mangal,Karan Vishwanath Kashyap,Akshaye Khanna; Riva Kishan; Priyank Sharma,,
2020,Shimla Mirchi,Ramesh Sippy,Hema Malini; Rajkummar Rao; Rakul Preet Singh,,
2020,Half Widow,Danish Renzu,Neelofar Hamid; Shahnawaz Bhat; Mir Sarwar; Haseena Sofi,,
2020,Chhapaak,Meghna Gulzar,Deepika Padukone; Vikrant Massey,₹ 55.44 crore (US$7.48 million),55.44
2020,Tanhaji,Om Raut,Ajay Devgn; Saif Ali Khan; Kajol; Sharad Kelkar,₹ 368 crore (US$49.66 million),368.00
2020,Bunker,Jugal Raja,Abhijeet Singh; Arindita Kalita,,
2020,Jai Mummy Di,Navjot Gulati,Sunny Singh; Sonnalli Seygall; Poonam Dhillon; Supriya Pathak,,
2020,Panga,Ashwiny Iyer Tiwari,Kangana Ranaut; Jassi Gill; Richa Chadha; Neena Gupta,₹ 41.71 crore (US$5.63 million),41.71
2020,Street Dancer 3D,Remo D'Souza,Varun Dhawan; Shraddha Kapoor; Prabhu Deva; Nora Fatehi; Aparshakti Khurana; Murali Sharma; Raghav Juyal; Dharmesh Yelande; Punit Pathak; Jigar Rupareliya; Sonam Bajwa,₹ 97 crore (US$13.09 million),97.00
2020,Gul Makai,H.E. Amjad khan,Reem Shaikh; Atul Kulkarni; Divya Dutta; Om Puri; Arif Zakaria; Mukesh Rishi; Abhimanyu Singh; Pankaj Tripathi,,
2020,Happy Hardy and Heer,Raka,Himesh Reshammiya; Sonia Mann,,
2020,Jawaani Jaaneman,Nitin Kakkar,Saif Ali Khan; Tabu; Alaya Furniturewala,₹ 44.77 crore (US$6.04 million),44.77
2020,Pagleaazam,"Vikas P Kavvthekaar, Aps Raghuvanshi",Aditya Pratap Singh; Mandeep Kaur Mannnat; Sonia Sharma; Liliput; Faruque; Ravi Mann; Abhinaye Sharma; Sahil Patel; Amber Upadhyay,,
2020,Operation Parindey,Sanjay Gadhvi,Amit Sadh; Rahul Dev; Aakash Dahiya; Rucha Inamdar,,
2020,Hacked,Vikram Bhatt,Hina Khan; Rohan Shah; Mohit Malhotra; Sid Makkar,,
2020,Kaanchli Life in a Slough,Dedipya Joshii,Sanjay Mishra; Shikha Malhotra,,
2020,Malang,Mohit Suri,Aditya Roy Kapur; Disha Patani; Anil Kapoor; Elli AvrRam; Kunal Khemu,₹ 81.50 crore (US$11 million),81.50
2020,Yahan Sabhi Gyani Hain,Anant Tripathi,Neeraj Sood; Apoorva Arora; Atul Srivastav,,
2020,Shikara,Vidhu Vinod Chopra,Aadil Khan; Sadia Khateeb,,
2020,Khawab Sare Jhoothey,Deepak Baldev Thakur,Harsh Kumar; Tullika Singh,,
2020,Love Aaj Kal,Imtiaz Ali,Kartik Aaryan; Sara Ali Khan; Randeep Hooda,₹ 52.63 crore (US$7.1 million),52.63
2020,Shukranu,Bishnu Dev Halder,Divyenndu; Shweta Basu Prasad; Sheetal Thakur,,
2020,Bhoot – Part One: The Haunted Ship,Bhanu Pratap Singh,Vicky Kaushal; Bhumi Pednekar,,
2020,The Hundred Bucks,Dushyant Pratap Singh,Kavita Tripathi; Dinesh Bawra; Jaid Shaikh,,
2020,Shubh Mangal Zyada Saavdhan,Hitesh Kewalya,Ayushmann Khurrana; Jitendra Kumar; Gajraj Rao; Neena Gupta; Manurishi Chaddha; Sunita Rajwar; Maanvi Gagroo; Pankhuri Awasthy; Neeraj Singh,₹ 87 crore (US$11.74 million),87.00
2020,Yeh Ballet,Sooni Taraporevala,Julian Sands; Achintya Bose; Manish Chauhan,,
2020,Doordarshan,Gagan Puri,Mahie Gill; Manu Rishi Chaddha; Dolly Ahluwalia; Supriya Shukla; Rajesh Sharma; Mehak Manwani; Sumit Gulati,,
2020,Guns of Banaras,Sekhar Suri,Karan Nath; Nathalia Kaur; Abhimanyu Singh; Ganesh Venkatraman; Shilpa Shirodkar; Zarina Wahab; Mohan Agashe; Tej Sapru,,
2020,Haunted Hills,Sanjeev Kumar Rajput,Zuber K. Khan; Diana Khan,,
2020,O Pushpa I Hate Tears,Dinkar Kapoor,Krushna Abhishek; Karthik Jayaram; Arjumman Mughal,,
2020,Thappad,Anubhav Sinha,Taapsee Pannu; Pavail Gulati; Maya Sarao; Naila Grewal,₹ 44.54 crore (US$6.01 million),44.54
2020,Dheet Patangey,Ravi Adhikari,Shivin Narang; Chandan Roy Sanyal; Ali Murad; Hardik Sanghani; Tillotama Shome; Priya Banerjee,,
2020,Baaghi 3,Ahmed Khan,Tiger Shroff; Riteish Deshmukh; Shraddha Kapoor; Ankita Lokhande,₹ 137.05 crore (US$18.5 million),137.05
2020,Guilty,Ruchi Narain,Kiara Advani; Akansha Ranjan Kapoor; Gurfateh Singh Pirzada; Taher Shabbir; Dalip Tahil; Kunal Vijaykar; Manu Rishi; Janya Joshi; Chayan Chopra,,
2020,Kaamyaab,Hardik Mehta,Sanjay Mishra; Deepak Dobriyal,,
2020,Angrezi Medium,Homi Adajania,Irrfan Khan; Kareena Kapoor; Radhika Madan; Deepak Dobriyal; Pankaj Tripathi,,
2020,Maska,Neeraj Udhwani,Manisha Koirala; Nikita Dutta; Javed Jaffrey; Prit Kamani; Shirley Setia,,
2020,Bamfaad,Ranjan Chandel,Aditya Rawal; Shalini Pandey; Vijay Varma,,
2020,Ateet,Tanuj Bhramar,Priyamani; Sanjay Suri; Rajeev Khandelwal,,
2020,Mrs. Serial Killer,Shirish Kunder,Jacqueline Fernandez; Manoj Bajpayee; Mohit Raina; Zayn Marie,,
2020,Court Martial,Sourabh Srivastava,Rajeev Khandelwal; Saksham Dayma; Swapnil Kotiwar,,
2020,What Are the Odds,Megha Ramaswamy,Yashaswini Dayama; Karanvir Malhotra; Abhay Deol,,
2020,Ghoomketu,Pushpendra Nath Misra,Nawazuddin Siddiqui; Ragini Khanna; Richa Chadha; Anurag Kashyap; Deepika Amin; Raghuvir Yadav; Ila Arun; Swanand Kirkire,,
2020,Chippa,Safdar Rehman,Sunny Pawar; Joyraj Bhattacharya; Sumeet Thakur; Gautam Sarkar; Masood Akhtar; Kalpan Mitra,,
2020,Chintu Ka Birthday,Devanshu Kumar Satyanshu Singh,Vinay Pathak; Tillotama Shome; Nate Scholz,,
2020,Choked,Anurag Kashyap,Saiyami Kher; Roshan Mathew; Amruta Subhash; Rajshri Deshpande,,
2020,Axone,Nicholas Kharkongor,Dolly Ahluwalia; Sayani Gupta; Tenzin Dalha; Vinay Pathak; Lin Laishram; Asenla Jamir; Lanuakum Ao,,
2020,Gulabo Sitabo,Shoojit Sircar,Farrukh Jaffar; Amitabh Bachchan; Ayushmann Khurrana; Vijay Raaz; Brijendra Kala; Nalneesh Neel,,
2020,Kadakh,Rajat Kapoor,Kalki Koechlin; Ranvir Shorey; Shruti Seth; Manoj Pahwa; Tara Sharma; Cyrus Sahukar; Mansi Multani,,
2020,Chaman Bahaar,Apurva Dhar Badgaiyann,Jitendra Kumar; Ritika Badiani,,
2020,Bulbbul,Anvita Dutt,Tripti Dimri; Avinash Tiwary; Rahul Bose; Parambrata Chatterjee; Paoli Dam,,
2020,Bhonsle,Devashish Makhija,Manoj Bajpayee; Santosh Juvekar; Ipshita Chakraborty Singh; Abhishek Banerjee,,
2020,Unlock,Debatma Mandal,Kushal Tandon; Hina Khan; Rishabh Sinha; Aditi Arya,,
2020,Virgin Bhanupriya,Ajay Lohan,Urvashi Rautela; Gautam Gulati,,
2020,Dil Bechara,Mukesh Chhabra,Sushant Singh Rajput; Sanjana Sanghi; Saif Ali Khan; Sahil Vaid; Saswata Chatterjee,,
2020,Yaara,Tigmanshu Dhulia,Vidyut Jammwal; Shruti Haasan; Amit Sadh; Vijay Varma; Kenny Basumatary,,
2020,Shakuntala Devi,Anu Menon,Vidya Balan; Jisshu Sengupta; Sanya Malhotra; Amit Sadh,,
2020,Lootcase,Rajesh Krishnan,Kunal Khemu; Rasika Dugal; Vijay Raaz; Ranvir Shorey; Gajraj Rao; Aryan Prajapati; Shashi Ranjan; Sumit Nijhawan,,
2020,Raat Akeli Hai,Honey Trehan,Nawazuddin Siddiqui; Radhika Apte; Shweta Tripathi; Ila Arun; Shivani Raghuvanshi; Aditya Srivastava; Tigmanshu Dhulia; Swanand Kirkire,,
2020,Pareeksha,Prakash Jha,Adil Hussain; Priyanka Bose; Sanjay Suri,,
2020,Gunjan Saxena: The Kargil Girl,Sharan Sharma,Janhvi Kapoor; Pankaj Tripathi; Angad Bedi; Vineet Kumar Singh; Manav Vij,,
2020,Khuda Haafiz,Faruk Kabir,Vidyut Jammwal; Shivaleeka Oberoi; Annu Kapoor; Shiv Panditt; Aahana Kumra,,
2020,Captain Vidyut,Atish Tipathi,Namit Das; Suresh Menon; Trisha Kale; Raghuvir Yadav,,
2020,Class of '83,Atul Sabharwal,Bobby Deol; Bhupendra Jadawat; Hitesh Bhojraj; Anup Soni; Joy Sengupta; Sameer Paranjape; Ninad Mahajani; Prithvik Pratap,,
2020,Mee Raqsam,Baba Azmi,Naseeruddin Shah; Danish Husain; Aditi Subedi; Shradha Kaul; Rakesh Chaturvedi,,
2020,Sadak 2,Mahesh Bhatt,Sanjay Dutt; Pooja Bhatt; Alia Bhatt; Aditya Roy Kapur,,
2020,Ram Singh Charlie,Nitin Kakkar,Kumud Mishra; Divya Dutta; Akarsh Khurana; Farrukh Seyer; Salima Raza; Rohit Rokhade,,
2020,Atkan Chatkan,Shiv Hare,Sachin Chaudhary; Yash Rane; Tamanna Dipak,,
2020,Cargo,Arati Kadav,Vikrant Massey; Shweta Tripathi,,
2020,Dolly Kitty Aur Woh Chamakte Sitare,Alankrita Shrivastava,Konkona Sen Sharma; Bhumi Pednekar; Amol Parashar; Aamir Bashir; Kubbra Sait; Karan Kundra; Vikrant Massey; Mushtaq Khan,,
2020,London Confidential,Kanwal Sethi,Mouni Roy; Purab Kohli; Kulraj Randhawa; Sagar Arya; Parvesh Rana; Jas Binag; Diljohn Singh; Kiren Jog,,
2020,Halahal,Randeep Jha,Sachin Khedekar; Barun Sobti,,
2020,Khaali Peeli,Maqbool Khan,Ishaan Khatter; Ananya Panday; Jaideep Ahlawat,,
2020,Serious Men,Sudhir Mishra,Nawazuddin Siddiqui; Aakshath Das; Shweta Basu Prasad; Nassar; Indira Tiwari,,
2020,Bahut Hua Samman,Ashish R Shukla,Raghav Juyal; Abhishek Chauhan; Sanjay Mishra; Ram Kapoor; Nidhi Singh; Namit Das; Flora Saini,,
2020,Ginny Weds Sunny,Puneet Khanna,Yami Gautam; Vikrant Massey,,
2020,The Pickup Artist,Rohit Arora,Dev Chauhan; Pankaj Uniyal,,
2020,Comedy Couple,Nachiket Samant,Saqib Saleem; Shweta Basu Prasad,,
2020,Kasaai,Gajendra Shrotriya,Mita Vasisht; Mayur More; Amit Bimrot,,
2020,Taish,Bejoy Nambiar,Pulkit Samrat; Kriti Kharbanda; Jim Sarbh; Harshvardhan Rane; Zoa Morani; Sanjeeda Sheikh; Abhimanyu Singh; Ankur Rathee,,
2020,Kaali Khuhi,Terrie Samundra,Shabana Azmi; Satyadeep Mishra; Riva Arora; Sanjeeda Sheikh,,
2020,Pepper Chicken,Ratan Sil Ram,Dipannita Sharma; Boloram Das; Baharul Islam; Ravi Sarma; Monuj Borkotoky,,
2020,Laxmii,Raghava Lawrence,Akshay Kumar; Kiara Advani,,
2020,Ludo,Anurag Basu,Abhishek Bachchan; Rajkummar Rao; Aditya Roy Kapur; Fatima Sana Shaikh; Sanya Malhotra; Pankaj Tripathi; Rohit Suresh Saraf; Pearle Maaney; Asha Negi; Inayat Verma; Shalini Vats,,
2020,Chhalaang,Hansal Mehta,Rajkummar Rao; Nushrratt Bharuccha,,
2020,Namumkin Tere Bin Jeena,Hidayat Khan,Anmol Chopra; Christeena; Biju Rehana Khan,,
2020,Sir,Rohena Gera,Tillotama Shome; Vivek Gomber,,
2020,Suraj Pe Mangal Bhari,Abhishek Sharma,Manoj Bajpayee; Diljit Dosanjh; Fatima Sana Shaikh,,
2020,Anwar Ka Ajab Kissa,Buddhadeb Dasgupta,Nawazuddin Siddiqui; Ananya Chatterjee; Pankaj Tripathi; Niharika Singh,,
2020,It's My Life,Anees Bazmee,Nana Patekar; Harman Baweja; Genelia D'Souza,,
2020,Darbaan,Bipin Nadkarni,Sharib Hashmi; Sharad Kelkar; Flora Saini; Rasika Dugal,,
2020,Durgamati,G. Ashok,Bhumi Pednekar; Arshad Warsi; Jisshu Sengupta; Mahie Gill; Karan Kapadia,,
2020,Indoo Ki Jawani,Abir Sengupta,Kiara Advani; Aditya Seal,,
2020,Nirvana Inn,Vijay Jayapal,Adil Hussain; Rajshri Deshpande; Sandhya Mridul,,
2020,Torbaaz,Girish Malik,Sanjay Dutt; Nargis Fakhri; Rahul Dev; Gavie Chahal; Rahul Mittra; Pransh Chopra,,
2020,Eeb Allay Ooo!,Prateek Vats,Shardul Bharadwaj; Mahender Nath; Nutan Sinha; Shashi Bhushan; Naina Sareen,,
2020,Sayonee,Nitin Kumar Gupta Abhay Singhal,Tanmay Ssingh; Musskan Sethi; Rahul Roy; Yograj Singh; Upasana Singh,,
2020,Omprakash Zindabad,Ranjeet Gupta,Kulbhushan Kharbanda; Jagdeep; Shweta Bhardwaj; Seema Azmi; Abhay Joshi; Ishtiyak Khan; Zakir Hussain; Om Puri,,
2020,Unpaused,Raj & D.K Nitya Mehra Nikkhil Advani Tannishtha Chatterjee Avinash Arun,Gulshan Devaiah; Sumeet Vyas; Saiyami Kher; Richa Chadda; Abhishek Banerjee; Ratna Pathak Shah; Ishwak Singh,,
2020,AK vs AK,Vikramaditya Motwane,Anil Kapoor; Anurag Kashyap,,
2020,Coolie No. 1,David Dhawan,Varun Dhawan; Sara Ali Khan; Rajat Rawail,,
2020,Shakeela,Indrajit Lankesh,Richa Chadda; Pankaj Tripathi; Rajeev Pillai,,
2021,Nail Polish,Bugs Bhargava Krishna,Arjun Rampal; Manav Kaul; Madhoo; Anand Tiwari; Samreen Kaur,,
2021,Ramprasad Ki Tehrvi,Seema Pahwa,Naseeruddin Shah; Vinay Pathak; Vikrant Massey; Konkona Sen Sharma; Vineet Kumar; Manoj Pahwa; Parambrata Chattopadhyay; Supriya Pathak; Deepika Amin; Ninad Kamat,,
2021,Kaagaz,Satish Kaushik,Pankaj Tripathi; Monal Gajjar; Amar Upadhyay; Tina Ahuja; Lankesh Bhardwaj,,
2021,12 'O' Clock,Ram Gopal Varma,Mithun Chakraborty; Makarand Deshpande; Flora Saini; Manav Kaul; Krishna Gautam,,
2021,The Power,Mahesh Manjrekar,Vidyut Jammwal; Shruti Haasan; Mahesh Manjrekar; Zakir Hussain; Sachin Khedekar; Jisshu Sengupta; Prateik Babbar; Yuvika Chaudhary,,
2021,Tribhanga,Renuka Shahane,Kajol; Tanvi Azmi; Mithila Palkar; Kunaal Roy Kapur; Vaibhav Tatwawaadi; Manav Gohil; Kanwaljit Singh,,
2021,Jamun,Gaurav Mehra,Raghubir Yadav; Shweta Basu Prasad; Sunny Hinduja; Saurabh Goyal; Krishna Singh Bisht; Bijou Thaangjam; Susheel Parashar,,
2021,Madam Chief Minister,Subhash Kapoor,Richa Chadda; Manav Kaul; Akshay Oberoi; Saurabh Shukla,,
2021,Machaan,Nitesh Tiwari,Pawan Waval; Richa Kalra; Prateek Goyal; Shubham Srivastav; Mahmood Hashmi; Prem Sagar Singh; Mishti Singh,,
2021,Maassab,Aditya Om,Shiva Suryavanshi; Sheetal Singh; Kritika Singh; Chandrabhushan Singh,,
2021,Main Mulayam Singh Yadav,Suvendu Raj Ghosh,Amyth Sethi; Sana Amin Sheikh; Govind Namdeo,,
2021,Satya Sai Baba,Vicky Ranawat,Anup Jalota; Jackie Shroff,,
2021,Lahore Confidential,Kunal Kohli,Richa Chadha; Karishma Tanna; Arunoday Singh,,
2021,Sakshi,Ajay Ram,Vikram Mastal; Madhumita Bishwas; Gehana Vasisth,,
2021,Bawri Chhori,Kartik Ramalingam,Aahana Kumra; Rumana Molla; Vikram Koccher; Niki Walia; Sohaila Kapoor,,
2021,Tuesdays and Fridays,Taranveer Singh,Anmol Dhillon; Jhataleka Malhotra; Zoa Morani; Reem Sheikh; Ibraheem Choudhry; Niki Walia; Parmeet Sethi,,
2021,Tank Cleaner,Parvinder Singh Wraich,Vinamarjot Singh Wraich; Money Sabharwal; Mridula Mahajan,,
2021,The Girl on the Train,Ribhu Dasgupta,Parineeti Chopra; Aditi Rao Hydari; Kirti Kulhari; Avinash Tiwary,,
2021,Bombay Rose,Gitanjali Rao,Cyli Khare; Amit Deondi; Anurag Kashyap; Makrand Deshpande,,
2021,Roohi,Hardik Mehta,Rajkummar Rao; Janhvi Kapoor; Varun Sharma,₹ 30.33 crore (US$4.1 million),30.33
2021,Mera Fauji Calling,Aaryaan Saxena,Sharman Joshi; Vikram Singh; Bidita Bag; Mugdha Godse; Zarina Wahab; Shishir Sharma,,
2021,Time to Dance,Stanley D'Costa,Sooraj Pancholi; Isabelle Kaif; Waluscha De Sousa,,
2021,Ahaan,Nikhil Pherwani,Arif Zakaria; Abuli Mamaji; Niharika Singh; Plabita Borthakur; Rajit Kapur,,
2021,Mumbai Saga,Sanjay Gupta,John Abraham; Emraan Hashmi; Suniel Shetty; Kajal Aggarwal; Prateik Babbar; Rohit Roy; Anjana Sukhani; Samir Soni; Amole Gupte; Gulshan Grover; Mahesh Manjrekar,₹ 22.29 crore (US$3.02 million),22.29
2021,Sandeep Aur Pinky Faraar,Dibakar Banerjee,Arjun Kapoor; Parineeti Chopra,,
2021,The Wife,Sarmad Khan,Gurmeet Choudhary; Sayani Datta,,
2021,Switchh,Mustufa Raj,Vikrant Massey; Naren Kumar; Madhu Sneha; Tanvi Vyas; Veer Aryan; Niten Mirani,,
2021,D Company,Ram Gopal Varma,Ashwat Kanth Sharma.; Abhilash Chaudhary; Pranay Dixit; Rudra Kanth; Naina Ganguly; Irra Mor,,
2021,Pagglait,Umesh Bist,Sanya Malhotra; Shruti Sharma; Sayani Gupta; Ashutosh Rana; Raghubir Yadav; Rajesh Tailang; Sheeba Chaddha; Meghna Malik,,
2021,Raag,Arvind Tripathi,Rajpal Yadav; Heena Panchal; Milind Gunaji; Mohan Joshi; Yashpal Sharma; Rakesh Bedi; Sudha Chandran; Mushtaq Khan; Bharti Soni,,
2021,Saina,Amole Gupte,Parineeti Chopra; Manav Kaul; Paresh Rawal,,
2021,Silence... Can You Hear It?,Aban Bharucha Deohans,Manoj Bajpayee; Prachi Desai; Arjun Mathur; Sahil Vaid; Vaquar; Barkha Singh; Shirish Sharma; Sohaila Kapoor; Amit Thakkar; Garima Yagnik,,
2021,Flight,Suraj Joshi,Mohit Chadda; Pavan Malhotra; Zakir Hussain; Vivek Vaswani; Shibani Bedi; Pritam Singh,,
2021,Koi Jaane Na,Amin Hajee,Kunal Kapoor; Amyra Dastur,,
2021,The Big Bull,Kookie Gulati,Abhishek Bachchan; Ileana D'Cruz; Sohum Shah; Nikita Dutta,,
2021,Hello Charlie,Pankaj Saraswat,Aadar Jain; Jackie Shroff; Elnaaz Norouzi; Shlokka Pandit,,
2021,99 Songs,Vishwesh Krishnamoorthy,Ehan Bhat; Edilsy Vargas; Tenzin Dalha; Aditya Seal; Lisa Ray; Manisha Koirala,,
2021,Aa Bhi Ja O Piya,Rajesh Harivansh Mishra,Dev Sharma; Smriti Kashyap; Mukul Nag; Rakesh Shrivastav; Sanjeeb Dasgupta,,
2021,Ajeeb Daastaans,Shashank Khaitan Raj Mehta Neeraj Ghaywan Kayoze Irani,Fatima Sana Shaikh; Jaideep Ahlawat; Nushrratt Bharuccha; Abhishek Banerjee; Inayat Verma; Konkona Sen Sharma; Aditi Rao Hydari; Shefali Shah; Manav Kaul; Tota Roy Chowdhury,,
2021,Bansuri: The Flute,Hari Viswanath,Anurag Kashyap; Rituparna Sengupta; Upendra Limaye,,
2021,Raat Baaki Hai,Avinash Das,Paoli Dam; Anup Soni; Rahul Dev; Dipannita Sharma,,
2021,B.A. Pass 3,Narendra Singh,Sunny Sachdeva; Ankita Chouhan; Armaan Sandhu; Ankita Sahu; Arjun Fauzdar; Namish Anand; Amanda Bhogal; Yash Gulati,,
2021,Meel Patthar,Ivan Ayr,Suvinder Vicky; Lakshvir Saran,,
2021,Hum Bhi Akele Tum Bhi Akele,Harish Vyas,Zareen Khan; Anshuman Jha; Gurfateh Pirzada; Jahnvi Rawat; Denzil Smith,,
2021,Radhe,Prabhu Deva,Salman Khan; Disha Patani; Jackie Shroff; Randeep Hooda; Megha Akash,₹ 18.33 crore (US$2.48 million),18.33
2021,Sardar Ka Grandson,Kaashvie Nair,Arjun Kapoor; Rakul Preet Singh; Neena Gupta; John Abraham; Aditi Rao Hydari; Soni Razdan; Kanwaljit Singh; Kumud Mishra,,
2021,Shaadisthan,Raj Singh Chaudhary,Kirti Kulhari; Medha Shankr; Nivedita Bhattacharya,,
2021,Skater Girl,Manjari Makijany,Rachel Sanchita Gupta; Shraddha Gaikwad; Amrit Maghera; Waheeda Rehman,,
2021,Sherni,Amit V. Masurkar,Vidya Balan; Sharat Saxena; Mukul Chaddha; Vijay Raaz; Ila Arun; Brijendra Kala; Neeraj Kabi,,
2021,Haseen Dillruba,Vinil Mathew,Taapsee Pannu; Vikrant Massey; Harshvardhan Rane,,
2021,Collar Bomb,Dnyanesh Zoting,Jimmy Sheirgill; Asha Negi; Rajshri Deshpande,,
2021,State of Siege: Temple Attack,Ken Ghosh,Akshaye Khanna; Abhimanyu Singh; Gautam Rode; Vivek Dahiya; Akshay Oberoi; Parvin Dabas; Samir Soni; Mir Sarwar; Manjari Fadnis,,
2021,Toofaan,Rakeysh Omprakash Mehra,Farhan Akhtar; Paresh Rawal; Mrunal Thakur,,
2021,14 Phere,Devanshu Singh,Vikrant Massey; Kriti Kharbanda,,
2021,Hungama 2,Priyadarshan,Paresh Rawal; Shilpa Shetty; Meezaan Jafri; Pranitha Subhash; Rajpal Yadav; Tiku Talsania; Ashutosh Rana; Manoj Joshi; Johny Lever,,
2021,Mimi,Laxman Utekar,Kriti Sanon; Pankaj Tripathi; Sai Tamhankar; Manoj Pahwa; Supriya Pathak,,
2021,Dial 100,Rensil D'Silva,Manoj Bajpayee; Neena Gupta; Sakshi Tanwar,,
2021,Oye Mamu,Vikram Singh,Ruslaan Mumtaz; Kulraj Randhawa,,
2021,Shershaah,Vishnuvardhan,Sidharth Malhotra; Kiara Advani; Shiv Panditt; Raj Arjun; Pranay Pachauri; Himmanshoo A. Malhotra; Nikitin Dheer; Ankita Goraya; Anil Charanjeett; Sahil Vaid; Shataf Figar; Pawan Chopra,,
2021,Bhuj: The Pride of India,Abhishek Dudhaiya,Ajay Devgn; Sanjay Dutt; Sharad Kelkar; Sonakshi Sinha; Ammy Virk; Pranitha Subhash; Nora Fatehi; Ihana Dhillon,,
2021,Bell Bottom,Ranjit M Tewari,Akshay Kumar; Vaani Kapoor; Huma Qureshi; Lara Dutta,₹ 50.58 crore (US$6.84 million),50.58
2021,200 – Halla Ho,Sarthak Dasgupta,Amol Palekar; Barun Sobti; Rinku Rajguru; Sahil Khattar; Saloni Batra; Indraneil Sengupta; Upendra Limaye,,
2021,Chehre,Rumi Jafry,Amitabh Bachchan; Emraan Hashmi; Krystle D'Souza; Rhea Chakraborty; Siddhanth Kapoor; Annu Kapoor; Dhritiman Chatterjee; Raghubir Yadav,,
2021,Helmet,Satramm Ramani,Aparshakti Khurana; Pranutan Bahl; Abhishek Banerjee; Ashish Verma; Dino Morea; Sharib Hashmi,,
2021,Faactory,Faisal Khan,Faisal Khan; Roaleey Ryan; Rajkumar Kanojia; Ribbhu Mehra; Sharad Singh; Asha Singh,,
2021,Bhoot Police,Pavan Kirpalani,Saif Ali Khan; Arjun Kapoor; Jacqueline Fernandez; Yami Gautam; Javed Jaffrey,,
2021,Kya Meri Sonam Gupta Bewafa Hai?,Ssaurabh Tyagi,Jassie Gill; Surbhi Jyoti; Surekha Sikri; Vijay Raaz; Brijendra Kala; Atul Shrivastava,,
2021,Thalaivii,A. L. Vijay,Kangana Ranaut; Arvind Swami,,
2021,Urf Ghanta,Aayush Saxena,Jitu Shivhare; Ravi Kishan,,
2021,Ankahi Kahaniya,Ashwiny Iyer Tiwari Abhishek Chaubey Saket Chaudhary,Abhishek Banerjee; Rinku Rajguru; Delzad Hiwale; Kunal Kapoor; Zoya Hussain; Nikhil Dwivedi; Palomi Ghosh,,
2021,Haathi Mere Saathi,Prabhu Solomon,Rana Daggubati; Pulkit Samrat; Shriya Pilgaonkar,,
2021,Shiddat,Kunal Deshmukh,Sunny Kaushal; Radhika Madan; Mohit Raina; Diana Penty,,
2021,Sumeru,Avinash Dhyani,Avinash Dhyani; Sanskriti Bhatt; Shagufta Ali,,
2021,Rashmi Rocket,Akarsh Khurana,Taapsee Pannu; Priyanshu Painyuli; Abhishek Banerjee; Shweta Tripathi; Supriya Pathak,,
2021,Sanak,Kanishk Varma,Vidyut Jammwal; Rukmini Maitra; Neha Dhupia; Chandan Roy Sanyal; Chandan Roy; Amole Gupte,,
2021,Sardar Udham,Shoojit Sircar,Vicky Kaushal; Banita Sandhu,,
2021,Bhavai,Hardik Gajjar,Pratik Gandhi; Aindrita Ray,,
2021,Babloo Bachelor,Agnidev Chatterjee,Sharman Joshi; Pooja Chopra; Tejashri Pradhan,,
2021,Aafat-E-Ishq,Indrajit Nattoji,Neha Sharma; Deepak Dobriyal; Namit Das; Ila Arun; Amit Sial,,
2021,Bekhudi,Amit Kasaria,Adhyayan Suman; Angel; Gulki Joshi,,
2021,Dybbuk,Jay K,Emraan Hashmi; Nikita Dutta; Manav Kaul,,
2021,Hum Do Hamare Do,Abhishek Jain,Rajkummar Rao; Kriti Sanon; Paresh Rawal; Ratna Pathak Shah,,
2021,Meenakshi Sundareshwar,Vivek Soni,Abhimanyu Dassani; Sanya Malhotra,,
2021,Sooryavanshi,Rohit Shetty,Akshay Kumar; Katrina Kaif; Ajay Devgn; Ranveer Singh; Jaaved Jaaferi; Jackie Shroff; Gulshan Grover,₹ 302.52 crore (US$40.93 million),302.52
2021,Squad,Nilesh Sahay,Rinzing Denzongpa; Malvika Raaj; Pooja Batra; Mohan Kapoor; Amit Gaur,,
2021,Bunty Aur Babli 2,Varun V. Sharma,Saif Ali Khan; Rani Mukerji; Siddhant Chaturvedi; Sharvari Wagh,₹ 22.12 crore (US$2.99 million),22.12
2021,Dhamaka,Ram Madhvani,Kartik Aaryan; Mrunal Thakur; Amruta Subhash; Vikas Kumar; Vishwajeet Pradhan,,
2021,Cash,Rishab Seth,Amol Parashar; Smiriti Kalra; Swanand Kirkire; Gulshan Grover; Kavin Dave,,
2021,Ye Mard Bechara,Anuup Thapa,Veeraj Rao; Manukriti Pahwa; Seema Pahwa; Manikk Chaudhary; Brijendra Kala; Atul Srivastava; Sapna Sand,,
2021,Satyameva Jayate 2,Milap Zaveri,John Abraham; Divya Khosla Kumar,,
2021,Antim: The Final Truth,Mahesh Manjrekar,Salman Khan; Aayush Sharma; Mahima Makwana,₹ 59.11 crore (US$8 million),59.11
2021,Chhorii,Vishal Furia,Nushrratt Bharuccha,,
2021,Tadap,Milan Luthria,Ahan Shetty; Tara Sutaria,₹ 34.86 crore (US$4.72 million),34.86
2021,Bob Biswas,Diya Annapurna Ghosh,Abhishek Bachchan; Chitrangada Singh,,
2021,Chandigarh Kare Aashiqui,Abhishek Kapoor,Ayushmann Khurrana; Vaani Kapoor,₹ 41.23 crore (US$5.58 million),41.23
2021,Velle,Deven Munjal,Karan Deol; Abhay Deol; Mouni Roy; Anya Singh,,
2021,Code Name Abdul,Eshwar Gunturu,Tanishaa Mukerji,,
2021,420 IPC,Manish Gupta,Vinay Pathak; Ranvir Shorey; Gul Panag; Rohan Mehra,,
2021,83,Kabir Khan,Ranveer Singh; Deepika Padukone; Tahir Raj Bhasin; Jiiva; Saqib Saleem; Ammy Virk; Harrdy Sandhu,₹ 193.73 crore (US$26.21 million),193.73
2021,Atrangi Re,Aanand L. Rai,Dhanush; Sara Ali Khan; Akshay Kumar,,
2021,Murder at Teesri Manzil 302,Navneet Baj Saini,Irrfan Khan; Ranvir Shorey; Deepal Shaw; Lucky Ali,,
2021,Waah Zindagi,Dinesh S Yadav,Naveen Kasturia; Plabita Borthakur; Vijay Raaz; Sanjay Mishra; Dharmesh Vyas; Manoj Joshi,,
2022,36 Farmhouse,Ram Ramesh Sharm,Vijay Raaz; Sanjay Mishra; Amol Parashar; Barkha Singh; Ashwini Kalsekar,,
2022,Hai Tujhe Salaam India,Avanish Kumar,Aarya Babbar; Ajaz Khan; Smita Gondkar; Kanwalpreet Singh; Salamn Bhatt,,
2022,Looop Lapeta,Aakash Bhatia,Taapsee Pannu; Tahir Raj Bhasin,,
2022,Gehraiyaan,Shakun Batra,Deepika Padukone; Siddhant Chaturvedi; Ananya Panday; Dhairya Karwa,,
2022,Badhaai Do,Harshavardhan Kulkarni,Rajkummar Rao; Bhumi Pednekar,,
2022,A Thursday,Behzad Khambata,Yami Gautam; Neha Dhupia; Atul Kulkarni; Dimple Kapadia,,
2022,Gangubai Kathiawadi,Sanjay Leela Bhansali,Alia Bhatt; Ajay Devgn; Shantanu Maheshwari; Vijay Raaz; Seema Pahwa; Varun Kapoor,₹ 209.77 crore (US$26.69 million),209.77
2022,Love Hostel,Shanker Raman,Sanya Malhotra; Vikrant Massey; Bobby Deol,,
2022,Jhund,Nagraj Manjule,Amitabh Bachchan; Akash Thosar; Rinku Rajguru,,
2022,Toolsidas Junior,Mridul,Sanjay Dutt; Rajiv Kapoor; Varun Buddhadev,,
2022,Radhe Shyam,Radha Krishna Kumar,Prabhas; Pooja Hegde,₹ 200−350 crore (equivalent to ₹ −371 crore or US$−39 million in 2023) #,
2022,The Kashmir Files,Vivek Agnihotri,Mithun Chakraborty; Anupam Kher; Darshan Kumar; Pallavi Joshi; Chinmay Mandlekar,₹ 340.92 crore (US$43.37 million),340.92
2022,Bachchhan Paandey,Farhad Samji,Akshay Kumar; Kriti Sanon; Jacqueline Fernandez; Arshad Warsi,,
2022,Jalsa,Suresh Triveni,Vidya Balan; Shefali Shah,,
2022,Sharmaji Namkeen,Hitesh Bhatia,Rishi Kapoor; Paresh Rawal; Juhi Chawla,,
2022,Attack: Part 1,Lakshya Raj Anand,John Abraham; Jacqueline Fernandez; Rakul Preet Singh,,
2022,Kaun Pravin Tambe?,Jayprad Desai,Shreyas Talpade,,
2022,Cobalt Blue,Sachin Kundalkar,Prateik Babbar; Neelay Mehendale; Anjali Sivaraman; Neil Bhoopalam; Anant V Joshi; Poornima Indrajith,,
2022,Dasvi,Tushar Jalota,Abhishek Bachchan; Yami Gautam; Nimrat Kaur,,
2022,Hurdang,Nikhil Nagesh Bhat,Sunny Kaushal; Nushrratt Bharuccha; Vijay Varma,,
2022,Jersey,Gowtam Tinnanuri,Shahid Kapoor; Mrunal Thakur; Pankaj Kapur,,
2022,Operation Romeo,Shashant Shah,Sidhant Gupta; Vedika Pinto; Sharad Kelkar; Bhumika Chawla; Kishor Kadam,,
2022,Runway 34,Ajay Devgn,Amitabh Bachchan; Ajay Devgn; Rakul Preet Singh; Boman Irani,,
2022,Heropanti 2,Ahmed Khan,Tiger Shroff; Nawazuddin Siddiqui; Tara Sutaria,,
2022,Mere Desh Ki Dharti,Faraz Haider,Divyenndu; Anupriya Goenka; Anant Vidhaat; Inaamulhaq; Brijendra Kala,,
2022,Thar,Raj Singh Chaudhary,Anil Kapoor; Harshvardhan Kapoor; Fatima Sana Shaikh,,
2022,Jayeshbhai Jordaar,Divyang Thakkar,Ranveer Singh; Shalini Pandey; Boman Irani; Ratna Pathak Shah,,
2022,Bhool Bhulaiyaa 2,Anees Bazmee,Kartik Aaryan; Tabu; Kiara Advani,₹ 266.88 crore (US$33.95 million),266.88
2022,Dhaakad,Razy Ghai,Kangana Ranaut; Arjun Rampal; Divya Dutta,,
2022,Anek,Anubhav Sinha,Ayushmann Khurrana,,
2022,Love In Ukraine,Nitin Kumar Gupta,Vipin Kaushik; Anastasia,,
2022,Dehati Disco,Manoj Sharma,Ganesh Acharya; Ravi Kishan; Manoj Joshi; Rajesh Sharma; Remo D'Souza,,
2022,Haemolymph,Sudarshan Gamare,Riyaz Anwar; Ruchira Jadhav; Rohit Kokate; Neelam Kulkarni,,
2022,Samrat Prithviraj,Chandraprakash Dwivedi,Akshay Kumar; Sanjay Dutt; Sonu Sood; Manushi Chhillar,,
2022,Major,Sashi Kiran Tikka,Adivi Sesh; Sobhita Dhulipala; Saiee Manjrekar; Prakash Raj; Revathi,,
2022,Janhit Mein Jaari,Jai Basantu Singh,Nushrratt Bharuccha,,
2022,Ardh,Palash Muchhal,Rajpal Yadav; Rubina Dilaik,,
2022,Nikamma,Sabbir Khan,Abhimanyu Dassani; Shirley Setia; Shilpa Shetty,,
2022,Sherdil,Srijit Mukherji,Pankaj Tripathi; Neeraj Kabi; Sayani Gupta,,
2022,Jugjugg Jeeyo,Raj Mehta,Anil Kapoor; Neetu Kapoor; Varun Dhawan; Kiara Advani; Prajakta Koli; Manish Paul,₹ 136.13 crore (US$17.32 million),136.13
2022,Forensic,Vishal Furia,Vikrant Massey; Radhika Apte; Prachi Desai; Rohit Roy,,
2022,Rashtra Kavach Om,Kapil Verma,Aditya Roy Kapur; Sanjana Sanghi; Ashutosh Rana,,
2022,Rocketry: The Nambi Effect,R. Madhavan,R. Madhavan; Simran,,
2022,Khuda Haafiz: Chapter 2 – Agni Pariksha,Faruk Kabir,Vidyut Jammwal; Shivaleeka Oberoi,,
2022,HIT: The First Case,Shailesh Kolanu,Rajkummar Rao; Sanya Malhotra,,
2022,Ladki: Dragon Girl,Ram Gopal Varma,Pooja Bhalekar; Abhimanyu Singh,,
2022,Jaadugar,Sameer Saxena,Jitendra Kumar; Jaaved Jaaferi; Aarushi Sharma,,
2022,Judaa Hoke Bhi,Vikram Bhatt,Akshay Oberoi; Aindrita Ray; Meherzan Mazda,,
2022,Shabaash Mithu,Srijit Mukherji,Taapsee Pannu,,
2022,RK/RKay,Rajat Kapoor,Rajat Kapoor; Mallika Sherawat; Kubbra Sait; Ranvir Shorey; Manu Rishi,,
2022,Shamshera,Karan Malhotra,Ranbir Kapoor; Sanjay Dutt; Vaani Kapoor,,
2022,Ek Villain Returns,Mohit Suri,John Abraham; Arjun Kapoor; Disha Patani; Tara Sutaria,,
2022,Good Luck Jerry,Sidharth Sengupta,Janhvi Kapoor; Deepak Dobriyal; Mita Vashisht; Neeraj Sood; Saurabh Sachdeva; Sushant Singh,,
2022,Odd Couple,Prashant Johari,Divyenndu; Suchitra Krishnamoorthi; Vijay Raaz; Pranati Rai Prakash,,
2022,Darlings,Jasmeet K Reen,Alia Bhatt; Shefali Shah; Vijay Varma,,
2022,Laal Singh Chaddha,Advait Chandan,Aamir Khan; Kareena Kapoor; Naga Chaitanya; Mona Singh,₹ 129.64 crore (US$16.49 million),129.64
2022,Raksha Bandhan,Aanand L. Rai,Akshay Kumar; Bhumi Pednekar,,
2022,Dobaaraa,Anurag Kashyap,Taapsee Pannu; Pavail Gulati,,
2022,Liger,Puri Jagannadh,Vijay Deverakonda; Ananya Pandey; Ronit Roy; Ramya Krishna; Mike Tyson,,
2022,Holy Cow,Sai Kabir,Sanjay Mishra; Tigmanshu Dhulia; Nawazuddin Siddiqui; Sadiya Siddiqui,,
2022,Cuttputlli,Ranjit M Tewari,Akshay Kumar; Rakul Preet Singh; Chandrachur Singh; Sargun Mehta,,
2022,Brahmāstra: Part One – Shiva,Ayan Mukerji,Ranbir Kapoor; Amitabh Bachchan; Alia Bhatt; Mouni Roy; Nagarjuna,₹ 435 crore (US$55.34 million),435.00
2022,Jahaan Chaar Yaar,Kamal Pandey,Swara Bhasker; Meher Vij; Pooja Chopra; Shikha Talsania,,
2022,Jogi,Ali Abbas Zafar,Diljit Dosanjh; Kumud Mishra; Mohammed Zeeshan Ayyub; Hiten Tejwani; Amyra Dastur,,
2022,Matto Ki Saikil,M. Gani,Prakash Jha,,
2022,Middle Class Love,Rantnaa Sinha,Prit Kamani; Kavya Thapar; Eisha Singh; Manoj Pahwa,,
2022,Saroj Ka Rishta,Abhishek Saxena,Sanah Kapur; Kumud Mishra; Gaurav Pandey; Randeep Rai,,
2022,Siya,Manish Mundra,Viineet Kumar Singh; Pooja Pandey; Rashmi Somvanshi,,
2022,Atithi Bhooto Bhava,Hardik Gajjar,Jackie Shroff; Pratik Gandhi; Sharmin Segal,,
2022,Babli Bouncer,Madhur Bhandarkar,Tamannaah,,
2022,Chup: Revenge of the Artist,R Balki,Sunny Deol; Dulquer Salmaan; Pooja Bhatt; Shreya Dhanwanthary,,
2022,Dhokha: Round D Corner,Kookie Gulati,R. Madhavan; Aparshakti Khurana; Darshan Kumar; Khushalii Kumar,,
2022,Ishq Pashmina,Arvind Pandey,Bhavin Bhanushali; Malti Chahar; Zarina Wahab,,
2022,Plan A Plan B,Shashanka Ghosh,Riteish Deshmukh; Tamannaah; Poonam Dhillon; Kusha Kapila,,
2022,Vikram Vedha,Pushkar–Gayathri,Saif Ali Khan; Hrithik Roshan; Radhika Apte,₹ 135.03 crore (US$17.18 million),135.03
2022,Maja Ma,Anand Tiwari,Madhuri Dixit; Gajraj Rao; Ritwik Bhowmik; Barkha Singh,,
2022,Goodbye,Vikas Bahl,Amitabh Bachchan; Neena Gupta; Rashmika Mandanna,,
2022,Nazar Andaaz,Vikrant Deshmukh,Kumud Mishra; Divya Dutta; Abhishek Banerjee,,
2022,Doctor G,Anubhuti Kashyap,Ayushmann Khurrana; Rakul Preet Singh; Shefali Shah,,
2022,Code Name: Tiranga,Ribhu Dasgupta,Parineeti Chopra; Harrdy Sandhu; Sharad Kelkar,,
2022,Ram Setu,Abhishek Sharma,Akshay Kumar; Jacqueline Fernandez; Nushrratt Bharuccha; Satyadev,₹ 94.45 crore (US$9.9 million),94.45
2022,Thank God,Indra Kumar,Ajay Devgn; Sidharth Malhotra; Rakul Preet Singh,,
2022,Tara Vs Bilal,Samar Iqbal,Harshvardhan Rane; Sonia Rathee,,
2022,Phone Bhoot,Gurmmeet Singh,Katrina Kaif; Ishaan Khatter; Siddhant Chaturvedi,,
2022,Double XL,Satramm Ramani,Sonakshi Sinha; Huma Qureshi; Zaheer Iqbal; Mahat Raghavendra,,
2022,Mili,Mathukutty Xavier,Janhvi Kapoor; Manoj Pahwa; Sunny Kaushal,,
2022,Tadka,Prakash Raj,Nana Patekar; Shriya Saran; Ali Fazal; Taapsee Pannu,,
2022,Rocket Gang,Bosco Martis,Aditya Seal; Nikita Dutta,,
2022,Uunchai,Sooraj Barjatya,Amitabh Bachchan; Anupam Kher; Boman Irani; Danny Denzongpa; Parineeti Chopra; Neena Gupta; Sarika,,
2022,"Monica, O My Darling",Vasan Bala,Rajkummar Rao; Huma Qureshi; Radhika Apte; Sikandar Kher,,
2022,Thai Massage,Mangesh Hadawale,Gajraj Rao; Divyenndu; Sunny Hinduja; Rajpal Yadav; Vibha Chibber,,
2022,Drishyam 2,Abhishek Pathak,Ajay Devgn; Akshaye Khanna; Tabu; Shriya Saran,₹ 345.05 crore (US$43.9 million),345.05
2022,Mister Mummy,Shaad Ali,Riteish Deshmukh; Genelia Deshmukh; Mahesh Manjrekar,,
2022,Bhediya,Amar Kaushik,Varun Dhawan; Kriti Sanon,,
2022,Qala,Anvita Dutt,Tripti Dimri; Swastika Mukherjee; Babil Khan,,
2022,An Action Hero,Anirudh Iyer,Ayushmann Khurrana; Jaideep Ahlawat,,
2022,Freddy,Shashanka Ghosh,Kartik Aaryan; Alaya F,,
2022,India Lockdown,Madhur Bhandarkar,Shweta Basu Prasad; Aahana Kumra; Prateik Babbar; Sai Tamhankar; Prakash Belawadi,,
2022,Salaam Venky,Revathi,Kajol; Vishal Jethwa,,
2022,Vadh,Jaspal Singh Sandhu,Sanjay Mishra; Neena Gupta,,
2022,Maarrich,Dhruv Lather,Tusshar Kapoor; Naseeruddin Shah; Rahul Dev; Seerat Kapoor; Anita Hassanandani,,
2022,Josef – Born in Grace,Susant Mishra,Victor Banerjee; Subrat Dutta,,
2022,Blurr,Ajay Bahl,Taapsee Pannu; Gulshan Devaiah,,
2022,Govinda Naam Mera,Shashank Khaitan,Vicky Kaushal; Kiara Advani; Bhumi Pednekar,,
2022,Ajay Wardhan,Pragati Agarwal,Ruslaan Mumtaz; Arjumman Mughal,,
2022,Trahimam,Dushyant Pratap Singh,Arshi Khan; Pankaj Berry,,
2022,Cirkus,Rohit Shetty,Ranveer Singh; Pooja Hegde; Jacqueline Fernandez; Varun Sharma,,
2022,Dedh Lakh Ka Dulha,Abhay Pratap Singh,Akhilendra Mishra; Ishtiyak Khan; Harshita Panwar,,
2023,Kuttey,Aasmaan Bhardwaj,Arjun Kapoor; Tabu; Konkona Sen Sharma; Radhika Madan; Shardul Bhardwaj,,
2023,Lakadbaggha,Victor Mukherjee,Anshuman Jha; Riddhi Dogra; Milind Soman,,
2023,Mission Majnu,Shantanu Bagchi,Sidharth Malhotra; Rashmika Mandanna; Kumud Mishra; Sharib Hashmi,,
2023,Chhatriwali,Tejas Deoskar,Rakul Preet Singh; Sumeet Vyas; Satish Kaushik; Rajesh Tailang; Dolly Ahluwalia,,
2023,Pathaan,Siddharth Anand,Shah Rukh Khan; John Abraham; Deepika Padukone,"₹1,050.30–1,052.50 crore",0.00
2023,Gandhi Godse – Ek Yudh,Rajkumar Santoshi,Deepak Antani; Chinmay Mandlekar,,
2023,Operation Fryday,Vishram Sawant,Randeep Hooda,,
2023,Almost Pyaar with DJ Mohabbat,Anurag Kashyap,Alaya F,,
2023,Faraaz,Hansal Mehta,Zahan Kapoor; Aditya Rawal; Aamir Ali; Juhi Babbar,,
2023,Shiv Shastri Balboa,Ajayan Venugopalan,Anupam Kher; Neena Gupta; Jugal Hansraj; Nargis Fakhri; Sharib Hashmi,,
2023,The Tenant,Sushrut Jain,Shamita Shetty; Rudhraksh Jaiswal,,
2023,Lost,Aniruddha Roy Chowdhury,Yami Gautam; Rahul Khanna; Neil Bhoopalam; Pia Bajpiee; Tushar Pandey,,
2023,Shehzada,Rohit Dhawan,Kartik Aaryan; Kriti Sanon; Paresh Rawal; Manisha Koirala,,
2023,Selfiee,Raj Mehta,Akshay Kumar; Emraan Hashmi; Diana Penty; Nushrratt Bharuccha,,
2023,Rabia & Olivia,Shadab Khan,Sheeba Chadha; Nayab Khan; Helena Prinzen Klague,,
2023,Gulmohar,Rahul V. Chittella,Manoj Bajpayee; Sharmila Tagore; Simran; Suraj Sharma,,
2023,InCar,Harsh Warrdhan,Ritika Singh; Manish Jhanjholia; Sandeep Goyat; Sunil Soni; Gyan Prakash,,
2023,Tu Jhoothi Main Makkaar,Luv Ranjan,Ranbir Kapoor; Shraddha Kapoor,,
2023,Mrs. Chatterjee vs Norway,Ashima Chibber,Rani Mukerji,,
2023,Zwigato,Nandita Das,Kapil Sharma; Shahana Goswami,,
2023,Am I Next,Rahat Kazmi,Anushka Sen; Neelu Dogra; Pooja Dargan; Tariq Khan; Ahmer Haider,,
2023,Chor Nikal Ke Bhaga,Ajay Singh,Yami Gautam; Sharad Kelkar,,
2023,Bheed,Anubhav Sinha,Rajkummar Rao; Bhumi Pednekar; Dia Mirza; Ashutosh Rana; Pankaj Kapur,,
2023,Operation Mayfair,Sudipto Sarkar,Jimmy Shergill; Hritiqa Chheber; Lee Nicholas Harris; Vedieka Dutt; Ankur Bhatia; Sneha Singh,,
2023,Kanjoos Makhichoos,Vipul Mehta,Kunal Khemu; Shweta Tripathi; Piyush Mishra; Alka Amin; Raju Srivastav,,
2023,Bholaa,Ajay Devgn,Ajay Devgn; Tabu,,
2023,Gaslight,Pawan Kripalani,Vikrant Massey; Sara Ali Khan; Chitrangda Singh,,
2023,Gumraah,Vardhan Ketkar,Aditya Roy Kapur; Mrunal Thakur; Ronit Roy,,
2023,Mrs. Undercover,Anushree Mehta,Radhika Apte; Rajesh Sharma; Sumeet Vyas; Angana Roy; Amrita Chattopadhyay; Indrasish Roy,,
2023,Sir Madam Sarpanch,Praveen Morchhale,Seema Biswas; Ariana Sajnani; Hemant Deolekar; Jyoti Dubey; Shubhangini Srivas,,
2023,Pinky Beauty Parlour,Akshay Singh,Akshay Singh; Sulagna Panigrahi; Khushboo Gupta; Vishwanath Chatterjee,,
2023,Kisi Ka Bhai Kisi Ki Jaan,Farhad Samji,Salman Khan; Pooja Hegde; Venkatesh; Shehnaaz Gill; Jagapathi Babu,,
2023,Bad Boy,Rajkumar Santoshi,Namashi Chakraborty; Amrin Qureshi; Saswata Chatterjee; Darshan Jariwala; Johnny Lever,,
2023,U-Turn,Arif Khan,Alaya F; Priyanshu Painyuli; Aashim Gulati; Manu Rishi; Rajesh Sharma,,
2023,Mother Teresa & Me,Kamal Musale,Deepti Naval; Jacqueline Fitschi-Cornaz; Banita Sandhu,,
2023,Afwaah,Sudhir Mishra,Nawazuddin Siddiqui; Bhumi Pednekar; Sumeet Vyas; Sharib Hashmi,,
2023,The Kerala Story,Sudipto Sen,Adah Sharma; Yogita Bihani; Sonia Balani; Siddhi Idnani,₹303.97 crore,303.97
2023,Chatrapathi,V. V. Vinayak,Bellamkonda Sreenivas; Nushrratt Bharuccha; Sahil Vaid,,
2023,Music School,Papa Rao Biyyala,Sharman Joshi; Prakash Raj; Shriya Saran; Suhasini Mulay; Mona Ambegaonkar; Gracy Goswami,,
2023,IB71,Sankalp Reddy,Vidyut Jammwal; Anupam Kher; Vishal Jethwa; Niharica Raizada,,
2023,Kathal,Yashowardhan Mishra,Sanya Malhotra; Anant V Joshi; Vijay Raaz; Rajpal Yadav; Brijendra Kala,,
2023,Aazam,Shravan Tiwari,Jimmy Shergill; Abhimanyu Singh; Indraneil Sengupta; Raza Murad; Sayaji Shinde,,
2023,8 A.M. Metro,Raj R,Gulshan Devaiah; Saiyami Kher,,
2023,Kacchey Limbu,Shubham Yogi,Radhika Madan; Rajat Barmecha; Ayush Mehra,,
2023,Sirf Ek Bandaa Kaafi Hai,Apoorva Singh Karki,Manoj Bajpayee; Kaustav Sinha; Nikhil Pandey,,
2023,Jogira Sara Ra Ra,Kushan Nandy,Nawazuddin Siddiqui; Neha Sharma; Sanjay Mishra; Mahaakshay Chakraborty,,
2023,Coat,Akshay Ditti,Sanjay Mishra; Vivaan Shah; Pooja Pandey; Sonal Jha,,
2023,Zara Hatke Zara Bachke,Laxman Utekar,Vicky Kaushal; Sara Ali Khan,,
2023,Mumbaikar,Santosh Sivan,Vikrant Massey; Vijay Sethupathi; Tanya Maniktala; Ranvir Shorey; Sachin Khedekar,,
2023,Bloody Daddy,Ali Abbas Zafar,Rajeev Khandelwal; Amy Aela; Shahid Kapoor; Sanjay Kapoor; Diana Penty; Ronit Roy; Vivan Bhatena,,
2023,Adipurush,Om Raut,Saif Ali Khan; Prabhas; Kriti Sanon; Sunny Singh,₹350 crore,350.00
2023,I Love You,Nikhil Mahajan,Rakul Preet Singh; Akshay Oberoi; Pavail Gulati,,
2023,1920: Horrors of the Heart,Krishna Bhatt,Avika Gor; Rahul Dev; Barkha Bisht; Randheer Rai,,
2023,Tiku Weds Sheru,Sai Kabir,Nawazuddin Siddiqui; Avneet Kaur,,
2023,Aseq,Sarim Momin,Sonnalli Seygall; Vardhan Puri; Siddhanth Kapoor,,
2023,Satyaprem Ki Katha,Sameer Vidwans,Kartik Aaryan; Kiara Advani; Gajraj Rao; Supriya Pathak,,
2023,Lust Stories 2,R. Balki Konkona Sen Sharma Amit Ravindernath Sharma Sujoy Ghosh,Amruta Subhash; Angad Bedi; Neena Gupta; Mrunal Thakur; Kumud Mishra; Tamannaah Bhatia; Kajol; Tillotama Shome; Vijay Varma,,
2023,Sergeant,Prawaal Raman,Randeep Hooda; Adil Hussain; Sapna Pabbi; Arun Govil; Sonia Goswami,,
2023,Neeyat,Anu Menon,Vidya Balan; Ram Kapoor; Rahul Bose; Shahana Goswami; Neeraj Kabi; Prajakta Koli; Shashank Arora; Amrita Puri,,
2023,Tarla,Piyush Gupta,Huma Qureshi; Sharib Hashmi; Veenah Naair,,
2023,Blind,Shome Makhija,Sonam Kapoor; Purab Kohli; Vinay Pathak; Lillete Dubey,,
2023,72 Hoorain,Sanjay Puran Singh Chauhan,Saru Maini; Aamir Bashir; Rasheed Naz; Pawan Malhotra,,
2023,Ishq-e-Nadaan,Avishek Ghosh,Lara Dutta; Neena Gupta; Kanwaljit Singh; Shriya Pilgaonkar; Mohit Raina; Suhail Nayyar,,
2023,Bawaal,Nitesh Tiwari,Varun Dhawan; Janhvi Kapoor,,
2023,Trial Period,Aleya Sen,Genelia Deshmukh; Manav Kaul; Shakti Kapoor; Sheeba Chadha; Gajraj Rao,,
2023,Minus 31: The Nagpur Files,Pratik Moitro,Shivankit Singh Parihar; Raghubir Yadav; Rajesh Sharma; Rucha Inamdar; Santosh Juvekar; Jaya Bhattacharya,,
2023,Ajmer 92,Pushpendra Singh,Karan Verma; Rajesh Sharma; Sayaji Shinde; Brijendra Kala; Zarina Wahab; Manoj Joshi; Alka Amin,,
2023,Rocky Aur Rani Kii Prem Kahaani,Karan Johar,Ranveer Singh; Alia Bhatt; Jaya Bachchan; Dharmendra; Shabana Azmi; Tota Roy Chowdhury; Churni Ganguly; Anjali Anand; Aamir Bashir; Kshitee Jog,₹355.61 crore,355.61
2023,One Friday Night,Manish Gupta,Raveena Tandon; Milind Soman; Vidhi Chitalia,,
2023,Panch Kriti,Sannjoy Bhargv,Brijendra Kala; Umesh Bajpai; Sagar Wahi; Purva Parag; Mahi Soni,,
2023,Lafzon Mein Pyaar,Raja Randeep Giri Dhiraj Mishra,Anita Raj; Zarina Wahab; Vivek Anand Mishra; Kanchan Agnihotri; Mir Sarwar,,
2023,Gadar 2,Anil Sharma,Sunny Deol; Ameesha Patel; Utkarsh Sharma,₹687–691.08 crore,
2023,OMG 2,Amit Rai,Akshay Kumar; Yami Gautam; Pankaj Tripathi; Arun Govil,₹221.08 crore,221.08
2023,Ghoomer,R. Balki,Abhishek Bachchan; Saiyami Kher; Shabana Azmi; Angad Bedi,,
2023,Non Stop Dhamaal,Irshad Khan,Annu Kapoor; Rajpal Yadav; Asrani; Manoj Joshi; Priyanshu Chatterjee; Veronica Vanij,,
2023,Dream Girl 2,Raaj Shaandilyaa,Ayushmann Khurrana; Ananya Panday; Annu Kapoor; Paresh Rawal; Vijay Raaz; Manoj Joshi; Rajpal Yadav; Asrani; Seema Pahwa; Manjot Singh; Abhishek Banerjee,,
2023,Akelli,Pranay Meshram,Nushrratt Bharuccha; Nishant Dahiya; Tsahi Halevi; Amir Boutrous,,
2023,Goldfish,Pushan Kripalani,Kalki Koechlin; Deepti Naval; Rajit Kapoor; Gordon Warnecke,,
2023,Friday Night Plan,Vatsal Neelakantan,Juhi Chawla; Babil Khan; Amrith Jayan; Medha Rana; Aadhya Anand; Ninad Kamat,,
2023,Mystery of the Tattoo,Kalaiarasi Sathappan Ganesh Mahadevan,Rohit Raaj; Daisy Shah; Ameesha Patel; Arjun Rampal,,
2023,Love All,Sudhanshu Sharma,Kay Kay Menon; Swastika Mukherjee; Shriswara; Robin Das; Sumit Arora,,
2023,Jawan,Atlee,Shah Rukh Khan; Nayanthara; Vijay Sethupathi; Priyamani; Sanya Malhotra; Deepika Padukone,"₹1,148.32–1,159 crore",0.00
2023,Haddi,Akshat Ajay Sharma,Nawazuddin Siddiqui; Anurag Kashyap; Ila Arun,,
2023,Jaane Jaan,Sujoy Ghosh,Kareena Kapoor Khan; Jaideep Ahlawat; Vijay Varma,,
2023,The Great Indian Family,Vijay Krishna Acharya,Vicky Kaushal; Manushi Chhillar,,
2023,Sukhee,Sonal Joshi,Shilpa Shetty; Amit Sadh; Kusha Kapila; Dilnaz Irani,,
2023,The Purvanchal Files,Swarup Ghosh,Siddharth Pandey; Shivani Thakur; Zarina Wahab; Mukesh Tiwari; Govind Namdeo,,
2023,The Rise Of Sudarshan Chakra,Anil Kulchainiya,Yashpal Sharma; Preeti Jhangiani; Milind Gunaji; Rakesh Bedi,,
2023,The Vaccine War,Vivek Agnihotri,Anupam Kher; Nana Patekar; Raima Sen; Pallavi Joshi,,
2023,Fukrey 3,Mrighdeep Singh,Pankaj Tripathi; Pulkit Samrat; Varun Sharma; Richa Chadha; Manjot Singh,,
2023,Pyaar Hai Toh Hai,Pradeep R.K. Chaudhary,Karan Hariharan; Paanie Kashyap,,
2023,Dvand: The Internal Conflict,Ishtiyak Khan,Ishtiyak Khan; Sanjay Mishra; Vikram Kochhar; Ipshita Chakraborty Singh; Faiz Mohammed Khan,,
2023,Tumse Na Ho Payega,Abhishek Sinha,Ishwak Singh; Mahima Makwana; Gaurav Pandey; Amala Akkineni; Gurpreet Saini,,
2023,Dono,Avnish S. Barjatya,Rajveer Deol; Paloma,,
2023,Khufiya,Vishal Bharadwaj,Tabu; Ali Fazal; Wamiqa Gabbi; Ashish Vidyarthi; Azmeri Haque Badhon; Alexx O'Nell,,
2023,Mission Raniganj,Tinu Suresh Desai,Akshay Kumar; Parineeti Chopra,,
2023,Thank You for Coming,Karan Boolani,Bhumi Pednekar; Shehnaaz Gill; Dolly Singh; Kusha Kapila; Shibani Bedi; Karan Kundrra; Tejaswi Dev Chaudhary; Saloni Daini,,
2023,Yaatris,Harish Vyas,Raghubir Yadav; Seema Pahwa; Anuraag Malhan; Jamie Lever; Chahatt Khanna,,
2023,Dhak Dhak,Tarun Dudeja,Ratna Pathak Shah; Dia Mirza; Fatima Sana Shaikh; Sanjana Sanghi,,
2023,Guthlee Ladoo,Ishrat R. Khan,Sanjay Mishra; Heet Sharma; Subrat Dutta; Kalyanee Mulay,,
2023,Darran Chhoo,Bharat Ratan,Karan Patel; Ankita Bhargava Patel; Ashutosh Rana; Manoj Joshi; Saanand Verma; Smiriti Kalra,,
2023,Bhagwan Bharose,Shiladitya Bora,Vinay Pathak; Masumeh Makhija; Manurishi Chaddha; Shrikant Verma; Satendra Soni; Sparsh Suman,,
2023,Ganapath,Vikas Bahl,Amitabh Bachchan; Tiger Shroff; Kriti Sanon; Elli AvrRam,,
2023,Yaariyan 2,Radhika Rao Vinay Sapru,Divya Khosla Kumar; Yash Daasguptaa; Pearl V Puri; Meezaan Jafri; Anaswara Rajan; Priya Prakash Varrier; Warina Hussain,,
2023,12th Fail,Vidhu Vinod Chopra,Vikrant Massey; Medha Shankar; Priyanshu Chatterjee; Harish Khanna,,
2023,Tejas,Sarvesh Mewara,Kangana Ranaut,,
2023,Sajini Shinde Ka Viral Video,Mikhil Musale,Nimrat Kaur; Radhika Madan; Bhagyashree; Sumeet Vyas; Subodh Bhave; Chinmay Mandlekar,,
2023,Mujib: The Making of a Nation,Shyam Benegal,Arifin Shuvoo; Nusrat Imrose Tisha; Nusraat Faria; Fazlur Rahman Babu; Shahidul Alam Sachchu; Deepak Antani,,
2023,Pyar Ki Policy,Sudhish Kumar Sharma,Manoj Bakshi; Girish Thapar; Vikas Giri; Jolly Bhatia; Megha Saxsena; Sunny Prajapati,,
2023,Mandali,Rakesh Chaturvedi Om,Abhishek Duhan; Rajniesh Duggall; Brijendra Kala; Vineet Kumar; Aanchal Munjal,,
2023,Aankh Micholi,Umesh Shukla,Abhimanyu Dassani; Mrunal Thakur; Paresh Rawal; Sharman Joshi; Divya Dutta; Abhishek Banerjee; Darshan Jariwala; Vijay Raaz,,
2023,The Lady Killer,Ajay Bahl,Arjun Kapoor; Bhumi Pednekar,,
2023,Lakeerein,Durgesh Pathak,Ashutosh Rana; Bidita Bag; Tia Bajpai; Rajesh Jais,,
2023,Hukus Bukus,Vinay Bharadwaj Saumitra Singh,Darsheel Safary; Arun Govil; Sajjad Delafrooz; Gautam Vij; Mir Sarwar,,
2023,UT69,Shahnawaz Ali,Raj Kundra; Kumar Saurabh,,
2023,Three of Us,Avinash Arun Dhaware,Shefali Shah; Jaideep Ahlawat; Swanand Kirkire,,
2023,Shastry Viruddh Shastry,Shiboprosad Mukherjee Nandita Roy,Paresh Rawal; Shiv Panditt; Neena Kulkarni; Mimi Chakraborty,,
2023,Pippa,Raja Krishna Menon,Ishaan Khatter; Mrunal Thakur; Priyanshu Painyuli; Soni Razdan,,
2023,Tiger 3,Maneesh Sharma,Salman Khan; Katrina Kaif; Emraan Hashmi,₹466.63 crore,466.63
2023,Apurva,Nikhil Nagesh Bhat,Tara Sutaria; Abhishek Banerjee; Rajpal Yadav; Dhairya Karwa,,
2023,Khichdi 2: Mission Paanthukistan,Aatish Kapadia,Supriya Pathak; Rajeev Mehta; Anang Desai; Vandana Pathak; Kirti Kulhari; Jamnadas Majethia,,
2023,Sab Moh Maaya Hai,Abhinav Pareek,Sharman Joshi; Annu Kapoor,,
2023,Farrey,Soumendra Padhi,Alizeh Agnihotri; Zeyn Shaw; Sahil Mehta; Prasanna Bisht; Ronit Roy; Juhi Babbar,,
2023,Starfish,Akhilesh Jaiswal,Khushalii Kumar; Milind Soman; Ehan Bhat; Tusharr Khanna,,
2023,Do Ajnabee,Sanjeev Kumar Rajput,Aarya Babbar; Ankit Bathla; Anu Mitra; Aman Yatan Verma,,
2023,Animal,Sandeep Reddy Vanga,Ranbir Kapoor; Rashmika Mandanna; Anil Kapoor; Bobby Deol; Tripti Dimri,₹905–917.82 crore,
2023,Sam Bahadur,Meghna Gulzar,Vicky Kaushal; Sanya Malhotra; Fatima Sana Shaikh,,
2023,The Archies,Zoya Akhtar,Mihir Ahuja; Suhana Khan; Khushi Kapoor; Agastya Nanda; Vedang Raina; Aditi Saigal; Yuvraj Menda,,
2023,Joram,Devashish Makhija,Manoj Bajpayee; Mohammed Zeeshan Ayyub; Smita Tambe,,
2023,Kadak Singh,Aniruddha Roy Chowdhury,Pankaj Tripathi; Parvathy Thiruvothu; Jaya Ahsan; Sanjana Sanghi; Dilip Shankar; Paresh Pahuja; Varun Buddhadev,,
2023,Mast Mein Rehne Ka,Vijay Maurya,Jackie Shroff; Neena Gupta; Abhishek Chauhan; Monika Panwar; Rakhi Sawant; Faisal Malik,,
2023,Kaisi Ye Dor,Ratna Neelam Pandey Sandeep S. Choudhary,Nikhil Pandey; Jashn Agnihotri; Ratna Neelam Pandey; Brijendra Kala,,
2023,Dunki,Rajkumar Hirani,Shah Rukh Khan; Taapsee Pannu; Vicky Kaushal; Boman Irani; Vikram Kochhar; Anil Grover,₹470.6 crore,470.60
2023,Dry Day,Saurabh Shukla,Jitendra Kumar; Annu Kapoor; Shriya Pilgaonkar,,
2023,Kho Gaye Hum Kahan,Arjun Varain Singh,Adarsh Gourav; Siddhant Chaturvedi; Ananya Panday,,
2023,Safed,Sandeep Singh,Abhay Verma; Meera Chopra,,
2024,Tauba Tera Jalwa,Akashaditya Lama,Jatin Khurana; Ameesha Patel; Angela Krislinzki,,
2024,Main Paapi Hoon,Jay Dogra,Ankur Nayyar,,
2024,Merry Christmas,Sriram Raghavan,Katrina Kaif; Vijay Sethupathi,,
2024,Main Atal Hoon,Ravi Jadhav,Pankaj Tripathi,,
2024,Fighter,Siddharth Anand,Hrithik Roshan; Deepika Padukone; Anil Kapoor; Karan Singh Grover; Akshay Oberoi; Sanjeeda Sheikh,₹344.46 crore,344.46
2024,Teri Baaton Mein Aisa Uljha Jiya,Amit Joshi Aradhana Sah,Shahid Kapoor; Kriti Sanon; Dharmendra; Dimple Kapadia,₹133.64 crore,133.64
2024,Bhakshak,Pulkit,Bhumi Pednekar; Sanjay Mishra; Sai Tamhankar; Aditya Srivastava,,
2024,Lantrani,Gurvinder Singh Kaushik Ganguly Bhaskar Hazarika,Jitendra Kumar; Jisshu Sengupta; Johnny Lever; Nimisha Sajayan; Sanjay Mahanand; Boloram Das,,
2024,Mirg,Tarun Sharma,Satish Kaushik; Anup Soni; Shwetaabh Singh; Raj Babbar,,
2024,Dashmi,Shantanu Anant Tambe,Vardhan Puri; Gaurav Sareen; Sanjay Pandey; Rajesh Jais,,
2024,Kuch Khattaa Ho Jaay,G. Ashok,Guru Randhawa; Saiee Manjrekar; Anupam Kher; Ila Arun,,
2024,Crakk,Aditya Datt,Vidyut Jammwal; Nora Fatehi; Arjun Rampal; Amy Jackson,,
2024,Article 370,Aditya Suhas Jambhale,Yami Gautam; Priyamani; Skand Thakur; Ashwini Kaul; Vaibhav Tatwawadi; Arun Govil; Kiran Karmarkar,₹110.57 crore,110.57
2024,All India Rank,Varun Grover,Bodhisattva Sharma; Samta Sudiksha; Sheeba Chaddha; Geeta Agrawal; Neeraj Ayush Pandey; Saadat Khan,,
2024,Chote Nawab,Kumud Chaudhary,Akshay Oberoi; Plabita Borthakur; Svar Kamble; Shataf Figar; Ekavali Khanna; Rajshri Deshpande; Falaq Naaz; Sadiya Siddiqui; Lalit Tiwari; Sohaila Kapur; Ayush Tandon; Neeraj Sood,,
2024,Laapataa Ladies,Kiran Rao,Ravi Kishan; Nitanshi Goel; Pratibha Ranta; Sparsh Srivastav; Chhaya Kadam,,
2024,Dange,Bejoy Nambiar,Harshvardhan Rane; Ehan Bhat; Nikita Dutta; TJ Bhanu,,
2024,Operation Valentine,Shakti Pratap Singh Hada,Varun Tej; Manushi Chhillar,,
2024,Kaagaz 2,V. K. Prakash,Anupam Kher; Darshan Kumar; Smiriti Kalra; Satish Kaushik; Neena Gupta,,
2024,Fairy Folk,Karan Gour,Rasika Duggal; Mukul Chadda; Chandrachoor Rai,,
2024,Shaitaan,Vikas Bahl,Ajay Devgn; R. Madhavan; Jyothika,₹211.06 crore,211.06
2024,Tera Kya Hoga Lovely,Balwinder Singh Janjua,Randeep Hooda; Ileana D'Cruz; Karan Kundrra,,
2024,Alpha Beta Gamma,Shankar Srikumar,Nishan; Amit Kumar Vashisth; Reena Aggarwal,,
2024,Yodha,Sagar Ambre Pushkar Ojha,Sidharth Malhotra; Raashii Khanna; Disha Patani,,
2024,Bastar: The Naxal Story,Sudipto Sen,Adah Sharma; Shilpa Shukla; Yashpal Sharma; Subrat Dutta; Raima Sen,,
2024,Murder Mubarak,Homi Adajania,Sara Ali Khan; Pankaj Tripathi; Vijay Varma; Dimple Kapadia; Karisma Kapoor; Sanjay Kapoor; Tisca Chopra; Suhail Nayyar,,
2024,Ae Watan Mere Watan,Kannan Iyer,Sara Ali Khan; Sparsh Srivastav; Anand Tiwari; Benedict Garrett; Alexx O'Nell; Abhay Verma,,
2024,Madgaon Express,Kunal Khemu,Divyenndu; Pratik Gandhi; Avinash Tiwary; Nora Fatehi; Upendra Limaye; Chhaya Kadam,,
2024,Swatantrya Veer Savarkar,Randeep Hooda,Randeep Hooda; Ankita Lokhande; Amit Sial,,
2024,Crew,Rajesh A Krishnan,Tabu; Kareena Kapoor Khan; Kriti Sanon; Diljit Dosanjh,₹157.08 crore,157.08
2024,Woh Bhi Din The,Sajid Ali,Rohit Saraf; Adarsh Gourav; Sanjana Sanghi,,
2024,Patna Shuklla,Vivek Budakoti,Raveena Tandon; Manav Vij,,
2024,Bengal 1947,Akashaditya Lama,Devoleena Bhattacharjee; Omkar Das Manikpuri; Aditya Lakhia; Sohaila Kapur,,
2024,Dukaan,Siddharth–Garima,Monika Panwar; Sikandar Kher; Monali Thakur,,
2024,Bade Miyan Chote Miyan,Ali Abbas Zafar,Akshay Kumar; Tiger Shroff; Prithviraj Sukumaran; Manushi Chhillar; Alaya F; Sonakshi Sinha; Ronit Bose Roy,,
2024,Maidaan,Amit Sharma,Ajay Devgn; Priyamani; Gajraj Rao,,
2024,Amar Singh Chamkila,Imtiaz Ali,Diljit Dosanjh; Parineeti Chopra,,
2024,Ameena,Kumar Raj,Rekha Rana; Anant Mahadevan,,
2024,Gauraiya Live,Gabriel Vats,Ada Singh; Randhir Singh Thakur; Omkar Das Manikpuri; Shagufta Ali; Pankaj Jha; Seema Saini,,
2024,Silence 2: The Night Owl Bar Shootout,Aban Bharucha Deohans,Manoj Bajpayee; Prachi Desai; Sahil Vaid; Parul Gulati; Shruti Bapna,,
2024,Love Sex Aur Dhokha 2,Dibakar Banerjee,Mouni Roy; Nimrit Kaur Ahluwalia; Tusshar Kapoor; Urfi Javed; Sophie Choudry,,
2024,Do Aur Do Pyaar,Shirsha Guha Thakurta,Vidya Balan; Pratik Gandhi; Ileana D'Cruz; Sendhil Ramamurthy,,
2024,Kaam Chalu Hai,Palash Muchhal,Rajpal Yadav; Giaa Manek; Kurangi Nagraj,,
2024,Appu,Prosenjit Ganguly,Arjun Bajwa; Rupa Bhimani; Abhijit Bhunia,,
2024,Luv You Shankar,Rajiv S. Ruia,Shreyas Talpade; Tanishaa Mukerji; Abhimanyu Singh; Hemant Pandey,,
2024,The Legacy of Jineshwar,Pradeep P. Jadhav Vivek Iyer,Shubham Vyas; Surendra Pal; Anil Lalwani; Manish Bishla,,
2024,Ruslaan,Karan Butani,Aayush Sharma; Sushrii Shreya Mishraa; Jagapathi Babu; Vidya Malvade,,
2024,Main Ladega,Gaurav Rana,Akash Pratap Singh,,
2024,Srikanth,Tushar Hiranandani,Rajkummar Rao; Jyothika; Alaya F; Sharad Kelkar,,
2024,Tipppsy,Deepak Tijori,Deepak Tijori; Natasha Suri; Kainaat Arora; Nazia Hussain; Alankrita Sahai; Sonia Birje,,
2024,Kartam Bhugtam,Soham P. Shah,Shreyas Talpade; Vijay Raaz; Madhoo; Aksha Pardasany,,
2024,Bhaiyya Ji,Apoorva Singh Karki,Manoj Bajpayee; Suvinder Vicky; Jatin Goswami; Vipin Sharma; Zoya Hussain,,
2024,Mr. & Mrs. Mahi,Sharan Sharma,Rajkummar Rao; Janhvi Kapoor,,
2024,Savi,Abhinay Deo,Anil Kapoor; Divya Khosla Kumar; Harshvardhan Rane,,
2024,Chhota Bheem and the Curse of Damyaan,Rajiv Chilaka,Anupam Kher; Makrand Deshpande; Sanjay Bishnoi; Surbhi Tiwari; Yagya Bhasin,,
2024,Dedh Bigha Zameen,Pulkit,Pratik Gandhi; Khushalii Kumar,,
2024,House of Lies,Saumitra Singh,Sanjay Kapoor; Ssmilley Suri; Simran Kaur Suri; Hiten Paintal,,
2024,Malhar,Vishal Kumbhar,Sharib Hashmi; Anjali Patil; Rishi Saxena; Mohammad Samad; Shrinivas Pokale,,
2024,Bajrang Aur Ali,Jaiveer,Sachin Parikh; Gaurav Shankar,,
2024,Blackout,Devang Shashin Bhavsar,Vikrant Massey; Mouni Roy; Sunil Grover,,
2024,Munjya,Aditya Sarpotdar,Sharvari; Abhay Verma; Mona Singh,₹132.13 crore,132.13
2024,Phooli,Avinash Dhyani,Avinash Dhyani; Suruchi Saklani; Riya Baluni,,
2024,Chandu Champion,Kabir Khan,Kartik Aaryan,,
2024,Manihar,Sanjeev Kumar Rajput,Badrul Islam; Pankaj Berry,,
2024,Luv Ki Arrange Marriage,Ishrat R. Khan,Sunny Singh; Avneet Kaur; Annu Kapoor; Supriya Pathak; Rajpal Yadav,,
2024,Ishq Vishk Rebound,Nipun Dharmadhikari,Rohit Saraf; Pashmina Roshan; Jibraan Khan; Naila Grrewal,,
2024,Maharaj,Siddharth P. Malhotra,Junaid Khan; Jaideep Ahlawat; Shalini Pandey; Sharvari,,
2024,Hamare Baarah,Kamal Chandra,Annu Kapoor; Parth Samthaan; Manoj Joshi,,
2024,Pushtaini,Vinod Rawat,Vinod Rawat; Hemant Pandey; Shashi Bhushan,,
2024,Jahangir National University,Vinay Sharma,Siddharth Bodke; Urvashi Rautela; Rashami Desai; Piyush Mishra; Ravi Kishan,,
2024,Rautu Ka Raaz,Anand Surapur,Nawazuddin Siddiqui; Rajesh Kumar; Narayani Shastri; Atul Tiwari,,
2024,Sharmajee Ki Beti,Tahira Kashyap Khurana,Divya Dutta; Sakshi Tanwar; Saiyami Kher; Sharib Hashmi,,
2024,Kooki,Pranab J Deka,Ritisha Khaund; Rajesh Tailang; Rina Rani; Dipannita Sharma; Devoleena Bhattacharjee,,
2024,Kill,Nikhil Nagesh Bhat,Lakshya; Raghav Juyal; Tanya Maniktala,,
2024,Wild Wild Punjab,Simarpreet Singh,Varun Sharma; Sunny Singh; Manjot Singh; Jassie Gill; Patralekha Paul; Ishita Raj Sharma,,
2024,Sarfira,Sudha Kongara,Akshay Kumar; Paresh Rawal; Radhika Madan,,
2024,Kakuda,Aditya Sarpotdar,Riteish Deshmukh; Sonakshi Sinha; Saqib Saleem,,
2024,Bad Newz,Anand Tiwari,Vicky Kaushal; Triptii Dimri; Ammy Virk; Neha Dhupia,₹115.74 crore,115.74
2024,Accident or Conspiracy: Godhra,M.K Shivaaksh,Ranvir Shorey; Manoj Joshi,,
2024,Bloody Ishq,Vikram Bhatt,Avika Gor; Vardhan Puri,,
2024,Pride,Pankaj Kr Virat,Mimoh Chakraborty; Aishwarya Raj Bhakuni; Arif Zakaria,,
2024,Auron Mein Kahan Dum Tha,Neeraj Pandey,Ajay Devgn; Tabu; Jimmy Sheirgill; Shantanu Maheshwari; Saiee Manjrekar,,
2024,Ulajh,Sudhanshu Saria,Janhvi Kapoor; Gulshan Devaiah; Rajesh Tailang; Meiyang Chang; Roshan Mathew,,
2024,Aliya Basu Gayab Hai,Preeti Singh,Vinay Pathak; Raima Sen; Salim Diwan,,
2024,Phir Aayi Hasseen Dillruba,Jayprad Desai,Taapsee Pannu; Vikrant Massey; Sunny Kaushal; Jimmy Sheirgill,,
2024,Ghudchadi,Binoy Gandhi,Sanjay Dutt; Raveena Tandon; Parth Samthaan; Khushalii Kumar,,
2024,Ghuspaithiya,Susi Ganeshan,Urvashi Rautela; Vineet Kumar Singh; Akshay Oberoi,,
2024,Khel Khel Mein,Mudassar Aziz,Akshay Kumar; Taapsee Pannu; Fardeen Khan; Vaani Kapoor; Ammy Virk; Pragya Jaiswal; Aditya Seal,,
2024,Vedaa,Nikkhil Advani,John Abraham; Sharvari; Abhishek Banerjee; Ashish Vidyarthi,,
2024,Stree 2,Amar Kaushik,Shraddha Kapoor; Rajkummar Rao; Aparshakti Khurana; Pankaj Tripathi; Abhishek Banerjee,₹874.58 crore,874.58
2024,Tikdam,Vivek Anchalia,Amit Sial; Arisht Jain; Aarohi Saud; Divyansh Dwivedi; Nayan Bhatt,,
2024,A Wedding Story,Abhinav Pareek,Vaibhav Tatwawadi; Mukti Mohan; Lakshvir Singh Saran; Monica Chaudhary; Akshay Anand,,
2024,Pad Gaye Pange,Santosh Kumar,Samarpan Singh; Rajpal Yadav; Rajesh Sharma; Faisal Malik; Varsha Rekhate; Rrajesh Yadav,,
2024,Visfot,Kookie Gulati,Riteish Deshmukh; Fardeen Khan; Priya Bapat; Krystle D'Souza,,
2024,The Buckingham Murders,Hansal Mehta,Kareena Kapoor Khan; Ash Tandon; Ranveer Brar; Keith Allen,,
2024,Sector 36,Aditya Nimbalkar,Vikrant Massey; Deepak Dobriyal,,
2024,Berlin,Atul Sabharwal,Ishwak Singh; Aparshakti Khurana; Rahul Bose; Anupriya Goenka; Kabir Bedi,,
2024,Adbhut,Sabbir Khan,Nawazuddin Siddiqui; Diana Penty; Shreya Dhanwanthary; Rohan Mehra,,
2024,Kahan Shuru Kahan Khatam,Saurabh Dasgupta,Dhvani Bhanushali; Aashim Gulati; Supriya Pilgaonkar; Rakesh Bedi; Sonali Sachdev; Rajesh Sharma; Akhilendra Mishra; Chittranjan Tripathy; Vikram Kochhar; Himansh Kohli; Vikas Verma,,
2024,Yudhra,Ravi Udyawar,Siddhant Chaturvedi; Malavika Mohanan; Raghav Juyal; Gajraj Rao; Ram Kapoor,,
2024,Nasha Jurm Aur Gangsters,Rajkumar Patra,Rajkumar Patra; Rocky Rupkumar Patra; Yudi; Munni Pankaj; Abhijit Acharjee,,
2024,Jo Tera Hai Woh Mera Hai,Raj Trivedi,Paresh Rawal; Amit Sial; Faisal Malik; Sonali Kulkarni; Sonnalli Seygall,,
2024,"Love, Sitara",Vandana Kataria,Sobhita Dhulipala; Rajeev Siddhartha; Sonali Kulkarni; B. Jayashree; Virginia Rodrigues; Sanjay Bhutiani; Tamara D’Souza; Rijul Ray,,
2024,Binny And Family,Ssanjay Tripaathy,Anjini Dhawan; Pankaj Kapur; Rajesh Kumar; Charu Shankar; Himani Shivpuri; Naman Tripathy,,
2024,CTRL,Vikramaditya Motwane,Ananya Panday; Vihaan Samat,,
2024,Amar Prem Ki Prem Kahani,Hardik Gajjar,Sunny Singh; Aditya Seal; Pranutan Bahl,,
2024,The Signature,Gajendra Ahire,Anupam Kher; Mahima Chaudhry; Neena Kulkarni; Annu Kapoor; Ranvir Shorey,,
2024,Jigra,Vasan Bala,Alia Bhatt; Vedang Raina,,
2024,Vicky Vidya Ka Woh Wala Video,Raaj Shaandilyaa,Rajkummar Rao; Triptii Dimri,,
2024,Aayushmati Geeta Matric Pass,Prradip Khairwar,Kashika Kapoor; Anuj Saini; Atul Srivastav; Alka Amin,,
2024,Do Patti,Shashanka Chaturvedi,Kajol; Kriti Sanon; Shaheer Sheikh; Tanvi Azmi; Brijendra Kala; Vivek Mushran; Prachi Shah,,
2024,Bandaa Singh Chaudhary,Abhishek Saxena,Arshad Warsi; Meher Vij,,
2024,The Miranda Brothers,Sanjay Gupta,Harshvardhan Rane; Meezaan Jafri,,
2024,Navras Katha Collage,Praveen Hingonia,Praveen Hingonia; Sheeba Chaddha; Rajesh Sharma; Alka Amin; Revathi Pillai,,
2024,Bhool Bhulaiyaa 3,Anees Bazmee,Kartik Aaryan; Vidya Balan; Madhuri Dixit; Triptii Dimri,₹423.85 crore,423.85
2024,Singham Again,Rohit Shetty,Ajay Devgn; Akshay Kumar; Ranveer Singh; Tiger Shroff; Kareena Kapoor Khan; Deepika Padukone; Arjun Kapoor; Jackie Shroff,₹389.64 crore,389.64
2024,Vijay 69,Akshay Roy,Anupam Kher; Chunky Panday; Mihir Ahuja,,
2024,Ella,Roshan Fernandes,Isha Talwar; Makarand Deshpande; Saranya Sharma,,
2024,Khwaabon Ka Jhamela,Danish Aslam,Prateik Babbar; Sayani Gupta; Kubbra Sait,,
2024,The Sabarmati Report,Dheeraj Sarna,Vikrant Massey; Raashii Khanna; Riddhi Dogra,,
2024,Naam,Anees Bazmee,Ajay Devgn; Sameera Reddy; Bhumika Chawla; Rahul Dev,,
2024,I Want to Talk,Shoojit Sircar,Abhishek Bachchan; Ahilya Bamroo; Johny Lever,,
2024,Sikandar Ka Muqaddar,Neeraj Pandey,Jimmy Shergill; Tamannaah Bhatia; Avinash Tiwary,,
2024,Agni,Rahul Dholakia,Pratik Gandhi; Divyenndu; Saiyami Kher; Jitendra Joshi; Sai Tamhankar,,
2024,Zero Se Restart,Vidhu Vinod Chopra,Vikrant Massey; Medha Shankar; Anant V Joshi,,
2024,Despatch,Kanu Behl,Manoj Bajpayee; Shahana Goswami,,
2024,Vanvaas,Anil Sharma,Nana Patekar; Utkarsh Sharma; Simrat Kaur; Rajpal Yadav,,
2024,OutHouse,Sunil Sukthankar,Sunil Abhyankar; Sharmila Tagore; Sonali Kulkarni; Mohan Agashe; Jihan Jeetendra Hodar,,
2024,Baby John,Kalees,Varun Dhawan; Keerthy Suresh; Wamiqa Gabbi; Jackie Shroff; Sanya Malhotra,,
2024,Kisko Tha Pata,Ratnaa Sinha,Ashnoor Kaur; Akshay Oberoi; Aadil Khan,,
2025,The Rabbit House,Vaibhav Kulkarni,Amit Riyaan; Karishma; Padmanabh; Gagan Pradeep; Preeti Sharma; Suresh Kumbhar,,
2025,Fateh,Sonu Sood,Sonu Sood; Naseeruddin Shah; Jacqueline Fernandez,,
2025,Match Fixing,Kedar Gaekwad,Vineet Kumar Singh; Raj Arjun; Shataf Figar; Anuja Sathe,,
2025,Emergency,Kangana Ranaut,Kangana Ranaut; Anupam Kher; Shreyas Talpade; Mahima Chaudhry; Milind Soman; Satish Kaushik,,
2025,Azaad,Abhishek Kapoor,Ajay Devgn; Diana Penty; Aaman Devgan; Rasha Thadani; Mohit Malik; Piyush Mishra,,
2025,Mission Grey House,Naushad Siddiqui,Abeer Khan; Puja Sharma; Rajesh Sharma; Kiran Kumar; Nikhat Khan; Kamlesh Sawant; Raza Murad,,
2025,Sangee,Sumit Kulkarni,Sharib Hashmi; Sanjay Bishnoi; Gaurav More; Vidya Malvade; Shyamraj Patil; Martin Jishil,,
2025,Hisaab Barabar,Ashwni Dhir,R. Madhavan; Neil Nitin Mukesh; Kirti Kulhari; Rashami Desai,,
2025,Sky Force,Sandeep Kewlani Abhishek Anil Kapur,Akshay Kumar; Veer Pahariya; Sara Ali Khan; Nimrat Kaur,,
2025,Sweet Dreams,Victor Mukherjee,Amol Parashar; Mithila Palkar,,
2025,The Storyteller,Anant Mahadevan,Paresh Rawal; Adil Hussain; Revathi; Tannishtha Chatterjee,,
2025,Deva,Rosshan Andrrews,Shahid Kapoor; Pooja Hegde,,
2025,Loveyapa,Advait Chandan,Khushi Kapoor; Junaid Khan,,
2025,Badass Ravi Kumar,Keith Gomes,Himesh Reshammiya; Prabhu Deva; Kirti Kulhari; Sonia Kapoor; Rajesh Sharma; Johny Lever; Navneet Nishan; Manish Wadhwa; Sanjay Mishra; Anil George,,
2025,Mrs.,Aarti Kadav,Sanya Malhotra; Nishant Dahiya; Kanwaljit Singh,,
2025,The Mehta Boys,Boman Irani,Boman Irani; Avinash Tiwary,,
2025,Bobby Aur Rishi Ki Love Story,Kunal Kohli,Vardhan Puri; Kaveri Kapur,,
2025,Chhaava,Laxman Utekar,Vicky Kaushal; Rashmika Mandanna; Akshaye Khanna,₹797.34 crore,797.34
2025,Dhoom Dhaam,Rishab Seth,Pratik Gandhi; Yami Gautam,,
2025,Mere Husband Ki Biwi,Mudassar Aziz,Arjun Kapoor; Rakul Preet Singh; Bhumi Pednekar,,
2025,Kaushaljis vs Kaushal,Seemaa Desai,Ashutosh Rana; Sheeba Chadha; Isha Talwar; Pavail Gulati,,
2025,Shaila,Saki Shah,Rohit Chaudhary; Sara Khan; Sonam Arora; Aadhvikaa; Durvesh Rameshwaram; Hussain Khan; Ketan Raj Sharma,,
2025,Crazxy,Girish Kohli,Sohum Shah,,
2025,Superboys of Malegaon,Reema Kagti,Adarsh Gourav; Vineet Kumar Singh; Shashank Arora; Anuj Singh Duhan,,
2025,Dil Dosti Aur Dogs,Viral Shah,Neena Gupta; Masumeh Makhija; Sharad Kelkar; Kunaal Roy Kapur; Keerti Gaekwad Kelkar; Tinu Anand; Ehan Bhat; Tridha Choudhury,,
2025,Nadaaniyan,Shauna Gautam,Ibrahim Ali Khan; Khushi Kapoor; Mahima Chaudhry; Suniel Shetty; Dia Mirza; Jugal Hansraj,,
2025,Riwaj,Manoj Sati,Myra Sareen; Aftab Shivdasani; Adhvik Mahajan; Mithun Chakraborty; Anita Raj; Jaya Prada,,
2025,The Diplomat,Shivam Nair,John Abraham; Sadia Khateeb; Revathy; Kumud Mishra,,
2025,My Melbourne,Kabir Khan Rima Das Onir Imtiaz Ali,Ryanna Skye; Kat Stewart; Jake Ryan; Arushi Sharma; Jackson Gallagher; Arka Das,,
2025,Be Happy,Remo D'Souza,Abhishek Bachchan; Nora Fatehi; Nassar; Inayat Verma; Johnny Lever; Harleen Sethi,,
2025,Inn Galiyon Mein,Avinash Das,Vivaan Shah; Avantika Dassani; Javed Jaffrey,,
2025,Aachari Baa,Hardik Gajjar,Neena Gupta; Vatsal Sheth; Apoorva Arora; Kabir Bedi,,
2025,Baida,Puneet Sharma,Sudhanshu Rai; Manisha Rai; Shobhit Sujay,,
2025,Tumko Meri Kasam,Vikram Bhatt,Anupam Kher; Ishwak Singh; Adah Sharma; Esha Deol,,
2025,Pintu Ki Pappi,Shiv Hare,Shushant; Jaanyaa Joshi; Viidhi; Ganesh Acharya; Murali Sharma; Vijay Raaz,,
2025,Sikandar,AR Murugadoss,Salman Khan; Kajal Aggarwal; Rashmika Mandanna; Sathyaraj; Prateik Babbar,₹176.18 crore,176.18
2025,Jaat,Gopichand Malineni,Sunny Deol; Randeep Hooda; Regina Cassandra; Saiyami Kher,,
2025,Chhorii 2,Vishal Furia,Nushrratt Bharuccha; Soha Ali Khan; Gashmeer Mahajani; Saurabh Goyal; Pallavi Ajay; Kuldeep Sareen; Hardika Sharma,,
2025,Kesari Chapter 2,Karan Singh Tyagi,Akshay Kumar; R. Madhavan; Ananya Panday,,
2025,Logout,Amit Golani,Babil Khan; Rasika Dugal; Gandharv Dewan; Nimisha Nair,,
2025,The Secret of Devkaali,Niraj Chauhan,Niraj Chauhan; Bhumika Gurung; Mahesh Manjrekar; Ramkrishan Dhakad,,
2025,Ground Zero,Tejas Prabha Vijay Deoskar,Emraan Hashmi; Sai Tamhankar; Zoya Hussain; Mukesh Tiwari; Lalit Prabhakar,,
2025,Jewel Thief,Kookie Gulati Robbie Garewal,Saif Ali Khan; Jaideep Ahlawat; Nikita Dutta; Kunal Kapoor,,
2025,Phule,Anant Mahadevan,Pratik Gandhi; Patralekha,,
2025,Oye Bhootni Ke,Ajay Kailash Yadav,Mahaakshay Chakraborty; Nikita Sharma; Diana Khan; Ashoka Thackur; Chahat Mughal,,
2025,Raid 2,Raj Kumar Gupta,Ajay Devgn; Riteish Deshmukh; Vaani Kapoor,₹243.06 crore,243.06
2025,The Bhootnii,Sidhaant Sachdev,Sanjay Dutt; Mouni Roy; Sunny Singh; Palak Tiwari; Beyounick; Aasif Khan,,
2025,Costao,Sejal Shah,Nawazuddin Siddiqui; Priya Bapat; Kishore Kumar G; Gagan Dev Riar,,
2025,The Networker,Vikas Kumar Vishwakarma,Vikram Kochhar; Durgesh Kumar; Ishtiyak Khan; Rishabh Pathak; Brijendra Kala; Vindhya Tiwari; Nikhat Khan,,
2025,Romeo S3,Guddu Dhanoa,Thakur Anoop Singh; Palak Tiwari,,
2025,Bhool Chuk Maaf,Karan Sharma,Rajkummar Rao; Wamiqa Gabbi,,
2025,Kapkapiii,Sangeeth Sivan,Tusshar Kapoor; Shreyas Talpade; Jay Thakkar; Siddhi Idnani,,
2025,Pune Highway,Rahul da Cunha Bugs Bhargava Krishna,Jim Sarbh; Amit Sadh; Manjari Fadnis; Ketaki Narayan,,
2025,Kesari Veer,Prince Dhiman,Suniel Shetty; Vivek Oberoi; Sooraj Pancholi; Akansha Sharma,,
2025,Chidiya,Mehran Amrohi,Vinay Pathak; Amruta Subhash; Svar Kamble; Ayush Pathak,,
2025,Interrogation,Ajoy Varma Raja,Manu Singh; Rajpal Yadav; Darshan Jariwala; Yashpal Sharm; Girish Kulkarni,,
2025,Stolen,Karan Tejpal,Abhishek Banerjee; Harish Khanna; Mia Maelzer; Sahidur Rahaman; Shubham Vardhan,,
2025,Housefull 5,Tarun Mansukhani,Akshay Kumar; Riteish Deshmukh; Sanjay Dutt; Abhishek Bachchan; Nana Patekar; Fardeen Khan; Dino Morea; Chunky Pandey; Jackie Shroff; Nikitin Dheer; Shreyas Talpade; Ranjeet; Johnny Lever; Jacqueline Fernandez; Nargis Fakhri; Sonam Bajwa; Chitrangda Singh; Soundarya Sharma,₹242.80–248.80 crore,
2025,Sitaare Zameen Par,R. S. Prasanna,Aamir Khan; Genelia Deshmukh,₹266.49 crore,266.49
2025,Detective Sherdil,Ravi Chhabriya,Diljit Dosanjh; Diana Penty; Boman Irani; Chunky Panday; Ratna Pathak Shah; Banita Sandhu; Sumeet Vyas,,
2025,Maa,Vishal Furia,Kajol; Ronit Roy; Indraneil Sengupta; Kherin Sharma,,
2025,Well Done CA Sahab!,Sarvesh Kumar Singh,Gopal Datt; Gaurav Paswala; Jyoti Kapoor; Sayandeep Sengupta; Nishma Soni; Archan Trivedi; Makrand Shukla; Samar Jajoriya; Sam Jajoriya; Rama Krishna Dixit,,
2025,Metro... In Dino,Anurag Basu,Aditya Roy Kapur; Sara Ali Khan; Anupam Kher; Neena Gupta; Pankaj Tripathi; Konkona Sen Sharma; Ali Fazal; Fatima Sana Shaikh,,
2025,Kaalidhar Laapata,Madhumita,Abhishek Bachchan; Daivik Bhagela; Mohammed Zeeshan Ayyub,,
2025,Akshardham: Operation Vajra Shakti,Ken Ghosh,Akshaye Khanna; Gautam Rode; Vivek Dahiya; Akshay Oberoi; Abhilash Chaudhary; Parvin Dabas; Samir Soni; Abhimanyu Singh; Mir Sarwar; Manjari Fadnis; Chandan Roy; Shivam Bhaargava,,
2025,Maalik,Pulkit,Rajkummar Rao; Manushi Chhillar; Prosenjit Chatterjee,,
2025,Aankhon Ki Gustaakhiyan,Santosh Singh,Vikrant Massey; Shanaya Kapoor,,
2025,Aap Jaisa Koi,Vivek Soni,R. Madhavan; Fatima Sana Shaikh,,
2025,Saiyaara,Mohit Suri,Ahaan Panday; Aneet Padda,₹579.23 crore,579.23
2025,Tanvi the Great,Anupam Kher,Anupam Kher; Shubhangi Dutt; Iain Glen; Boman Irani; Jackie Shroff; Arvind Swami; Pallavi Joshi; Karan Tacker; Nassar,,
2025,Nikita Roy,Kussh Sinha,Sonakshi Sinha; Arjun Rampal; Paresh Rawal; Suhail Nayyar,,
2025,Murderbaad,Arnab Chatterjee,Nakul Roshan Sahdev; Kanikka Kapur; Sharib Hashmi; Amole Gupte; Saloni Batra,,
2025,Sant Tukaram,Aditya Om,Subodh Bhave; Sheena Chohan; Sanjay Mishra; Arun Govil,,
2025,Mahavatar Narsimha,Ashwin Kumar,Animated characters,₹326.82 crore #,326.82
2025,So Long Valley,Man Singh,Tridha Choudhury; Akanksha Puri; Vikram Kochhar; Alisha Parveen; Pankaj Choudhary,,
2025,Sarzameen,Kayoze Irani,Prithviraj Sukumaran; Kajol; Ibrahim Ali Khan,,
2025,Rasa,Angith Jayaraj Preetish Jayaraj,Shishir Sharma; Rishi Bissa; Vishishtha Chawla; Rajiv Kumar,,
2025,Dhadak 2,Shazia Iqbal,Siddhant Chaturvedi; Triptii Dimri,,
2025,Son of Sardaar 2,Vijay Kumar Arora,Ajay Devgn; Mrunal Thakur; Ravi Kishan,,
2025,Andaaz 2,Suneel Darshan,Aayush Kumar; Akaisha; Natasha Fernandez,,
2025,Udaipur Files,Bharat Shrinat,Vijay Raaz; Rajneesh Duggal; Preeti Jhangiani; Kanchi Singh; Kamlesh Sawant,,
2025,Ghich Pich,Ankur Singla,Nitesh Pandey; Satyajit Sharma; Geeta Agrawal Sharma; Kabir Nanda; Aryan Singh Rana; Shhivam Kakar,,
2025,War 2,Ayan Mukerji,Hrithik Roshan; N. T. Rama Rao Jr.; Kiara Advani,₹303–351 crore,
2025,Tehran,Arun Gopalan,John Abraham; Neeru Bajwa; Manushi Chhillar,,
2025,Param Sundari,Tushar Jalota,Sidharth Malhotra; Janhvi Kapoor,,
2025,Songs of Paradise,Danish Renzu,Soni Razdan; Saba Azad; Zain Khan Durrani; Sheeba Chaddha; Taaruk Raina,,
2025,Baaghi 4,A. Harsha,Tiger Shroff; Sanjay Dutt; Sonam Bajwa; Harnaaz Sandhu,,
2025,The Bengal Files,Vivek Agnihotri,Mithun Chakraborty; Anupam Kher; Puneet Issar; Govind Namdev; Babbu Maan; Pallavi Joshi; Palomi Ghosh,,
2025,Inspector Zende,Chinmay Mandlekar,Manoj Bajpayee; Jim Sarbh; Bhalchandra Kadam; Sachin Khedekar; Girija Oak; Harish Dudhade,,
2025,Ufff Yeh Siyapaa,G. Ashok,Soham Shah; Nushrratt Bharuccha; Nora Fatehi; Omkar Kapoor; Sharib Hashmi,,
2025,Humans in the Loop,Aranya Sahay,Sonal Madhushankar; Ridhima Singh; Gita Guha,,
2025,Heer Express,Umesh Shukla,Divita Juneja; Ashutosh Rana; Sanjay Mishra; Gulshan Grover; Prit Kamani,,
2025,Love in Vietnam,Rahat Shah Kazmi,Shantanu Maheshwari; Avneet Kaur; Khả Ngân,,
2025,Ek Chatur Naar,Umesh Shukla,Divya Khosla Kumar; Neil Nitin Mukesh,,
2025,Jugnuma: The Fable,Raam Reddy,Manoj Bajpayee; Deepak Dobriyal; Priyanka Bose; Tillotama Shome; Hiral Sidhu; Awan Pookot,,
2025,Aabeer Gulaal,Aarti S. Bagdi,Fawad Khan; Vaani Kapoor,,
2025,Mannu Kya Karegga,Ssanjay Tripaathy,Vyom Yadav; Saachi Bindra; Vinay Pathak; Kumud Mishra; Rajesh Kumar; Charu Shankar; Brijendra Kala,,
2025,Jolly LLB 3,Subhash Kapoor,Akshay Kumar; Arshad Warsi; Huma Qureshi; Amrita Rao; Saurabh Shukla; Gajraj Rao,,
2025,Nishaanchi,Anurag Kashyap,Aaishvary Thackeray; Vedika Pinto; Monika Panwar; Mohammed Zeeshan Ayyub,,
2025,Ajey: The Untold Story of a Yogi,Ravindra Gautam,Anant Joshi; Paresh Rawal; Dinesh Lal Yadav,,
2025,Homebound,Neeraj Ghaywan,Ishaan Khatter; Vishal Jethwa; Janhvi Kapoor,,
2025,Tu Meri Poori Kahani,Suhrita Das,Arhaan Pateel; Shammi Duhan; Hirranya Ojha,,
2025,Sunny Sanskari Ki Tulsi Kumari,Shashank Khaitan,Varun Dhawan; Janhvi Kapoor; Sanya Malhotra; Rohit Saraf,,
2025,Lord Curzon Ki Haveli,Anshuman Jha,Arjun Mathur; Rasika Dugal; Tanmay Dhanania; Zoha Rahman,,
2025,Controll,Safdar Abbas,Thakur Anoop Singh; Rohit Roy; Priya Anand,,
2025,Bhagwat: Chapter One – Raakshas,Akshay Shere,Arshad Warsi; Jitendra Kumar; Ayesha Kaduskar,,
2025,Greater Kalesh,Aditya Chandiok,Ahsaas Channa; Supriya Shukla,,
2025,WingMan (The Universal Irony of Love),Anuj Gulati,Shashank Arora; Trimala Adhikari; Auritra Ghosh,,
2025,Thamma,Aditya Sarpotdar,Ayushmann Khurrana; Rashmika Mandanna; Nawazuddin Siddiqui; Paresh Rawal,₹169.75 crore,169.75
2025,Ek Deewane Ki Deewaniyat,Milap Zaveri,Harshvardhan Rane; Sonam Bajwa,,
2025,The Taj Story,Tushar Amrish Goel,Paresh Rawal; Zakir Hussain; Amruta Khanvilkar; Sneha Wagh; Namit Das,,
2025,Single Salma,Nachiket Samant,Huma Qureshi; Sunny Singh; Shreyas Talpade,,
2025,Haq,Suparn Verma,Emraan Hashmi; Yami Gautam,,
2025,Jatadhara,Venkat Kalyan Abhishek Jaiswal,Sudheer Babu; Sonakshi Sinha; Divya Khosla Kumar,,
2025,Jassi Weds Jassi,Paran Bawa,Harshh Vardhan Singh Deo; Rehmat Rattan; Ranvir Shorey; Sikandar Kher; Manu Rishi Chadha,,
2025,Baramulla,Aditya Suhas Jambhale,Manav Kaul; Bhasha Sumbli,,
2025,De De Pyaar De 2,Anshul Sharma,Ajay Devgn; R. Madhavan; Rakul Preet Singh,,
2025,Agra,Kanu Behl,Mohit Agarwal; Priyanka Bose; Ruhani Sharma; Rahul Roy,,
2025,2020 Delhi,Devendra Malviya,Brijendra Kala; Samar Jai Singh; Siddharth Bharadwaj,,
2025,Kaal Trighori,Nitin Vaidya,Arbaaz Khan; Rituparna Sengupta; Mahesh Manjrekar; Aditya Srivastava; Mugdha Godse; Rajesh Sharma,,
2025,Nishaanchi 2,Anurag Kashyap,Aaishvary Thackeray; Vedika Pinto; Monika Panwar; Mohammed Zeeshan Ayyub,,
2025,120 Bahadur,Razneesh ‘Razy’ Ghai,Farhan Akhtar; Raashii Khanna,,
2025,Mastiii 4,Milap Zaveri,Riteish Deshmukh; Vivek Oberoi; Aftab Shivdasani; Arshad Warsi; Tusshar Kapoor; Shreya Sharma; Elnaaz Norouzi; Ruhi Singh,,
2025,Tere Ishk Mein,Aanand L. Rai,Dhanush; Kriti Sanon,,
2025,Gustaakh Ishq,Vibhu Puri,Naseeruddin Shah; Fatima Sana Shaikh; Vijay Varma; Sharib Hashmi,,
2025,Me No Pause Me Play,Samar K Mukharjee,Kamya Panjabi; Deepshikha Nagpal; Manoj Kumar Sharma; Aman Verma; Sudha Chandran,,
2025,Kaisi Ye Paheli,Ananyabrata Chakravorty,Rajit Kapoor; Sukant Goel; Chittaranjan Giri; Sadhana Singh,,
2025,Dhurandhar,Aditya Dhar,Ranveer Singh; Akshaye Khanna; Sanjay Dutt; Arjun Rampal; R. Madhavan; Sara Arjun; Rakesh Bedi,"₹1,349.65 crore",1349.65
2025,Kis Kisko Pyaar Karoon 2,Anukalp Goswami,Kapil Sharma; Manjot Singh; Hira Warina; Tridha Choudhury; Parul Gulati; Ayesha Khan,,
2025,Saali Mohabbat,Tisca Chopra,Radhika Apte; Divyenndu; Anshumaan Pushkar; Anurag Kashyap,,
2025,The Great Shamsuddin Family,Anusha Rizvi,Kritika Kamra; Shreya Dhanwanthary; Sheeba Chaddha; Farida Jalal; Purab Kohli,,
2025,Raat Akeli Hai: The Bansal Murders,Honey Trehan,Nawazuddin Siddiqui; Radhika Apte; Chitrangada Singh; Rajat Kapoor; Revathi; Deepti Naval; Sanjay Kapoor,,
2025,Durlabh Prasad Ki Dusri Shadi,Siddhant Raj Singh,Sanjay Mishra; Mahima Chaudhry,,
2025,Tu Meri Main Tera Main Tera Tu Meri,Sameer Vidwans,Kartik Aaryan; Ananya Panday; Neena Gupta; Jackie Shroff,,
2001,Lagaan,,,₹ 65.97 crore (US$13.98 million),65.97
