year,movie,imdb_rating,imdb_votes,imdb_matched_title
2000,Aaghaaz,4.7,384,Aaghaaz
2000,Aaj Ka Ravan,4.3,50,Aaj Ka Ravan
2000,Anjaane,4.8,12,Anjaane
2000,Anokha Moti,7.8,20,Anokha Moti
2000,Apradhi Kaun,5.2,11,Apradhi Kaun
2000,Astitva,7.3,876,Astitva
2000,Baaghi,,,
2000,Badal,5.1,1715,Badal
2000,Bas Yaari Rakho,6.4,34,My Little Devil
2000,Bawandar,7.0,349,Sandstorm
2000,Beti No.1,3.9,361,Beti No. 1
2000,Bhai Thakur,4.4,13,Bhai Thakur
2000,Bichhoo,5.0,3391,Bichhoo
2000,Billa No. 786,4.2,51,Billa No. 786
2000,Bulandi,5.3,919,Bulandi
2000,Chal Mere Bhai,4.8,3925,Chal Mere Bhai
2000,Champion,4.6,754,Champion
2000,Deewane,4.7,714,Deewane
2000,Dhadkan,6.5,8960,Dhadkan
2000,Dhai Akshar Prem Ke,,,
2000,Dil Ki Dhadkan,,,
2000,Dil Pe Mat Le Yaar,5.2,262,Dil Pe Mat Le Yaar!!
2000,Dr Mukta,,,
2000,Dr. Babasaheb Ambedkar,8.8,3021,Dr. Babasaheb Ambedkar
2000,Dulhan Hum Le Jayenge,5.2,4228,Dulhan Hum Le Jayenge
2000,Fiza,6.0,4761,Fiza
2000,Gaja Gamini,4.5,844,Gaja Gamini
2000,Gang,6.3,301,Gang
2000,Ghaath,4.9,178,Ghaath
2000,Hadh Kar Di Aapne,5.3,2337,Hadh Kar Di Aapne
2000,Hamara Dil Aapke Paas Hai,5.5,2223,Hamara Dil Aapke Paas Hai
2000,Har Dil Jo Pyar Karega,5.2,5326,Har Dil Jo Pyar Karega...
2000,Hari-Bhari,6.9,131,Hari-Bhari
2000,Hera Pheri,8.2,80796,Hera Pheri
2000,Hey Ram,8.0,15186,Hey Ram
2000,Hum To Mohabbat Karega,3.1,520,Hum to Mohabbat Karega
2000,Jallad No. 1,4.7,44,Jallad No. 1
2000,Jis Desh Mein Ganga Rehta Hain,4.9,1531,Jis Desh Mein Ganga Rehta Hain
2000,Joru Ka Ghulam,5.1,1455,Joru Ka Ghulam
2000,Josh,6.1,11815,Josh
2000,Jung,4.2,510,Jung
2000,Jungle,6.1,1364,Jungle
2000,Kahin Pyaar Na Ho Jaaye,4.5,2823,Kahin Pyaar Na Ho Jaaye
2000,Kaho Naa... Pyaar Hai,6.9,18644,Kaho Naa... Pyaar Hai
2000,Kairee,,,
2000,Karobaar: The Business of Love,3.7,330,Karobaar
2000,Kharidaar,,,
2000,Khauff,4.5,469,Khauff
2000,Khiladi 420,,,
2000,Krodh,4.6,341,Krodh
2000,Kunwara,5.2,1221,Kunwara
2000,Kurukshetra,6.1,1253,Kurukshetra
2000,Kya Kehna,5.8,2457,Kya Kehna
2000,Le Chal Apne Sang,5.8,16,Le Chal Apne Sang
2000,Lekroo,8.1,17,The Child
2000,Mela,3.8,5464,Mela
2000,Meri Jung Ka Elaan,6.2,38,Meri Jung Ka Elaan
2000,Mission Kashmir,6.6,8072,Mission Kashmir
2000,Mohabbatein,7.1,37377,Mohabbatein
2000,Nidaan,6.6,25,Nidaan
2000,Papa the Great,5.5,93,Papa the Great
2000,Phir Bhi Dil Hai Hindustani,6.2,9461,Phir Bhi Dil Hai Hindustani
2000,Pukar,6.7,2818,Pukar
2000,Raja Ko Rani Se Pyar Ho Gaya,3.4,120,Raja Ko Rani Se Pyar Ho Gaya
2000,Raju Chacha,5.1,2415,Raju Chacha
2000,Refugee,5.2,2240,Refugee
2000,Saanjh,,,
2000,Shikaar,3.8,45,Shikaar
2000,Shikari,4.7,589,Shikari
2000,Snip!,5.6,135,Snip!
2000,Sultaan,5.8,83,Sultaan
2000,Tapish,6.4,31,Tapish
2000,Tarkieb,5.1,324,Tarkieb
2000,Tera Jadoo Chal Gayaa,3.2,672,Tera Jadoo Chal Gayaa
2000,The Revenge: Geeta Mera Naam,3.6,25,The Revenge: Geeta Mera Naam
2000,Tune Mera Dil Le Liyaa,3.6,24,Tune Mera Dil Le Liyaa
2000,Zindagi Zindabad,8.3,12,Zindagi Zindabad
2001,Aamdani Atthanni Kharcha Rupaiya,5.0,2049,Aamdani Atthanni Kharcha Rupaiya
2001,Aashiq,4.1,591,Aashiq
2001,Abhay,,,
2001,Ajnabee,6.4,9766,Ajnabee
2001,Aks,5.8,1917,Aks
2001,Albela,3.7,940,Albela
2001,Aśoka,,,
2001,Bas Itna Sa Khwaab Hai,3.8,698,Bas Itna Sa Khwaab Hai...
2001,Be-Lagaam,3.4,26,Be-Lagaam
2001,Bengal Tiger,5.5,47,Bengal Tiger
2001,Bhairav,5.4,44,Bhairav
2001,Chandni Bar,7.6,2943,Chandni Bar
2001,Chhupa Rustam: A Musical Thriller,4.5,149,Chhupa Rustam: A Musical Thriller
2001,Chori Chori Chupke Chupke,5.5,5918,Chori Chori Chupke Chupke
2001,Daman,,,
2001,Dattak,7.7,69,Dattak
2001,Deewaanapan,4.7,538,Deewaanapan
2001,Dil Chahta Hai,8.0,79941,Dil Chahta Hai
2001,Dil Ne Phir Yaad Kiya,3.5,150,Dil Ne Phir Yaad Kiya
2001,Ehsaas: The Feeling,5.4,136,Ehsaas: The Feeling
2001,Ek Rishtaa: The Bond of Love,5.2,1978,Bond of Love
2001,Farz,4.4,589,Farz
2001,Gadar: Ek Prem Katha,7.3,16716,Gadar: Ek Prem Katha
2001,Grahan,5.3,139,Grahan
2001,Hadh: Life on the Edge of Death,4.2,28,Hadh: Life on the Edge of Death
2001,Hum Ho Gaye Aapke,4.4,509,Hum Ho Gaye Aap Ke
2001,Indian,5.5,2931,Indian
2001,Ittefaq,3.7,122,Ittefaq
2001,Jodi No.1,5.8,2957,Jodi No.1
2001,Kabhi Khushi Kabhie Gham,7.5,63049,Kabhi Khushi Kabhie Gham...
2001,Kasam,2.9,159,Kasam
2001,Kasoor,6.1,1374,Kasoor
2001,Kuch Khatti Kuch Meethi,4.7,776,Kuch Khatti Kuch Meethi
2001,Kyo Kii Main Jhuth Nahin Bolta,5.5,2971,Kyo Kii... Main Jhuth Nahin Bolta
2001,Lagaan: Once Upon a Time in India,8.1,129443,Lagaan: Once Upon a Time in India
2001,Lajja,6.6,3108,Lajja
2001,Love Ke Liye Kuchh Bhi Karega,,,
2001,Love You Hamesha,,,
2001,Maya,7.1,311,Maya
2001,Moksha,,,
2001,Monsoon Wedding,7.3,27377,Monsoon Wedding
2001,Mujhe Kucch Kehna Hai,4.7,1434,Mujhe Kucch Kehna Hai
2001,Mujhe Meri Biwi Se Bachaao,3.4,117,Mujhe Meri Biwi Se Bachaao
2001,Nayak,8.2,43,Nayak
2001,Officer,4.3,176,Officer
2001,One 2 Ka 4,5.5,6205,One 2 Ka 4
2001,Paagalpan,6.6,64,Paagalpan
2001,Pyaar Ishq Aur Mohabbat,4.3,757,Pyaar Ishq Aur Mohabbat
2001,Pyaar Tune Kya Kiya,5.7,1031,Pyaar Tune Kya Kiya...
2001,Pyaar Zindagi Hai,6.5,68,Pyaar Zindagi Hai
2001,Rahul,5.4,309,Rahul
2001,Rehnaa Hai Terre Dil Mein,7.5,10130,Rehnaa Hai Terre Dil Mein
2001,Style,6.7,2401,Style
2001,Tamboo Mein Bamoo,7.6,21,Tamboo Mein Bamoo
2001,Tera Mera Saath Rahen,5.1,394,Tera Mera Saath Rahen
2001,Tere Liye,5.4,71,Tere Liye
2001,Tum Bin,,,
2001,Yaadein,4.2,4050,Yaadein...
2001,Yeh Raaste Hain Pyaar Ke,4.1,897,Yeh Raaste Hain Pyaar Ke
2001,Yeh Teraa Ghar Yeh Meraa Ghar,6.0,1117,Yeh Teraa Ghar Yeh Meraa Ghar
2001,Yeh Zindagi Ka Safar,3.7,170,Yeh Zindagi Ka Safar
2001,Zubeidaa,6.6,1877,Zubeidaa
2002,16 December,7.0,1481,16 December
2002,23rd March 1931: Shaheed,5.4,894,23rd March 1931: Shaheed
2002,Aankhen,7.4,14805,Aankhen
2002,Aap Mujhe Achche Lagne Lage,3.2,2990,Aap Mujhe Achche Lagne Lage
2002,Ab Ke Baras,3.5,269,Ab Ke Baras
2002,Agni Varsha,4.6,433,Agnivarsha: The Fire and the Rain
2002,Akhiyon Se Goli Maare,5.2,1361,Akhiyon Se Goli Maare
2002,Annarth,3.1,179,Annarth
2002,Ansh: The Deadly Part,6.5,78,Ansh: The Deadly Part
2002,Awara Paagal Deewana,6.3,10089,Awara Paagal Deewana
2002,Badhaai Ho Badhaai,4.7,845,Badhaai Ho Badhaai
2002,Bollywood Queen,4.7,537,Bollywood Queen
2002,Chalo Ishq Ladaaye,4.5,695,Chalo Ishq Ladaaye
2002,Chor Machaaye Shor,4.4,1448,Chor Machaaye Shor
2002,Company,7.9,17241,Company
2002,Deewangee,6.5,3383,Deewangee
2002,Desh Devi,8.3,16,Desh Devi
2002,Devdas,7.6,52230,Devdas
2002,Dil Hai Tumhaara,5.7,2437,Dil Hai Tumhara
2002,Dil Vil Pyar Vyar,5.4,580,Dil Vil Pyar Vyar
2002,Durga,5.3,24,Durga
2002,Ek Chhotisi Love Story,3.1,654,Ek Chhotisi Love Story
2002,Encounter: The Killing,6.0,201,Encounter: The Killing
2002,Filhaal,5.7,315,Filhaal...
2002,Ghaav: The Wound,6.6,27,Ghaav: The Wound
2002,Gunaah,3.5,484,Gunaah
2002,Haan Maine Bhi Pyaar Kiya,3.7,1622,Haan Maine Bhi Pyaar Kiya
2002,Hathyar,,,
2002,Hum Kisise Kum Nahin,4.2,1723,Hum Kisi Se Kum Nahin
2002,Hum Pyar Tumhi Se Kar Baithe,5.4,64,Hum Pyar Tumhi Se Kar Baithe
2002,Hum Tumhare Hain Sanam,5.4,8427,Hum Tumhare Hain Sanam
2002,Humraaz,6.5,4240,Humraaz
2002,Jaani Dushman: Ek Anokhi Kahani,2.8,4521,Jaani Dushman: Ek Anokhi Kahani
2002,Jeena Sirf Merre Liye,3.9,914,Jeena Sirf Merre Liye
2002,Kaante,6.6,5788,Kaante
2002,Kabhie Tum Kabhie Hum,4.2,22,Kabhie Tum Kabhie Hum
2002,Karz: The Burden of Truth,3.9,532,Karz: The Burden of Truth
2002,Kehtaa Hai Dil Baar Baar,4.7,216,Kehtaa Hai Dil Baar Baar
2002,Kitne Door Kitne Paas,4.5,392,Kitne Door... Kitne Paas
2002,Koi Mere Dil Se Poochhe,3.5,352,Koi Mere Dil Se Poochhe
2002,Kranti,4.0,492,Kranti
2002,Kuch Tum Kaho Kuch Hum Kahein,6.0,786,Kuch Tum Kaho Kuch Hum Kahein
2002,Kya Yehi Pyaar Hai,4.3,592,Kya Yehi Pyaar Hai
2002,Kyaa Dil Ne Kahaa,2.9,341,Kyaa Dil Ne Kahaa
2002,Lal Salaam,5.9,123,Lal Salaam
2002,Maa Tujhhe Salaam,3.8,1459,Maa Tujhhe Salaam
2002,Maine Dil Tujhko Diya,4.0,1374,Maine Dil Tujhko Diya
2002,Makdee,7.5,2569,The Web of the Witch
2002,Maseeha,4.2,115,Maseeha
2002,Mere Yaar Ki Shaadi Hai,5.4,2719,Mere Yaar Ki Shaadi Hai
2002,"Mitr, My Friend",6.8,292,Mitr: My Friend
2002,Mohabbat Ho Gayi Hai Tumse,,,
2002,Mujhse Dosti Karoge!,5.1,7076,Mujhse Dosti Karoge!
2002,Mulaqaat,3.5,16,Mulaqaat
2002,Na Tum Jaano Na Hum,4.9,3212,Na Tum Jaano Na Hum
2002,Om Jai Jagadish,5.5,2331,Om Jai Jagadish
2002,Pitaah,6.4,830,Pitaah
2002,Pyaar Diwana Hota Hai,4.0,463,Pyaar Diwana Hota Hai
2002,Pyaasa,3.1,120,Pyaasa
2002,Raaz,6.6,5183,Raaz
2002,Reshma Aur Sultan,,,
2002,Rishtey,4.9,1193,Rishtey
2002,Road,5.7,1474,Road
2002,Saathiya,6.8,9581,Saathiya
2002,Shaheed-E-Azam,7.6,50,Shaheed-E-Azam
2002,Shakti - The Power,,,
2002,Shararat,4.8,547,Shararat
2002,Soch,4.2,123,Soch
2002,Sur: The Melody of Life,6.6,628,Sur
2002,The Legend of Bhagat Singh,8.2,18332,The Legend of Bhagat Singh
2002,Tum Se Achcha Kaun Hai,4.9,323,Tum Se Achcha Kaun Hai
2002,Tumko Na Bhool Paayenge,5.7,3721,Tumko Na Bhool Paayenge
2002,Waah! Tera Kya Kehna,3.8,404,Waah! Tera Kya Kehna
2002,Yeh Dil Aashiqanaa,4.6,438,Yeh Dil Aashiqanaa
2002,Yeh Hai Jalwa,4.8,3139,Yeh Hai Jalwa
2002,Yeh Kaisi Mohabbat,4.2,48,Yeh Kaisi Mohabbat
2002,Yeh Kya Ho Raha Hai?,4.7,283,Yeh Kya Ho Raha Hai?
2002,Yeh Mohabbat Hai,5.2,97,Yeh Mohabbat Hai
2002,Zindagi Khoobsoorat Hai,5.7,67,Zindagi Khoobsoorat Hai
2003,2 October,5.5,51,2 October
2003,3 Deewarein,7.8,2749,3 Deewarein
2003,88 Antop Hill,4.8,91,88 Antop Hill
2003,Aaj Ka Andha Kanoon,,,
2003,Aanch,5.6,149,Aanch
2003,Aapko Pehle Bhi Kahin Dekha Hai,4.7,356,Aapko Pehle Bhi Kahin Dekha Hai
2003,Andaaz,5.3,2994,Andaaz
2003,Armaan,5.3,1277,Armaan
2003,Baaz: A Bird in Danger,3.5,468,Baaz: A Bird in Danger
2003,Baghban,7.4,18905,Baghban
2003,Bas Yun Hi,5.6,64,Bas Yun Hi
2003,Basti,7.1,36,Basti
2003,Bhoot,6.4,4540,Bhoot
2003,Boom,2.3,1641,Boom
2003,Calcutta Mail,5.7,562,Calcutta Mail
2003,Chalte Chalte,6.5,17754,Chalte Chalte
2003,Chori Chori,4.9,1016,Chori Chori
2003,Chupke Se,5.7,131,Chupke Se
2003,Chura Liyaa Hai Tumne,3.8,533,Captured by You
2003,Darna Mana Hai,6.3,4886,Darna Mana Hai
2003,Dhoop,7.6,289,Dhoop
2003,Dhund,,,
2003,Dil Ka Rishta,4.9,2206,Dil Ka Rishta
2003,Dil Pardesi Ho Gayaa,4.1,129,Dil Pardesi Ho Gayaa
2003,Dum,5.7,1887,Dum
2003,Ek Alag Mausam,7.2,60,Ek Alag Mausam
2003,Ek Aur Ek Gyarah,,,
2003,Ek Din 24 Ghante,3.9,90,Ek Din 24 Ghante
2003,Escape from Taliban,4.4,243,Escape from Taliban
2003,Footpath,5.5,1131,Footpath
2003,Fun2shh... Dudes in the 10th Century,4.8,1177,Dudes in the 10th Century
2003,Gangaajal,7.8,19129,Gangaajal
2003,Haasil,7.6,3337,Haasil
2003,Hawa,3.4,404,Hawa
2003,Hawayein,7.4,326,Hawayein
2003,Humein Tumse Pyar Ho Gaya Chupke Chupke,2.2,43,Humein Tumse Pyar Ho Gaya Chupke Chupke
2003,Hungama,7.6,19092,Hungama
2003,Indian Babu,4.8,64,Indian Babu
2003,Inteha,5.3,217,Inteha
2003,Ishq Vishk,6.1,4967,Ishq Vishk
2003,Jaal: The Trap,4.5,732,Jaal: The Trap
2003,Jajantaram Mamantaram,6.1,3165,Jajantaram Mamantaram
2003,Janasheen,3.2,465,Janasheen
2003,Jhankaar Beats,7.1,2263,Jhankaar Beats
2003,Jism,5.3,2539,Jism
2003,Jodi Kya Banayi Wah Wah Ramji,4.1,63,Jodi Kya Banayi Wah Wah Ramji
2003,Joggers Park,6.2,422,Joggers' Park
2003,Kagaar: Life on the Edge,5.6,67,Kagaar: Life on the Edge
2003,Kahan Ho Tum,4.2,32,Kahan Ho Tum
2003,Kaise Kahoon Ke... Pyaar Hai,4.0,56,Kaise Kahoon Ke... Pyaar Hai
2003,Kal Ho Naa Ho,7.9,81762,Kal Ho Naa Ho
2003,Kash Aap Hamare Hote,5.0,108,Kash... Aap Hamare Hote
2003,Khanjar: The Knife,,,
2003,Khel – No Ordinary Game,,,
2003,Khushi,7.5,48,Khushi
2003,Khwahish,4.2,248,Khwahish
2003,Koi... Mil Gaya,7.2,31385,Koi... Mil Gaya
2003,Kucch To Hai,4.4,1109,Kucch To Hai
2003,Kuch Naa Kaho,5.4,2538,Kuch Naa Kaho
2003,LOC: Kargil,5.5,3721,LOC: Kargil
2003,Love at Times Square,2.3,253,Love at Times Square
2003,Main Madhuri Dixit Banna Chahti Hoon,6.3,575,Main Madhuri Dixit Banna Chahti Hoon!
2003,Main Prem Ki Diwani Hoon,3.8,5603,Main Prem Ki Diwani Hoon
2003,Market,4.0,170,Market
2003,Mudda: The Issue,4.2,39,Mudda: The Issue
2003,Mumbai Matinee,5.1,310,Mumbai Matinee
2003,Mumbai Se Aaya Mera Dost,3.3,662,Mumbai Se Aaya Mera Dost
2003,Munna Bhai M.B.B.S.,8.2,98233,Munna Bhai M.B.B.S.
2003,Nayee Padosan,5.6,488,Nayee Padosan
2003,Om,4.3,49,Om
2003,Oops!,3.2,116,Oops!
2003,Out of Control,3.3,306,Out of Control
2003,Paap,5.3,995,Paap
2003,Parwana,2.6,359,Parwana
2003,Patth,4.9,50,Patth
2003,Pinjar,7.9,3146,Pinjar
2003,Praan Jaye Par Shaan Na Jaye,,,
2003,Qayamat: City Under Threat,4.8,2742,Qayamat: City Under Threat
2003,Raghu Romeo,6.9,749,Raghu Romeo
2003,Raja Bhaiya,3.8,280,Raja Bhaiya
2003,Rules: Pyaar Ka Superhit Formula,6.3,350,Rules: Pyaar Ka Superhit Formula
2003,Saaya,5.8,1167,Saaya
2003,Samay: When Time Strikes,7.1,2148,Samay: When Time Strikes
2003,Satta,6.8,659,Satta
2003,Sssshhh...,4.4,465,Sssshhh...
2003,Supari,4.3,182,Supari
2003,Tada,5.3,47,Tada
2003,Talaash: The Hunt Begins...,4.3,1708,Talaash: The Hunt Begins...
2003,Tehzeeb,5.7,600,Etiquette
2003,Tere Naam,7.2,22648,In Your Name
2003,The Hero: Love Story of a Spy,5.5,2841,The Hero: Love Story of a Spy
2003,The Perfect Husband,6.1,19,The Perfect Husband
2003,Tujhe Meri Kasam,6.2,615,Tujhe Meri Kasam
2003,Tumse Milke Wrong Number,,,
2003,Waisa Bhi Hota Hai Part II,7.4,870,It Happens That Way Too: Part II
2003,Xcuse Me,5.8,1061,Xcuse Me
2003,Yeh Dil,4.2,269,Yeh Dil
2003,Zameen,5.4,1828,Zameen
2004,""" Mysteries Shaque """,5.2,18,Mysteries Shaque
2004,AK-47,5.2,61,AK 47
2004,Aabra Ka Daabra,2.7,455,Aabra Ka Daabra
2004,Aan: Men at Work,5.8,3535,Aan: Men at Work
2004,Ab Tak Chappan,,,
2004,Ab Tumhare Hawale Watan Saathiyo,4.5,1991,Ab Tumhare Hawale Watan Saathiyo
2004,Ab... Bas!,3.2,103,Ab... Bas!
2004,Aetbaar,4.7,1269,Aetbaar
2004,Agnipankh,4.8,143,Agni Pankh
2004,Aitraaz,6.6,11692,Aitraaz
2004,Asambhav,3.8,697,Asambhav
2004,Bardaasht,5.9,854,Bardaasht
2004,Bhola in Bollywood,6.7,27,Bhola in Bollywood
2004,Chameli,6.8,2676,Chameli
2004,Chand Bujh Gaya,6.7,81,Chand Bujh Gaya
2004,Charas,,,
2004,Deewaar,,,
2004,Dev,6.6,1570,Dev
2004,Dhoom,6.7,24749,Dhoom
2004,Dil Bechara Pyaar Ka Maara,5.2,65,Dil Bechara Pyaar Ka Maara
2004,Dil Maange More,5.2,2260,Dil Maange More!!!
2004,Dil Ne Jise Apna Kahaa,,,
2004,Dobara,4.2,201,Dobara
2004,Dukaan,,,
2004,Ek Hasina Thi,7.5,8461,Ek Hasina Thi
2004,Ek Se Badhkar Ek,4.6,214,Ek Se Badhkar Ek
2004,Fida,5.5,3209,Fida
2004,Garv,,,
2004,Gayab,4.4,961,Gayab
2004,Girlfriend,3.3,407,Girlfriend
2004,Hatya,,,
2004,Hava Aney Dey,6.2,139,Let the Wind Blow
2004,Hawas,3.0,241,Hawas
2004,Hulchul,7.1,10936,Hulchul
2004,Hum Tum,7.0,16170,Hum Tum
2004,Hyderabad Blues 2,6.2,263,Hyderabad Blues 2
2004,I Proud to Be an Indian,6.1,650,I: Proud to Be an Indian
2004,Insaaf: The Justice,3.0,119,Insaaf: The Justice
2004,Inteqam: The Perfect Game,4.9,120,Inteqam: The Perfect Game
2004,Ishq Hai Tumse,3.5,199,Ishq Hai Tumse
2004,Jaago,6.6,211,Jaago
2004,Julie,4.1,505,Julie
2004,Kaash... Hamara Dil Pagal Na Hota,5.5,17,Kaash... Hamara Dil Pagal Na Hota
2004,Kaun Hai Jo Sapno Mein Aaya,5.9,70,Kaun Hai Jo Sapno Mein Aaya
2004,Kaya Taran,,,
2004,Khakee,7.4,17502,Khakee
2004,Khamosh Pani,7.5,1319,Silent Waters
2004,King of Bollywood,5.3,117,King of Bollywood
2004,Kis Kis Ki Kismat,2.7,176,Kis Kis Ki Kismat
2004,Kismat,4.0,596,Kismat
2004,Kiss Kis Ko,5.6,38,Kiss Kis Ko
2004,Krishna Cottage,5.3,1734,Krishna Cottage
2004,Kyun! Ho Gaya Na...,4.3,2037,Look What's Happened Now
2004,Lakeer – Forbidden Lines,4.7,1195,Lakeer: Forbidden Lines
2004,Lakshya,7.8,28088,Lakshya
2004,Let's Enjoy,6.6,127,Let's Enjoy
2004,Madhoshi,4.6,515,Madhoshi
2004,Main Hoon Na,7.1,44907,Main Hoon Na
2004,Maqbool,8.0,15729,Maqbool
2004,Masti,6.2,7713,Masti
2004,Meenaxi: A Tale of Three Cities,,,
2004,Meri Biwi Ka Jawaab Nahin,,,
2004,Morning Raga,6.8,327,Morning Raga
2004,Mujhse Shaadi Karogi,6.7,18869,Mujhse Shaadi Karogi
2004,Murder,5.6,7742,Murder
2004,Musafir,5.6,2095,Musafir
2004,Muskaan,4.5,273,Muskaan
2004,Naach,4.4,643,Naach
2004,Netaji Subhas Chandra Bose: The Forgotten Hero,7.6,1453,Netaji Subhas Chandra Bose: The Forgotten Hero
2004,Paap,5.3,995,Paap
2004,Paisa Vasool,4.3,184,Paisa Vasool
2004,Phir Milenge,6.2,2563,Phir Milenge
2004,Plan,4.4,1074,Plan
2004,Police Force: An Inside Story,4.2,858,Police Force: An Inside Story
2004,Popcorn Khao! Mast Ho Jao,3.9,102,Popcorn Khao! Mast Ho Jao
2004,Raincoat,7.7,5931,Raincoat
2004,Rakht,3.8,773,Rakht
2004,Rok Sako To Rok Lo,4.4,1917,Rok Sako To Rok Lo
2004,Rudraksh,2.8,1541,Rudraksh
2004,Run,5.0,1620,Run
2004,Shaadi Ka Laddoo,4.7,120,Shaadi Ka Laddoo
2004,Shart: The Challenge,3.6,187,Shart: The Challenge
2004,Sheen,6.6,108,Sheen
2004,Shikaar,4.9,51,Shikaar
2004,Shukriya: Till Death Do Us Apart,5.0,205,Shukriya: Till Death Do Us Apart
2004,Silence Please...The Dressing Room,3.7,22,Silence Please... The Dressing Room
2004,Stop!,4.7,46,Stop!
2004,Suno Sasurjee,,,
2004,Swades,8.2,106197,Swades
2004,Taarzan: The Wonder Car,5.0,6566,Taarzan: The Wonder Car
2004,Tauba Tauba,2.1,138,Tauba Tauba
2004,Thoda Tum Badlo Thoda Hum,5.2,38,Thoda Tum Badlo Thoda Hum
2004,Tumsa Nahin Dekha: A Love Story,,,
2004,Uuf Kya Jaadoo Mohabbat Hai,5.5,55,Uuf Kya Jaadoo Mohabbat Hai...
2004,Vaastu Shastra,5.0,799,Vaastu Shastra
2004,Veer-Zaara,7.8,66719,Veer Zaara
2004,Wajahh: A Reason to Kill,4.5,92,Wajahh: A Reason to Kill
2004,Woh,4.8,60,WOH
2004,Yeh Lamhe Judaai Ke,3.1,2073,Yeh Lamhe Judaai Ke
2004,Yuva,7.3,9812,Yuva
2005,7½ Phere,,,
2005,99.9 FM,5.1,50,99.9 FM
2005,Aashiq Banaya Aapne,,,
2005,Amavas,,,
2005,Anjaane,,,
2005,Apaharan,7.4,5608,Apaharan
2005,Bachke Rehna Re Baba,2.8,248,Bachke Rehna Re Baba
2005,Barsaat,,,
2005,Bewafaa,4.2,2832,Bewafaa
2005,Bhagmati,6.1,72,Bhagmati
2005,Black,8.1,37535,Black
2005,Blackmail,4.7,780,Blackmail
2005,Bluffmaster!,6.6,7066,Bluffmaster
2005,Bullet: Ek Dhamaka,3.7,66,Bullet: Ek Dhamaka
2005,Bunty Aur Babli,6.3,9236,Bunty Aur Babli
2005,Chaahat – Ek Nasha,4.0,101,Chaahat Ek Nasha...
2005,Chand Sa Roshan Chehra,6.0,94,Chand Sa Roshan Chehra
2005,Chehraa,4.3,194,Chehraa
2005,Chetna: The Excitement,3.2,60,Chetna: The Excitement
2005,Chocolate,3.6,11,Chocolate
2005,Classic – Dance of Love,5.3,69,Classic Dance of Love
2005,Dansh,7.4,69,Dansh
2005,Deewane Huye Paagal,5.7,6718,Deewane Huye Paagal
2005,Dil Jo Bhi Kahey...,4.7,404,Dil Jo Bhi Kahey...
2005,Dosti: Friends Forever,5.3,2900,Dosti: Friends Forever
2005,Double Cross - Ek Dhoka,4.0,61,Double Cross: Ek Dhoka
2005,Dreams,3.7,121,Dreams
2005,Dus,5.5,3783,Dus
2005,Ek Ajnabee,5.3,1896,Ek Ajnabee
2005,Ek Khiladi Ek Haseena,5.7,710,Ek Khiladi Ek Haseena
2005,Elaan,4.6,857,Elaan
2005,Fareb,4.3,221,Fareb
2005,Film Star,5.6,80,Film Star
2005,Fun – Can Be Dangerous Sometimes,3.5,90,Fun: Can Be Dangerous Sometimes
2005,Garam Masala,6.8,19285,Garam Masala
2005,Hazaaron Khwaishein Aisi,7.9,5598,Hazaaron Khwaishein Aisi
2005,Home Delivery,,,
2005,Hum Dum,6.2,118,Hum Dum
2005,Hum Tum Aur Mom,,,
2005,Insan,4.6,1623,Insan
2005,Iqbal,8.1,18417,Iqbal
2005,Jackpot,6.2,22,Jackpot
2005,Jalwa - Fun in Love,4.9,17,Jalwa: Fun in Love
2005,James,3.8,392,James
2005,Jo Bole So Nihaal,3.7,891,Jo Bole So Nihaal
2005,Jurm,5.5,668,Jurm
2005,Kaal,4.8,6570,Kaal
2005,Kalyug,6.5,3631,Kalyug
2005,Karam,5.8,1578,Karam
2005,Kasak,4.7,72,Kasak
2005,Khamoshh... Khauff Ki Raat,3.6,325,Khamoshh... Khauff Ki Raat
2005,Khullam Khulla Pyaar Karen,4.2,411,Khullam Khulla Pyaar Karen
2005,Kisna: The Warrior Poet,4.6,1536,Kisna: The Warrior Poet
2005,Koi Aap Sa,,,
2005,Koi Mere Dil Mein Hai,4.2,123,Koi Mere Dil Mein Hai
2005,Kuchh Meetha Ho Jaye,3.5,335,Kuchh Meetha Ho Jaye
2005,Kyaa Kool Hai Hum,6.1,4143,Kyaa Kool Hai Hum
2005,Kyon Ki,5.6,5369,Kyon Ki...
2005,Lucky: No Time for Love,4.7,4121,Lucky: No Time for Love
2005,Main Aisa Hi Hoon,5.0,1256,Main Aisa Hi Hoon
2005,"Main, Meri Patni Aur Woh",7.3,2823,"Main, Meri Patni... Aur Woh!"
2005,Maine Gandhi Ko Nahin Mara,7.3,804,I Did Not Kill Gandhi
2005,Maine Pyaar Kyun Kiya?,5.6,6525,Maine Pyaar Kyun Kiya
2005,Mangal Pandey: The Rising,6.5,11084,Mangal Pandey
2005,Mashooka,5.1,46,Mashooka
2005,Mazaa Mazaa,2.9,90,Mazaa Mazaa
2005,Mr Prime Minister,5.3,69,Mr Prime Minister
2005,Mr Ya Miss,3.8,595,Mr Ya Miss
2005,Mumbai Godfather,3.7,29,Mumbai Godfather
2005,Mumbai Xpress,,,
2005,My Brother... Nikhil,7.3,1404,My Brother... Nikhil
2005,My Wife's Murder,6.1,1031,My Wife's Murder
2005,Naam Gum Jaayega,6.2,109,Naam Gum Jaayega
2005,Naina,4.3,925,Naina
2005,Neal 'n' Nikki,3.2,1887,Neal 'n' Nikki
2005,Nigehbaan: The Third Eye,2.5,35,Nigehbaan: The Third Eye
2005,No Entry,6.6,14075,No Entry
2005,Padmashree Laloo Prasad Yadav,2.5,251,Padmashree Laloo Prasad Yadav
2005,Page 3,7.3,7175,Page 3
2005,Paheli,6.4,15207,Paheli
2005,Parineeta,7.2,10100,Parineeta
2005,Pehchaan: The Face of Truth,5.9,79,Pehchaan: The Face of Truth
2005,Pyaar Mein Twist,5.6,216,Pyaar Mein Twist
2005,Ramji Londonwale,,,
2005,Revati,5.2,44,Revati
2005,Rog,5.2,657,Rog
2005,Saathi: The Companion,,,
2005,Salaam Namaste,6.2,8868,Salaam Namaste
2005,Sarkar,7.6,18801,Sarkar
2005,Sau Jhooth Ek Sach,7.4,89,Sau Jhooth Ek Sach
2005,Sauda - The Deal,5.0,12,Sauda: The Deal
2005,Sehar,7.7,2622,Sehar
2005,Shaadi No. 1,3.6,1133,Shaadi No. 1
2005,Shabd,5.0,1628,Shabd
2005,Shabnam Mausi,6.6,78,Shabnam Mausi
2005,Sheesha,3.5,306,Sheesha
2005,Shikhar,5.2,1300,Shikhar
2005,Silsiilay,4.2,819,Silsiilay
2005,Sitam,3.3,42,Sitam
2005,Socha Na Tha,7.4,8307,Socha Na Tha
2005,Ssukh,4.9,80,Ssukh
2005,Taj Mahal: An Eternal Love Story,5.0,269,Taj Mahal: An Eternal Love Story
2005,Tango Charlie,6.1,2553,Tango Charlie
2005,Tezaab – The Acid of Love,6.0,7,Tezaab: The Acid of Love
2005,The Film,6.4,96,The Film
2005,Time Pass,4.3,53,Time Pass
2005,Topless,3.3,21,Topless
2005,"U, Bomsi n Me",7.4,20,"U, Bomsi N Me"
2005,Vaada,6.0,1000,Vaada
2005,Vaah! Life Ho Toh Aisi!,4.9,6697,Vaah! Life Ho Toh Aisi!
2005,Viruddh... Family Comes First,7.0,2307,Viruddh... Family Comes First
2005,Waqt: The Race Against Time,6.8,14461,Waqt: The Race Against Time
2005,Water,7.7,15810,Water
2005,White Rainbow,7.5,136,White Rainbow
2005,Yahaan,7.5,1286,...Yahaan
2005,Yakeen,5.8,852,Yakeen
2005,Zameer: The Fire Within,,,
2005,Zeher,5.6,2574,Zeher
2006,36 China Town,5.8,5889,36 China Town
2006,Aap Ki Khatir,4.0,1103,Aap Ki Khatir
2006,Aatma,4.5,147,Aatma
2006,Ahista Ahista,6.9,1799,Ahista Ahista
2006,Aisa Kyon Hota Hai?,3.5,25,Aisa Kyon Hota Hai?
2006,Aksar,5.0,1627,Aksar
2006,Alag,,,
2006,Ankahee,4.6,458,Ankahee
2006,Anthony Kaun Hai?,5.1,736,Anthony Kaun Hai?
2006,Apna Sapna Money Money,5.5,2556,Apna Sapna Money Money
2006,Aryan,,,
2006,Baabul,5.4,3864,Baabul
2006,Banaras,6.2,376,Banaras
2006,Bas Ek Pal,5.8,584,Bas Ek Pal
2006,Being Cyrus,7.1,3167,Being Cyrus
2006,Bhagam Bhag,6.8,17637,Bhagam Bhag
2006,Bhoot Unkle,4.9,467,Bhoot Unkle
2006,Chand Ke Paar Chalo,7.7,88,Chand Ke Paar Chalo
2006,Chingaari,4.7,249,Chingaari
2006,Chup Chup Ke,7.1,15763,Chup Chup Ke
2006,Corporate,6.6,2236,Corporate
2006,Darna Zaroori Hai,5.5,2951,Darna Zaroori Hai
2006,Darwaaza Bandh Rakho,,,
2006,Deadline: Sirf 24 Ghante,6.3,727,Deadline: Sirf 24 Ghante
2006,Devaki,4.3,42,Devaki
2006,Dhoom 2,6.6,32991,Dhoom 2
2006,Dil Diya Hai,3.9,613,Dil Diya Hai
2006,Don: The Chase Begins Again,,,
2006,Dor,7.9,6481,Dor
2006,Eight: The Power of Shani,,,
2006,Fanaa,7.1,37077,Fanaa
2006,Fight Club: Members Only,3.6,1728,Fight Club: Members Only
2006,Gangster: A Love Story,,,
2006,Golmaal: Fun Unlimited,7.5,21586,Golmaal: Fun Unlimited
2006,Holiday,6.4,569,Holiday
2006,Humko Deewana Kar Gaye,5.2,4610,Humko Deewana Kar Gaye
2006,Humko Tumse Pyaar Hai,5.4,736,Humko Tumse Pyaar Hai
2006,I See You,4.4,1271,I See You
2006,Iqraar by Chance,5.0,56,Iqraar: By Chance
2006,Jaadu Sa Chal Gaya,,,
2006,Jaan-E-Mann,,,
2006,Jaana - Let's Fall In Love,6.1,45,Jaana... Let's Fall in Love
2006,Jaane Hoga Kya,3.2,239,Jaane Hoga Kya
2006,Jawani Diwani: A Youthful Joyride,2.9,588,Jawani Diwani: A Youthful Joyride
2006,Jigyaasa,3.8,289,Jigyaasa
2006,Kabhi Alvida Naa Kehna,6.1,24919,Kabhi Alvida Naa Kehna
2006,Kabul Express,6.8,4021,Kabul Express
2006,Khosla Ka Ghosla,8.2,27210,Khosla Ka Ghosla!
2006,Krishna,6.5,96,Krishna
2006,Krrish,6.5,28355,Krrish
2006,Kudiyon Ka Hai Zamana,,,
2006,Lage Raho Munna Bhai,8.0,53469,Lage Raho Munna Bhai
2006,Love Ke Chakkar Mein,4.5,51,Love Ke Chakkar Mein
2006,Malamaal Weekly,7.1,9201,Malamaal Weekly
2006,Mere Jeevan Saathi,3.4,1123,Mere Jeevan Saathi
2006,Naksha,3.7,1512,Naksha
2006,Omkara,8.0,23929,Omkara
2006,Phir Hera Pheri,7.4,32162,Phir Hera Pheri
2006,Pyaar Ke Side Effects,6.8,3357,Pyaar Ke Side Effects
2006,Pyare Mohan,3.5,1083,Pyare Mohan
2006,Rafta Rafta – The Speed,,,
2006,Rang De Basanti,8.1,126668,Rang De Basanti
2006,Rocky,4.1,399,Rocky
2006,Saawan... The Love Season,2.7,1546,Saawan... The Love Season
2006,Sacred Evil – A True Story,,,
2006,Sandwich,5.6,1252,Sandwich
2006,Sarhad Paar,3.9,149,Sarhad Paar
2006,Shaadi Karke Phas Gaya Yaar,4.1,1633,Shaadi Karke Phas Gaya Yaar
2006,Shaadi Se Pehle,4.4,994,Shaadi Se Pehle
2006,Shiva,4.1,402,Shiva
2006,Souten: The Other Woman,5.2,64,Souten: The Other Woman
2006,Tathastu,4.5,571,Tathastu
2006,Taxi No. 9211,,,
2006,Teesri Aankh: The Hidden Camera,2.8,380,Teesri Aankh: The Hidden Camera
2006,The Killer,4.8,1456,The Killer
2006,The Real Dream Girls,,,
2006,"Tom, Dick, and Harry",3.3,693,"Tom, Dick, and Harry"
2006,Umar,5.5,86,Umar
2006,Umrao Jaan,5.4,2173,Umrao Jaan
2006,Unns...Means Love,,,
2006,Utthaan,4.5,44,Utthaan
2006,Vivah,6.7,12140,Vivah
2006,Woh Lamhe...,6.5,1748,Woh Lamhe ...
2006,Yun Hota Toh Kya Hota,6.4,804,What If?
2006,Zinda,4.8,3976,Zinda
2006,Zindaggi Rocks,5.0,273,Zindaggi Rocks
2007,1971,8.2,3060,1971
2007,50 Lakh,6.6,95,50 Lakh
2007,Aag,,,
2007,Aaja Nachle,6.2,3857,Aaja Nachle
2007,Aap Kaa Surroor,,,
2007,Aggar,,,
2007,Anwar,6.5,1283,Anwar
2007,Apna Asmaan,6.1,198,Apna Asmaan
2007,Apne,6.1,3847,Apne
2007,Aur Pappu Paas Ho Gaya,,,
2007,Awarapan,7.4,9633,Awarapan
2007,Bal Ganesh,7.7,4741,Bal Ganesh
2007,Bheja Fry,7.6,12723,Bheja Fry
2007,Bhool Bhulaiyaa,7.5,38656,Bhool Bhulaiyaa
2007,Big Brother,4.2,1040,Big Brother
2007,Black Friday,,,
2007,Buddha Mar Gaya,2.9,454,Buddha Mar Gaya
2007,Cash,3.5,2204,Cash
2007,Chain Kulii Ki Main Kulii,6.1,3765,Chain Kulii Ki Main Kulii
2007,Chak De! India,8.1,91958,Chak De! India
2007,Cheeni Kum,6.8,6011,Cheeni Kum
2007,Chhodon Naa Yaar,3.8,138,Chhodon Naa Yaar
2007,Darling,6.5,1573,Darling
2007,Delhii Heights,4.3,212,Delhii Heights
2007,Dhamaal,7.5,22615,Dhamaal
2007,Dharm,8.0,1244,Religion
2007,Dhokha,6.2,526,Dhokha
2007,Dhol,6.6,9303,Dhol
2007,Dil Dosti Etc,6.9,3012,Dil Dosti Etc
2007,Dus Kahaniyaan,5.7,1794,Dus Kahaniyaan
2007,Ek Chalis Ki Last Local,7.3,5943,Ek Chalis Ki Last Local
2007,Eklavya: The Royal Guard,6.0,3635,Eklavya: The Royal Guard
2007,Fool & Final,,,
2007,"Gandhi, My Father",7.3,1888,"Gandhi, My Father"
2007,Gauri: The Unborn,3.8,137,Gauri: The Unborn
2007,Go,2.8,175,Go
2007,Goal,5.4,579,Goal
2007,"Good Boy, Bad Boy",4.0,2180,"Good Boy, Bad Boy"
2007,Guru,7.7,26291,Guru
2007,Haseena,,,
2007,Hattrick,4.4,550,Hattrick
2007,Heyy Babyy,6.1,17780,Heyy Babyy
2007,Honeymoon Travels Pvt. Ltd.,6.1,3180,Honeymoon Travels Pvt. Ltd.
2007,Jab We Met,7.9,65403,Jab We Met
2007,Jahan Jaaeyega Hamen Paaeyega,4.3,63,Jahan Jaaeyega Hamen Paaeyega
2007,Jhoom Barabar Jhoom,3.7,3671,Jhoom Barabar Jhoom
2007,Johnny Gaddaar,7.8,14157,Johnny Gaddaar
2007,Journey Bombay to Goa,,,
2007,Just Married,6.1,484,Just Married
2007,Kaafila,3.5,231,Kaafila
2007,Khoya Khoya Chand,6.3,610,Khoya Khoya Chand
2007,Kya Love Story Hai,3.3,435,Kya Love Story Hai
2007,Laaga Chunari Mein Daag,,,
2007,Life Mein Kabhie Kabhiee,5.8,325,Life Mein Kabhie Kabhiee
2007,Life in a... Metro,7.4,15143,Life in a Metro
2007,MP3: Mera Pehla Pehla Pyaar,7.0,2476,MP3: Mera Pehla Pehla Pyaar
2007,Manorama Six Feet Under,7.5,9725,Manorama: Six Feet Under
2007,Marigold,4.9,2195,Marigold
2007,Mumbai Salsa,5.1,197,Mumbai Salsa
2007,My Bollywood Bride,4.7,670,My Faraway Bride
2007,My Friend Ganesha,5.6,434,My Friend Ganesha
2007,Namastey London,7.1,24203,Namastey London
2007,Nanhe Jaisalmer,,,
2007,Naqaab,5.5,1726,Naqaab
2007,Nehlle Pe Dehlla,3.7,645,Nehlle Pe Dehlla
2007,Nishabd,5.3,1890,Nishabd
2007,No Smoking,7.3,11300,No Smoking
2007,Om Shanti Om,6.8,56456,Om Shanti Om
2007,Partner,5.9,15038,Partner
2007,Raqeeb,4.4,344,Raqeeb
2007,Red Swastik,3.0,254,Red Swastik
2007,Red: The Dark Side,3.6,368,Red: The Dark Side
2007,Return of Hanuman,7.6,2266,Return of Hanuman
2007,Risk,6.6,685,Risk
2007,Saawariya,5.2,8870,Saawariya
2007,Salaam-e-Ishq: A Tribute to Love,,,
2007,Say Salaam India,,,
2007,Shakalaka Boom Boom,2.6,780,Shakalaka Boom Boom
2007,Shootout at Lokhandwala,7.1,11622,Shootout at Lokhandwala
2007,Showbiz,3.7,140,Showbiz
2007,Speed,3.1,621,Speed
2007,Strangers,6.7,542,Strangers
2007,Swami,7.0,460,Swami
2007,Ta Ra Rum Pum,5.9,9978,Ta Ra Rum Pum
2007,Taare Zameen Par,8.3,232627,Like Stars on Earth
2007,The Namesake,7.5,22973,The Namesake
2007,The Train,,,
2007,Traffic Signal,6.6,1862,Traffic Signal
2007,Victoria No. 203,,,
2007,Water,5.7,273,Water
2007,Welcome,7.2,29634,Welcome
2007,Yatra,6.2,151,Yatra
2008,1920,6.5,4765,1920
2008,A Wednesday!,8.1,86032,A Wednesday
2008,Aamir,7.6,11934,Aamir
2008,Anamika,,,
2008,Bachna Ae Haseeno,6.2,13600,Bachna Ae Haseeno
2008,Bhoothnath,6.5,13170,Bhoothnath
2008,Bhram,,,
2008,Black & White,6.2,670,Black & White
2008,Bombay to Bangkok,4.7,469,Bombay to Bangkok
2008,C Kkompany,5.5,1519,C Kkompany
2008,Chamku,4.5,647,Chamku
2008,Contract,4.1,276,Contract
2008,Dasvidaniya,7.8,6814,Dasvidaniya
2008,De Taali,4.3,939,De Taali
2008,Deshdrohi,1.2,7126,Desh Drohi
2008,Dhoom Dadakka,3.2,129,Dhoom Dadakka
2008,Dil Kabaddi,5.8,773,Dil Kabaddi
2008,Don Muthu Swami,5.0,76,Don Muthu Swami
2008,Dostana,6.4,17315,Dostana
2008,Drona,2.1,2851,The Legend of Drona
2008,EMI - Liya Hai Toh Chukana Parega,,,
2008,Ek Vivaah... Aisa Bhi,5.4,612,Ek Vivaah... Aisa Bhi
2008,Fashion,6.9,13715,Fashion
2008,Ghajini,7.4,72226,Ghajini
2008,God Tussi Great Ho,3.8,5514,God Tussi Great Ho
2008,Golmaal Returns,5.3,10517,Golmaal Returns
2008,Good Luck!,3.0,27,Good Luck!
2008,Gumnaam – The Mystery,3.2,144,Gumnaam: The Mystery
2008,Haal-e-Dil,3.5,300,Haal-e-Dil
2008,Halla Bol,6.0,2515,Halla Bol
2008,Hari Puttar: A Comedy of Terrors,2.1,375,Hari Puttar: A Comedy of Terrors
2008,Hello,3.3,2429,Hello
2008,Heroes,5.7,2483,Heroes
2008,Hijack,3.9,396,Hijack
2008,Humne Jeena Seekh Liya,7.3,73,Humne Jeena Seekh Liya
2008,Jaane Tu... Ya Jaane Na,7.4,29506,Jaane Tu... Ya Jaane Na
2008,Jannat,,,
2008,Jimmy,1.7,313,Jimmy
2008,Jodhaa Akbar,7.5,36598,Jodhaa Akbar
2008,Jumbo,6.7,180,Jumbo
2008,Karzzzz,2.3,1517,Karzzzz
2008,Kidnap,4.6,2703,Kidnap
2008,Kismat Konnection,5.3,6481,Kismat Konnection
2008,Krazzy 4,4.3,2548,Krazzy 4
2008,Love Story 2050,2.7,2816,Love Story 2050
2008,Maan Gaye Mughal-e-Azam,,,
2008,Maharathi,7.0,1332,Maharathi
2008,Meerabai Not Out,3.9,106,Meerabai Not Out
2008,Mehbooba,3.9,462,Mehbooba
2008,Mere Baap Pehle Aap,5.6,3178,Mere Baap Pehle Aap
2008,Mission Istaanbul,,,
2008,Money Hai Toh Honey Hai,2.9,723,Money Hai Toh Honey Hai
2008,Mr. Black Mr. White,,,
2008,Mukhbiir,7.0,468,Mukhbiir
2008,Mumbai Meri Jaan,7.7,6743,Mumbai Meri Jaan
2008,My Name Is Anthony Gonsalves,3.9,537,My Name Is Anthony Gonsalves
2008,"Oh, My God",5.4,287,"Oh, My God!!"
2008,One Two Three,5.6,3529,One Two Three
2008,Oye Lucky! Lucky Oye!,7.7,19411,Oye Lucky! Lucky Oye!
2008,Pehli Nazar Ka Pyaar,4.7,14,Pehli Nazar Ka Pyaar
2008,Phoonk,4.0,1472,Phoonk
2008,Rab Ne Bana Di Jodi,7.2,59643,Rab Ne Bana Di Jodi
2008,Race,6.7,17270,Race
2008,Rama Rama Kya Hai Dramaa?,,,
2008,Roadside Romeo,4.9,1919,Roadside Romeo
2008,Rock On!!,7.7,23517,Rock On!!
2008,Saas Bahu Aur Sensex,5.0,104,Saas Bahu Aur Sensex
2008,Sarkar Raj,6.7,8145,Sarkar Raj
2008,Shaurya,7.3,6135,Shaurya
2008,Singh Is Kinng,5.8,17967,Singh Is King
2008,Sirf,5.9,109,Sirf
2008,Sorry Bhai!,6.2,1094,Sorry Bhai!
2008,Summer 2007,6.4,271,Summer 2007
2008,Sunday,5.5,3434,Sunday
2008,Superstar,6.1,805,Superstar
2008,Tahaan,7.1,976,Tahaan
2008,Tashan,3.9,6222,Tashan
2008,The Last Lear,6.9,1194,The Last Lear
2008,Thoda Pyaar Thoda Magic,5.1,4743,Thoda Pyaar Thoda Magic
2008,Thodi Life Thoda Magic,3.9,54,Thodi Life Thoda Magic
2008,Tulsi,,,
2008,U Me Aur Hum,5.9,2785,U Me Aur Hum
2008,Ugly Aur Pagli,3.8,819,Ugly Aur Pagli
2008,Via Darjeeling,5.2,181,Via Darjeeling
2008,Wafaa,3.9,92,Wafaa
2008,Welcome to Sajjanpur,6.9,3460,Welcome to Sajjanpur
2008,Woodstock Villa,3.5,455,Woodstock Villa
2008,Yuvvraaj,4.1,4997,Yuvvraaj
2009,13B,,,
2009,3 Idiots,8.4,482868,3 Idiots
2009,8 x 10 Tasveer,5.5,6467,8 x 10 Tasveer
2009,99,7.3,3557,99
2009,Aa Dekhen Zara,5.2,1004,Aa Dekhen Zara
2009,Aagey Se Right,5.2,447,Aagey Se Right
2009,Aamras,,,
2009,Aao Wish Karein,5.2,699,Aao Wish Karein
2009,Aasma: The Sky Is the Limit,3.9,53,Aasma: The Sky Is the Limit
2009,Accident on Hill Road,4.1,334,Accident on Hill Road
2009,Acid Factory,5.1,765,Acid Factory
2009,Agyaat,3.1,777,Agyaat
2009,Ajab Prem Ki Ghazab Kahani,6.5,18981,Ajab Prem Ki Ghazab Kahani
2009,Aladin,4.7,3760,Aladin
2009,All the Best: Fun Begins,6.2,7742,All the Best: Fun Begins
2009,Aloo Chaat,5.9,1021,Aloo Chaat
2009,Baabarr,5.6,353,Baabarr
2009,Barah Aana,6.7,1417,Barah Aana
2009,Billu,6.4,15035,Billu
2009,Blue,3.8,5584,Blue
2009,Blue Oranges,6.4,236,Blue Oranges
2009,Chal Chala Chal,4.7,434,Chal Chala Chal
2009,Chal Chalein,7.2,34,Chal Chalein
2009,Chandni Chowk to China,4.4,10546,CC2C
2009,Chintu Ji,5.5,234,Chintu Ji
2009,Chowrasta Crossroads of Love,6.8,18,Chowrasta Crossroads of Love
2009,Coffee House,7.5,15,Coffee House
2009,Daddy Cool,5.1,630,Daddy Cool
2009,De Dana Dan,6.1,12790,De Dana Dan
2009,Delhi-6,6.2,8958,Delhi-6
2009,Detective Naani,6.5,101,Detective Naani
2009,Dev.D,7.9,34311,Dev.D
2009,Dhoondte Reh Jaaoge,,,
2009,Dil Bole Hadippa!,4.7,5038,Dil Bole Hadippa
2009,Do Knot Disturb,3.8,1460,Do Knot Disturb
2009,Ek Se Bure Do,4.2,103,Ek Se Bure Do
2009,Ek: The Power of One,4.7,436,Ek: The Power of One
2009,Firaaq,7.3,2723,Firaaq
2009,Fox,5.3,640,Fox
2009,Fruit and Nut,,,
2009,Gulaal,8.0,17292,Gulaal
2009,Horn 'Ok' Pleassss,4.2,70,Horn 'OK' Pleassss
2009,Jai Veeru,,,
2009,Jail,6.3,1467,Jail
2009,Jashnn,,,
2009,Kal Kissne Dekha,3.6,547,Kal Kissne Dekha
2009,Kambakkht Ishq,3.9,8003,Kambakkht Ishq
2009,Kaminey,7.4,19022,Kaminey
2009,Karma Aur Holi,,,
2009,Kisaan,5.5,357,Kisaan
2009,Kisse Pyaar Karoon,3.5,194,Kisse Pyaar Karoon?
2009,Kurbaan,5.7,5817,Kurbaan
2009,Let's Dance,5.9,29,Let's Dance
2009,Life Partner,5.3,1487,Life Partner
2009,Little Zizou,6.6,393,Little Zizou
2009,London Dreams,5.4,5216,London Dreams
2009,Lottery,2.8,27,Lottery
2009,Love Aaj Kal,6.8,18303,Love Aaj Kal
2009,Love Ka Tadka,,,
2009,Love Khichdi,5.6,352,Love Khichdi
2009,Luck,4.9,3387,Luck
2009,Luck by Chance,7.1,11849,Luck by Chance
2009,Main Aurr Mrs Khanna,3.4,3576,Me and Mrs. Khanna
2009,Marega Salaa,4.6,60,Marega Salaa
2009,Mere Khwabon Mein Jo Aaye,5.1,122,Mere Khwabon Mein Jo Aaye
2009,Meri Padosan,4.6,13,Meri Padosan
2009,Mumbai Chakachak,,,
2009,New York,6.8,13078,New York
2009,Paa,7.1,13095,Paa
2009,Pal Pal Dil Ke Ssaat,5.3,19,Pal Pal Dil Ke Ssaat
2009,Paying Guests,4.4,647,Paying Guests
2009,Phir Kabhi,7.3,86,Phir Kabhi
2009,Quick Gun Murugun,,,
2009,"Raat Gayi, Baat Gayi?",6.3,600,"Raat Gayi, Baat Gayi?"
2009,Raaz: The Mystery Continues,5.7,4775,Raaz: The Mystery Continues
2009,Radio,,,
2009,Rocket Singh: Salesman of the Year,7.5,25038,Rocket Singh: Salesman of the Year
2009,Royal Utsav,,,
2009,Sanam Teri Kasam,4.1,202,Sanam Teri Kasam
2009,Sankat City,6.2,690,Sankat City
2009,School Days,,,
2009,Shaabash! You Can Do It,,,
2009,Shortkut,,,
2009,Sikandar,6.4,306,Sikandar
2009,Straight,5.8,392,Straight
2009,Suno Na.. Ek Nanhi Aawaz,5.2,13,Suno Na.. Ek Nanhi Aawaz
2009,Team - The Force,4.4,107,Team: The Force
2009,Teree Sang,,,
2009,The Stoneman Murders,7.3,3932,The Stoneman Murders
2009,"Three: Love, Lies, Betrayal",5.9,82,"Three: Love, Lies, Betrayal"
2009,Toss,5.2,31,Toss
2009,Tum Mile,5.1,2086,Tum Mile
2009,Vaada Raha,,,
2009,Victory,3.8,605,Victory
2009,Wake Up Sid,7.6,37320,Wake Up Sid
2009,Wanted,6.6,29570,Wanted
2009,What's Your Raashee?,4.9,2966,What's Your Raashee?
2009,Yeh Mera India,,,
2009,Yeh Pal Ho Na Ho kal,,,
2009,Zor Lagaa Ke...Haiya!,6.3,90,Zor Lagaa Ke... Haiya!
2010,...And Once Again,6.2,9,...And Once Again
2010,332 Mumbai to India,,,
2010,A Flat,4.4,253,A Flat
2010,Aakhari Decision,6.0,84,Aakhari Decision
2010,Aakrosh,7.0,4518,Aakrosh
2010,Aashayein,7.1,1404,Aashayein
2010,Action Replayy,4.4,7972,Action Replayy
2010,Ada... A Way of Life,3.8,64,Ada... A Way of Life
2010,Admissions Open,3.3,66,Admissions Open
2010,Aisha,5.1,4636,Aisha
2010,Allah Ke Banday,5.9,381,People of Allah
2010,Anjaana Anjaani,5.8,8073,Anjaana Anjaani
2010,Antardwand,7.3,747,Antardwand
2010,Apartment,,,
2010,Atithi Tum Kab Jaoge?,6.5,7909,Atithi Tum Kab Jaoge?
2010,Badmaash Company,6.1,8748,Badmaash Company
2010,Band Baaja Baaraat,7.2,19698,Band Baaja Baaraat
2010,Benny and Babloo,6.2,530,Benny and Babloo
2010,Break Ke Baad,5.2,4876,Break Ke Baad
2010,Bumm Bumm Bole,6.5,1156,Bumm Bumm Bole
2010,Chance Pe Dance,4.8,3281,Chance Pe Dance
2010,Chase,4.8,118,Chase
2010,City of Gold,,,
2010,Click,3.6,401,Click
2010,Crook,,,
2010,Dabangg,6.3,37410,Dabangg
2010,Diwangi Ne Had Kar Di,6.0,8,Diwangi Ne Had Kar Di
2010,Do Dilon Ke Khel Mein,5.5,44,Do Dilon Ke Khel Mein
2010,Do Dooni Chaar,7.5,6254,Do Dooni Chaar
2010,Dulha Mil Gaya,4.3,3021,Dulha Mil Gaya
2010,Dunno Y... Na Jaane Kyon,,,
2010,Ek Second... Jo Zindagi Badal De?,3.1,59,Ek Second... Jo Zindagi Badal De...
2010,Golmaal 3,5.7,11461,Golmaal 3
2010,Guzaarish,7.4,20871,Guzaarish
2010,Hello Darling,2.8,159,Hello Darling
2010,Hello Zindagi,6.4,20,Hello Zindagi
2010,Hello! Hum Lallan Bol Rahe Hain,,,
2010,Help,4.1,439,Help
2010,Hide & Seek,4.3,258,Hide & Seek
2010,Hisss,2.9,2013,Hisss
2010,Housefull,5.7,18102,Housefull
2010,Hum Tum Aur Ghost,4.9,770,Hum Tum Aur Ghost
2010,I Hate Luv Storys,5.7,9274,I Hate Luv Storys
2010,Idiot Box,4.4,46,Idiot Box
2010,Ishqiya,7.3,11437,Ishqiya
2010,Isi Life Mein...!,5.5,474,Isi Life Mein...!
2010,It's a Man's World,,,
2010,Jaane Kahan Se Aayi Hai,4.4,705,Jaane Kahan Se Aayi Hai
2010,Jhootha Hi Sahi,6.2,2164,Jhootha Hi Sahi
2010,Kaalo,4.6,790,Kaalo
2010,Kajraare,2.9,450,Kajraare
2010,Karthik Calling Karthik,7.2,16649,Karthik Calling Karthik
2010,Khatta Meetha,6.2,15794,Khatta Meetha
2010,Khelein Hum Jee Jaan Sey,5.8,1470,Khelein Hum Jee Jaan Sey
2010,Khichdi: The Movie,7.3,3317,Khichdi: The Movie
2010,Khuda Kasam,3.1,171,Khuda Kasam
2010,Kites,6.0,14420,Kites
2010,Knock Out,6.1,2515,Knock Out
2010,Krantiveer – The Revolution,4.3,31,Krantiveer: The Revolution
2010,Kuchh Kariye,4.5,32,Kuchh Kariye
2010,Kushti,4.6,246,Kushti
2010,Lafangey Parindey,5.3,2424,Lafangey Parindey
2010,Lahore,6.3,589,Lahore
2010,Lamhaa,,,
2010,Love Sex Aur Dhokha,,,
2010,Maalik Ek,,,
2010,Mallika,4.4,81,Mallika
2010,Milenge Milenge,4.1,2137,Milenge Milenge
2010,Mirch,6.5,1024,Mirch
2010,Mittal v/s Mittal,5.0,24,Mittal V/S Mittal
2010,Mr. Singh Mrs. Mehta,4.1,208,Mr. Singh/Mrs. Mehta
2010,Muskurake Dekh Zara,5.0,34,Muskurake Dekh Zara
2010,My Friend Ganesha 3,5.0,105,My Friend Ganesha 3
2010,My Name Is Khan,7.9,123289,My Name Is Khan
2010,Na Ghar Ke Na Ghaat Ke,6.1,348,Na Ghar Ke Na Ghaat Ke
2010,Nakshatra,5.0,77,Nakshatra
2010,No Problem,4.6,3496,No Problem
2010,Once Upon a Time in Mumbaai,7.4,21215,Once Upon a Time in Mumbaai
2010,Paathshaala,5.1,2176,Paathshaala
2010,Pankh,3.6,156,Pankh
2010,Payback,4.1,727,Pay Back
2010,Peepli Live,7.4,13221,Peepli Live
2010,Phas Gaye Re Obama,7.5,6383,Phas Gaye Re Obama
2010,Phoonk 2,3.2,601,Phoonk 2
2010,Prem Kaa Game,3.4,258,Prem Kaa Game
2010,Prince,4.5,2569,Prince
2010,Pusher,6.3,854,Pusher
2010,Pyaar Impossible!,4.9,3612,Pyaar Impossible
2010,Raajneeti,7.1,20149,Raajneeti
2010,Raavan,5.4,5062,Raavan
2010,Rakta Charitra,7.6,5160,Rakta Charitra
2010,Rakta Charitra 2,,,
2010,Ramaa: The Saviour,3.6,201,Ramaa: The Saviour
2010,Ramayana: The Epic,6.1,752,Ramayana: The Epic
2010,Rann,6.9,2801,Rann
2010,Red Alert: The War Within,6.5,412,Red Alert: The War Within
2010,Right Yaaa Wrong,6.6,1183,Right Yaaa Wrong
2010,Road To Sangam,7.3,946,Road to Sangam
2010,"Road, Movie",6.7,1806,"Road, Movie"
2010,Rokkk,4.4,173,Rokkk
2010,Sadiyaan,,,
2010,Shaapit,,,
2010,"Shahrukh Bola ""Khoobsurat Hai Tu""",,,
2010,Soch Lo,6.5,99,Soch Lo
2010,Striker,6.9,1104,Striker
2010,Sukhmani: Hope for Life,5.6,49,Sukhmani: Hope for Life
2010,Teen Patti,4.2,1687,Teen Patti
2010,Tees Maar Khan,3.0,17122,Tees Maar Khan
2010,Tera Kya Hoga Johnny,6.0,261,Tera Kya Hoga Johnny
2010,Tere Bin Laden,7.2,11129,Tere Bin Laden
2010,Thanks Maa,8.1,764,Thanks Maa
2010,The Film Emotional Atyachar,6.2,328,The Film Emotional Atyachar
2010,The Hangman,7.4,35,The Hangman
2010,The Japanese Wife,7.6,2722,The Japanese Wife
2010,Toh Baat Pakki!,5.2,425,Toh Baat Pakki!
2010,Toonpur Ka Superrhero,4.9,5214,Toonpur Ka Superrhero
2010,Trump Card,3.2,30,Trump Card
2010,Tum Milo Toh Sahi,5.7,661,Tum Milo Toh Sahi
2010,Udaan,8.1,49951,Udaan
2010,Veer,4.6,10180,Veer
2010,We Are Family,5.7,4322,We Are Family
2010,Well Done Abba,7.2,2094,Well Done Abba!
2011,404,,,
2011,7 Khoon Maaf,6.3,7088,7 Khoon Maaf
2011,Aagaah: The Warning,3.8,40,Aagaah: The Warning
2011,Aarakshan,6.2,6255,Aarakshan
2011,Aashiqui.in,3.8,68,Aashiqui.In
2011,Aazaan,4.4,394,Aazaan
2011,Always Kabhi Kabhi,4.3,1476,Always Kabhi Kabhi
2011,Angel,6.4,104,Angel
2011,Bbuddah... Hoga Terra Baap,5.6,3200,Bbuddah... Hoga Terra Baap
2011,Bheja Fry 2,4.8,1564,Bheja Fry 2
2011,Bhindi Baazaar Inc.,6.0,758,Bhindi Baazaar Inc.
2011,Bin Bulaye Baraati,3.8,347,Bin Bulaye Baraati
2011,Bodyguard,4.8,30737,Bodyguard
2011,Bubble Gum,7.4,502,Bubble Gum
2011,Chala Mussaddi... Office Office,6.1,394,Chala Mussaddi - Office Office
2011,Chalo Dilli,6.9,3898,Chalo Dilli
2011,Chargesheet,6.4,124,Chargesheet
2011,Chatur Singh Two Star,1.9,774,Chatur Singh Two Star
2011,Chillar Party,7.5,9358,Children's Party
2011,Chitkabrey – Shades of Grey,,,
2011,Crackers,,,
2011,Damadamm!,4.5,451,Damadamm!
2011,Delhi Belly,7.6,34924,Delhi Belly
2011,Desi Boyz,5.7,16367,Desi Boyz
2011,Dhobi Ghat,7.0,14335,Mumbai Diaries
2011,Dil Toh Baccha Hai Ji,5.9,4600,Dil Toh Baccha Hai Ji
2011,Don 2,7.1,62072,Don 2
2011,Double Dhamaal,4.1,5374,Double Dhamaal
2011,Dum Maaro Dum,6.2,4296,Dum Maaro Dum
2011,F.A.L.T.U,4.8,3414,F.A.L.T.U
2011,Force,6.5,9292,Force
2011,Game,5.3,2665,Game
2011,Gandhi to Hitler,2.4,247,Gandhi to Hitler
2011,Happy Husbands,3.2,35,Happy Husbands
2011,Haunted – 3D,,,
2011,Hostel,5.3,725,Hostel
2011,Hum Tum Shabana,3.6,352,Hum Tum Shabana
2011,I Am,7.5,3978,I Am
2011,I Am Kalam,7.9,5214,I Am Kalam
2011,I Am Singh,5.2,80,I Am Singh
2011,Impatient Vivek,2.2,92,Impatient Vivek
2011,Jo Hum Chahein,5.1,114,Jo Hum Chahein
2011,Kaccha Limboo,5.9,119,Kaccha Limboo
2011,Khap,5.0,131,Khap
2011,Kucch Luv Jaisaa,4.5,164,Kucch Luv Jaisaa
2011,Ladies vs Ricky Bahl,6.1,11642,Ladies vs. Ricky Bahl
2011,Loot,3.4,383,Loot
2011,Love Breakups Zindagi,5.9,1159,Love Breakups Zindagi
2011,Love U...Mr. Kalakaar!,5.4,497,Love U... Mr. Kalakaar!
2011,Luv Ka The End,4.9,1843,Luv Ka the End
2011,Masti Express,4.2,164,Masti Express
2011,Mausam,4.8,5832,Mausam
2011,Memories in March,7.3,568,Memories in March
2011,Mere Brother Ki Dulhan,5.9,11193,Mere Brother Ki Dulhan
2011,Miley Naa Miley Hum,3.5,304,Miley Naa Miley Hum
2011,Milta Hai Chance By Chance,6.9,16,Milta Hai Chance by Chance
2011,Mod,6.4,462,Mod
2011,Monica,5.2,112,Monica
2011,Mujhse Fraaandship Karoge,6.9,4265,Mujhse Fraaandship Karoge
2011,Mumbai Mast Kallander,6.8,13,Mumbai Mast Kallander
2011,Mummy Punjabi,,,
2011,Murder 2,6.4,8566,Murder 2
2011,My Friend Pinto,5.3,426,My Friend Pinto
2011,Na Jaane Kabse Hum Hi,,,
2011,Naughty @ 40,2.7,376,Naughty @ 40
2011,No One Killed Jessica,7.2,13213,No One Killed Jessica
2011,Not a Love Story,5.3,763,Not a Love Story
2011,Odyssey of Persistence,,,
2011,Oh God! Saare Hain Fraud,,,
2011,Pappu Can't Dance Saala,6.5,527,Pappu Can't Dance Saala
2011,Patiala House,5.7,10100,Patiala House
2011,Phhir,5.1,246,Phhir
2011,Pyaar Ka Punchnama,7.6,23629,Pyaar Ka Punchnama
2011,Ra.One,5.0,51985,Ra.One
2011,Ragini MMS,5.1,3029,Ragini MMS
2011,Rascals,3.1,3998,Rascals
2011,Ready,5.0,22246,Ready
2011,Rivaaz,,,
2011,Rockstar,7.8,55214,Rockstar
2011,"Saheb, Biwi Aur Gangster",7.1,4570,Saheb Biwi Aur Gangster
2011,Sahi Dhandhe Galat Bande,5.3,283,Sahi Dhandhe Galat Bande
2011,Satrangee Parachute,5.4,83,Satrangee Parachute
2011,Shabri,6.0,283,Shabri
2011,Shagird,7.0,2537,Shagird
2011,Shaitan,7.2,9234,Shaitan
2011,Shakal Pe Mat Ja,5.3,55,Shakal Pe Mat Ja
2011,Shor in the City,7.2,4330,Shor in the City
2011,Singham,6.8,22465,Singham
2011,Stanley Ka Dabba,7.8,8079,Stanley Ka Dabba
2011,Tanu Weds Manu,6.8,17990,Tanu Weds Manu
2011,Teen Thay Bhai,4.4,389,Teen Thay Bhai
2011,Tell Me O Kkhuda,2.5,414,Tell Me O Kkhuda
2011,Tere Mere Phere,5.4,280,Tere Mere Phere
2011,Thank You,4.9,6885,Thank You
2011,That Girl in Yellow Boots,6.6,4299,That Girl in Yellow Boots
2011,The Dirty Picture,6.5,11272,The Dirty Picture
2011,Turning 30!!!,5.3,430,Turning 30!!!
2011,U R My Jaan,5.9,110,U R My Jaan
2011,United Six,7.3,1769,United Six
2011,Utt Pataang,6.0,344,Utt Pataang
2011,Yamla Pagla Deewana,5.8,4952,Yamla Pagla Deewana
2011,Yeh Dooriyan,4.7,114,Yeh Dooriyan
2011,Yeh Faasley,5.9,50,Yeh Faasley
2011,Yeh Saali Zindagi,7.4,4856,Yeh Saali Zindagi
2011,Zindagi Na Milegi Dobara,8.2,95962,Zindagi Na Milegi Dobara
2011,Zokkomon,4.2,522,Zokkomon
2012,1920: The Evil Returns,,,
2012,3 Bachelors,3.3,207,3 Bachelors
2012,?: A Question Mark,5.8,413,?: A Question Mark
2012,Aalaap,6.2,38,Aalaap
2012,Ab Hoga Dharna Unlimited,3.1,14,Ab Hoga Dharna Unlimited
2012,Agent Vinod,5.3,8471,Agent Vinod
2012,Agneepath,6.9,28822,Agneepath
2012,Aiyyaa,4.4,2226,Aiyyaa
2012,Ajab Gazabb Love,4.4,579,Strange and Amazing Love
2012,Akkad Bakkkad Bam Be Bo,,,
2012,Arjun: The Warrior Prince,6.8,2263,Arjun: The Warrior Prince
2012,Ata Pata Laapata,,,
2012,Barfi!,8.1,93874,Barfi!
2012,Bhoot Returns,3.3,2366,Bhoot Returns
2012,Bittoo Boss,4.1,409,Bittoo Boss
2012,Blood Money,4.8,1312,Blood Money
2012,Bol Bachchan,5.7,11018,Bol Bachchan
2012,Bumboo,4.3,2221,Bumboo
2012,Chaalis Chauraasi,6.1,568,Chaalis Chauraasi
2012,Chaar Din Ki Chandni,4.1,455,Chaar Din Ki Chandni
2012,Chakravyuh,6.8,3541,Chakravyuh
2012,Chal Pichchur Banate Hain,6.3,56,Chal Pichchur Banate Hain
2012,Challo Driver,5.8,218,Challo Driver
2012,Chhodo Kal Ki Baatein,7.4,169,Chhodo Kal Ki Baatein
2012,Chhota Bheem and the Curse of Damyaan,6.7,627,Chhota Bheem and the Curse of Damyaan
2012,Chittagong,7.3,1945,Chittagong
2012,Cigarette Ki Tarah,4.5,35,Cigarette Ki Tarah
2012,Cocktail,6.3,16296,Cocktail
2012,Dabangg 2,4.8,21895,Fearless 2
2012,Dangerous Ishq,4.2,1032,Dangerous Ishq
2012,Delhi Safari,5.6,2244,Delhi Safari
2012,Department,3.2,1191,Department
2012,Ek Main Aur Ekk Tu,5.8,7591,Ek Main Aur Ekk Tu
2012,Ek Tha Tiger,5.7,42734,Ek Tha Tiger
2012,Ekk Deewana Tha,6.1,3521,Ekk Deewana Tha
2012,English Vinglish,7.8,45059,English Vinglish
2012,Fatso!,,,
2012,Ferrari Ki Sawaari,6.4,9834,Ferrari Ki Sawaari
2012,From Sydney with Love,6.3,78,From Sydney with Love
2012,Future To Bright Hai Ji,6.1,114,Future to Bright Hai Ji
2012,Gali Gali Chor Hai,5.3,781,Gali Gali Chor Hai
2012,Gangs of Wasseypur – Part 1,,,
2012,Gangs of Wasseypur – Part 2,,,
2012,Gattu,7.4,443,Gattu
2012,Ghost,2.5,271,Ghost
2012,Hate Story,5.3,4212,Hate Story
2012,Heroine,5.0,4806,Heroine
2012,Housefull 2,5.5,17947,Housefull 2
2012,I M 24,,,
2012,Ishaqzaade,6.5,8837,Ishaqzaade
2012,Jab Tak Hai Jaan,6.7,62763,Jab Tak Hai Jaan
2012,Jalpari: The Desert Mermaid,7.3,2274,Jalpari: The Desert Mermaid
2012,Jannat 2,6.3,6801,Jannat 2
2012,Jeena Hai Toh Thok Daal,5.4,42,Jeena Hai Toh Thok Daal
2012,Jism 2,3.1,3830,Jism 2
2012,Jodi Breakers,3.7,1286,Jodi Breakers
2012,Joker,2.7,10379,Joker
2012,Kahaani,8.1,69992,Kahaani
2012,Kamaal Dhamaal Malamaal,4.3,936,Kamaal Dhamaal Malamaal
2012,Khiladi 786,4.5,8853,Khiladi 786
2012,Kismat Love Paisa Dilli,,,
2012,Krishna Aur Kans,7.0,388,Krishna Aur Kans
2012,Kyaa Super Kool Hain Hum,5.0,4426,Kyaa Super Kool Hain Hum
2012,Life Ki Toh Lag Gayi,5.2,281,Life Ki Toh Lag Gayi
2012,Login,5.6,146,Login
2012,"London, Paris, New York",5.6,3889,London Paris New York
2012,Love You To Death,6.6,18,Love You to Death
2012,"Love, Lies & Seeta",,,
2012,"Love, Wrinkle-free",6.4,82,"Love, Wrinkle-free"
2012,Luv Shuv Tey Chicken Khurana,6.6,4222,Luv Shuv Tey Chicken Khurana
2012,MLA,6.2,7,MLA
2012,Married 2 America,5.6,27,Married 2 America
2012,Maximum,4.7,234,Maximum
2012,Mere Dost Picture Abhi Baki Hai,,,
2012,Mr. Bhatti on Chutti,3.9,104,Mr Bhatti on Chutti
2012,Mysterious Girl,,,
2012,OMG – Oh My God!,8.1,71210,OMG: Oh My God!
2012,Overtime,4.9,37,Overtime
2012,Paan Singh Tomar,8.2,40108,Paan Singh Tomar
2012,Paanch Ghantey Mien Paanch Crore,,,
2012,Players,4.4,5519,Players
2012,Qasam Se Qasam Se,4.2,22,Qasam Se Qasam Se
2012,Raaz 3: The Third Dimension,4.2,4456,Raaz 3
2012,Rakhtbeej,3.1,20,Rakhtbeej
2012,Rowdy Rathore,5.8,26993,Rowdy Rathore
2012,Rush,3.9,940,Rush
2012,Sadda Adda,7.0,1492,Sadda Adda
2012,Say Yes to Love,6.7,18,Say Yes to Love
2012,Shanghai,7.2,11299,Shanghai
2012,Shirin Farhad Ki Toh Nikal Padi,4.5,1127,Shirin Farhad Ki Toh Nikal Padi
2012,Son Of Sardaar,4.4,12172,Son of Sardaar
2012,Sons of Ram,7.1,98,Sons of Ram
2012,Staying Alive,6.5,65,Staying Alive
2012,Student of the Year,5.3,22272,Student of the Year
2012,Talaash: The Answer Lies Within,7.3,48704,Talaash: The Answer Lies Within
2012,Tere Naal Love Ho Gaya,5.9,4867,Tere Naal Love Ho Gaya
2012,Teri Meri Kahaani,4.9,4415,Teri Meri Kahaani
2012,Tezz,4.1,2786,Tezz
2012,The Forest,3.1,180,The Forest
2012,The Last Act,7.5,44,The Last Act
2012,Valentine's Night,3.1,43,Valentine's Night
2012,Vicky Donor,7.7,48006,Vicky Donor
2012,Will You Marry Me?,4.6,139,Will You Marry Me
2012,Yeh Khula Aasmaan,7.5,31,Yeh Khula Aasmaan
2012,Zindagi Tere Naam,4.9,51,Zindagi Tere Naam
2013,3G - A Killer Connection,3.6,1289,3G: A Killer Connection
2013,ABCD: Any Body Can Dance,6.3,8085,ABCD (Any Body Can Dance)
2013,Aashiqui 2,7.1,38346,Aashiqui 2
2013,Akaash Vani,6.4,2406,Akaash Vani
2013,Amdavad Junction,4.1,23,Amdavad Junction
2013,Ankur Arora Murder Case,6.5,2383,Ankur Arora Murder Case
2013,Asab Bosana Mera Story Hai,,,
2013,Aurangzeb,6.4,4614,Aurangzeb
2013,B.A. Pass,6.3,4605,B.A. Pass
2013,Baat Bann Gayi,5.0,89,Baat Bann Gayi
2013,Bajatey Raho,5.3,822,Bajatey Raho
2013,Bandook,5.6,1064,Bandook
2013,Beehad - The Ravines,,,
2013,Besharam,3.6,6485,Besharam
2013,Bhaag Milkha Bhaag,8.2,78985,Bhaag Milkha Bhaag
2013,Bloody Isshq,7.7,52,Bloody Isshq
2013,Bombay Talkies,6.6,6023,Bombay Talkies
2013,Boss,5.1,13065,Boss
2013,Boyss Toh Boyss Hain,5.2,66,Boyss Toh Boyss Hain
2013,Bullett Raja,4.9,4267,Bullett Raja
2013,Calapor,5.2,9,Calapor
2013,Chashme Baddoor,5.4,5517,Chashme Baddoor
2013,Chennai Express,6.3,72482,Chennai Express
2013,Chor Chor Super Chor,6.5,254,Chor Chor Super Chor
2013,Commando: A One Man Army,,,
2013,D Day,7.2,10778,D-Day
2013,David,6.2,2949,David
2013,Deewana Main Deewana,,,
2013,Dehraadun Diary,5.8,62,Dehraadun Diary
2013,Dhoom 3,5.4,53514,Dhoom 3
2013,Dilli Gang,5.6,6,Dilli Gang
2013,Ek Thi Daayan,5.8,4964,Ek Thi Daayan
2013,Ekk Thee Sanam,,,
2013,Enemmy,4.9,288,Enemmy
2013,Fukrey,6.9,14274,Fukrey
2013,Gangoobai,7.7,341,Gangoobai
2013,Ghanchakkar,5.9,5565,Ghanchakkar
2013,Gippi,5.6,951,Gippi
2013,Go Goa Gone,6.7,17148,Go Goa Gone
2013,Goliyon Ki Raasleela Ram-Leela,6.4,23693,Goliyon Ki Raasleela Ram Leela
2013,Gori Tere Pyaar Mein,4.9,4423,Gori Tere Pyaar Mein!
2013,Grand Masti,4.5,7283,Grand Masti
2013,Hai Golmaal In White House,2.3,18,Hai Golmaal in White House
2013,Himmatwala,1.8,9719,Himmatwala
2013,Horror Story,4.3,2461,Horror Story
2013,Hum Hai Raahi Car Ke,2.6,184,Hum Hai Raahi CAR Ke
2013,I Don't Luv U,5.9,42,I Don't Luv U
2013,"I, Me Aur Main",4.7,2117,"I, Me Aur Main"
2013,Inkaar,6.1,2792,Inkaar
2013,Ishk Actually,2.7,166,Ishk Actually
2013,Ishkq in Paris,3.8,864,Ishkq in Paris
2013,Issaq,4.4,529,Issaq
2013,Jackpot,2.0,865,Jackpot
2013,Jayantabhai Ki Luv Story,5.4,1477,Jayantabhai Ki Luv Story
2013,John Day,5.6,948,John Day
2013,Jolly LLB,7.5,25295,Jolly LLB
2013,Kaand: Black Scandal,,,
2013,Kai Po Che!,7.8,40039,Kai Po Che
2013,Krrish 3,5.4,28736,Krrish 3
2013,Listen... Amaya,6.5,651,Listen... Amaya
2013,Lootera,7.4,18236,Robber
2013,Love in Bombay,,,
2013,Luv U Soniyo,5.6,75,Luv U Soniyo
2013,Maazii,4.9,131,Maazii
2013,Madras Cafe,7.6,26690,Madras Cafe
2013,Mai...,6.1,119,Mai
2013,Main Krishna Hoon,5.0,262,Main Krishna Hoon
2013,Matru Ki Bijlee Ka Mandola,5.6,6518,Matru Ki Bijlee Ka Mandola
2013,Mere Dad Ki Maruti,6.4,5063,Mere Dad Ki Maruti
2013,Mere Haule Dost,7.1,28,Mere Haule Dost
2013,Meri Shadi Karao,,,
2013,Mickey Virus,6.1,2962,Mickey Virus
2013,Mumbai Mirror,5.1,131,Mumbai Mirror
2013,Murder 3,5.1,5104,Murder 3
2013,Nasha,3.2,1474,Nasha
2013,Nautanki Saala,5.8,4599,Nautanki Saala!
2013,Once Upon ay Time in Mumbai Dobaara!,,,
2013,Paapi - Ek Satya Katha,4.0,33,Paapi - Ek Satya Katha
2013,Phata Poster Nikhla Hero,4.9,6128,Phata Poster Nikhla Hero
2013,Policegiri,4.2,1753,Policegiri
2013,Prague,5.5,394,Prague
2013,Pyaar Mein Aisa Hota Hai,4.4,8,Pyaar Mein Aisa Hota Hai
2013,R... Rajkumar,5.3,7676,R... Rajkumar
2013,Raanjhanaa,7.6,38148,Raanjhanaa
2013,Rabba Main Kya Karoon,4.4,318,Rabba Main Kya Karoon
2013,Race 2,5.4,18503,Race 2
2013,Rajjo,2.8,683,Rajjo
2013,Ramaiya Vastavaiya,5.9,5601,Ramaiya Vastavaiya
2013,Rangrezz,5.2,484,Rangrezz
2013,Saare Jahaan Se Mehnga,7.0,1434,Saare Jahaan Se Mehnga...
2013,"Saheb, Biwi Aur Gangster Returns",6.7,4227,Saheb Biwi Aur Gangster Returns
2013,Satya 2,5.8,1104,Satya 2
2013,Satyagraha,5.9,5567,Satyagraha
2013,Shahid,8.2,21565,Shahid
2013,Ship of Theseus,8.0,8339,Ship of Theseus
2013,Shootout at Wadala,6.1,8570,Shootout at Wadala
2013,Shortcut Romeo,3.0,336,Shortcut Romeo
2013,Shorts,6.4,496,Shorts
2013,Shree,6.3,343,Shree
2013,Shuddh Desi Romance,5.8,10721,A Pure Desi Romance
2013,Siddharth,7.4,792,Siddharth
2013,Singh Saab The Great,5.6,2642,Singh Saab the Great
2013,Sixteen,6.2,1868,Sixteen
2013,Sooper Se Ooper,4.3,212,Sooper Se Ooper
2013,Special 26,8.0,62427,Special 26
2013,Super Model,1.9,215,Super Model
2013,Table No. 21,7.2,15997,Table No. 21
2013,The Adventures of Sinbad,7.2,18,The Adventures of Sinbad
2013,The Attacks of 26/11,7.0,5999,The Attacks of 26/11
2013,The Lunchbox,7.8,68370,The Lunchbox
2013,The Unsound,4.5,34,The Unsound
2013,Vishwaroopam,7.9,43377,Vishwaroopam
2013,Wake Up India,6.9,27,Wake Up India
2013,War Chhod Na Yaar,,,
2013,Warning,4.7,332,Warning
2013,What the Fish,4.9,254,What the Fish
2013,Yamla Pagla Deewana 2,3.5,2230,Yamla Pagla Deewana 2
2013,Yeh Jawaani Hai Deewani,7.3,58015,Yeh Jawaani Hai Deewani
2013,Zanjeer,3.4,3157,Zanjeer
2013,Zila Ghaziabad,3.7,1588,Zila Ghaziabad
2013,Zindagi 50-50,2.8,261,Zindagi 50 50
2013,Zindagi Jalebi,4.2,11,Zindagi Jalebi
2014,19th January,8.2,28,19th January
2014,2 States,6.9,28447,2 States
2014,3 A.M.,,,
2014,6 – 5 = 2,4.5,274,6-5=2
2014,A Decent Arrangement,,,
2014,Action Jackson,3.4,4822,Action Jackson
2014,Akela The Alone,6.3,14,Akela the Alone
2014,Amit Sahni Ki List,5.4,387,Amit Sahni Ki List
2014,Angry Young Man,5.0,17,Angry Young Man
2014,Ankhon Dekhi,7.9,13758,Ankhon Dekhi
2014,Anuradha,5.8,9,Anuradha
2014,Babloo Happy Hai,6.8,94,Babloo Happy Hai
2014,Badlapur Boys,5.0,153,Badlapur Boys
2014,Balwinder Singh Famous Ho Gaya,3.3,82,Balwinder Singh Famous Ho Gaya
2014,Bang Bang!,5.7,28078,Bang Bang
2014,Bazaar-E-Husn,5.0,26,Bazaar E Husn
2014,Bewakoofiyaan,5.5,4786,Bewakoofiyaan
2014,Bhoothnath Returns,6.5,7187,Bhoothnath Returns
2014,Bhopal: A Prayer for Rain,7.1,2270,Bhopal: A Prayer for Rain
2014,Bobby Jasoos,5.5,2546,Bobby Jasoos
2014,Chaarfutiya Chhokare,5.5,63,Chaarfutiya Chhokare
2014,Children of War,6.6,1303,Children of War
2014,CityLights,7.3,5848,CityLights
2014,Creature,3.3,1841,Creature
2014,Daawat-e-Ishq,6.1,6512,Daawat-e-Ishq
2014,Darr @ the Mall,4.9,1151,Darr @ the Mall
2014,Dedh Ishqiya,7.0,7756,Dedh Ishqiya
2014,Dee Saturday Night,4.9,8,Dee Saturday Night
2014,Dekh Tamasha Dekh,6.1,364,Dekh Tamasha Dekh
2014,Desi Kattey,4.2,165,Desi Kattey
2014,Dishkiyaoon,5.2,1137,Dishkiyaoon
2014,Ebn-E-Batuta,4.7,39,Ebn-e-Batuta
2014,Ek Villain,6.6,25309,The Villain
2014,Ekkees Toppon Ki Salaami,6.1,598,Ekkees Toppon Ki Salaami
2014,Entertainment,5.7,3450,Entertainment
2014,Filmistaan,7.3,3804,Filmistaan
2014,Fireflies,6.1,125,Fireflies
2014,Fugly,4.7,1216,Fugly
2014,Gang of Ghosts,3.6,483,Gang of Ghosts
2014,Gollu Aur Pappu,3.7,141,Gollu Aur Pappu
2014,Gulaab Gang,6.0,2301,Gulaab Gang
2014,Gulabi Gang,7.5,242,Gulabi Gang
2014,Gunday,2.8,61354,Gunday
2014,Haider,8.0,61150,Haider
2014,Happy Ending,5.4,4133,Happy Ending
2014,Happy New Year,5.0,44548,Happy New Year
2014,Hasee Toh Phasee,6.8,17702,Hasee Toh Phasee
2014,Hate Story 2,4.4,2646,Hate Story 2
2014,Hawaa Hawaai,7.4,1923,Hawaa Hawaai
2014,Heartless,5.2,571,Heartless
2014,Heropanti,5.2,11605,Heropanti
2014,Highway,7.6,32753,Highway
2014,Holiday: A Soldier Is Never Off Duty,,,
2014,Honour Killing,4.2,15,Honour Killing
2014,Hum Hai Teen Khurafaati (हम हैं तीन खुराफाती),7.2,14,Hum Hai Teen Khurafaati
2014,Humpty Sharma Ki Dulhania,6.0,15557,Humpty Sharma Ki Dulhania
2014,Humshakals,1.8,9254,Humshakals
2014,Jai Ho,5.1,22740,Jai Ho
2014,Jal,6.7,520,Jal
2014,Jigariyaa,5.0,334,Jigariyaa
2014,Kaanchi: The Unbreakable,,,
2014,Kahin Hai Mera Pyar,6.8,27,Kahin Hai Mera Pyar
2014,Kaho Na Kaho,,,
2014,Karar: The Deal,4.2,82,Karar: The Deal
2014,Karle Pyaar Karle,2.4,173,Karle Pyaar Karle
2014,Khoobsurat,6.4,9625,Khoobsurat
2014,Khwaabb,5.6,82,Khwaabb
2014,Kick,5.9,76939,Kick
2014,Kill Dil,4.5,4731,Kill Dil
2014,Koyelaanchal,5.4,308,Koyelaanchal
2014,Kuku Mathur Ki Jhand Ho Gayi,5.3,297,Kuku Mathur Ki Jhand Ho Gayi
2014,Kya Dilli Kya Lahore,7.3,1968,Kya Dilli Kya Lahore
2014,LUV...Phir Kabhie,,,
2014,Lakshmi,7.9,1755,Lakshmi
2014,Lekar Hum Deewana Dil,4.7,736,Lekar Hum Deewana Dil
2014,Life Mein Twist Hai,8.6,13,Life Mein Twist Hai
2014,Life is Beautiful!,5.4,58,Life Is Beautiful
2014,Lucky Kabootar,4.9,107,Lucky Kabootar
2014,M3 - Midsummer Midnight Mumbai,,,
2014,Machhli Jal Ki Rani Hai,2.4,342,Machhli Jal Ki Rani Hai
2014,Mad About Dance,,,
2014,Main Aur Mr. Riight,4.8,413,Main Aur Mr. Riight
2014,Main Tera Hero,5.2,11252,Main Tera Hero
2014,Manjunath,7.1,527,Manjunath
2014,Mardaani,7.3,15598,Mardaani
2014,Mary Kom,6.8,12133,Mary Kom
2014,Mastram,4.7,630,Mastram
2014,Meinu Ek Ladki Chaahiye,3.6,23,Meinu Ek Ladki Chaahiye
2014,Miss Lovely,7.3,19769,Miss Lovely
2014,Mr Joe B. Carvalho,3.6,663,Mr Joe B. Carvalho
2014,Mumbai 125 KM,,,
2014,Mumbai Delhi Mumbai,5.7,413,Mumbai Delhi Mumbai
2014,Mumbhai Connection,,,
2014,Munna Mange Memsaab,2.8,20,Munna Mange Memsaab
2014,Neighbours,3.5,67,Neighbours
2014,O Teri,3.3,683,O Teri
2014,Objection My God,,,
2014,Om-Dar-B-Dar,,,
2014,One by Two,3.9,793,One by Two
2014,PK,8.1,223099,PK
2014,Paranthe Wali Gali,5.0,101,Paranthe Wali Gali
2014,Pizza,6.2,1620,Pizza
2014,Purani Jeans,6.2,895,Purani Jeans
2014,Pyar Ka Live Show,,,
2014,Queen,8.1,71423,Queen
2014,Ragini MMS 2,3.9,3312,Ragini MMS 2
2014,Raja Natwarlal,6.2,5116,Raja Natwarlal
2014,Rang Rasiya,,,
2014,Revolver Rani,4.6,2046,Revolver Rani
2014,Riyasat,6.1,62,Riyasat
2014,Roar: Tigers of the Sundarbans,5.6,851,Roar: Tigers of the Sundarbans
2014,Room – The Mystery,4.0,47,Room: The Mystery
2014,Samrat & Co.,6.2,1441,Samrat & Co.
2014,Shaadi Ke Side Effects,5.6,4378,Shaadi Ke Side Effects
2014,Sholay 3D,,,
2014,Singham Returns,5.7,11623,Singham Returns
2014,Sonali Cable,5.3,1162,Sonali Cable
2014,Spark,5.7,55,Spark
2014,Station,7.4,104,Station
2014,Strings of Passion,6.6,42,Strings of Passion
2014,Sulemani Keeda,7.0,2689,Sulemani Keeda
2014,Super Nani,4.7,577,Super Nani
2014,Tamanchey,,,
2014,The Dark Secrets Of Tonhi,5.4,13,The Dark secrets of Tonhi
2014,The Shaukeens,4.8,3401,The Shaukeens
2014,The Xposé,,,
2014,Titoo MBA,4.5,128,Titoo MBA
2014,Total Siyapaa,5.0,3196,Total Chaos
2014,Ugly,7.9,25316,Ugly
2014,Ungli,5.8,4437,Ungli
2014,Ya Rab,6.0,297,Ya Rab
2014,Yaariyan,2.8,4062,Yaariyan
2014,Yeh Hai Bakrapur,3.9,324,Yeh Hai Bakrapur
2014,Youngistaan,5.2,2032,Youngistaan
2014,Zed Plus,6.4,561,Zed Plus
2014,Zid,4.5,1629,Zid
2015,ABCD 2,,,
2015,Ab Tak Chhappan 2,5.8,1598,Ab Tak Chhappan 2
2015,Aisa Yeh Jahaan,6.9,64,The World It Is
2015,All Is Well,3.6,1761,All Is Well
2015,Alone,3.8,1977,Alone
2015,Angry Indian Goddesses,6.9,3057,Angry Indian Goddesses
2015,Baby,7.9,63259,Baby
2015,Badlapur,7.4,28745,Badlapur
2015,Badmashiyaan,4.7,156,Badmashiyaan
2015,Bajirao Mastani,7.3,42512,Bajirao Mastani
2015,Bajrangi Bhaijaan,8.1,111573,Bajrangi Bhaijaan
2015,Bangistan,4.5,1522,Bangistan
2015,Barkhaa,5.1,389,Barkhaa
2015,Bezubaan Ishq,4.8,91,Bezubaan Ishq
2015,Bhaag Johnny,5.2,1182,Bhaag Johnny
2015,Bombay Velvet,5.5,6793,Bombay Velvet
2015,Brothers,6.4,15591,Brothers
2015,Bumper Draw,3.9,92,Bumper Draw
2015,Chal Guru Ho Ja Shuru,,,
2015,Charlie Kay Chakkar Mein,4.6,179,Charlie Kay Chakkar Mein
2015,Chinar Daastaan-E-Ishq,6.9,80,Chinar Daastaan-E-Ishq
2015,Coffee Bloom,5.7,145,Coffee Bloom
2015,Court,7.6,5765,Court
2015,Crazy Cukkad Family,5.0,66,Crazy Cukkad Family
2015,Detective Byomkesh Bakshy!,7.6,25602,Detective Byomkesh Bakshy!
2015,Dharam Sankat Mein,6.3,2577,Dharam Sankat Mein
2015,Dil Dhadakne Do,7.1,22080,Dil Dhadakne Do
2015,Dilliwali Zaalim Girlfriend,,,
2015,Dilwale,5.1,41991,Dilwale
2015,Dirty Politics,2.6,685,Dirty Politics
2015,Dolly Ki Doli,4.6,3385,Dolly Ki Doli
2015,Drishyam,8.2,109223,Drishyam
2015,Dum Laga Ke Haisha,7.4,22529,Dum Laga Ke Haisha
2015,Ek Adbhut Dakshina Guru Dakshina,,,
2015,Ek Paheli Leela,3.8,1969,Ek Paheli Leela
2015,Four Pillars of Basement,4.4,28,Four Pillars of Basement
2015,Gabbar Is Back,7.0,29558,Gabbar Is Back
2015,Gour Hari Dastaan,,,
2015,Guddu Ki Gun,4.6,874,Guddu Ki Gun
2015,Guddu Rangeela,5.3,1015,Guddu Rangeela
2015,Hamari Adhuri Kahani,6.8,7960,Hamari Adhuri Kahani
2015,Hate Story 3,4.6,3726,Hate Story 3
2015,Hawaizaada,5.5,2219,Hawaizaada
2015,Hero,3.6,3083,Hero
2015,Hey Bro,2.7,269,Hey Bro
2015,Hunterrr,7.0,7252,Hunterrr
2015,I Love Desi,6.5,11,I Love Desi
2015,I Love NY,3.4,947,I Love NY
2015,International Hero,3.3,9,International Hero
2015,Ishq Ke Parindey,6.8,67,Ishq Ke Parindey
2015,Ishqedarriyaan,4.9,194,Ishqedarriyaan
2015,Jai Jawaan Jai Kisaan,5.4,36,Jai Jawaan Jai Kisaan
2015,Jazbaa,5.7,3830,Jazbaa
2015,Kaagaz Ke Fools,3.9,173,Kaagaz Ke Fools
2015,Kajarya,6.5,149,Kajarya
2015,Katti Batti,4.7,3385,Katti Batti
2015,Kaun Kitney Paani Mein,6.1,2529,Kaun Kitney Paani Mein
2015,Khamoshiyan,4.1,1655,Khamoshiyan
2015,Kis Kisko Pyaar Karoon,5.6,7087,Kis Kisko Pyaar Karoon
2015,Kuch Kuch Locha Hai,2.6,963,Kuch Kuch Locha Hai
2015,Lakhon Hain Yahan Dilwale,,,
2015,Lion of Gujarat,7.0,11,Lion of Gujarat
2015,Love Exchange,5.4,63,Love Exchange
2015,Luckhnowi Ishq,7.2,32,Luckhnowi Ishq
2015,MSG: The Messenger,,,
2015,Main Aur Charles,6.2,1900,Main Aur Charles
2015,Main Hoon Part-Time Killer,,,
2015,Manjhi – The Mountain Man,8.0,21237,Manjhi: The Mountain Man
2015,Margarita with a Straw,7.2,4334,Margarita with a Straw
2015,Masaan,8.1,35567,Masaan
2015,Meeruthiya Gangster,,,
2015,Mere Genie Uncle,4.3,13,Mere Genie Uncle
2015,Miss Tanakpur Haazir Ho,5.3,384,Miss Tanakpur Haazir Ho
2015,Mr. X,3.7,2544,Mr. X
2015,Mumbai Can Dance Saala,,,
2015,NH-8 Road to Nidhivan,2.7,61,NH-8: Road to Nidhivan
2015,NH10,7.2,14954,NH 10
2015,Once Upon a Time in Bihar,6.4,224,Once Upon a Time in Bihar
2015,P Se PM Tak,3.7,106,P Se PM Tak
2015,Phantom,6.0,10425,Phantom
2015,Piku,7.6,36849,Piku
2015,Prem Ratan Dhan Payo,4.4,26023,Prem Ratan Dhan Payo
2015,Prithipal Singh... A Story,,,
2015,Pyaar Ka Punchnama 2,7.2,17594,Pyaar Ka Punchnama 2
2015,Qissa,,,
2015,Rahasya,7.5,6313,Rahasya
2015,Ranbanka,3.6,149,Ranbanka
2015,Rolling Dream,,,
2015,Roy,3.2,8234,Roy
2015,Sabki Bajegi Band,3.3,114,Sabki Bajegi Band
2015,Second Hand Husband,3.7,199,Second Hand Husband
2015,Shaandaar,3.7,6950,Shaandaar
2015,Shamitabh,6.7,8251,Shamitabh
2015,Sharafat Gayi Tel Lene,5.0,329,Sharafat Gayi Tel Lene
2015,Singh Is Bliing,5.1,9901,Singh Is Bliing
2015,Sorry Daddy,5.9,15,Sorry Daddy
2015,Take It Easy,7.9,34,Take It Easy
2015,Talvar,8.1,43525,Talvar
2015,Tamasha,7.4,36325,Tamasha
2015,Tanu Weds Manu: Returns,7.6,30714,Tanu Weds Manu Returns
2015,Tevar,4.2,3585,Tevar
2015,The Silent Heroes,6.4,79,The Silent Heroes
2015,Thoda Lutf Thoda Ishq,4.2,66,Thoda Lutf Thoda Ishq
2015,Titli,7.5,5827,Titli
2015,Uvaa,4.9,195,Uvaa
2015,Waiting,7.2,1955,Waiting
2015,Wedding Pullav,3.6,232,Wedding Pullav
2015,Welcome 2 Karachi,4.4,1568,Welcome 2 Karachi
2015,Welcome Back,4.3,7571,Welcome Back
2015,X: Past Is Present,5.2,767,X: Past Is Present
2015,Yaara Silly Silly,5.4,288,Yaara Silly Silly
2015,Yahaan Sabki Lagi Hai,,,
2016,1920: London,4.2,2255,1920 London
2016,31st October,5.7,317,31st October
2016,7 Hours To Go,5.7,464,7 Hours to Go
2016,A Flying Jatt,3.2,6322,A Flying Jatt
2016,A Scandall,3.1,174,A Scandall
2016,Aakhir Kab Tak,,,
2016,Ae Dil Hai Mushkil,5.9,29021,Ae Dil Hai Mushkil
2016,Airlift,7.9,61561,Airlift
2016,Akira,5.9,4664,Akira
2016,Aligarh,7.7,8707,Aligarh
2016,Anna,5.6,60,Anna
2016,Azhar,5.7,6206,Azhar
2016,Baaghi,5.4,11757,Baaghi
2016,Baar Baar Dekho,5.4,8189,Baar Baar Dekho
2016,Banjo,5.0,1304,Banjo
2016,Befikre,4.2,8864,Befikre
2016,Beiimaan Love,2.9,593,Beiimaan Love
2016,Bollywood Diaries,6.0,320,Bollywood Diaries
2016,Brahman Naman,5.5,2146,Brahman Naman
2016,Buddha in a Traffic Jam,7.1,8202,Buddha in a Traffic Jam
2016,Budhia Singh – Born to Run,7.5,1717,Budhia Singh: Born to Run
2016,Chaar Sahibzaade: Rise of Banda Singh Bahadur,,,
2016,Chalk n Duster,6.5,895,Chalk N Duster
2016,Dangal,8.3,243597,Dangal
2016,Darling Don't Cheat,,,
2016,Days of Tafree,7.2,377,Days of Tafree
2016,Dear Dad,6.2,482,Dear Dad
2016,Dear Zindagi,7.4,47508,Dear Zindagi
2016,Dhanak,7.8,4843,Rainbow
2016,Dhara 302,5.2,22,Dhara 302
2016,Dil Toh Deewana Hai,7.4,27,Dil Toh Deewana Hai
2016,Direct Ishq,4.7,99,Direct Ishq
2016,Dishoom,5.2,10068,Dishoom
2016,Do Lafzon Ki Kahani,6.5,1867,Do Lafzon Ki Kahani
2016,Dongri Ka Raja,4.2,212,Dongri Ka Raja
2016,Ek Kahani Julie Ki,5.1,12,Ek Kahani Julie Ki
2016,Fan,6.8,53709,Fan
2016,Fever,4.7,783,Fever
2016,Final Cut of Director,,,
2016,Fitoor,5.5,6998,Fitoor
2016,Force 2,6.2,6440,Force 2
2016,Freaky Ali,5.0,3211,Freaky Ali
2016,Fredrick,4.4,25,Fredrick
2016,Fuddu,4.7,217,Fuddu
2016,Ghayal: Once Again,6.2,5587,Ghayal Once Again
2016,Global Baba,5.6,234,Global Baba
2016,Great Grand Masti,3.7,3588,Great Grand Masti
2016,Hai Apna Dil Toh Awara,7.2,29,Hai Apna Dil Toh Awara
2016,Happy Bhag Jayegi,6.5,6053,Happy Bhaag Jayegi
2016,Housefull 3,5.0,12627,Housefull 3
2016,Ishq Click,4.4,102,Ishq Click
2016,Ishq Forever,2.5,129,Ishq Forever
2016,Ishq Junoon,,,
2016,Island City,6.7,367,Island City
2016,Jai Gangaajal,5.8,2749,Jai Gangaajal
2016,Jugni,6.2,160,Jugni
2016,Junooniyat,4.1,1087,Junooniyat
2016,Kaafiron Ki Namaaz,,,
2016,Kahaani 2: Durga Rani Singh,,,
2016,Kapoor & Sons,7.7,33873,Kapoor & Sons
2016,Khel Toh Ab Shuru Hoga,5.1,22,The Game Will Start Now
2016,Ki & Ka,5.7,6723,Ki & Ka
2016,Kyaa Kool Hain Hum 3,2.0,4697,Kyaa Kool Hain Hum 3
2016,Laal Rang,7.8,5433,Laal Rang
2016,Love Day - Pyaar Ka Din,,,
2016,Love Games,4.3,1098,Love Games
2016,Love Ke Funday,6.1,19,Love Ke Funday
2016,Love Shagun,4.5,125,Love Shagun
2016,LoveShhuda,4.7,658,LoveShhuda
2016,M Cream,5.5,356,M Cream
2016,M.S. Dhoni: The Untold Story,8.0,76110,M.S. Dhoni: The Untold Story
2016,MSG: The Warrior Lion Heart,7.1,7497,MSG the Warrior: Lion Heart
2016,Madaari,7.6,16174,Madaari
2016,Mastizaade,2.5,3237,Mastizaade
2016,Mirzya,4.6,1969,Mirza's Lady
2016,Mission Tiger,5.8,15,Mission Tiger
2016,Moh Maya Money,5.8,483,Moh Maya Money
2016,Mohenjo Daro,5.6,13735,Mohenjo Daro
2016,Motu Patlu: King of Kings,6.5,256,Motu Patlu: King of Kings
2016,My Father Iqbal,7.5,20,My Father Iqbal
2016,Neerja,7.6,25211,Neerja
2016,Nil Battey Sannata,8.2,9809,The New Classmate
2016,OK Mein Dhokhe,5.4,12,Ok Mein Dhokhe
2016,One Night Stand,3.2,1569,One Night Stand
2016,Parched,7.5,6562,Parched
2016,Phobia,6.8,3518,Phobia
2016,Pink,8.0,52256,Pink
2016,Project Marathwada,6.5,103,Project Marathwada
2016,Raaz: Reboot,4.5,2371,Raaz Reboot
2016,Raman Raghav 2.0,7.3,17437,Psycho Raman
2016,Rebellious Flower,6.8,280,Rebellious Flower
2016,Rock On 2,4.9,2401,Rock on 2
2016,Rocky Handsome,6.8,10053,Rocky Handsome
2016,Rough Book,6.7,274,Rough Book
2016,Rustom,7.0,31439,Rustom
2016,Saala Khadoos,,,
2016,Saansein,,,
2016,Saat Uchakkey,5.6,1247,Saat Uchakkey
2016,Sanam Re,3.4,3831,Sanam Re
2016,Sanam Teri Kasam,7.6,23013,Sanam Teri Kasam
2016,Santa Banta Pvt Ltd,2.7,349,Santa Banta Pvt Ltd
2016,Sarbjit,7.4,5878,Sarbjit
2016,Shivaay,6.1,13550,Shivaay
2016,Shorgul,5.7,352,Shorgul
2016,Shortcut Safari,6.5,82,Shortcut Safari
2016,Sultan,7.1,59234,Sultan
2016,Te3n,7.2,15131,Te3n
2016,Teraa Surroor,2.7,993,Teraa Surroor
2016,Tere Bin Laden: Dead or Alive,4.4,1065,Tere Bin Laden: Dead or Alive
2016,The Blueberry Hunt,5.3,232,The Blueberry Hunt
2016,The Legend of Michael Mishra,4.4,685,The Legend of Michael Mishra
2016,Traffic,6.7,2851,Traffic
2016,Tum Bin II,4.8,1512,Tum Bin II
2016,Tutak Tutak Tutiya,5.4,951,Tutak Tutak Tutiya
2016,Udta Punjab,7.7,34153,Udta Punjab
2016,Umrika,6.6,1625,Umrika
2016,Veerappan,5.3,965,Veerappan
2016,Waarrior Savitri,,,
2016,Wah Taj,5.4,169,Wah Taj
2016,Wajah Tum Ho,4.5,1501,Wajah Tum Ho
2016,Wazir,7.1,20865,Wazir
2016,Yea Toh Two Much Ho Gayaa,3.6,131,Yea Toh Two Much Ho Gayaa
2016,Zubaan,6.0,564,Zubaan
2017,A Daughter's Tale Pankh,6.3,22,A Daughter's Tale: Pankh
2017,A Death in the Gunj,7.4,6858,A Death in the Gunj
2017,A Gentleman,6.3,8039,A Gentleman
2017,Aa Gaya Hero,2.3,413,Aa Gaya Hero
2017,Ajab Singh Ki Gajab Kahani,4.7,104,Ajab Singh Ki Gajab Kahani
2017,Ajji,6.8,2024,Ajji
2017,Aksar 2,3.6,517,Aksar 2
2017,Anaarkali of Aarah,6.1,2064,Anaarkali of Aarah
2017,Baadshaho,4.9,5573,Baadshaho
2017,Babuji Ek Ticket Bambai,7.3,11,Babuji Ek Ticket Bambai
2017,Babumoshai Bandookbaaz,6.8,2730,Babumoshai Bandookbaaz
2017,Bachche Kachche Sachche,,,
2017,Badrinath Ki Dulhania,6.1,14867,The Bride of Badrinath
2017,Bank Chor,6.0,3451,Bank Chor
2017,Bareilly Ki Barfi,7.5,28608,Seeking True Love
2017,Begum Jaan,5.6,3133,Begum Jaan
2017,Behen Hogi Teri,5.6,2749,Behen Hogi Teri
2017,Bhanwarey,6.9,66,Bhanwarey
2017,Bhoomi,5.4,2231,Bhoomi
2017,Chakallaspur,,,
2017,Chauhar,7.1,21,Chauhar
2017,Chef,5.7,2843,Chef
2017,Coffee with D,4.4,2652,Coffee with D
2017,Commando 2,5.5,4187,Commando 2
2017,Daddy,6.4,2266,Daddy
2017,Dear Maya,6.4,540,Dear Maya
2017,Dil Jo Na Keh Saka,5.3,124,Dil Jo Na Keh Saka
2017,Dobaara: See Your Evil,3.8,504,Dobaara: See Your Evil
2017,Ek Haseena Thi Ek Deewana Tha,2.4,194,Ek Haseena Thi Ek Deewana Tha
2017,Ek Thi Rani Aisi Bhi,,,
2017,Firangi,4.3,1436,Firangi
2017,Flat 211,5.2,95,Flat 211
2017,Fukrey Returns,6.5,6887,Fukrey Returns
2017,G Kutta Se,8.2,61,G Kutta Se
2017,Game Over,5.8,116,Game Over
2017,Golmaal Again,5.0,13421,Golmaal Again
2017,Guest iin London,5.4,2760,Guest iin London
2017,Gurgaon,6.4,2628,Gurgaon
2017,Half Girlfriend,4.7,8682,Half Girlfriend
2017,Hanuman: Da' Damdaar,5.3,318,Hanuman Da Damdaar
2017,Haraamkhor,6.3,4746,Haraamkhor
2017,Haseena Parkar,,,
2017,Hind Ka Napak Ko Jawab: MSG Lion Heart 2,,,
2017,Hindi Medium,7.9,36052,Hindi Medium
2017,ISIS: Enemies of Humanity,7.3,56,ISIS: Enemies of Humanity
2017,Indu Sarkar,6.0,2321,Indu Sarkar
2017,Irada,6.3,1614,Irada
2017,Ittefaq,7.2,17141,Ittefaq
2017,JD,5.9,30,JD
2017,Jab Harry Met Sejal,5.1,24264,Jab Harry Met Sejal
2017,Jagga Jasoos,6.4,13877,Jagga Jasoos
2017,Jattu Engineer,6.1,3442,Jattu Engineer
2017,Jeena Isi Ka Naam Hai,3.2,131,Jeena Isi Ka Naam Hai
2017,Jia aur Jia,4.5,222,Jia Aur Jia
2017,Jolly LLB 2,7.2,30913,Jolly LLB 2
2017,Judwaa 2,3.7,12753,Judwaa 2
2017,Julie 2,2.2,377,Julie 2
2017,Kaabil,7.2,33330,Kaabil
2017,Kadvi Hawa,7.9,1781,Dark Wind
2017,Laali Ki Shaadi Mein Laaddoo Deewana,3.3,163,Laali Ki Shaadi Mein Laaddoo Deewana
2017,Lipstick Under My Burkha,6.8,7862,Lipstick Under My Burkha
2017,Love You Family,4.5,18,Love You Family
2017,Lucknow Central,6.2,3188,Lucknow Central
2017,Maatr,4.7,558,Maatr
2017,Machine,2.8,1081,Machine
2017,Main Terrorist Nahi Hoon,,,
2017,Mantostaan,5.5,119,Mantostaan
2017,Mantra,5.4,239,Mantra
2017,Meri Pyaari Bindu,6.1,6746,Meri Pyaari Bindu
2017,Mirza Juuliet,4.4,183,Mirza Juuliet
2017,Mom,7.2,13270,Mom
2017,Mona Darling,4.5,303,Mona_Darling
2017,Monsoon Shootout,,,
2017,Mubarakan,5.6,4596,Mubarakan
2017,Mukti Bhawan,7.1,2585,Hotel Salvation
2017,Munna Michael,3.5,6121,Munna Michael
2017,Naam Shabana,6.2,8451,Naam Shabana
2017,Newton,7.6,22419,Newton
2017,Noor,4.1,1651,Noor
2017,Ok Jaanu,5.4,5758,OK Jaanu
2017,Panchlait,6.5,156,Panchlait
2017,Partition: 1947,,,
2017,Patel Ki Punjabi Shaadi,4.0,427,Patel Ki Punjabi Shaadi
2017,Phillauri,6.1,4310,Phillauri
2017,Poorna: Courage Has No Limit,,,
2017,Poster Boys,5.4,1862,Poster Boys
2017,Prakash Electronic,4.8,38,Prakash Electronic
2017,Qaidi Band,6.0,564,Qaidi Band
2017,Qarib Qarib Singlle,7.2,11630,Qarib Qarib Single
2017,Raabta,4.8,9673,Raabta
2017,Raag Desh,8.1,424,Raag Desh
2017,Raees,6.6,54915,Raees
2017,Ranchi Diaries,7.8,114,Ranchi Diaries
2017,Rangoon,5.6,5307,Rangoon
2017,Ribbon,6.9,1934,Ribbon
2017,Romeo-N-Bullet,4.1,11,Romeo N Bullet
2017,Rukh,6.3,684,Rukh
2017,Running Shaadi,6.4,2817,Running Shaadi
2017,Saanjh,7.1,215,Dusk
2017,Saankal,,,
2017,Sachin: A Billion Dreams,8.4,8658,Sachin - A Billion Dreams
2017,Sallu Ki Shaadi,3.7,55,Sallu Ki Shaadi
2017,Sarkar 3,5.0,2440,Sarkar 3
2017,Secret Superstar,7.7,32300,Secret Superstar
2017,Shaadi Mein Zaroor Aana,7.5,19939,Shaadi Mein Zaroor Aana
2017,Shab,4.3,264,Night
2017,Shreelancer,6.7,137,Shreelancer
2017,Shubh Mangal Saavdhan,6.9,12226,Shubh Mangal Savdhan
2017,Simran,5.2,4665,Simran
2017,Sniff,5.4,187,Sniff
2017,Sweetiee Weds NRI,3.4,297,Sweetiee Weds NRI
2017,Tera Intezaar,1.7,375,Tera Intezaar
2017,The Final Exit,6.9,62,The Final Exit
2017,The Ghazi Attack,7.5,16065,The Ghazi Attack
2017,The Great Leader Kanshiram,8.2,18,The Great Leader Kanshiram
2017,The House Next Door,,,
2017,The Window,8.8,13,The Window
2017,Thodi Thodi Si Manmaaniyan,5.9,49,Thodi Thodi Si Manmaaniyan
2017,Tiger Zinda Hai,5.9,36861,Tiger Zinda Hai
2017,Toilet: Ek Prem Katha,7.2,26002,Toilet: A Love Story
2017,Trapped,7.5,15063,Trapped
2017,Tu Hai Mera Sunday,7.7,2096,You Are My Sunday
2017,Tubelight,4.0,23986,Tubelight
2017,Tumhari Sulu,7.0,5819,Tumhari Sulu
2017,"U, Me Aur Ghar",6.5,69,"U, Me Aur Ghar"
2017,Wedding Anniversary,4.0,126,Wedding Anniversary
2017,Yadvi – The Dignified Princess,8.0,46,YADVI: The Dignified Princess
2018,102 Not Out,7.4,7878,102 Not Out
2018,1921,4.2,1656,1921
2018,2.0,6.0,30451,2.0
2018,3 Storeys,7.0,508,3 Storeys
2018,5 Weddings,3.6,721,5 Weddings
2018,Aiyaary,5.3,5574,Aiyaary
2018,Andhadhun,8.2,116411,Andhadhun
2018,Ascharyachakit!,4.9,1132,Ascharyachakit!
2018,Baaghi 2,4.7,12945,Baaghi 2
2018,Baazaar,6.5,6477,Baazaar
2018,Badhaai Ho,7.9,40826,Badhaai Ho
2018,Batti Gul Meter Chalu,5.9,6549,Batti Gul Meter Chalu
2018,Beyond the Clouds,6.9,2719,Beyond the Clouds
2018,Bhaiaji Superhit,3.9,713,"Brother, Superhit!"
2018,Bhavesh Joshi Superhero,7.6,11485,Bhavesh Joshi Superhero
2018,Bioscopewala,7.5,1087,Bioscopewala
2018,Blackmail,7.2,13462,Blackmail
2018,Brij Mohan Amar Rahe!,6.5,3029,Long Live Brij Mohan
2018,Daas Dev,5.1,341,Daas Dev
2018,Dassehra,3.7,387,Dassehra
2018,Dhadak,4.7,12876,Dhadak
2018,Dil Juunglee,3.8,587,Dil Juunglee
2018,Falooda,5.9,17,Falooda
2018,Fanney Khan,4.5,2494,Fanney Khan
2018,FryDay,5.3,992,FryDay
2018,Gali Guleiyan,7.0,1504,In the Shadows
2018,Genius,5.1,3849,Genius
2018,Gold,7.3,15550,Gold
2018,Halkaa,7.1,1025,Relief
2018,Happy Phirr Bhag Jayegi,4.6,1596,Happy Phirr Bhag Jayegi
2018,Hate Story IV,3.4,2015,Hate Story IV
2018,Helicopter Eela,5.5,1372,Helicopter Eela
2018,Hichki,7.5,15374,Hichki
2018,High Jack,5.3,355,High Jack
2018,Hope Aur Hum,6.3,473,Hope Aur Hum
2018,Hotel Milan,3.8,595,Hotel Milan
2018,Ishqeria,4.1,253,Ishqeria
2018,Jaane Kyun De Yaaron,5.1,46,Jaane Kyun De Yaaron
2018,Jalebi,6.1,3463,Jalebi
2018,Kaalakaandi,6.3,3577,Kaalakaandi
2018,Kaashi in Search of Ganga,5.3,451,Kaashi in Search of Ganga
2018,Karwaan,7.6,20536,Karwaan
2018,Kedarnath,6.8,16267,Kedarnath
2018,Khajoor Pe Atke,5.9,350,Khajoor Pe Atke
2018,Kuchh Bheege Alfaaz,7.4,1021,Kuchh Bheege Alfaaz
2018,Laila Majnu,7.6,9828,Laila Majnu
2018,Laxmi and Tikli Bomb,,,
2018,Love Sonia,7.4,2948,Love Sonia
2018,Love per Square Foot,7.1,9709,Love Per Square Foot
2018,Loveyatri,3.5,2733,Love Yatri
2018,Lust Stories,6.3,14095,Lust Stories
2018,Manmarziyaan,6.8,9749,Husband Material
2018,Manto,7.3,5023,Manto
2018,Mercury,6.0,1169,Mercury
2018,Meri Nimmo,7.0,389,Meri Nimmo
2018,Missing,5.8,2588,Missing
2018,Mitron,6.9,2837,Mitron
2018,Mohalla Assi,,,
2018,Mukkabaaz,8.0,9542,The Brawler
2018,Mulk,7.2,22509,Mulk
2018,My Birthday Song,5.6,313,My Birthday Song
2018,Namaste England,2.1,3090,Namaste England
2018,Nanu Ki Jaanu,5.3,1849,Nanu Ki Jaanu
2018,Nawabzaade,4.2,1197,Nawabzaade
2018,Nirdosh,4.4,712,Nirdosh
2018,October,7.6,20996,October
2018,Omerta,7.1,4097,Omerta
2018,Once Again,6.9,1319,Once Again
2018,Pad Man,7.8,32717,Pad Man
2018,Padmaavat,7.1,41121,Padmaavat
2018,Paltan,5.2,1319,Paltan
2018,Pari,6.6,7977,Pari
2018,Parmanu: The Story Of Pokhran,7.6,26705,Parmanu: The Story of Pokhran
2018,Pataakha,7.2,4906,Pataakha
2018,Phamous,3.9,376,Phamous
2018,Phir Se...,5.3,241,Phir Se...
2018,Pihu,6.7,3160,Pihu
2018,Raazi,7.7,37346,Raazi
2018,Race 3,1.9,50297,Race 3
2018,Raid,7.4,23777,Raid
2018,Rajma Chawal,5.7,2047,Rajma Chawal
2018,"Saheb, Biwi Aur Gangster 3",4.4,934,Saheb Biwi Aur Gangster 3
2018,Sanju,7.6,67548,Sanju
2018,Satyameva Jayate,5.7,8385,Satyameva Jayate
2018,Shaadi Teri Bajayenge Hum Band,6.1,196,Shaadi Teri Bajayenge Hum Band
2018,Simmba,5.5,24045,Simmba
2018,Sonu Ke Titu Ki Sweety,7.1,27196,Sonu Ke Titu Ki Sweety
2018,Soorma,7.3,6433,Soorma
2018,Stree,7.5,47923,Stree
2018,Sui Dhaaga,,,
2018,Thugs of Hindostan,4.1,23056,Thugs of Hindostan
2018,Tigers,6.8,1789,Tigers
2018,Toba Tek Singh,6.9,175,Toba Tek Singh
2018,Tumbbad,8.2,75389,Tumbbad
2018,Union Leader,7.1,493,Union Leader
2018,Veere Di Wedding,3.4,13773,Veere Di Wedding
2018,Veerey Ki Wedding,2.9,680,Veerey Ki Wedding
2018,Vodka Diaries,5.6,1722,Vodka Diaries
2018,When Obama Loved Osama,4.8,47,When Obama Loved Osama
2018,Yamla Pagla Deewana: Phir Se,4.4,1548,Yamla Pagla Deewana Phir Se
2018,Zero,5.2,33278,Zero
2018,Zoo,5.5,2459,Zoo
2019,22 Yards,5.1,1749,22 Yards
2019,377 Ab Normal,5.4,146,377 AbNormal
2019,72 Hours: Martyr Who Never Died,5.5,401,72 Hours: Martyr Who Never Died
2019,Albert Pinto Ko Gussa Kyun Aata Hai?,5.1,1736,Albert Pinto Ko Gussa Kyun Aata Hai?
2019,Amavas,2.9,428,Amavas
2019,Arjun Patiala,4.4,1746,Arjun Patiala
2019,Article 15,8.1,41487,Article 15
2019,Badla,7.8,34810,Badla
2019,Badnaam Gali,6.9,1562,Badnaam Gali
2019,Bala,7.3,18125,Bala
2019,Barot House,7.1,2124,Barot House
2019,Batla House,7.2,13273,Batla House
2019,Battalion 609,2.7,154,Battalion 609
2019,Bharat,4.7,33685,Bharat
2019,Blackboard vs Whiteboard,5.7,67,Blackboard vs Whiteboard
2019,Blank,6.1,1312,Blank
2019,Bombairiya,4.6,507,Bombairiya
2019,Bypass Road,5.4,1178,Bypass Road
2019,Cabaret,3.2,274,Cabaret
2019,Chappad Phaad Ke,,,
2019,Chhichhore,8.3,72911,Chhichhore
2019,Chhoriyan Chhoron Se Kam Nahi Hoti,,,
2019,Chhota Bheem Kung Fu Dhamaka,5.3,272,Chhota Bheem Kung Fu Dhamaka
2019,Chicken Curry Law,4.5,225,Chicken Curry Law
2019,Chopsticks,6.5,5616,Chopsticks
2019,Commando 3,5.9,4836,Commando 3
2019,Dabangg 3,3.0,23120,Dabangg 3
2019,De De Pyaar De,6.5,11158,De De Pyaar De
2019,Dosti Ke Side Effects,3.4,58,Dosti Ke Side Effects
2019,Dream Girl,7.0,18646,Dream Girl
2019,Drive,3.2,8601,Drive
2019,Ek Ladki Ko Dekha Toh Aisa Laga,5.6,5091,Ek Ladki Ko Dekha Toh Aisa Laga
2019,Evening Shadows,7.2,643,Evening Shadows
2019,Family of Thakurganj,5.3,979,Family of Thakurganj
2019,Fraud Saiyaan,4.3,958,Fraud Saiyaan
2019,Ghost,3.8,1697,Ghost
2019,Gone Kesh,6.8,2789,Gone Kesh
2019,Good Newwz,6.8,23908,Good Newwz
2019,Goopi Gawaiya Bagha Bajaiya,,,
2019,Gully Boy,7.9,47397,Gully Boy
2019,Gunwali Dulhaniya,3.8,32,Gunwali Dulhaniya
2019,Hamid,7.7,1484,Hamid
2019,Happi,7.4,91,Happi
2019,House Arrest,5.5,1911,House Arrest
2019,Housefull 4,3.7,16315,Housefull 4
2019,Hum Chaar,6.6,7902,Hum Chaar
2019,Hume Tumse Pyaar Kitna,4.4,166,Hume Tumse Pyaar Kitna
2019,India's Most Wanted,4.7,2486,India's Most Wanted
2019,Jabariya Jodi,4.0,1976,Jabariya Jodi
2019,Jacqueline I Am Coming,8.2,32,Jacqueline I Am Coming
2019,Jai Chhathi Maa,7.5,17,Jai Chhathi Maa
2019,Jaoon Kahan Bata Ae Dil,,,
2019,Jhalki,6.9,1473,Jhalki
2019,Jhootha Kahin Ka,4.6,426,Jhootha Kahin Ka
2019,Judgementall Hai Kya,5.9,7208,Judgementall Hai Kya
2019,Junglee,5.6,2532,Junglee
2019,Kabir Singh,7.0,45648,Kabir Singh
2019,Kalank,3.8,22099,Kalank
2019,Kanpuriye,6.0,1647,Kanpuriye
2019,Keep Safe Distance,,,
2019,Kesari,7.4,26200,Kesari
2019,Khamoshi,3.4,374,Khamoshi
2019,Khandaani Shafakhana,4.4,1427,Khandaani Shafakhana
2019,Kissebaaz,4.5,321,Kissebaaz
2019,Laal Kaptaan,7.2,5766,Laal Kaptaan
2019,Line of Descent,4.6,662,Line of Descent
2019,Luka Chuppi,6.4,15600,Luka Chuppi
2019,Made in China,6.3,5273,Made in China
2019,Main Zaroor Aaunga,4.0,74,Main Zaroor Aaunga
2019,Malaal,5.9,1551,Malaal
2019,Manikarnika: The Queen of Jhansi,6.4,16711,Manikarnika: The Queen of Jhansi
2019,Mard Ko Dard Nahi Hota,,,
2019,Mardaani 2,7.3,12117,Mardaani 2
2019,Marjaavaan,3.8,5090,Marjaavaan
2019,Marne Bhi Do Yaaron,5.1,109,Marne Bhi Do Yaaron
2019,Marudhar Express,4.8,2869,Marudhar Express
2019,Mere Pyare Prime Minister,6.8,728,Mere Pyare Prime Minister
2019,Milan Talkies,5.2,441,Milan Talkies
2019,Mission Mangal,6.6,20690,Mission Mangal
2019,Moothon,7.3,2405,The Elder One
2019,Motichoor Chaknachoor,5.8,3474,Motichoor Chaknachoor
2019,Music Teacher,6.3,822,Music Teacher
2019,Notebook,7.1,3753,Notebook
2019,Officer Arjun Singh IPS Batch 2000,,,
2019,One Day: Justice Delivered,5.1,2779,One Day: Justice Delivered
2019,P Se Pyaar F Se Faraar,5.2,1104,P Se Pyaar F Se Faraar
2019,PM Narendra Modi,3.0,9250,PM Narendra Modi
2019,Pagalpanti,3.4,3220,Pagalpanti
2019,Pal Pal Dil Ke Paas,4.6,1415,Pal Pal Dil Ke Paas
2019,Panipat,5.3,6439,Panipat
2019,Pati Patni Aur Woh,5.8,9254,Pati Patni Aur Woh
2019,Photograph,6.8,6701,Photograph
2019,Posham Pa,6.3,652,Posham Pa
2019,Pranaam,4.3,598,Pranaam
2019,Prassthanam,5.8,1757,Prassthanam
2019,Ram Ki Janmabhoomi,4.4,218,Ram Ki Janmabhoomi
2019,Rangeela Raja,1.9,310,Rangeela Raja
2019,Risknamaa,8.3,43,Risknamaa
2019,Romeo Akbar Walter,6.7,6646,Romeo Akbar Walter
2019,SP Chauhan,5.0,1462,S.P. Chauhan
2019,Saaho,5.1,26832,Saaho
2019,Saand Ki Aankh,7.5,6196,Saand Ki Aankh
2019,Salt Bridge,6.0,121,Salt Bridge
2019,Satellite Shankar,6.3,1315,Satellite Shankar
2019,Section 375,8.1,21338,Section 375
2019,Setters,5.4,331,Setters
2019,Sonchiriya,7.9,13596,Sonchiriya
2019,Soni,7.1,3174,Soni
2019,Student of the Year 2,2.3,23654,Student of the Year 2
2019,Super 30,7.9,42330,Super 30
2019,Thackeray,5.4,3937,Thackeray
2019,The Accidental Prime Minister,6.0,8558,The Accidental Prime Minister
2019,The Body,5.5,5137,The Body
2019,The Fakir of Venice,,,
2019,The Sholay Girl,7.2,135,The Sholay Girl
2019,The Sky Is Pink,7.6,10760,The Sky Is Pink
2019,The Tashkent Files,8.0,39087,The Tashkent Files
2019,The Zoya Factor,4.4,2906,The Zoya Factor
2019,Total Dhamaal,4.3,8956,Total Dhamaal
2019,Ujda Chaman,6.9,5908,Ujda Chaman
2019,Upstarts,6.7,1009,Upstarts
2019,Uri: The Surgical Strike,8.2,83865,Uri: The Surgical Strike
2019,War,6.6,40191,War
2019,Why Cheat India,6.1,3147,Why Cheat India
2019,Yaaram,4.8,57,#Yaaram
2019,Yeh Hai India,3.6,344,Yeh Hai India
2019,Yeh Saali Aashiqui,7.8,5102,Yeh Saali Aashiqui
2019,Yours Truly,5.8,141,Yours Truly
2020,AK vs AK,6.9,15852,AK vs AK
2020,Angrezi Medium,7.2,19267,Angrezi Medium
2020,Anwar Ka Ajab Kissa,,,
2020,Ateet,4.4,268,Ateet
2020,Atkan Chatkan,7.6,4273,Atkan Chatkan
2020,Axone,6.8,2520,Axone
2020,Baaghi 3,2.3,17991,Baaghi 3
2020,Bahut Hua Samman,,,
2020,Bamfaad,5.8,2273,Bamfaad
2020,Beautiful,7.2,105,Beautiful
2020,Bhangra Paa Le,6.3,448,Bhangra Paa Le
2020,Bhonsle,6.8,1803,Bhonsle
2020,Bhoot – Part One: The Haunted Ship,5.4,6228,Bhoot: Part One - The Haunted Ship
2020,Bulbbul,6.6,16592,Bulbbul
2020,Bunker,7.0,99,Bunker
2020,Captain Vidyut,6.9,23,Captain Vidyut
2020,Cargo,5.6,3205,Cargo
2020,Chaman Bahaar,6.9,11293,Chaman Bahaar
2020,Chhalaang,6.6,20488,Chhalaang
2020,Chhapaak,5.4,28158,Chhapaak
2020,Chintu Ka Birthday,7.6,4910,Chintu Ka Birthday
2020,Chippa,6.6,1222,Chippa
2020,Choked,5.7,6013,Choked
2020,Class of '83,5.8,6242,Class of '83
2020,Comedy Couple,7.2,3646,Comedy Couple
2020,Coolie No. 1,4.2,74738,Coolie No. 1
2020,Court Martial,7.0,327,Court Martial
2020,Darbaan,7.3,977,Darbaan
2020,Dheet Patangey,7.1,99,Dheet Patangey
2020,Dil Bechara,8.3,137771,Dil Bechara
2020,Dolly Kitty Aur Woh Chamakte Sitare,5.2,8018,Dolly Kitty and Those Twinkling Stars
2020,Doordarshan,6.1,4462,Doordarshan
2020,Durgamati,,,
2020,Eeb Allay Ooo!,7.2,1916,Eeb Allay Ooo!
2020,Ghoomketu,4.9,4996,Ghoomketu
2020,Ghost Stories,4.5,6300,Ghost Stories
2020,Ginny Weds Sunny,5.7,6092,Ginny Weds Sunny
2020,Guilty,5.4,4983,Guilty
2020,Gul Makai,2.7,314,Gul Makai
2020,Gulabo Sitabo,6.3,14113,Gulabo Sitabo
2020,Gunjan Saxena: The Kargil Girl,5.6,36285,Gunjan Saxena: The Kargil Girl
2020,Guns of Banaras,5.8,262,Guns of Banaras
2020,Hacked,4.4,1936,Hacked
2020,Halahal,7.0,2091,Halahal
2020,Half Widow,,,
2020,Happy Hardy and Heer,5.2,1227,Happy Hardy and Heer
2020,Haunted Hills,7.5,88,Haunted Hills
2020,Indoo Ki Jawani,3.4,6858,Indoo Ki Jawani
2020,It's My Life,5.2,201,It's My Life
2020,Jai Mummy Di,3.8,1152,Jai Mummy Di
2020,Jawaani Jaaneman,6.5,8719,Jawaani Jaaneman
2020,Kaali Khuhi,3.7,1553,Kaali Khuhi
2020,Kaamyaab,7.7,4665,Har Kisse Ke Hisse: Kaamyaab
2020,Kaanchli Life in a Slough,5.0,132,Kaanchli Life in a Slough
2020,Kadakh,6.9,2127,Kadakh
2020,Kasaai,6.4,45,Kasaai
2020,Khaali Peeli,2.6,10237,Khaali Peeli
2020,Khawab Sare Jhoothey,,,
2020,Khuda Haafiz,7.1,22843,Khuda Haafiz
2020,Laxmii,2.6,59808,Laxmii
2020,London Confidential,5.9,4119,London Confidential
2020,Lootcase,7.5,19633,Lootcase
2020,Love Aaj Kal,4.7,11148,Love Aaj Kal
2020,Ludo,7.6,46190,Ludo
2020,Malang,,,
2020,Maska,5.9,1634,Maska
2020,Mee Raqsam,6.7,631,Mee Raqsam
2020,Mrs. Serial Killer,4.0,19165,Mrs. Serial Killer
2020,Namumkin Tere Bin Jeena,5.0,26,Namumkin Tere Bin Jeena
2020,Nirvana Inn,5.8,297,Nirvana Inn
2020,O Pushpa I Hate Tears,4.0,26,O Pushpa I Hate Tears
2020,Omprakash Zindabad,5.9,35,Omprakash Zindabad
2020,Operation Parindey,4.7,442,Operation Parindey
2020,Pagleaazam,6.7,15,Pagleaazam
2020,Panga,6.8,8191,Panga
2020,Pareeksha,8.0,4920,Pareeksha
2020,Pepper Chicken,5.3,454,Pepper Chicken
2020,Raat Akeli Hai,7.2,22746,Raat Akeli Hai
2020,Ram Singh Charlie,7.9,1771,Ram Singh Charlie
2020,Sab Kushal Mangal,4.1,332,Sab Kushal Mangal
2020,Sadak 2,1.2,97185,Sadak 2
2020,Sayonee,5.9,1915,Sayonee
2020,Serious Men,6.8,8680,Serious Men
2020,Shakeela,3.4,755,Shakeela
2020,Shakuntala Devi,6.2,10086,Shakuntala Devi
2020,Shikara,3.4,15619,Shikara
2020,Shimla Mirchi,4.7,1895,Shimla Mirchi
2020,Shubh Mangal Zyada Saavdhan,5.8,11240,Shubh Mangal Zyada Saavdhan
2020,Shukranu,6.4,926,Shukranu
2020,Sir,7.7,9595,Sir
2020,Street Dancer 3D,3.8,8753,Street Dancer 3D
2020,Suraj Pe Mangal Bhari,6.0,5407,Suraj Pe Mangal Bhari
2020,Taish,7.3,6264,Taish
2020,Tanhaji,,,
2020,Thappad,7.0,27868,Thappad
2020,The Hundred Bucks,6.4,31,The Hundred Bucks
2020,The Pickup Artist,5.4,221,The Pickup Artist
2020,Torbaaz,5.3,20780,Torbaaz
2020,Unlock,,,
2020,Unpaused,7.0,2757,Unpaused
2020,Virgin Bhanupriya,2.5,3893,Virgin Bhanupriya
2020,What Are the Odds,5.3,915,What Are the Odds?
2020,Yaara,5.9,6736,Yaara
2020,Yahan Sabhi Gyani Hain,4.8,315,Yahan Sabhi Gyani Hain
2020,Yeh Ballet,7.5,1645,Yeh Ballet
2021,12 'O' Clock,3.3,328,12 O'Clock
2021,14 Phere,6.3,5547,14 Phere
2021,200 – Halla Ho,7.4,1984,200: Halla Ho
2021,420 IPC,6.6,1598,420 IPC
2021,83,7.5,43029,'83
2021,99 Songs,6.5,2417,99 Songs
2021,Aa Bhi Ja O Piya,7.1,1374,Aa Bhi Ja O Piya
2021,Aafat-E-Ishq,4.5,466,Aafat-e-Ishq
2021,Ahaan,7.0,398,Ahaan
2021,Ajeeb Daastaans,6.7,7226,Ajeeb Daastaans
2021,Ankahi Kahaniya,5.6,1076,Ankahi Kahaniya
2021,Antim: The Final Truth,6.1,43393,Antim: The Final Truth
2021,Atrangi Re,6.5,29360,Atrangi Re
2021,B.A. Pass 3,4.7,3099,B.A. Pass 3
2021,Babloo Bachelor,3.8,153,Babloo Bachelor
2021,Bansuri: The Flute,4.4,26,Bansuri: The Flute
2021,Bawri Chhori,4.2,135,Bawri Chhori
2021,Bekhudi,4.3,753,Bekhudi
2021,Bell Bottom,6.1,24308,Bellbottom
2021,Bhavai,5.7,2252,Bhavai
2021,Bhoot Police,6.6,28383,Bhoot Police
2021,Bhuj: The Pride of India,4.2,26480,Bhuj: The Pride of India
2021,Bob Biswas,6.7,8228,Bob Biswas
2021,Bombay Rose,6.5,893,Bombay Rose
2021,Bunty Aur Babli 2,4.1,4673,Bunty Aur Babli 2
2021,Cash,6.5,4568,Cash
2021,Chandigarh Kare Aashiqui,6.7,15987,Chandigarh Kare Aashiqui
2021,Chehre,6.2,28970,Chehre
2021,Chhorii,6.7,7322,Chhorii
2021,Code Name Abdul,4.8,633,Code Name Abdul
2021,Collar Bomb,5.1,1888,Collar Bomb
2021,D Company,4.3,591,D Company
2021,Dhamaka,6.7,44018,Dhamaka
2021,Dial 100,5.9,4001,Dial 100
2021,Dybbuk,,,
2021,Faactory,6.4,710,Faactory
2021,Flight,5.4,1479,Flight
2021,Haathi Mere Saathi,6.3,603,Haathi Mere Saathi
2021,Haseen Dillruba,6.9,35151,Haseen Dillruba
2021,Hello Charlie,5.3,4481,Hello Charlie
2021,Helmet,6.5,3583,Helmet
2021,Hum Bhi Akele Tum Bhi Akele,4.8,1176,"I Am Alone, So Are You..."
2021,Hum Do Hamare Do,6.1,8222,Hum Do Hamare Do
2021,Hungama 2,3.3,6890,Hungama 2
2021,Jamun,7.2,628,Jamun
2021,Kaagaz,7.3,9935,Kaagaz
2021,Koi Jaane Na,3.6,1271,Koi Jaane Na
2021,Kya Meri Sonam Gupta Bewafa Hai?,4.2,1260,Kya Meri Sonam Gupta Bewafa Hai
2021,Lahore Confidential,3.0,761,Lahore Confidential
2021,Maassab,,,
2021,Machaan,5.2,114,Machaan
2021,Madam Chief Minister,4.9,1989,Madam Chief Minister
2021,Main Mulayam Singh Yadav,,,
2021,Meel Patthar,6.6,877,Milestone
2021,Meenakshi Sundareshwar,6.6,19065,Meenakshi Sundareshwar
2021,Mera Fauji Calling,,,
2021,Mimi,7.8,46273,Mimi
2021,Mumbai Saga,5.7,10192,Mumbai Saga
2021,Murder at Teesri Manzil 302,4.1,257,Murder at Teesri Manzil 302
2021,Nail Polish,7.2,6023,Nail Polish
2021,Oye Mamu,7.0,47,Oye Mamu!
2021,Pagglait,6.9,12034,Pagglait
2021,Raag,7.0,9,Raag
2021,Raat Baaki Hai,5.1,483,Raat Baaki Hai
2021,Radhe,1.8,181696,Radhe
2021,Ramprasad Ki Tehrvi,7.4,7186,Ramprasad Ki Tehrvi
2021,Rashmi Rocket,7.1,12803,Rashmi Rocket
2021,Roohi,4.3,11565,Roohi
2021,Saina,4.5,4437,Saina
2021,Sakshi,6.9,10,Sakshi
2021,Sanak,6.6,11322,Sanak
2021,Sandeep Aur Pinky Faraar,6.3,9291,Sandeep Aur Pinky Faraar
2021,Sardar Ka Grandson,4.3,5521,Sardar Ka Grandson
2021,Sardar Udham,8.3,50765,Sardar Udham
2021,Satya Sai Baba,,,
2021,Satyameva Jayate 2,3.3,16449,Satyameva Jayate 2
2021,Shaadisthan,5.7,1186,Shaadisthan
2021,Sherni,6.8,12324,Sherni
2021,Shershaah,8.3,136599,Shershaah
2021,Shiddat,7.6,27000,Shiddat
2021,Silence... Can You Hear It?,6.6,6034,Silence: Can You Hear It
2021,Skater Girl,6.7,8304,Skater Girl
2021,Sooryavanshi,5.8,81332,Sooryavanshi
2021,Squad,4.2,35,Squad
2021,State of Siege: Temple Attack,7.5,10474,State of Siege: Temple Attack
2021,Sumeru,7.6,44,Sumeru
2021,Switchh,3.5,118,Switchh
2021,Tadap,5.1,5112,Tadap
2021,Tank Cleaner,6.4,59,Tank Cleaner
2021,Thalaivii,,,
2021,The Big Bull,5.6,17062,The Big Bull
2021,The Girl on the Train,4.0,15328,The Girl on the Train
2021,The Power,5.5,6523,The Power
2021,The Wife,4.6,406,The Wife
2021,Time to Dance,2.5,1065,Time to Dance
2021,Toofaan,6.1,53262,Toofaan
2021,Tribhanga,6.3,4732,Tribhanga
2021,Tuesdays and Fridays,4.5,945,Tuesdays and Fridays
2021,Urf Ghanta,5.6,192,Urf Ghanta
2021,Velle,5.7,4830,Velle
2021,Waah Zindagi,5.7,144,Waah Zindagi
2021,Ye Mard Bechara,7.7,1075,Ye Mard Bechara
2022,36 Farmhouse,3.8,575,36 Farmhouse
2022,A Thursday,7.6,27249,A Thursday
2022,Ajay Wardhan,8.5,51,Ajay Wardhan
2022,An Action Hero,7.0,33668,An Action Hero
2022,Anek,6.3,22864,Anek
2022,Ardh,7.4,3899,Ardh
2022,Atithi Bhooto Bhava,6.2,2021,Atithi Bhooto Bhava
2022,Attack: Part 1,,,
2022,Babli Bouncer,6.5,9384,Babli Bouncer
2022,Bachchhan Paandey,5.0,37318,Bachchhan Paandey
2022,Badhaai Do,7.0,23050,Badhaai Do
2022,Bhediya,6.7,29094,Bhediya
2022,Bhool Bhulaiyaa 2,5.7,36236,Bhool Bhulaiyaa 2
2022,Blurr,5.8,6051,Blurr
2022,Brahmāstra: Part One – Shiva,,,
2022,Chup: Revenge of the Artist,,,
2022,Cirkus,4.2,24930,Cirkus
2022,Cobalt Blue,6.6,2823,Cobalt Blue
2022,Code Name: Tiranga,3.5,4712,Code Name: Tiranga
2022,Cuttputlli,5.6,23142,Cuttputlli
2022,Darlings,6.7,23372,Darlings
2022,Dasvi,7.3,62660,Dasvi
2022,Dedh Lakh Ka Dulha,7.0,12,Dedh Lakh Ka Dulha
2022,Dehati Disco,6.1,75,Dehati Disco
2022,Dhaakad,3.8,12275,Dhaakad
2022,Dhokha: Round D Corner,6.2,12702,Dhokha
2022,Dobaaraa,4.9,21514,Dobaaraa
2022,Doctor G,6.6,19576,Doctor G
2022,Double XL,4.6,4648,Double XL
2022,Drishyam 2,8.2,52110,Drishyam 2
2022,Ek Villain Returns,4.4,17142,Ek Villain Returns
2022,Forensic,6.3,3788,Forensic
2022,Freddy,7.3,36668,Freddy
2022,Gangubai Kathiawadi,7.8,67273,Gangubai Kathiawadi
2022,Gehraiyaan,5.6,45182,Gehraiyaan
2022,Good Luck Jerry,5.5,6097,Good Luck Jerry
2022,Goodbye,6.8,12627,Goodbye
2022,Govinda Naam Mera,6.5,11160,Govinda Naam Mera
2022,HIT: The First Case,6.8,18548,Hit: The First Case
2022,Haemolymph,8.8,200,Haemolymph
2022,Hai Tujhe Salaam India,7.7,44,Hai Tujhe Salaam India
2022,Heropanti 2,2.2,28208,Heropanti 2
2022,Holy Cow,5.2,194,Holy Cow
2022,Hurdang,5.3,1175,Hurdang
2022,India Lockdown,7.1,10380,India Lockdown
2022,Ishq Pashmina,7.5,438,Ishq Pashmina
2022,Jaadugar,6.8,12265,Jaadugar
2022,Jahaan Chaar Yaar,3.0,8444,Jahaan Chaar Yaar
2022,Jalsa,6.6,7863,Jalsa
2022,Janhit Mein Jaari,6.8,8280,Janhit Mein Jaari
2022,Jayeshbhai Jordaar,6.0,44491,Jayeshbhai Jordaar
2022,Jersey,7.3,15670,Jersey
2022,Jhund,7.4,26221,Jhund
2022,Jogi,7.1,7299,Jogi
2022,Josef – Born in Grace,,,
2022,Judaa Hoke Bhi,5.1,1807,Judaa Hoke Bhi
2022,Jugjugg Jeeyo,6.1,43449,Jug Jugg Jeeyo
2022,Kaun Pravin Tambe?,8.3,11748,Kaun Pravin Tambe?
2022,Khuda Haafiz: Chapter 2 – Agni Pariksha,7.4,15419,Khuda Haafiz: Chapter 2 - Agni Pariksha
2022,Laal Singh Chaddha,5.6,181256,Laal Singh Chaddha
2022,Ladki: Dragon Girl,,,
2022,Liger,2.6,49243,Liger
2022,Looop Lapeta,5.2,5379,Looop Lapeta
2022,Love Hostel,5.6,11606,Love Hostel
2022,Love In Ukraine,9.0,88,Love in Ukraine
2022,Maarrich,6.2,5221,Maarrich
2022,Maja Ma,6.2,2999,Maja Ma
2022,Major,8.1,34313,Major
2022,Matto Ki Saikil,7.8,665,Matto Ki Saikil
2022,Mere Desh Ki Dharti,6.8,2934,Mere Desh Ki Dharti
2022,Middle Class Love,6.1,996,Middle Class Love
2022,Mili,6.7,11753,Mili
2022,Mister Mummy,2.2,1010,Mister Mummy
2022,"Monica, O My Darling",7.4,24154,"Monica, O My Darling"
2022,Nazar Andaaz,7.2,1906,Nazar Andaaz
2022,Nikamma,2.8,1804,Nikamma
2022,Odd Couple,,,
2022,Operation Romeo,6.4,1545,Operation Romeo
2022,Phone Bhoot,5.2,11334,Phone Bhoot
2022,Plan A Plan B,4.7,3615,Plan A Plan B
2022,Qala,7.2,8559,Qala
2022,RK/RKay,6.9,525,RK/RKAY
2022,Radhe Shyam,5.2,33453,Radhe Shyam
2022,Raksha Bandhan,5.5,31688,Raksha Bandhan
2022,Ram Setu,5.3,19126,Ram Setu
2022,Rashtra Kavach Om,2.9,2281,Om - The Battle Within
2022,Rocket Gang,3.8,178,Rocket Gang
2022,Rocketry: The Nambi Effect,8.6,62174,Rocketry: The Nambi Effect
2022,Runway 34,7.0,31639,Runway 34
2022,Salaam Venky,6.7,3109,Salaam Venky
2022,Samrat Prithviraj,5.5,53960,Samrat Prithviraj
2022,Saroj Ka Rishta,4.7,799,Saroj Ka Rishta
2022,Shabaash Mithu,5.6,8491,Shabaash Mithu
2022,Shamshera,4.7,57739,Shamshera
2022,Sharmaji Namkeen,7.4,13799,Sharmaji Namkeen
2022,Sherdil,6.5,3072,Sherdil
2022,Siya,7.5,6631,Siya
2022,Tadka,6.7,2178,Tadka
2022,Tara Vs Bilal,5.9,3016,Tara vs Bilal
2022,Thai Massage,6.2,2115,Thai Massage
2022,Thank God,5.6,13059,Thank God
2022,Thar,6.1,8356,Thar
2022,The Kashmir Files,8.5,579056,The Kashmir Files
2022,Toolsidas Junior,7.5,5732,Toolsidas Junior
2022,Trahimam,7.8,1096,Trahimam
2022,Uunchai,7.0,7835,Uunchai
2022,Vadh,7.2,8680,Vadh
2022,Vikram Vedha,7.1,27399,Vikram Vedha
2023,12th Fail,8.7,172191,12th Fail
2023,1920: Horrors of the Heart,2.7,4381,1920: Horrors of the Heart
2023,72 Hoorain,,,
2023,8 A.M. Metro,7.7,2502,8 A.M. Metro
2023,Aankh Micholi,5.6,1366,Aankh Micholi
2023,Aazam,6.1,856,Aazam
2023,Adipurush,2.6,137537,Adipurush
2023,Afwaah,5.7,4754,Afwaah
2023,Ajmer 92,8.0,1409,Ajmer 92
2023,Akelli,6.0,6306,Akelli
2023,Almost Pyaar with DJ Mohabbat,4.9,1178,Almost Pyaar with DJ Mohabbat
2023,Am I Next,5.2,386,Am I Next
2023,Animal,6.2,115949,Animal
2023,Apurva,6.2,2726,Apurva
2023,Aseq,5.2,3972,Aseq
2023,Bad Boy,6.5,8627,Bad Boy
2023,Bawaal,6.6,17597,Bawaal
2023,Bhagwan Bharose,6.7,827,Bhagwan Bharose
2023,Bheed,6.5,12812,Bheed
2023,Bholaa,5.8,26043,Bholaa
2023,Blind,4.1,6237,Blind
2023,Bloody Daddy,6.5,23542,Bloody Daddy
2023,Chatrapathi,4.0,3706,Chatrapathi
2023,Chhatriwali,6.6,11259,Chhatriwali
2023,Chor Nikal Ke Bhaga,7.2,56453,Chor Nikal Ke Bhaga
2023,Coat,7.7,69,Coat
2023,Darran Chhoo,8.6,50,Darran Chhoo
2023,Dhak Dhak,6.3,2398,Dhak Dhak
2023,Do Ajnabee,7.0,12,Do Ajnabee
2023,Dono,5.2,456,Dono
2023,Dream Girl 2,5.2,13319,Dream Girl 2
2023,Dry Day,5.4,1556,Dry Day
2023,Dunki,6.5,85862,Dunki
2023,Dvand: The Internal Conflict,5.2,1061,Dvand: The Internal Conflict
2023,Faraaz,5.0,2079,Faraaz
2023,Farrey,6.2,7023,Farrey
2023,Friday Night Plan,6.6,2134,Friday Night Plan
2023,Fukrey 3,5.5,25950,Fukrey 3
2023,Gadar 2,5.1,25503,Gadar 2
2023,Ganapath,2.6,10774,Ganapath
2023,Gandhi Godse – Ek Yudh,6.6,8543,Gandhi Godse Ek Yudh
2023,Gaslight,5.8,26430,Gaslight
2023,Ghoomer,7.5,12840,Ghoomer
2023,Goldfish,6.2,733,Goldfish
2023,Gulmohar,7.6,5976,Gulmohar
2023,Gumraah,6.5,7802,Gumraah
2023,Guthlee Ladoo,7.6,1672,Guthlee Ladoo
2023,Haddi,5.5,5872,Haddi
2023,Hukus Bukus,7.4,34,Hukus Bukus
2023,I Love You,5.4,5743,I Love You
2023,IB71,7.1,11967,IB 71
2023,InCar,5.8,123,InCar
2023,Ishq-e-Nadaan,6.5,402,Ishq-e-nadaan
2023,Jaane Jaan,7.0,16845,Jaane Jaan
2023,Jawan,6.9,111425,Jawan
2023,Jogira Sara Ra Ra,6.4,3269,Jogira Sara Ra Ra
2023,Joram,6.5,2838,Joram
2023,Kacchey Limbu,6.3,511,Kacchey Limbu
2023,Kadak Singh,6.2,6142,Kadak Singh
2023,Kaisi Ye Dor,7.5,16,Kaisi Ye Dor
2023,Kanjoos Makhichoos,6.6,9173,Kanjoos Makhichoos
2023,Kathal,8.2,47,Kathal
2023,Khichdi 2: Mission Paanthukistan,5.5,39,Khichdi 2: Mission Paanthukistan
2023,Kho Gaye Hum Kahan,7.3,31738,Kho Gaye Hum Kahan
2023,Khufiya,6.1,8894,Khufiya
2023,Kisi Ka Bhai Kisi Ki Jaan,3.9,42021,Kisi Ka Bhai Kisi Ki Jaan
2023,Kuttey,5.4,11498,Kuttey
2023,Lafzon Mein Pyaar,,,
2023,Lakadbaggha,6.2,2518,Lakadbaggha
2023,Lakeerein,7.9,27,Lakeerein
2023,Lost,7.1,56,Lost
2023,Love All,7.3,221,Love-All
2023,Lust Stories 2,5.7,52106,Lust Stories 2
2023,Mandali,5.9,1108,Mandali
2023,Mast Mein Rehne Ka,7.1,3929,Mast Mein Rehne Ka
2023,Minus 31: The Nagpur Files,5.3,2402,Minus 31: The Nagpur Files
2023,Mission Majnu,6.9,45594,Mission Majnu
2023,Mission Raniganj,7.2,20383,Mission Raniganj
2023,Mother Teresa & Me,4.7,157,Mother Teresa & Me
2023,Mrs. Chatterjee vs Norway,7.3,11233,Mrs. Chatterjee vs. Norway
2023,Mrs. Undercover,5.6,10046,Mrs Undercover
2023,Mujib: The Making of a Nation,,,
2023,Mumbaikar,4.8,851,Mumbaikar
2023,Music School,6.0,718,Music School
2023,Mystery of the Tattoo,8.1,40,Mystery of the Tattoo
2023,Neeyat,5.3,4962,Neeyat
2023,Non Stop Dhamaal,4.7,2154,Non Stop Dhamaal
2023,OMG 2,7.5,47571,OMG 2
2023,One Friday Night,5.1,590,One Friday Night
2023,Operation Fryday,4.0,241,Operation Fryday
2023,Operation Mayfair,2.4,1266,Operation Mayfair
2023,Panch Kriti,,,
2023,Pathaan,5.8,166289,Pathaan
2023,Pinky Beauty Parlour,,,
2023,Pippa,6.2,3016,Pippa
2023,Pyaar Hai Toh Hai,7.0,48,Pyaar Hai Toh Hai
2023,Pyar Ki Policy,8.9,33,Pyar Ki Policy
2023,Rabia & Olivia,,,
2023,Rocky Aur Rani Kii Prem Kahaani,6.5,50970,Rocky Aur Rani Kii Prem Kahaani
2023,Sab Moh Maaya Hai,5.8,187,Sab Moh Maaya Hai
2023,Safed,4.1,185,Safed
2023,Sajini Shinde Ka Viral Video,6.2,6200,Sajini Shinde Ka Viral Video
2023,Sam Bahadur,7.7,21825,Sam Bahadur
2023,Satyaprem Ki Katha,6.6,31767,Satyaprem Ki Katha
2023,Selfiee,5.7,14897,Selfiee
2023,Sergeant,3.9,511,Sergeant
2023,Shastry Viruddh Shastry,6.9,2432,Shastry Viruddh Shastry
2023,Shehzada,4.5,32187,Shehzada
2023,Shiv Shastri Balboa,6.6,2360,Shiv Shastri Balboa
2023,Sir Madam Sarpanch,5.3,144,Sir Madam Sarpanch
2023,Sirf Ek Bandaa Kaafi Hai,8.0,31116,Sirf Ek Bandaa Kaafi Hai
2023,Starfish,4.3,19961,Starfish
2023,Sukhee,6.0,9392,Sukhee
2023,Tarla,6.8,4632,Tarla
2023,Tejas,4.3,25179,Tejas
2023,Thank You for Coming,4.2,14471,Thank You for Coming
2023,The Archies,4.2,53558,The Archies
2023,The Great Indian Family,5.6,7162,The Great Indian Family
2023,The Kerala Story,6.7,80065,The Kerala Story
2023,The Lady Killer,1.8,1493,The Ladykiller
2023,The Purvanchal Files,8.5,31,The Purvanchal Files
2023,The Rise Of Sudarshan Chakra,8.4,145,The Rise of Sudarshan Chakra
2023,The Tenant,6.2,295,The Tenant
2023,The Vaccine War,7.1,25388,The Vaccine War
2023,Three of Us,7.5,5530,Three of Us
2023,Tiger 3,5.6,56551,Tiger 3
2023,Tiku Weds Sheru,3.4,3554,Tiku Weds Sheru
2023,Trial Period,7.0,8246,Trial Period
2023,Tu Jhoothi Main Makkaar,6.0,30576,Tu Jhoothi Main Makkaar
2023,Tumse Na Ho Payega,7.6,2653,Tumse Na Ho Payega
2023,U-Turn,6.2,3628,U Turn
2023,UT69,4.5,3437,UT69
2023,Yaariyan 2,4.9,13060,Yaariyan 2
2023,Yaatris,6.2,24,Yaatris
2023,Zara Hatke Zara Bachke,5.9,16940,Zara Hatke Zara Bachke
2023,Zwigato,6.6,11188,Zwigato
2024,A Wedding Story,6.4,3892,A Wedding Story
2024,Aayushmati Geeta Matric Pass,6.2,795,Aayushmati Geeta Matric Pass
2024,Accident or Conspiracy: Godhra,6.9,914,Accident or Conspiracy: Godhra
2024,Adbhut,5.2,664,Adbhut
2024,Ae Watan Mere Watan,4.7,1443,Ae Watan Mere Watan
2024,Agni,7.1,15437,Agni
2024,Aliya Basu Gayab Hai,5.8,2818,Aliya Basu Gayab Hai
2024,All India Rank,6.1,3075,All India Rank
2024,Alpha Beta Gamma,5.8,232,Alpha Beta Gamma
2024,Amar Prem Ki Prem Kahani,4.5,717,Amar Prem Ki Prem Kahani
2024,Amar Singh Chamkila,7.8,17364,Amar Singh Chamkila
2024,Ameena,4.8,24,Ameena
2024,Appu,7.7,211,Appu
2024,Article 370,7.8,28392,Article 370
2024,Auron Mein Kahan Dum Tha,6.2,41246,Auron Mein Kahan Dum Tha
2024,Baby John,5.0,19482,Baby John
2024,Bad Newz,4.7,27614,Bad Newz
2024,Bade Miyan Chote Miyan,3.7,40769,Bade Miyan Chote Miyan
2024,Bajrang Aur Ali,7.3,1103,Bajrang Aur Ali
2024,Bandaa Singh Chaudhary,5.8,5456,Bandaa Singh Chaudhary
2024,Bastar: The Naxal Story,6.4,3446,Bastar: The Naxal Story
2024,Bengal 1947,6.7,631,Bengal 1947
2024,Berlin,6.8,4407,Berlin
2024,Bhaiyya Ji,4.7,7486,Bhaiyya Ji
2024,Bhakshak,7.2,7621,Bhakshak
2024,Bhool Bhulaiyaa 3,4.6,78999,Bhool Bhulaiyaa 3
2024,Binny And Family,7.4,5522,Binny and Family
2024,Blackout,6.1,11551,Blackout
2024,Bloody Ishq,3.0,2229,Bloody Ishq
2024,CTRL,6.2,6940,CTRL
2024,Chandu Champion,7.8,36553,Chandu Champion
2024,Chhota Bheem and the Curse of Damyaan,4.6,2323,Chhota Bheem and the Curse of Damyaan
2024,Chote Nawab,,,
2024,Crakk,,,
2024,Crew,5.8,39571,Crew
2024,Dange,5.3,851,Dange
2024,Dashmi,6.6,185,Dashmi
2024,Dedh Bigha Zameen,6.9,840,Dedh Bigha Zameen
2024,Despatch,4.4,5155,Despatch
2024,Do Aur Do Pyaar,6.4,12391,Do Aur Do Pyaar
2024,Do Patti,6.3,70611,Do Patti
2024,Dukaan,7.4,2032,Dukaan
2024,Ella,9.0,69,Ella
2024,Fairy Folk,7.2,83,Fairy Folk
2024,Fighter,6.1,54165,Fighter
2024,Gauraiya Live,,,
2024,Ghudchadi,4.1,604,Ghudchadi
2024,Ghuspaithiya,6.5,2209,Ghuspaithiya
2024,Hamare Baarah,7.1,1771,Hamare Baarah
2024,House of Lies,3.8,200,House of Lies
2024,I Want to Talk,7.1,2610,I Want to Talk
2024,Ishq Vishk Rebound,5.1,8376,Ishq Vishk Rebound
2024,Jahangir National University,4.3,1187,Jahangir National University
2024,Jigra,6.0,25019,Jigra
2024,Jo Tera Hai Woh Mera Hai,5.2,282,Jo Tera Hai Woh Mera Hai
2024,Kaagaz 2,5.8,2750,Kaagaz 2
2024,Kaam Chalu Hai,7.0,14163,Kaam Chalu Hai
2024,Kahan Shuru Kahan Khatam,6.2,3926,Kahan Shuru Kahan Khatam
2024,Kakuda,5.3,6510,Kakuda
2024,Kartam Bhugtam,6.2,212,Kartam Bhugtam
2024,Khel Khel Mein,6.5,28454,Khel Khel Mein
2024,Khwaabon Ka Jhamela,5.4,126,Khwaabon Ka Jhamela
2024,Kill,7.4,46675,Kill
2024,Kisko Tha Pata,6.7,64,Kisko Tha Pata
2024,Kooki,5.8,295,Kooki
2024,Kuch Khattaa Ho Jaay,5.0,4973,Kuch Khattaa Ho Jaay
2024,Laapataa Ladies,8.3,60209,Lost Ladies
2024,Lantrani,5.1,488,Lantrani
2024,Love Sex Aur Dhokha 2,,,
2024,"Love, Sitara",5.2,334,"Love, Sitara"
2024,Luv Ki Arrange Marriage,4.4,5873,Luv Ki Arrange Marriage
2024,Luv You Shankar,5.7,49,Luv You Shankar
2024,Madgaon Express,7.0,42705,Madgaon Express
2024,Maharaj,6.5,15855,Maharaj
2024,Maidaan,7.9,23502,Maidaan
2024,Main Atal Hoon,6.9,6477,Main Atal Hoon
2024,Main Ladega,9.2,231,Main Ladega
2024,Main Paapi Hoon,,,
2024,Malhar,6.4,19,Malhar
2024,Manihar,,,
2024,Merry Christmas,6.9,30580,Merry Christmas
2024,Mirg,5.9,43,Mirg
2024,Mr. & Mrs. Mahi,5.9,16289,Mr. & Mrs. Mahi
2024,Munjya,6.3,28745,Munjya
2024,Murder Mubarak,5.8,51498,Murder Mubarak
2024,Naam,,,
2024,Nasha Jurm Aur Gangsters,6.2,2763,Nasha Jurm Aur Gangsters
2024,Navras Katha Collage,7.8,26,Navras Katha Collage
2024,Operation Valentine,5.3,2060,Operation Valentine
2024,OutHouse,6.9,73,OutHouse
2024,Pad Gaye Pange,5.8,221,Pad Gaye Pange
2024,Patna Shuklla,,,
2024,Phir Aayi Hasseen Dillruba,5.8,7464,Phir Aayi Hasseen Dillruba
2024,Phooli,7.4,16,Phooli
2024,Pride,8.2,15,Pride
2024,Pushtaini,8.2,86,Pushtaini
2024,Rautu Ka Raaz,6.3,2102,Rautu Ka Raaz
2024,Ruslaan,3.3,1299,Ruslaan
2024,Sarfira,6.9,14100,Sarfira
2024,Savi,5.9,36965,Savi
2024,Sector 36,7.1,26992,Sector 36
2024,Shaitaan,6.5,56367,Shaitaan
2024,Sharmajee Ki Beti,5.9,5207,Sharmajee Ki Beti
2024,Sikandar Ka Muqaddar,6.0,26395,Sikandar Ka Muqaddar
2024,Silence 2: The Night Owl Bar Shootout,6.2,2025,Silence 2: The Night Owl Bar Shootout
2024,Singham Again,4.3,76235,Singham Again
2024,Srikanth,7.4,14634,Srikanth
2024,Stree 2,6.9,46796,Stree 2
2024,Swatantrya Veer Savarkar,7.7,18212,Swatantrya Veer Savarkar
2024,Tauba Tera Jalwa,5.1,19,Tauba Tera Jalwa
2024,Tera Kya Hoga Lovely,6.4,556,Tera Kya Hoga Lovely
2024,Teri Baaton Mein Aisa Uljha Jiya,6.2,55736,Teri Baaton Mein Aisa Uljha Jiya
2024,The Buckingham Murders,5.9,11223,The Buckingham Murders
2024,The Legacy of Jineshwar,,,
2024,The Miranda Brothers,4.4,206,The Miranda Brothers
2024,The Sabarmati Report,6.4,25586,The Sabarmati Report
2024,The Signature,6.7,587,The Signature
2024,Tikdam,7.7,516,Tikdam
2024,Tipppsy,7.9,38,Tipppsy
2024,Ulajh,5.9,25615,Ulajh
2024,Vanvaas,6.6,1658,Vanvaas
2024,Vedaa,6.0,4970,Vedaa
2024,Vicky Vidya Ka Woh Wala Video,5.2,12105,Vicky Vidya Ka Woh Wala Video
2024,Vijay 69,6.1,1304,Vijay 69
2024,Visfot,5.7,1280,Visfot
2024,Wild Wild Punjab,6.2,17711,Wild Wild Punjab
2024,Woh Bhi Din The,7.2,635,Woh Bhi Din The
2024,Yodha,5.7,9340,Yodha
2024,Yudhra,4.9,13932,Yudhra
2024,Zero Se Restart,7.0,192,Zero Se Restart
2025,120 Bahadur,7.0,4833,120 Bahadur
2025,2020 Delhi,8.1,582,2020 Delhi
2025,Aabeer Gulaal,4.6,251,Abir Gulaal
2025,Aachari Baa,5.9,315,Aachari Baa
2025,Aankhon Ki Gustaakhiyan,5.7,29154,Aankhon ki Gustaakhiyan
2025,Aap Jaisa Koi,5.8,5997,Aap Jaisa Koi
2025,Agra,5.5,1624,Agra
2025,Ajey: The Untold Story of a Yogi,5.6,12715,Ajey: The Untold Story of a Yogi
2025,Akshardham: Operation Vajra Shakti,,,
2025,Andaaz 2,3.9,1674,Andaaz 2
2025,Azaad,4.9,6158,Azaad
2025,Baaghi 4,2.5,9419,Baaghi 4
2025,Badass Ravi Kumar,6.4,11942,Badass Ravikumar
2025,Baida,4.5,11047,Baida
2025,Baramulla,7.0,12352,Baramulla
2025,Be Happy,6.4,1704,Be Happy
2025,Bhagwat: Chapter One – Raakshas,6.9,10288,Bhagwat Chapter One: Raakshas
2025,Bhool Chuk Maaf,5.8,25969,Bhool Chuk Maaf
2025,Bobby Aur Rishi Ki Love Story,3.8,80,Bobby Aur Rishi Ki Love Story
2025,Chhaava,7.3,44329,Chhaava
2025,Chhorii 2,4.6,1625,Chhorii 2
2025,Chidiya,,,
2025,Controll,6.8,6281,Controll
2025,Costao,6.3,1192,Costao
2025,Crazxy,6.6,18019,Crazxy
2025,De De Pyaar De 2,6.2,13756,De De Pyaar De 2
2025,Detective Sherdil,5.1,5577,Detective Sherdil
2025,Deva,6.6,29995,Deva
2025,Dhadak 2,6.8,20428,Dhadak 2
2025,Dhoom Dhaam,6.4,8788,Dhoom Dhaam
2025,Dhurandhar,8.3,140800,Dhurandhar
2025,Dil Dosti Aur Dogs,5.8,275,Dil Dosti Aur Dogs
2025,Durlabh Prasad Ki Dusri Shadi,4.6,764,Durlabh Prasad Ki Dusri Shadi
2025,Ek Chatur Naar,6.0,7528,Ek Chatur Naar
2025,Ek Deewane Ki Deewaniyat,4.6,3725,Ek Deewane Ki Deewaniyat
2025,Emergency,5.2,11996,Emergency
2025,Fateh,6.1,20474,Fateh
2025,Ghich Pich,8.1,2149,Ghich Pich
2025,Greater Kalesh,5.0,657,Greater Kalesh
2025,Ground Zero,6.6,7101,Ground Zero
2025,Gustaakh Ishq,7.1,3822,Gustaakh Ishq
2025,Haq,7.8,16211,Haq
2025,Heer Express,5.3,9178,Heer Express
2025,Hisaab Barabar,5.8,2171,Hisaab Barabar
2025,Homebound,7.9,13579,Homebound
2025,Housefull 5,3.3,18694,Housefull 5
2025,Humans in the Loop,7.3,558,Humans in the Loop
2025,Inn Galiyon Mein,8.7,641,Inn Galiyon Mein
2025,Inspector Zende,5.8,3216,Inspector Zende
2025,Interrogation,7.0,3655,Interrogation
2025,Jaat,6.0,13345,Jaat
2025,Jassi Weds Jassi,7.1,1066,Jassi Weds Jassi
2025,Jatadhara,3.3,1523,Jatadhara
2025,Jewel Thief,5.1,1033,Jewel Thief
2025,Jolly LLB 3,6.4,40907,Jolly LLB 3
2025,Jugnuma: The Fable,6.3,20897,The Fable
2025,Kaal Trighori,5.9,4737,Kaal Trighori
2025,Kaalidhar Laapata,7.6,10175,Kaalidhar Laapata
2025,Kaisi Ye Paheli,8.4,60,Kaisi Ye Paheli
2025,Kapkapiii,5.9,3168,Kapkapiii
2025,Kaushaljis vs Kaushal,6.1,10919,Kaushaljis vs Kaushal
2025,Kesari Chapter 2,,,
2025,Kesari Veer,4.7,5705,Kesari Veer
2025,Kis Kisko Pyaar Karoon 2,4.7,4196,Kis Kisko Pyaar Karoon 2
2025,Logout,7.2,1606,Logout
2025,Lord Curzon Ki Haveli,6.9,8130,Lord Curzon Ki Haveli
2025,Love in Vietnam,8.5,1319,Love in Vietnam
2025,Loveyapa,5.2,2328,Loveyapa
2025,Maa,4.9,18982,Maa
2025,Maalik,5.7,10843,Maalik
2025,Mahavatar Narsimha,8.5,47428,Mahavatar Narsimha
2025,Mannu Kya Karegga,9.0,3132,Mannu Kya Karegga
2025,Mastiii 4,2.3,9300,Mastiii 4
2025,Match Fixing,6.6,743,Match Fixing
2025,Me No Pause Me Play,6.7,1539,Me No Pause Me Play
2025,Mere Husband Ki Biwi,4.2,9627,Mere Husband Ki Biwi
2025,Metro... In Dino,6.6,23097,Metro in Dino
2025,Mission Grey House,4.4,1302,Mission Grey House
2025,Mrs.,6.7,6143,Mrs
2025,Murderbaad,6.4,2806,Murderbaad
2025,My Melbourne,6.2,87,My Melbourne
2025,Nadaaniyan,3.0,16066,Nadaaniyan
2025,Nikita Roy,5.5,32962,Nikita Roy
2025,Nishaanchi,6.7,3102,Nishaanchi
2025,Nishaanchi 2,7.1,1013,Nishaanchi 2
2025,Oye Bhootni Ke,4.1,1781,Oye Bhootni Ke
2025,Param Sundari,5.0,53663,Param Sundari
2025,Phule,8.1,3187,Phule
2025,Pintu Ki Pappi,6.5,702,Pintu Ki Pappi
2025,Pune Highway,7.4,3567,Pune Highway
2025,Raat Akeli Hai: The Bansal Murders,6.6,4861,Raat Akeli Hai: The Bansal Murders
2025,Raid 2,6.6,36242,Raid 2
2025,Rasa,7.6,35,Rasa
2025,Riwaj,5.0,6239,Riwaj
2025,Romeo S3,3.5,139,Romeo S3
2025,Saali Mohabbat,7.0,4305,Saali Mohabbat
2025,Saiyaara,6.3,58943,Saiyaara
2025,Sangee,7.5,1960,Sangee
2025,Sant Tukaram,7.6,182,Sant Tukaram
2025,Sarzameen,3.8,1682,Sarzameen
2025,Shaila,9.3,555,Shaila
2025,Sikandar,3.6,53754,Sikandar
2025,Single Salma,4.7,3092,Single Salma
2025,Sitaare Zameen Par,6.9,33822,Sitaare Zameen Par
2025,Sky Force,6.8,13944,Sky Force
2025,So Long Valley,7.3,3057,So Long Valley
2025,Son of Sardaar 2,4.0,38527,Son of Sardaar 2
2025,Songs of Paradise,7.0,1463,Songs of Paradise
2025,Stolen,5.8,2456,Stolen
2025,Sunny Sanskari Ki Tulsi Kumari,5.1,25428,Sunny Sanskari Ki Tulsi Kumari
2025,Superboys of Malegaon,7.7,8721,Superboys of Malegaon
2025,Sweet Dreams,5.6,361,Sweet Dreams
2025,Tanvi the Great,6.8,11898,Tanvi: The Great
2025,Tehran,5.8,29166,Tehran
2025,Tere Ishk Mein,6.2,31711,Tere Ishk Mein
2025,Thamma,5.8,49285,Thamma
2025,The Bengal Files,6.9,12076,The Bengal Files
2025,The Bhootnii,3.7,11992,The Bhootnii
2025,The Diplomat,7.0,16818,The Diplomat
2025,The Great Shamsuddin Family,7.4,1078,The Great Shamsuddin Family
2025,The Mehta Boys,7.1,3501,The Mehta Boys
2025,The Networker,7.9,16,The Networker
2025,The Rabbit House,4.5,120,The Rabbit House
2025,The Secret of Devkaali,8.6,246,The Secret of Devkaali
2025,The Storyteller,7.3,71,The Storyteller
2025,The Taj Story,5.2,9033,The Taj Story
2025,Tu Meri Main Tera Main Tera Tu Meri,4.0,28122,Tu Meri Main Tera Main Tera Tu Meri
2025,Tu Meri Poori Kahani,8.6,604,Tu Meri Poori Kahani
2025,Tumko Meri Kasam,6.5,880,Tumko Meri Kasam
2025,Udaipur Files,,,
2025,Ufff Yeh Siyapaa,4.4,326,Ufff Yeh Siyapaa
2025,War 2,5.2,33911,War 2
2025,Well Done CA Sahab!,6.9,1267,Well Done C.A. Sahab!
2025,WingMan (The Universal Irony of Love),,,
