year,title,url
2000,aaghaaz,https://en.wikipedia.org/wiki/Aaghaaz
2000,aaj ka ravan,https://en.wikipedia.org/wiki/Aaj_Ka_Ravan
2000,astitva,https://en.wikipedia.org/wiki/Astitva
2000,baaghi,https://en.wikipedia.org/wiki/Baaghi_(2000_film)
2000,badal,https://en.wikipedia.org/wiki/Badal
2000,bawandar,https://en.wikipedia.org/wiki/Bawandar
2000,beti no.1,https://en.wikipedia.org/wiki/Beti_No.1
2000,bichhoo,https://en.wikipedia.org/wiki/Bichhoo
2000,billa no. 786,https://en.wikipedia.org/wiki/Billa_No._786
2000,bulandi,https://en.wikipedia.org/wiki/Bulandi_(2000_film)
2000,chal mere bhai,https://en.wikipedia.org/wiki/Chal_Mere_Bhai
2000,champion,https://en.wikipedia.org/wiki/Champion_(2000_film)
2000,deewane,https://en.wikipedia.org/wiki/Deewane
2000,dhadkan,https://en.wikipedia.org/wiki/Dhadkan_(2000_film)
2000,dhai akshar prem ke,https://en.wikipedia.org/wiki/Dhai_Akshar_Prem_Ke
2000,dil pe mat le yaar,https://en.wikipedia.org/wiki/Dil_Pe_Mat_Le_Yaar
2000,dr. babasaheb ambedkar,https://en.wikipedia.org/wiki/Dr._Babasaheb_Ambedkar_(film)
2000,dulhan hum le jayenge,https://en.wikipedia.org/wiki/Dulhan_Hum_Le_Jayenge
2000,fiza,https://en.wikipedia.org/wiki/Fiza
2000,gaja gamini,https://en.wikipedia.org/wiki/Gaja_Gamini
2000,gang,https://en.wikipedia.org/wiki/Gang_(film)
2000,ghaath,https://en.wikipedia.org/wiki/Ghaath_(2000_film)
2000,hadh kar di aapne,https://en.wikipedia.org/wiki/Hadh_Kar_Di_Aapne
2000,hamara dil aapke paas hai,https://en.wikipedia.org/wiki/Hamara_Dil_Aapke_Paas_Hai
2000,har dil jo pyar karega,https://en.wikipedia.org/wiki/Har_Dil_Jo_Pyar_Karega
2000,hari-bhari,https://en.wikipedia.org/wiki/Hari-Bhari
2000,hera pheri,https://en.wikipedia.org/wiki/Hera_Pheri_(2000_film)
2000,hey ram,https://en.wikipedia.org/wiki/Hey_Ram
2000,hum to mohabbat karega,https://en.wikipedia.org/wiki/Hum_To_Mohabbat_Karega
2000,jis desh mein ganga rehta hain,https://en.wikipedia.org/wiki/Jis_Desh_Mein_Ganga_Rehta_Hain
2000,joru ka ghulam,https://en.wikipedia.org/wiki/Joru_Ka_Ghulam
2000,josh,https://en.wikipedia.org/wiki/Josh_(2000_film)
2000,jung,https://en.wikipedia.org/wiki/Jung_(2000_film)
2000,jungle,https://en.wikipedia.org/wiki/Jungle_(2000_film)
2000,kabrastan,https://en.wikipedia.org/wiki/Kabrastan
2000,kahin pyaar na ho jaaye,https://en.wikipedia.org/wiki/Kahin_Pyaar_Na_Ho_Jaaye
2000,kaho naa... pyaar hai,https://en.wikipedia.org/wiki/Kaho_Naa..._Pyaar_Hai
2000,kairee,https://en.wikipedia.org/wiki/Kairee
2000,karobaar: the business of love,https://en.wikipedia.org/wiki/Karobaar:_The_Business_of_Love
2000,khauff,https://en.wikipedia.org/wiki/Khauff
2000,khiladi 420,https://en.wikipedia.org/wiki/Khiladi_420
2000,krodh,https://en.wikipedia.org/wiki/Krodh_(film)
2000,kunwara,https://en.wikipedia.org/wiki/Kunwara
2000,kurukshetra,https://en.wikipedia.org/wiki/Kurukshetra_(2000_film)
2000,kya kehna,https://en.wikipedia.org/wiki/Kya_Kehna
2000,mela,https://en.wikipedia.org/wiki/Mela_(2000_film)
2000,mission kashmir,https://en.wikipedia.org/wiki/Mission_Kashmir
2000,mohabbatein,https://en.wikipedia.org/wiki/Mohabbatein
2000,nidaan,https://en.wikipedia.org/wiki/Nidaan
2000,pandavas: the five warriors,https://en.wikipedia.org/wiki/Pandavas:_The_Five_Warriors
2000,papa the great,https://en.wikipedia.org/wiki/Papa_the_Great
2000,phir bhi dil hai hindustani,https://en.wikipedia.org/wiki/Phir_Bhi_Dil_Hai_Hindustani
2000,pukar,https://en.wikipedia.org/wiki/Pukar_(2000_film)
2000,raja ko rani se pyar ho gaya,https://en.wikipedia.org/wiki/Raja_Ko_Rani_Se_Pyar_Ho_Gaya
2000,raju chacha,https://en.wikipedia.org/wiki/Raju_Chacha
2000,refugee,https://en.wikipedia.org/wiki/Refugee_(2000_film)
2000,saanjh,https://en.wikipedia.org/wiki/Saanjh
2000,shikari,https://en.wikipedia.org/wiki/Shikari_(2000_film)
2000,sultaan,https://en.wikipedia.org/wiki/Sultaan
2000,tarkieb,https://en.wikipedia.org/wiki/Tarkieb
2000,tera jadoo chal gayaa,https://en.wikipedia.org/wiki/Tera_Jadoo_Chal_Gayaa
2001,aamdani atthanni kharcha rupaiya,https://en.wikipedia.org/wiki/Aamdani_Atthanni_Kharcha_Rupaiya
2001,aashiq,https://en.wikipedia.org/wiki/Aashiq_(2001_film)
2001,abhay,https://en.wikipedia.org/wiki/Abhay_(2001_film)
2001,ajnabee,https://en.wikipedia.org/wiki/Ajnabee_(2001_film)
2001,aks,https://en.wikipedia.org/wiki/Aks_(2001_film)
2001,albela,https://en.wikipedia.org/wiki/Albela_(2001_film)
2001,aśoka,https://en.wikipedia.org/wiki/A%C5%9Boka_(film)
2001,bas itna sa khwaab hai,https://en.wikipedia.org/wiki/Bas_Itna_Sa_Khwaab_Hai
2001,censor,https://en.wikipedia.org/wiki/Censor_(2001_film)
2001,chandni bar,https://en.wikipedia.org/wiki/Chandni_Bar
2001,chhupa rustam: a musical thriller,https://en.wikipedia.org/wiki/Chhupa_Rustam:_A_Musical_Thriller
2001,chori chori chupke chupke,https://en.wikipedia.org/wiki/Chori_Chori_Chupke_Chupke
2001,daman,https://en.wikipedia.org/wiki/Daman_(2001_film)
2001,dattak,https://en.wikipedia.org/wiki/Dattak
2001,deewaanapan,https://en.wikipedia.org/wiki/Deewaanapan
2001,dil chahta hai,https://en.wikipedia.org/wiki/Dil_Chahta_Hai
2001,dil ne phir yaad kiya,https://en.wikipedia.org/wiki/Dil_Ne_Phir_Yaad_Kiya_(2001_film)
2001,ehsaas: the feeling,https://en.wikipedia.org/wiki/Ehsaas:_The_Feeling
2001,ek rishtaa: the bond of love,https://en.wikipedia.org/wiki/Ek_Rishtaa:_The_Bond_of_Love
2001,farz,https://en.wikipedia.org/wiki/Farz_(2001_film)
2001,gadar: ek prem katha,https://en.wikipedia.org/wiki/Gadar:_Ek_Prem_Katha
2001,grahan,https://en.wikipedia.org/wiki/Grahan_(film)
2001,hadh: life on the edge of death,https://en.wikipedia.org/wiki/Hadh:_Life_on_the_Edge_of_Death
2001,hum ho gaye aapke,https://en.wikipedia.org/wiki/Hum_Ho_Gaye_Aapke
2001,indian,https://en.wikipedia.org/wiki/Indian_(2001_film)
2001,ittefaq,https://en.wikipedia.org/wiki/Ittefaq_(2001_film)
2001,jodi no.1,https://en.wikipedia.org/wiki/Jodi_No.1_(film)
2001,kabhi khushi kabhie gham,https://en.wikipedia.org/wiki/Kabhi_Khushi_Kabhie_Gham
2001,kasam,https://en.wikipedia.org/wiki/Kasam_(2001_film)
2001,kasoor,https://en.wikipedia.org/wiki/Kasoor
2001,kuch khatti kuch meethi,https://en.wikipedia.org/wiki/Kuch_Khatti_Kuch_Meethi
2001,kyo kii main jhuth nahin bolta,https://en.wikipedia.org/wiki/Kyo_Kii_Main_Jhuth_Nahin_Bolta
2001,lagaan,https://en.wikipedia.org/wiki/Lagaan
2001,lagaan: once upon a time in india,https://en.wikipedia.org/wiki/Lagaan:_Once_Upon_a_Time_in_India
2001,lajja,https://en.wikipedia.org/wiki/Lajja_(2001_film)
2001,love ke liye kuchh bhi karega,https://en.wikipedia.org/wiki/Love_Ke_Liye_Kuchh_Bhi_Karega
2001,love you hamesha,https://en.wikipedia.org/wiki/Love_You_Hamesha
2001,maya,https://en.wikipedia.org/wiki/Maya_(2001_film)
2001,mitti,https://en.wikipedia.org/wiki/Mitti_(2001_film)
2001,moksha,https://en.wikipedia.org/wiki/Moksha_(2001_film)
2001,monsoon wedding,https://en.wikipedia.org/wiki/Monsoon_Wedding
2001,mujhe kucch kehna hai,https://en.wikipedia.org/wiki/Mujhe_Kucch_Kehna_Hai
2001,mujhe meri biwi se bachaao,https://en.wikipedia.org/wiki/Mujhe_Meri_Biwi_Se_Bachaao
2001,nayak,https://en.wikipedia.org/wiki/Nayak_(2001_Hindi_film)
2001,officer,https://en.wikipedia.org/wiki/Officer_(2001_film)
2001,one 2 ka 4,https://en.wikipedia.org/wiki/One_2_Ka_4
2001,paagalpan,https://en.wikipedia.org/wiki/Paagalpan
2001,pyaar ishq aur mohabbat,https://en.wikipedia.org/wiki/Pyaar_Ishq_Aur_Mohabbat
2001,pyaar tune kya kiya,https://en.wikipedia.org/wiki/Pyaar_Tune_Kya_Kiya_(film)
2001,pyaar zindagi hai,https://en.wikipedia.org/wiki/Pyaar_Zindagi_Hai
2001,rahul,https://en.wikipedia.org/wiki/Rahul_(film)
2001,rehnaa hai terre dil mein,https://en.wikipedia.org/wiki/Rehnaa_Hai_Terre_Dil_Mein
2001,shirdi sai baba,https://en.wikipedia.org/wiki/Shirdi_Sai_Baba
2001,style,https://en.wikipedia.org/wiki/Style_(2001_film)
2001,tamboo mein bamoo,https://en.wikipedia.org/wiki/Tamboo_Mein_Bamoo
2001,tera mera saath rahen,https://en.wikipedia.org/wiki/Tera_Mera_Saath_Rahen
2001,tere liye,https://en.wikipedia.org/wiki/Tere_Liye_(film)
2001,tum bin,https://en.wikipedia.org/wiki/Tum_Bin
2001,yaadein,https://en.wikipedia.org/wiki/Yaadein_(2001_film)
2001,yeh raaste hain pyaar ke,https://en.wikipedia.org/wiki/Yeh_Raaste_Hain_Pyaar_Ke
2001,yeh teraa ghar yeh meraa ghar,https://en.wikipedia.org/wiki/Yeh_Teraa_Ghar_Yeh_Meraa_Ghar
2001,yeh zindagi ka safar,https://en.wikipedia.org/wiki/Yeh_Zindagi_Ka_Safar
2001,zubeidaa,https://en.wikipedia.org/wiki/Zubeidaa
2002,16 december,https://en.wikipedia.org/wiki/16_December_(film)
2002,23rd march 1931: shaheed,https://en.wikipedia.org/wiki/23rd_March_1931:_Shaheed
2002,aankhen,https://en.wikipedia.org/wiki/Aankhen_(2002_film)
2002,aap mujhe achche lagne lage,https://en.wikipedia.org/wiki/Aap_Mujhe_Achche_Lagne_Lage
2002,ab ke baras,https://en.wikipedia.org/wiki/Ab_Ke_Baras
2002,agni varsha,https://en.wikipedia.org/wiki/Agni_Varsha
2002,akhiyon se goli maare,https://en.wikipedia.org/wiki/Akhiyon_Se_Goli_Maare
2002,annarth,https://en.wikipedia.org/wiki/Annarth
2002,ansh: the deadly part,https://en.wikipedia.org/wiki/Ansh:_The_Deadly_Part
2002,awara paagal deewana,https://en.wikipedia.org/wiki/Awara_Paagal_Deewana
2002,baaja,https://en.wikipedia.org/wiki/Baaja
2002,badhaai ho badhaai,https://en.wikipedia.org/wiki/Badhaai_Ho_Badhaai
2002,bollywood queen,https://en.wikipedia.org/wiki/Bollywood_Queen
2002,bomb the system,https://en.wikipedia.org/wiki/Bomb_the_System
2002,chalo ishq ladaaye,https://en.wikipedia.org/wiki/Chalo_Ishq_Ladaaye
2002,chor machaaye shor,https://en.wikipedia.org/wiki/Chor_Machaaye_Shor
2002,company,https://en.wikipedia.org/wiki/Company_(2002_film)
2002,deewangee,https://en.wikipedia.org/wiki/Deewangee
2002,devdas,https://en.wikipedia.org/wiki/Devdas_(2002_Hindi_film)
2002,dil hai tumhaara,https://en.wikipedia.org/wiki/Dil_Hai_Tumhaara
2002,dil vil pyar vyar,https://en.wikipedia.org/wiki/Dil_Vil_Pyar_Vyar
2002,durga,https://en.wikipedia.org/wiki/Durga
2002,ek chhotisi love story,https://en.wikipedia.org/wiki/Ek_Chhotisi_Love_Story
2002,encounter: the killing,https://en.wikipedia.org/wiki/Encounter:_The_Killing
2002,filhaal,https://en.wikipedia.org/wiki/Filhaal
2002,ghaav: the wound,https://en.wikipedia.org/wiki/Ghaav:_The_Wound
2002,gunaah,https://en.wikipedia.org/wiki/Gunaah_(2002_film)
2002,haan maine bhi pyaar kiya,https://en.wikipedia.org/wiki/Haan_Maine_Bhi_Pyaar_Kiya
2002,hathyar,https://en.wikipedia.org/wiki/Hathyar_(2002_film)
2002,hum kisise kum nahin,https://en.wikipedia.org/wiki/Hum_Kisise_Kum_Nahin_(2002_film)
2002,hum pyar tumhi se kar baithe,https://en.wikipedia.org/wiki/Hum_Pyar_Tumhi_Se_Kar_Baithe
2002,hum tumhare hain sanam,https://en.wikipedia.org/wiki/Hum_Tumhare_Hain_Sanam
2002,humraaz,https://en.wikipedia.org/wiki/Humraaz
2002,jaani dushman: ek anokhi kahani,https://en.wikipedia.org/wiki/Jaani_Dushman:_Ek_Anokhi_Kahani
2002,jang aur aman,https://en.wikipedia.org/wiki/Jang_Aur_Aman
2002,jeena sirf merre liye,https://en.wikipedia.org/wiki/Jeena_Sirf_Merre_Liye
2002,kaante,https://en.wikipedia.org/wiki/Kaante
2002,kabhie tum kabhie hum,https://en.wikipedia.org/wiki/Kabhie_Tum_Kabhie_Hum
2002,karz: the burden of truth,https://en.wikipedia.org/wiki/Karz:_The_Burden_of_Truth
2002,kehtaa hai dil baar baar,https://en.wikipedia.org/wiki/Kehtaa_Hai_Dil_Baar_Baar
2002,kitne door kitne paas,https://en.wikipedia.org/wiki/Kitne_Door_Kitne_Paas
2002,koi mere dil se poochhe,https://en.wikipedia.org/wiki/Koi_Mere_Dil_Se_Poochhe
2002,kranti,https://en.wikipedia.org/wiki/Kranti_(2002_film)
2002,kuch tum kaho kuch hum kahein,https://en.wikipedia.org/wiki/Kuch_Tum_Kaho_Kuch_Hum_Kahein
2002,kya yehi pyaar hai,https://en.wikipedia.org/wiki/Kya_Yehi_Pyaar_Hai
2002,kyaa dil ne kahaa,https://en.wikipedia.org/wiki/Kyaa_Dil_Ne_Kahaa
2002,lal salaam,https://en.wikipedia.org/wiki/Lal_Salaam
2002,maa tujhhe salaam,https://en.wikipedia.org/wiki/Maa_Tujhhe_Salaam_(2002_film)
2002,maine dil tujhko diya,https://en.wikipedia.org/wiki/Maine_Dil_Tujhko_Diya
2002,makdee,https://en.wikipedia.org/wiki/Makdee
2002,maseeha,https://en.wikipedia.org/wiki/Maseeha
2002,mere yaar ki shaadi hai,https://en.wikipedia.org/wiki/Mere_Yaar_Ki_Shaadi_Hai
2002,"mitr, my friend","https://en.wikipedia.org/wiki/Mitr,_My_Friend"
2002,mohabbat ho gayi hai tumse,https://en.wikipedia.org/wiki/Mohabbat_Ho_Gayi_Hai_Tumse
2002,mujhse dosti karoge!,https://en.wikipedia.org/wiki/Mujhse_Dosti_Karoge!
2002,mulaqaat,https://en.wikipedia.org/wiki/Mulaqaat
2002,na tum jaano na hum,https://en.wikipedia.org/wiki/Na_Tum_Jaano_Na_Hum
2002,nishad,https://en.wikipedia.org/wiki/Nishad_(2002_film)
2002,om jai jagadish,https://en.wikipedia.org/wiki/Om_Jai_Jagadish
2002,pitaah,https://en.wikipedia.org/wiki/Pitaah
2002,pyaar diwana hota hai,https://en.wikipedia.org/wiki/Pyaar_Diwana_Hota_Hai
2002,pyaasa,https://en.wikipedia.org/wiki/Pyaasa_(2002_film)
2002,pyar ki dhun,https://en.wikipedia.org/wiki/Pyar_Ki_Dhun
2002,raaz,https://en.wikipedia.org/wiki/Raaz_(2002_film)
2002,rishtey,https://en.wikipedia.org/wiki/Rishtey_(2002_film)
2002,road,https://en.wikipedia.org/wiki/Road_(2002_film)
2002,saathiya,https://en.wikipedia.org/wiki/Saathiya_(film)
2002,shaheed-e-azam,https://en.wikipedia.org/wiki/Shaheed-E-Azam
2002,shakti - the power,https://en.wikipedia.org/wiki/Shakti_-_The_Power
2002,shararat,https://en.wikipedia.org/wiki/Shararat_(2002_film)
2002,soch,https://en.wikipedia.org/wiki/Soch
2002,sur: the melody of life,https://en.wikipedia.org/wiki/Sur:_The_Melody_of_Life
2002,the legend of bhagat singh,https://en.wikipedia.org/wiki/The_Legend_of_Bhagat_Singh
2002,tum se achcha kaun hai,https://en.wikipedia.org/wiki/Tum_Se_Achcha_Kaun_Hai
2002,tumko na bhool paayenge,https://en.wikipedia.org/wiki/Tumko_Na_Bhool_Paayenge
2002,waah! tera kya kehna,https://en.wikipedia.org/wiki/Waah!_Tera_Kya_Kehna
2002,yeh dil aashiqanaa,https://en.wikipedia.org/wiki/Yeh_Dil_Aashiqanaa
2002,yeh hai jalwa,https://en.wikipedia.org/wiki/Yeh_Hai_Jalwa
2002,yeh kaisi mohabbat,https://en.wikipedia.org/wiki/Yeh_Kaisi_Mohabbat
2002,yeh kya ho raha hai?,https://en.wikipedia.org/wiki/Yeh_Kya_Ho_Raha_Hai%3F
2002,yeh mohabbat hai,https://en.wikipedia.org/wiki/Yeh_Mohabbat_Hai
2002,zindagi khoobsoorat hai,https://en.wikipedia.org/wiki/Zindagi_Khoobsoorat_Hai
2003,2 october,https://en.wikipedia.org/wiki/2_October
2003,3 deewarein,https://en.wikipedia.org/wiki/3_Deewarein
2003,88 antop hill,https://en.wikipedia.org/wiki/88_Antop_Hill
2003,aaj ka andha kanoon,https://en.wikipedia.org/wiki/Aaj_Ka_Andha_Kanoon
2003,aanch,https://en.wikipedia.org/wiki/Aanch
2003,aapko pehle bhi kahin dekha hai,https://en.wikipedia.org/wiki/Aapko_Pehle_Bhi_Kahin_Dekha_Hai
2003,andaaz,https://en.wikipedia.org/wiki/Andaaz
2003,armaan,https://en.wikipedia.org/wiki/Armaan_(2003_film)
2003,baaz: a bird in danger,https://en.wikipedia.org/wiki/Baaz:_A_Bird_in_Danger
2003,baghban,https://en.wikipedia.org/wiki/Baghban_(2003_film)
2003,bas yun hi,https://en.wikipedia.org/wiki/Bas_Yun_Hi
2003,basti,https://en.wikipedia.org/wiki/Basti_(film)
2003,bhoot,https://en.wikipedia.org/wiki/Bhoot_(film)
2003,boom,https://en.wikipedia.org/wiki/Boom_(2003_film)
2003,calcutta mail,https://en.wikipedia.org/wiki/Calcutta_Mail
2003,chalte chalte,https://en.wikipedia.org/wiki/Chalte_Chalte_(2003_film)
2003,chori chori,https://en.wikipedia.org/wiki/Chori_Chori_(2003_film)
2003,chupke se,https://en.wikipedia.org/wiki/Chupke_Se
2003,chura liyaa hai tumne,https://en.wikipedia.org/wiki/Chura_Liyaa_Hai_Tumne
2003,darna mana hai,https://en.wikipedia.org/wiki/Darna_Mana_Hai
2003,dhoop,https://en.wikipedia.org/wiki/Dhoop
2003,dhund,https://en.wikipedia.org/wiki/Dhund_(2003_film)
2003,dil ka rishta,https://en.wikipedia.org/wiki/Dil_Ka_Rishta
2003,dil pardesi ho gayaa,https://en.wikipedia.org/wiki/Dil_Pardesi_Ho_Gayaa
2003,dum,https://en.wikipedia.org/wiki/Dum_(2003_Hindi_film)
2003,ek alag mausam,https://en.wikipedia.org/wiki/Ek_Alag_Mausam
2003,ek aur ek gyarah,https://en.wikipedia.org/wiki/Ek_Aur_Ek_Gyarah
2003,ek din 24 ghante,https://en.wikipedia.org/wiki/Ek_Din_24_Ghante
2003,escape from taliban,https://en.wikipedia.org/wiki/Escape_from_Taliban
2003,final solution,https://en.wikipedia.org/wiki/Final_Solution_(2003_film)
2003,footpath,https://en.wikipedia.org/wiki/Footpath_(2003_film)
2003,fun2shh... dudes in the 10th century,https://en.wikipedia.org/wiki/Fun2shh..._Dudes_in_the_10th_Century
2003,gangaajal,https://en.wikipedia.org/wiki/Gangaajal
2003,haasil,https://en.wikipedia.org/wiki/Haasil_(film)
2003,hawa,https://en.wikipedia.org/wiki/Hawa_(2003_film)
2003,hawayein,https://en.wikipedia.org/wiki/Hawayein_(2003_film)
2003,hungama,https://en.wikipedia.org/wiki/Hungama_(2003_film)
2003,indian babu,https://en.wikipedia.org/wiki/Indian_Babu
2003,inteha,https://en.wikipedia.org/wiki/Inteha_(2003_film)
2003,ishq vishk,https://en.wikipedia.org/wiki/Ishq_Vishk
2003,jaal: the trap,https://en.wikipedia.org/wiki/Jaal:_The_Trap
2003,jajantaram mamantaram,https://en.wikipedia.org/wiki/Jajantaram_Mamantaram
2003,janasheen,https://en.wikipedia.org/wiki/Janasheen
2003,jhankaar beats,https://en.wikipedia.org/wiki/Jhankaar_Beats
2003,jism,https://en.wikipedia.org/wiki/Jism_(2003_film)
2003,jodi kya banayi wah wah ramji,https://en.wikipedia.org/wiki/Jodi_Kya_Banayi_Wah_Wah_Ramji
2003,joggers park,https://en.wikipedia.org/wiki/Joggers%27_Park_(film)
2003,kagaar: life on the edge,https://en.wikipedia.org/wiki/Kagaar:_Life_on_the_Edge
2003,kahan ho tum,https://en.wikipedia.org/wiki/Kahan_Ho_Tum_(film)
2003,kaise kahoon ke... pyaar hai,https://en.wikipedia.org/wiki/Kaise_Kahoon_Ke..._Pyaar_Hai
2003,kal ho naa ho,https://en.wikipedia.org/wiki/Kal_Ho_Naa_Ho
2003,kash aap hamare hote,https://en.wikipedia.org/wiki/Kash_Aap_Hamare_Hote
2003,khel – no ordinary game,https://en.wikipedia.org/wiki/Khel_%E2%80%93_No_Ordinary_Game
2003,khushi,https://en.wikipedia.org/wiki/Khushi_(2003_Hindi_film)
2003,khwahish,https://en.wikipedia.org/wiki/Khwahish
2003,koi... mil gaya,https://en.wikipedia.org/wiki/Koi..._Mil_Gaya
2003,kucch to hai,https://en.wikipedia.org/wiki/Kucch_To_Hai
2003,kuch naa kaho,https://en.wikipedia.org/wiki/Kuch_Naa_Kaho
2003,loc: kargil,https://en.wikipedia.org/wiki/LOC:_Kargil
2003,love at times square,https://en.wikipedia.org/wiki/Love_at_Times_Square
2003,main madhuri dixit banna chahti hoon,https://en.wikipedia.org/wiki/Main_Madhuri_Dixit_Banna_Chahti_Hoon
2003,main prem ki diwani hoon,https://en.wikipedia.org/wiki/Main_Prem_Ki_Diwani_Hoon
2003,market,https://en.wikipedia.org/wiki/Market_(2003_film)
2003,mudda: the issue,https://en.wikipedia.org/wiki/Mudda_%E2%80%93_The_Issue
2003,mumbai matinee,https://en.wikipedia.org/wiki/Mumbai_Matinee
2003,mumbai se aaya mera dost,https://en.wikipedia.org/wiki/Mumbai_Se_Aaya_Mera_Dost
2003,munna bhai m.b.b.s.,https://en.wikipedia.org/wiki/Munna_Bhai_M.B.B.S.
2003,nayee padosan,https://en.wikipedia.org/wiki/Nayee_Padosan
2003,om,https://en.wikipedia.org/wiki/Om_(2003_film)
2003,oops!,https://en.wikipedia.org/wiki/Oops!_(film)
2003,out of control,https://en.wikipedia.org/wiki/Out_of_Control_(2003_film)
2003,paap,https://en.wikipedia.org/wiki/Paap
2003,parwana,https://en.wikipedia.org/wiki/Parwana_(2003_film)
2003,pinjar,https://en.wikipedia.org/wiki/Pinjar_(film)
2003,praan jaye par shaan na jaye,https://en.wikipedia.org/wiki/Praan_Jaye_Par_Shaan_Na_Jaye
2003,qayamat: city under threat,https://en.wikipedia.org/wiki/Qayamat:_City_Under_Threat
2003,raghu romeo,https://en.wikipedia.org/wiki/Raghu_Romeo
2003,raja bhaiya,https://en.wikipedia.org/wiki/Raja_Bhaiya_(film)
2003,"right here, right now","https://en.wikipedia.org/wiki/Right_Here,_Right_Now_(film)"
2003,rules: pyaar ka superhit formula,https://en.wikipedia.org/wiki/Rules:_Pyaar_Ka_Superhit_Formula
2003,saaya,https://en.wikipedia.org/wiki/Saaya_(2003_film)
2003,samay: when time strikes,https://en.wikipedia.org/wiki/Samay:_When_Time_Strikes
2003,satta,https://en.wikipedia.org/wiki/Satta_(2003_film)
2003,sssshhh...,https://en.wikipedia.org/wiki/Sssshhh...
2003,stumped,https://en.wikipedia.org/wiki/Stumped_(film)
2003,supari,https://en.wikipedia.org/wiki/Supari_(2003_film)
2003,talaash: the hunt begins...,https://en.wikipedia.org/wiki/Talaash:_The_Hunt_Begins...
2003,tehzeeb,https://en.wikipedia.org/wiki/Tehzeeb_(2003_film)
2003,tere naam,https://en.wikipedia.org/wiki/Tere_Naam
2003,the hero: love story of a spy,https://en.wikipedia.org/wiki/The_Hero:_Love_Story_of_a_Spy
2003,the perfect husband,https://en.wikipedia.org/wiki/The_Perfect_Husband_(2003_film)
2003,the pink mirror,https://en.wikipedia.org/wiki/The_Pink_Mirror_(2003_film)
2003,tujhe meri kasam,https://en.wikipedia.org/wiki/Tujhe_Meri_Kasam
2003,tumse milke wrong number,https://en.wikipedia.org/wiki/Tumse_Milke_Wrong_Number
2003,waisa bhi hota hai part ii,https://en.wikipedia.org/wiki/Waisa_Bhi_Hota_Hai_Part_II
2003,xcuse me,https://en.wikipedia.org/wiki/Xcuse_Me
2003,yeh dil,https://en.wikipedia.org/wiki/Yeh_Dil
2003,zameen,https://en.wikipedia.org/wiki/Zameen_(2003_film)
2004,""" mysteries shaque """,https://en.wikipedia.org/wiki/Mysteries_Shaque
2004,aabra ka daabra,https://en.wikipedia.org/wiki/Aabra_Ka_Daabra
2004,aan: men at work,https://en.wikipedia.org/wiki/Aan:_Men_at_Work
2004,ab tak chappan,https://en.wikipedia.org/wiki/Ab_Tak_Chappan
2004,ab tumhare hawale watan saathiyo,https://en.wikipedia.org/wiki/Ab_Tumhare_Hawale_Watan_Saathiyo
2004,ab... bas! [ 2 ],https://en.wikipedia.org/wiki/Ab..._Bas!
2004,aetbaar,https://en.wikipedia.org/wiki/Aetbaar
2004,agnipankh,https://en.wikipedia.org/wiki/Agnipankh
2004,aitraaz,https://en.wikipedia.org/wiki/Aitraaz
2004,ak-47,https://en.wikipedia.org/wiki/AK-47_(2004_film)
2004,asambhav,https://en.wikipedia.org/wiki/Asambhav
2004,bardaasht,https://en.wikipedia.org/wiki/Bardaasht
2004,bhola in bollywood,https://en.wikipedia.org/wiki/Bhola_in_Bollywood
2004,chameli,https://en.wikipedia.org/wiki/Chameli_(film)
2004,chand bujh gaya,https://en.wikipedia.org/wiki/Chand_Bujh_Gaya
2004,charas,https://en.wikipedia.org/wiki/Charas_(2004_film)
2004,deewaar,https://en.wikipedia.org/wiki/Deewaar_(2004_film)
2004,dev,https://en.wikipedia.org/wiki/Dev_(2004_film)
2004,dhoom,https://en.wikipedia.org/wiki/Dhoom
2004,dil bechara pyaar ka maara,https://en.wikipedia.org/wiki/Dil_Bechara_Pyaar_Ka_Maara
2004,dil maange more,https://en.wikipedia.org/wiki/Dil_Maange_More
2004,dil ne jise apna kahaa,https://en.wikipedia.org/wiki/Dil_Ne_Jise_Apna_Kahaa
2004,dobara,https://en.wikipedia.org/wiki/Dobara
2004,ek hasina thi,https://en.wikipedia.org/wiki/Ek_Hasina_Thi_(film)
2004,ek se badhkar ek,https://en.wikipedia.org/wiki/Ek_Se_Badhkar_Ek_(2004_film)
2004,fida,https://en.wikipedia.org/wiki/Fida
2004,garv,https://en.wikipedia.org/wiki/Garv
2004,gayab,https://en.wikipedia.org/wiki/Gayab
2004,girlfriend,https://en.wikipedia.org/wiki/Girlfriend_(2004_film)
2004,hatya,https://en.wikipedia.org/wiki/Hatya_(2004_film)
2004,hava aney dey,https://en.wikipedia.org/wiki/Hava_Aney_Dey
2004,hawas,https://en.wikipedia.org/wiki/Hawas_(2004_film)
2004,hulchul,https://en.wikipedia.org/wiki/Hulchul_(2004_film)
2004,hum tum,https://en.wikipedia.org/wiki/Hum_Tum_(film)
2004,hyderabad blues 2,https://en.wikipedia.org/wiki/Hyderabad_Blues_2
2004,i proud to be an indian,https://en.wikipedia.org/wiki/I_Proud_to_Be_an_Indian
2004,insaaf: the justice,https://en.wikipedia.org/wiki/Insaaf:_The_Justice
2004,inteqam: the perfect game,https://en.wikipedia.org/wiki/Inteqam:_The_Perfect_Game
2004,ishq hai tumse,https://en.wikipedia.org/wiki/Ishq_Hai_Tumse
2004,jaago,https://en.wikipedia.org/wiki/Jaago_(2004_film)
2004,julie,https://en.wikipedia.org/wiki/Julie_(2004_film)
2004,kaun hai jo sapno mein aaya,https://en.wikipedia.org/wiki/Kaun_Hai_Jo_Sapno_Mein_Aaya
2004,kaya taran,https://en.wikipedia.org/wiki/Kaya_Taran
2004,khakee,https://en.wikipedia.org/wiki/Khakee_(film)
2004,khamosh pani,https://en.wikipedia.org/wiki/Khamosh_Pani
2004,king of bollywood,https://en.wikipedia.org/wiki/King_of_Bollywood
2004,kis kis ki kismat,https://en.wikipedia.org/wiki/Kis_Kis_Ki_Kismat
2004,kismat,https://en.wikipedia.org/wiki/Kismat_(2004_film)
2004,krishna cottage,https://en.wikipedia.org/wiki/Krishna_Cottage
2004,kyun! ho gaya na...,https://en.wikipedia.org/wiki/Kyun!_Ho_Gaya_Na...
2004,lakeer – forbidden lines,https://en.wikipedia.org/wiki/Lakeer_%E2%80%93_Forbidden_Lines
2004,lakshya,https://en.wikipedia.org/wiki/Lakshya_(2004_film)
2004,madhoshi,https://en.wikipedia.org/wiki/Madhoshi
2004,main hoon na,https://en.wikipedia.org/wiki/Main_Hoon_Na
2004,maqbool,https://en.wikipedia.org/wiki/Maqbool
2004,masti,https://en.wikipedia.org/wiki/Masti_(2004_film)
2004,meenaxi: a tale of three cities,https://en.wikipedia.org/wiki/Meenaxi:_A_Tale_of_Three_Cities
2004,meri biwi ka jawaab nahin,https://en.wikipedia.org/wiki/Meri_Biwi_Ka_Jawaab_Nahin
2004,morning raga,https://en.wikipedia.org/wiki/Morning_Raga
2004,mujhse shaadi karogi,https://en.wikipedia.org/wiki/Mujhse_Shaadi_Karogi
2004,murder,https://en.wikipedia.org/wiki/Murder_(2004_film)
2004,musafir,https://en.wikipedia.org/wiki/Musafir_(2004_film)
2004,muskaan,https://en.wikipedia.org/wiki/Muskaan
2004,naach,https://en.wikipedia.org/wiki/Naach_(2004_film)
2004,netaji subhas chandra bose: the forgotten hero,https://en.wikipedia.org/wiki/Netaji_Subhas_Chandra_Bose:_The_Forgotten_Hero
2004,paap,https://en.wikipedia.org/wiki/Paap
2004,paisa vasool,https://en.wikipedia.org/wiki/Paisa_Vasool_(2004_film)
2004,phir milenge,https://en.wikipedia.org/wiki/Phir_Milenge_(2004_film)
2004,plan,https://en.wikipedia.org/wiki/Plan_(film)
2004,police force: an inside story,https://en.wikipedia.org/wiki/Police_Force:_An_Inside_Story
2004,popcorn khao! mast ho jao,https://en.wikipedia.org/wiki/Popcorn_Khao!_Mast_Ho_Jao
2004,raincoat,https://en.wikipedia.org/wiki/Raincoat_(film)
2004,rakht,https://en.wikipedia.org/wiki/Rakht
2004,rok sako to rok lo,https://en.wikipedia.org/wiki/Rok_Sako_To_Rok_Lo
2004,rudraksh,https://en.wikipedia.org/wiki/Rudraksh_(film)
2004,run,https://en.wikipedia.org/wiki/Run_(2004_film)
2004,shaadi ka laddoo,https://en.wikipedia.org/wiki/Shaadi_Ka_Laddoo
2004,shart: the challenge,https://en.wikipedia.org/wiki/Shart:_The_Challenge
2004,sheen,https://en.wikipedia.org/wiki/Sheen_(film)
2004,shikaar,https://en.wikipedia.org/wiki/Shikaar_(2004_film)
2004,shukriya: till death do us apart,https://en.wikipedia.org/wiki/Shukriya:_Till_Death_Do_Us_Apart
2004,stop!,https://en.wikipedia.org/wiki/Stop!_(film)
2004,suno sasurjee,https://en.wikipedia.org/wiki/Suno_Sasurjee
2004,swades,https://en.wikipedia.org/wiki/Swades
2004,taarzan: the wonder car,https://en.wikipedia.org/wiki/Taarzan:_The_Wonder_Car
2004,tauba tauba,https://en.wikipedia.org/wiki/Tauba_Tauba
2004,thoda tum badlo thoda hum,https://en.wikipedia.org/wiki/Thoda_Tum_Badlo_Thoda_Hum
2004,tumsa nahin dekha: a love story,https://en.wikipedia.org/wiki/Tumsa_Nahin_Dekha:_A_Love_Story
2004,uuf kya jaadoo mohabbat hai [ 8 ],https://en.wikipedia.org/wiki/Uuf_Kya_Jaadoo_Mohabbat_Hai
2004,vaastu shastra,https://en.wikipedia.org/wiki/Vaastu_Shastra_(film)
2004,veer-zaara,https://en.wikipedia.org/wiki/Veer-Zaara
2004,wajahh: a reason to kill,https://en.wikipedia.org/wiki/Wajahh:_A_Reason_to_Kill
2004,yeh lamhe judaai ke,https://en.wikipedia.org/wiki/Yeh_Lamhe_Judaai_Ke
2004,yuva,https://en.wikipedia.org/wiki/Yuva
2005,7½ phere,https://en.wikipedia.org/wiki/7%C2%BD_Phere
2005,99.9 fm,https://en.wikipedia.org/wiki/99.9_FM_(film)
2005,aashiq banaya aapne,https://en.wikipedia.org/wiki/Aashiq_Banaya_Aapne
2005,anjaane,https://en.wikipedia.org/wiki/Anjaane_(2005_film)
2005,apaharan,https://en.wikipedia.org/wiki/Apaharan
2005,bachke rehna re baba,https://en.wikipedia.org/wiki/Bachke_Rehna_Re_Baba
2005,barsaat,https://en.wikipedia.org/wiki/Barsaat_(2005_film)
2005,bewafaa,https://en.wikipedia.org/wiki/Bewafaa_(2005_film)
2005,bhagmati,https://en.wikipedia.org/wiki/Bhagmati_(2005_film)
2005,black,https://en.wikipedia.org/wiki/Black_(2005_film)
2005,blackmail,https://en.wikipedia.org/wiki/Blackmail_(2005_film)
2005,bluffmaster!,https://en.wikipedia.org/wiki/Bluffmaster!
2005,bullet: ek dhamaka,https://en.wikipedia.org/wiki/Bullet:_Ek_Dhamaka
2005,bunty aur babli,https://en.wikipedia.org/wiki/Bunty_Aur_Babli
2005,chaahat – ek nasha,https://en.wikipedia.org/wiki/Chaahat_%E2%80%93_Ek_Nasha
2005,chand sa roshan chehra,https://en.wikipedia.org/wiki/Chand_Sa_Roshan_Chehra
2005,chehraa,https://en.wikipedia.org/wiki/Chehraa
2005,chocolate,https://en.wikipedia.org/wiki/Chocolate_(2005_film)
2005,classic – dance of love,https://en.wikipedia.org/wiki/Classic_%E2%80%93_Dance_of_Love
2005,d,https://en.wikipedia.org/wiki/D_(film)
2005,dansh,https://en.wikipedia.org/wiki/Dansh
2005,deewane huye paagal,https://en.wikipedia.org/wiki/Deewane_Huye_Paagal
2005,dil jo bhi kahey...,https://en.wikipedia.org/wiki/Dil_Jo_Bhi_Kahey...
2005,dosti: friends forever,https://en.wikipedia.org/wiki/Dosti:_Friends_Forever
2005,double cross - ek dhoka,https://en.wikipedia.org/wiki/Double_Cross_(2005_film)
2005,dreams,https://en.wikipedia.org/wiki/Dreams_(2005_film)
2005,dus,https://en.wikipedia.org/wiki/Dus
2005,ek ajnabee,https://en.wikipedia.org/wiki/Ek_Ajnabee
2005,ek khiladi ek haseena,https://en.wikipedia.org/wiki/Ek_Khiladi_Ek_Haseena_(film)
2005,elaan,https://en.wikipedia.org/wiki/Elaan_(2005_film)
2005,fareb,https://en.wikipedia.org/wiki/Fareb_(2005_film)
2005,film star,https://en.wikipedia.org/wiki/Film_Star_(film)
2005,fun – can be dangerous sometimes,https://en.wikipedia.org/wiki/Fun_%E2%80%93_Can_Be_Dangerous_Sometimes
2005,garam masala,https://en.wikipedia.org/wiki/Garam_Masala_(2005_film)
2005,hanuman,https://en.wikipedia.org/wiki/Hanuman_(2005_film)
2005,hazaaron khwaishein aisi,https://en.wikipedia.org/wiki/Hazaaron_Khwaishein_Aisi
2005,home delivery,https://en.wikipedia.org/wiki/Home_Delivery
2005,hum dum,https://en.wikipedia.org/wiki/Hum_Dum
2005,insan,https://en.wikipedia.org/wiki/Insan
2005,iqbal,https://en.wikipedia.org/wiki/Iqbal_(film)
2005,james,https://en.wikipedia.org/wiki/James_(2005_film)
2005,jo bole so nihaal,https://en.wikipedia.org/wiki/Jo_Bole_So_Nihaal_(film)
2005,jurm,https://en.wikipedia.org/wiki/Jurm_(2005_film)
2005,kaal,https://en.wikipedia.org/wiki/Kaal_(2005_film)
2005,kalyug,https://en.wikipedia.org/wiki/Kalyug_(2005_film)
2005,karam,https://en.wikipedia.org/wiki/Karam_(film)
2005,kasak,https://en.wikipedia.org/wiki/Kasak_(2005_film)
2005,khamoshh... khauff ki raat,https://en.wikipedia.org/wiki/Khamoshh..._Khauff_Ki_Raat
2005,khullam khulla pyaar karen,https://en.wikipedia.org/wiki/Khullam_Khulla_Pyaar_Karen
2005,kisna: the warrior poet,https://en.wikipedia.org/wiki/Kisna:_The_Warrior_Poet
2005,koi aap sa,https://en.wikipedia.org/wiki/Koi_Aap_Sa
2005,koi mere dil mein hai,https://en.wikipedia.org/wiki/Koi_Mere_Dil_Mein_Hai
2005,kuchh meetha ho jaye,https://en.wikipedia.org/wiki/Kuchh_Meetha_Ho_Jaye
2005,kyaa kool hai hum,https://en.wikipedia.org/wiki/Kyaa_Kool_Hai_Hum
2005,kyon ki,https://en.wikipedia.org/wiki/Kyon_Ki
2005,lucky: no time for love,https://en.wikipedia.org/wiki/Lucky:_No_Time_for_Love
2005,main aisa hi hoon,https://en.wikipedia.org/wiki/Main_Aisa_Hi_Hoon
2005,"main, meri patni aur woh","https://en.wikipedia.org/wiki/Main,_Meri_Patni_Aur_Woh"
2005,maine gandhi ko nahin mara,https://en.wikipedia.org/wiki/Maine_Gandhi_Ko_Nahin_Mara
2005,maine pyaar kyun kiya?,https://en.wikipedia.org/wiki/Maine_Pyaar_Kyun_Kiya%3F
2005,mangal pandey: the rising,https://en.wikipedia.org/wiki/Mangal_Pandey:_The_Rising
2005,mazaa mazaa,https://en.wikipedia.org/wiki/Mazaa_Mazaa
2005,mr prime minister,https://en.wikipedia.org/wiki/Mr_Prime_Minister
2005,mr ya miss,https://en.wikipedia.org/wiki/Mr_Ya_Miss
2005,mumbai godfather,https://en.wikipedia.org/wiki/Mumbai_Godfather
2005,mumbai xpress,https://en.wikipedia.org/wiki/Mumbai_Xpress
2005,my brother... nikhil,https://en.wikipedia.org/wiki/My_Brother..._Nikhil
2005,my wife's murder,https://en.wikipedia.org/wiki/My_Wife%27s_Murder
2005,naam gum jaayega,https://en.wikipedia.org/wiki/Naam_Gum_Jaayega
2005,naina,https://en.wikipedia.org/wiki/Naina_(2005_film)
2005,neal 'n' nikki,https://en.wikipedia.org/wiki/Neal_%27n%27_Nikki
2005,no entry,https://en.wikipedia.org/wiki/No_Entry
2005,padmashree laloo prasad yadav,https://en.wikipedia.org/wiki/Padmashree_Laloo_Prasad_Yadav
2005,page 3,https://en.wikipedia.org/wiki/Page_3_(film)
2005,paheli,https://en.wikipedia.org/wiki/Paheli_(2005_film)
2005,parineeta,https://en.wikipedia.org/wiki/Parineeta_(2005_film)
2005,pehchaan: the face of truth,https://en.wikipedia.org/wiki/Pehchaan:_The_Face_of_Truth
2005,pyaar mein twist,https://en.wikipedia.org/wiki/Pyaar_Mein_Twist
2005,ramji londonwale,https://en.wikipedia.org/wiki/Ramji_Londonwale
2005,revati,https://en.wikipedia.org/wiki/Revati_(film)
2005,rog,https://en.wikipedia.org/wiki/Rog
2005,saathi: the companion,https://en.wikipedia.org/wiki/Saathi:_The_Companion
2005,salaam namaste,https://en.wikipedia.org/wiki/Salaam_Namaste
2005,sarkar,https://en.wikipedia.org/wiki/Sarkar_(2005_film)
2005,sau jhooth ek sach,https://en.wikipedia.org/wiki/Sau_Jhooth_Ek_Sach
2005,sehar,https://en.wikipedia.org/wiki/Sehar
2005,shaadi no. 1,https://en.wikipedia.org/wiki/Shaadi_No._1
2005,shabd,https://en.wikipedia.org/wiki/Shabd_(film)
2005,shabnam mausi,https://en.wikipedia.org/wiki/Shabnam_Mausi
2005,sheesha,https://en.wikipedia.org/wiki/Sheesha_(2005_film)
2005,shikhar,https://en.wikipedia.org/wiki/Shikhar_(film)
2005,silsiilay,https://en.wikipedia.org/wiki/Silsiilay
2005,socha na tha,https://en.wikipedia.org/wiki/Socha_Na_Tha
2005,ssukh,https://en.wikipedia.org/wiki/Ssukh
2005,taj mahal: an eternal love story,https://en.wikipedia.org/wiki/Taj_Mahal:_An_Eternal_Love_Story
2005,tango charlie,https://en.wikipedia.org/wiki/Tango_Charlie
2005,the film,https://en.wikipedia.org/wiki/The_Film_(film)
2005,"u, bomsi n me","https://en.wikipedia.org/wiki/U,_Bomsi_n_Me"
2005,vaada,https://en.wikipedia.org/wiki/Vaada_(2005_film)
2005,vaah! life ho toh aisi!,https://en.wikipedia.org/wiki/Vaah!_Life_Ho_Toh_Aisi!
2005,viruddh... family comes first,https://en.wikipedia.org/wiki/Viruddh..._Family_Comes_First
2005,waqt: the race against time,https://en.wikipedia.org/wiki/Waqt:_The_Race_Against_Time
2005,water,https://en.wikipedia.org/wiki/Water_(2005_film)
2005,white rainbow,https://en.wikipedia.org/wiki/White_Rainbow_(film)
2005,yahaan,https://en.wikipedia.org/wiki/Yahaan
2005,yakeen,https://en.wikipedia.org/wiki/Yakeen_(2005_film)
2005,zameer: the fire within,https://en.wikipedia.org/wiki/Zameer:_The_Fire_Within
2005,zeher,https://en.wikipedia.org/wiki/Zeher
2006,36 china town,https://en.wikipedia.org/wiki/36_China_Town
2006,aap ki khatir,https://en.wikipedia.org/wiki/Aap_Ki_Khatir_(2006_film)
2006,aatma,https://en.wikipedia.org/wiki/Aatma_(2006_film)
2006,ahista ahista,https://en.wikipedia.org/wiki/Ahista_Ahista_(2006_film)
2006,aisa kyon hota hai?,https://en.wikipedia.org/wiki/Aisa_Kyon_Hota_Hai%3F
2006,aksar,https://en.wikipedia.org/wiki/Aksar
2006,alag,https://en.wikipedia.org/wiki/Alag
2006,ankahee,https://en.wikipedia.org/wiki/Ankahee_(2006_film)
2006,anthony kaun hai?,https://en.wikipedia.org/wiki/Anthony_Kaun_Hai%3F
2006,apna sapna money money,https://en.wikipedia.org/wiki/Apna_Sapna_Money_Money
2006,aryan,https://en.wikipedia.org/wiki/Aryan_(2006_film)
2006,baabul,https://en.wikipedia.org/wiki/Baabul_(2006_film)
2006,banaras,https://en.wikipedia.org/wiki/Banaras_(2006_film)
2006,bas ek pal,https://en.wikipedia.org/wiki/Bas_Ek_Pal
2006,being cyrus,https://en.wikipedia.org/wiki/Being_Cyrus
2006,bhagam bhag,https://en.wikipedia.org/wiki/Bhagam_Bhag
2006,bhoot unkle,https://en.wikipedia.org/wiki/Bhoot_Unkle
2006,chand ke paar chalo,https://en.wikipedia.org/wiki/Chand_Ke_Paar_Chalo_(film)
2006,chingaari,https://en.wikipedia.org/wiki/Chingaari
2006,chup chup ke,https://en.wikipedia.org/wiki/Chup_Chup_Ke
2006,corporate,https://en.wikipedia.org/wiki/Corporate_(2006_film)
2006,darna zaroori hai,https://en.wikipedia.org/wiki/Darna_Zaroori_Hai
2006,darwaaza bandh rakho,https://en.wikipedia.org/wiki/Darwaaza_Bandh_Rakho
2006,deadline: sirf 24 ghante,https://en.wikipedia.org/wiki/Deadline:_Sirf_24_Ghante
2006,devaki,https://en.wikipedia.org/wiki/Devaki_(2005_film)
2006,dhoom 2,https://en.wikipedia.org/wiki/Dhoom_2
2006,dil diya hai,https://en.wikipedia.org/wiki/Dil_Diya_Hai
2006,don: the chase begins again,https://en.wikipedia.org/wiki/Don_(2006_Hindi_film)
2006,dor,https://en.wikipedia.org/wiki/Dor_(film)
2006,fanaa,https://en.wikipedia.org/wiki/Fanaa_(2006_film)
2006,fight club: members only,https://en.wikipedia.org/wiki/Fight_Club:_Members_Only
2006,gangster: a love story,https://en.wikipedia.org/wiki/Gangster:_A_Love_Story
2006,golmaal: fun unlimited,https://en.wikipedia.org/wiki/Golmaal:_Fun_Unlimited
2006,holiday,https://en.wikipedia.org/wiki/Holiday_(2006_film)
2006,humko deewana kar gaye,https://en.wikipedia.org/wiki/Humko_Deewana_Kar_Gaye
2006,humko tumse pyaar hai,https://en.wikipedia.org/wiki/Humko_Tumse_Pyaar_Hai
2006,i see you,https://en.wikipedia.org/wiki/I_See_You_(2006_film)
2006,iqraar by chance,https://en.wikipedia.org/wiki/Iqraar_by_Chance
2006,jaan-e-mann,https://en.wikipedia.org/wiki/Jaan-E-Mann
2006,jaane hoga kya,https://en.wikipedia.org/wiki/Jaane_Hoga_Kya
2006,jawani diwani: a youthful joyride,https://en.wikipedia.org/wiki/Jawani_Diwani:_A_Youthful_Joyride
2006,jigyaasa,https://en.wikipedia.org/wiki/Jigyaasa
2006,kabhi alvida naa kehna,https://en.wikipedia.org/wiki/Kabhi_Alvida_Naa_Kehna
2006,kabul express,https://en.wikipedia.org/wiki/Kabul_Express
2006,khosla ka ghosla,https://en.wikipedia.org/wiki/Khosla_Ka_Ghosla
2006,krishna,https://en.wikipedia.org/wiki/Krishna_(2006_film)
2006,krrish,https://en.wikipedia.org/wiki/Krrish
2006,kudiyon ka hai zamana,https://en.wikipedia.org/wiki/Kudiyon_Ka_Hai_Zamana
2006,lage raho munna bhai,https://en.wikipedia.org/wiki/Lage_Raho_Munna_Bhai
2006,love ke chakkar mein,https://en.wikipedia.org/wiki/Love_Ke_Chakkar_Mein
2006,malamaal weekly,https://en.wikipedia.org/wiki/Malamaal_Weekly
2006,mere jeevan saathi,https://en.wikipedia.org/wiki/Mere_Jeevan_Saathi_(2006_film)
2006,naksha,https://en.wikipedia.org/wiki/Naksha
2006,omkara,https://en.wikipedia.org/wiki/Omkara_(2006_film)
2006,phir hera pheri,https://en.wikipedia.org/wiki/Phir_Hera_Pheri
2006,pyaar ke side effects,https://en.wikipedia.org/wiki/Pyaar_Ke_Side_Effects
2006,pyare mohan,https://en.wikipedia.org/wiki/Pyare_Mohan
2006,rafta rafta – the speed,https://en.wikipedia.org/wiki/Rafta_Rafta_%E2%80%93_The_Speed
2006,rang de basanti,https://en.wikipedia.org/wiki/Rang_De_Basanti
2006,rocky,https://en.wikipedia.org/wiki/Rocky_(2006_Indian_film)
2006,saawan... the love season,https://en.wikipedia.org/wiki/Saawan..._The_Love_Season
2006,sacred evil – a true story,https://en.wikipedia.org/wiki/Sacred_Evil_%E2%80%93_A_True_Story
2006,sandwich,https://en.wikipedia.org/wiki/Sandwich_(2006_film)
2006,sarhad paar,https://en.wikipedia.org/wiki/Sarhad_Paar
2006,shaadi karke phas gaya yaar,https://en.wikipedia.org/wiki/Shaadi_Karke_Phas_Gaya_Yaar
2006,shaadi se pehle,https://en.wikipedia.org/wiki/Shaadi_Se_Pehle
2006,shiva,https://en.wikipedia.org/wiki/Shiva_(2006_film)
2006,souten: the other woman,https://en.wikipedia.org/wiki/Souten:_The_Other_Woman
2006,tathastu,https://en.wikipedia.org/wiki/Tathastu
2006,taxi no. 9211,https://en.wikipedia.org/wiki/Taxi_No._9211
2006,teesri aankh: the hidden camera,https://en.wikipedia.org/wiki/Teesri_Aankh:_The_Hidden_Camera
2006,the killer,https://en.wikipedia.org/wiki/The_Killer_(2006_film)
2006,the real dream girls,https://en.wikipedia.org/wiki/The_Real_Dream_Girls
2006,"tom, dick, and harry","https://en.wikipedia.org/wiki/Tom,_Dick,_and_Harry_(2006_film)"
2006,umar,https://en.wikipedia.org/wiki/Umar_(film)
2006,umrao jaan,https://en.wikipedia.org/wiki/Umrao_Jaan_(2006_film)
2006,utthaan,https://en.wikipedia.org/wiki/Utthaan
2006,vivah,https://en.wikipedia.org/wiki/Vivah
2006,woh lamhe...,https://en.wikipedia.org/wiki/Woh_Lamhe...
2006,yun hota toh kya hota,https://en.wikipedia.org/wiki/Yun_Hota_Toh_Kya_Hota
2006,zinda,https://en.wikipedia.org/wiki/Zinda_(film)
2006,zindaggi rocks,https://en.wikipedia.org/wiki/Zindaggi_Rocks
2007,1971,https://en.wikipedia.org/wiki/1971_(2007_film)
2007,50 lakh,https://en.wikipedia.org/wiki/50_Lakh
2007,aag,https://en.wikipedia.org/wiki/Aag_(2007_film)
2007,aaja nachle,https://en.wikipedia.org/wiki/Aaja_Nachle
2007,aap kaa surroor,https://en.wikipedia.org/wiki/Aap_Kaa_Surroor
2007,aggar,https://en.wikipedia.org/wiki/Aggar_(film)
2007,anwar,https://en.wikipedia.org/wiki/Anwar_(2007_film)
2007,apna asmaan,https://en.wikipedia.org/wiki/Apna_Asmaan
2007,apne,https://en.wikipedia.org/wiki/Apne
2007,aur pappu paas ho gaya,https://en.wikipedia.org/wiki/Aur_Pappu_Paas_Ho_Gaya
2007,awarapan,https://en.wikipedia.org/wiki/Awarapan
2007,bal ganesh,https://en.wikipedia.org/wiki/Bal_Ganesh
2007,bheja fry,https://en.wikipedia.org/wiki/Bheja_Fry_(film)
2007,bhool bhulaiyaa,https://en.wikipedia.org/wiki/Bhool_Bhulaiyaa
2007,big brother,https://en.wikipedia.org/wiki/Big_Brother_(2007_film)
2007,black friday,https://en.wikipedia.org/wiki/Black_Friday_(2004_film)
2007,buddha mar gaya,https://en.wikipedia.org/wiki/Buddha_Mar_Gaya
2007,cash,https://en.wikipedia.org/wiki/Cash_(2007_film)
2007,chain kulii ki main kulii,https://en.wikipedia.org/wiki/Chain_Kulii_Ki_Main_Kulii
2007,chak de! india,https://en.wikipedia.org/wiki/Chak_De!_India
2007,cheeni kum,https://en.wikipedia.org/wiki/Cheeni_Kum
2007,chhodon naa yaar,https://en.wikipedia.org/wiki/Chhodon_Naa_Yaar
2007,darling,https://en.wikipedia.org/wiki/Darling_(2007_Indian_film)
2007,delhii heights,https://en.wikipedia.org/wiki/Delhii_Heights
2007,dhamaal,https://en.wikipedia.org/wiki/Dhamaal
2007,dharm,https://en.wikipedia.org/wiki/Dharm_(film)
2007,dhokha,https://en.wikipedia.org/wiki/Dhokha
2007,dhol,https://en.wikipedia.org/wiki/Dhol_(film)
2007,dil dosti etc,https://en.wikipedia.org/wiki/Dil_Dosti_Etc
2007,dus kahaniyaan,https://en.wikipedia.org/wiki/Dus_Kahaniyaan
2007,ek chalis ki last local,https://en.wikipedia.org/wiki/Ek_Chalis_Ki_Last_Local
2007,eklavya: the royal guard,https://en.wikipedia.org/wiki/Eklavya:_The_Royal_Guard
2007,fool & final,https://en.wikipedia.org/wiki/Fool_%26_Final
2007,"gandhi, my father","https://en.wikipedia.org/wiki/Gandhi,_My_Father"
2007,gauri: the unborn,https://en.wikipedia.org/wiki/Gauri:_The_Unborn
2007,go,https://en.wikipedia.org/wiki/Go_(2007_film)
2007,goal,https://en.wikipedia.org/wiki/Goal_(2007_Hindi_film)
2007,"good boy, bad boy","https://en.wikipedia.org/wiki/Good_Boy,_Bad_Boy"
2007,guru,https://en.wikipedia.org/wiki/Guru_(2007_film)
2007,hattrick,https://en.wikipedia.org/wiki/Hattrick_(film)
2007,heyy babyy,https://en.wikipedia.org/wiki/Heyy_Babyy
2007,honeymoon travels pvt. ltd.,https://en.wikipedia.org/wiki/Honeymoon_Travels_Pvt._Ltd.
2007,jab we met,https://en.wikipedia.org/wiki/Jab_We_Met
2007,jahan jaaeyega hamen paaeyega,https://en.wikipedia.org/wiki/Jahan_Jaaeyega_Hamen_Paaeyega
2007,jhoom barabar jhoom,https://en.wikipedia.org/wiki/Jhoom_Barabar_Jhoom
2007,johnny gaddaar,https://en.wikipedia.org/wiki/Johnny_Gaddaar
2007,journey bombay to goa,https://en.wikipedia.org/wiki/Journey_Bombay_to_Goa
2007,just married,https://en.wikipedia.org/wiki/Just_Married_(2007_film)
2007,kaafila,https://en.wikipedia.org/wiki/Kaafila
2007,khoya khoya chand,https://en.wikipedia.org/wiki/Khoya_Khoya_Chand
2007,kya love story hai,https://en.wikipedia.org/wiki/Kya_Love_Story_Hai
2007,laaga chunari mein daag,https://en.wikipedia.org/wiki/Laaga_Chunari_Mein_Daag
2007,life in a... metro,https://en.wikipedia.org/wiki/Life_in_a..._Metro
2007,life mein kabhie kabhiee,https://en.wikipedia.org/wiki/Life_Mein_Kabhie_Kabhiee
2007,manorama six feet under,https://en.wikipedia.org/wiki/Manorama_Six_Feet_Under
2007,marigold,https://en.wikipedia.org/wiki/Marigold_(2007_film)
2007,mp3: mera pehla pehla pyaar,https://en.wikipedia.org/wiki/MP3:_Mera_Pehla_Pehla_Pyaar
2007,mumbai salsa,https://en.wikipedia.org/wiki/Mumbai_Salsa
2007,my bollywood bride,https://en.wikipedia.org/wiki/My_Bollywood_Bride
2007,my friend ganesha,https://en.wikipedia.org/wiki/My_Friend_Ganesha
2007,namastey london,https://en.wikipedia.org/wiki/Namastey_London
2007,nanhe jaisalmer,https://en.wikipedia.org/wiki/Nanhe_Jaisalmer
2007,naqaab,https://en.wikipedia.org/wiki/Naqaab_(2007_film)
2007,nehlle pe dehlla,https://en.wikipedia.org/wiki/Nehlle_Pe_Dehlla
2007,nishabd,https://en.wikipedia.org/wiki/Nishabd
2007,no smoking,https://en.wikipedia.org/wiki/No_Smoking_(2007_film)
2007,om shanti om,https://en.wikipedia.org/wiki/Om_Shanti_Om
2007,partner,https://en.wikipedia.org/wiki/Partner_(2007_film)
2007,raqeeb,https://en.wikipedia.org/wiki/Raqeeb
2007,red swastik,https://en.wikipedia.org/wiki/Red_Swastik
2007,red: the dark side,https://en.wikipedia.org/wiki/Red:_The_Dark_Side
2007,return of hanuman,https://en.wikipedia.org/wiki/Return_of_Hanuman
2007,risk,https://en.wikipedia.org/wiki/Risk_(2007_film)
2007,saawariya,https://en.wikipedia.org/wiki/Saawariya
2007,salaam-e-ishq: a tribute to love,https://en.wikipedia.org/wiki/Salaam-e-Ishq:_A_Tribute_to_Love
2007,say salaam india,https://en.wikipedia.org/wiki/Say_Salaam_India
2007,shakalaka boom boom,https://en.wikipedia.org/wiki/Shakalaka_Boom_Boom
2007,shootout at lokhandwala,https://en.wikipedia.org/wiki/Shootout_at_Lokhandwala
2007,showbiz,https://en.wikipedia.org/wiki/Showbiz_(film)
2007,speed,https://en.wikipedia.org/wiki/Speed_(2007_film)
2007,strangers,https://en.wikipedia.org/wiki/Strangers_(2007_Hindi_film)
2007,swami,https://en.wikipedia.org/wiki/Swami_(2007_film)
2007,ta ra rum pum,https://en.wikipedia.org/wiki/Ta_Ra_Rum_Pum
2007,taare zameen par,https://en.wikipedia.org/wiki/Taare_Zameen_Par
2007,the namesake,https://en.wikipedia.org/wiki/The_Namesake_(film)
2007,the train,https://en.wikipedia.org/wiki/The_Train_(2007_film)
2007,traffic signal,https://en.wikipedia.org/wiki/Traffic_Signal_(film)
2007,victoria no. 203,https://en.wikipedia.org/wiki/Victoria_No._203_(2007_film)
2007,water,https://en.wikipedia.org/wiki/Water_(2005_film)
2007,welcome,https://en.wikipedia.org/wiki/Welcome_(2007_film)
2007,yatra,https://en.wikipedia.org/wiki/Yatra_(2007_film)
2008,1920,https://en.wikipedia.org/wiki/1920_(film)
2008,a wednesday!,https://en.wikipedia.org/wiki/A_Wednesday!
2008,aamir,https://en.wikipedia.org/wiki/Aamir_(film)
2008,anamika,https://en.wikipedia.org/wiki/Anamika_(2008_film)
2008,bachna ae haseeno,https://en.wikipedia.org/wiki/Bachna_Ae_Haseeno
2008,bhoothnath,https://en.wikipedia.org/wiki/Bhoothnath
2008,bhram,https://en.wikipedia.org/wiki/Bhram
2008,black & white,https://en.wikipedia.org/wiki/Black_%26_White_(2008_Hindi_film)
2008,bombay to bangkok,https://en.wikipedia.org/wiki/Bombay_to_Bangkok
2008,c kkompany,https://en.wikipedia.org/wiki/C_Kkompany
2008,chamku,https://en.wikipedia.org/wiki/Chamku
2008,contract,https://en.wikipedia.org/wiki/Contract_(2008_film)
2008,dasvidaniya,https://en.wikipedia.org/wiki/Dasvidaniya
2008,de taali,https://en.wikipedia.org/wiki/De_Taali
2008,deshdrohi,https://en.wikipedia.org/wiki/Deshdrohi
2008,dhoom dadakka,https://en.wikipedia.org/wiki/Dhoom_Dadakka
2008,dil kabaddi,https://en.wikipedia.org/wiki/Dil_Kabaddi
2008,don muthu swami,https://en.wikipedia.org/wiki/Don_Muthu_Swami
2008,dostana,https://en.wikipedia.org/wiki/Dostana_(2008_film)
2008,drona,https://en.wikipedia.org/wiki/Drona_(2008_film)
2008,ek vivaah... aisa bhi,https://en.wikipedia.org/wiki/Ek_Vivaah..._Aisa_Bhi
2008,emi - liya hai toh chukana parega,https://en.wikipedia.org/wiki/EMI_-_Liya_Hai_Toh_Chukana_Parega
2008,fashion,https://en.wikipedia.org/wiki/Fashion_(2008_film)
2008,ghajini,https://en.wikipedia.org/wiki/Ghajini_(2008_film)
2008,ghatothkach,https://en.wikipedia.org/wiki/Ghatothkach
2008,god tussi great ho,https://en.wikipedia.org/wiki/God_Tussi_Great_Ho
2008,golmaal returns,https://en.wikipedia.org/wiki/Golmaal_Returns
2008,good luck!,https://en.wikipedia.org/wiki/Good_Luck!
2008,gumnaam – the mystery,https://en.wikipedia.org/wiki/Gumnaam_%E2%80%93_The_Mystery
2008,haal-e-dil,https://en.wikipedia.org/wiki/Haal-e-Dil
2008,halla bol,https://en.wikipedia.org/wiki/Halla_Bol
2008,hari puttar: a comedy of terrors,https://en.wikipedia.org/wiki/Hari_Puttar:_A_Comedy_of_Terrors
2008,hello,https://en.wikipedia.org/wiki/Hello_(2008_film)
2008,heroes,https://en.wikipedia.org/wiki/Heroes_(2008_film)
2008,hijack,https://en.wikipedia.org/wiki/Hijack_(2008_film)
2008,humne jeena seekh liya,https://en.wikipedia.org/wiki/Humne_Jeena_Seekh_Liya
2008,jaane tu... ya jaane na,https://en.wikipedia.org/wiki/Jaane_Tu..._Ya_Jaane_Na
2008,jannat,https://en.wikipedia.org/wiki/Jannat_(2008_film)
2008,jimmy,https://en.wikipedia.org/wiki/Jimmy_(2008_film)
2008,jodhaa akbar,https://en.wikipedia.org/wiki/Jodhaa_Akbar
2008,jumbo,https://en.wikipedia.org/wiki/Jumbo_(2008_film)
2008,karzzzz,https://en.wikipedia.org/wiki/Karzzzz
2008,kidnap,https://en.wikipedia.org/wiki/Kidnap_(2008_film)
2008,kismat konnection,https://en.wikipedia.org/wiki/Kismat_Konnection
2008,krazzy 4,https://en.wikipedia.org/wiki/Krazzy_4
2008,love story 2050,https://en.wikipedia.org/wiki/Love_Story_2050
2008,maan gaye mughal-e-azam,https://en.wikipedia.org/wiki/Maan_Gaye_Mughal-e-Azam
2008,maharathi,https://en.wikipedia.org/wiki/Maharathi_(2008_film)
2008,meerabai not out,https://en.wikipedia.org/wiki/Meerabai_Not_Out
2008,mehbooba,https://en.wikipedia.org/wiki/Mehbooba_(2008_film)
2008,mere baap pehle aap,https://en.wikipedia.org/wiki/Mere_Baap_Pehle_Aap
2008,mission istaanbul,https://en.wikipedia.org/wiki/Mission_Istaanbul
2008,money hai toh honey hai,https://en.wikipedia.org/wiki/Money_Hai_Toh_Honey_Hai
2008,mr. black mr. white,https://en.wikipedia.org/wiki/Mr._White_Mr._Black_(film)
2008,mukhbiir,https://en.wikipedia.org/wiki/Mukhbiir
2008,mumbai meri jaan,https://en.wikipedia.org/wiki/Mumbai_Meri_Jaan
2008,my name is anthony gonsalves,https://en.wikipedia.org/wiki/My_Name_Is_Anthony_Gonsalves_(film)
2008,one two three,https://en.wikipedia.org/wiki/One_Two_Three
2008,oye lucky! lucky oye!,https://en.wikipedia.org/wiki/Oye_Lucky!_Lucky_Oye!
2008,pehli nazar ka pyaar,https://en.wikipedia.org/wiki/Pehli_Nazar_Ka_Pyaar
2008,phoonk,https://en.wikipedia.org/wiki/Phoonk
2008,rab ne bana di jodi,https://en.wikipedia.org/wiki/Rab_Ne_Bana_Di_Jodi
2008,race,https://en.wikipedia.org/wiki/Race_(2008_film)
2008,rama rama kya hai dramaa?,https://en.wikipedia.org/wiki/Rama_Rama_Kya_Hai_Dramaa%3F
2008,roadside romeo,https://en.wikipedia.org/wiki/Roadside_Romeo
2008,rock on!!,https://en.wikipedia.org/wiki/Rock_On!!
2008,saas bahu aur sensex,https://en.wikipedia.org/wiki/Saas_Bahu_Aur_Sensex
2008,sarkar raj,https://en.wikipedia.org/wiki/Sarkar_Raj
2008,shaurya,https://en.wikipedia.org/wiki/Shaurya
2008,singh is kinng,https://en.wikipedia.org/wiki/Singh_Is_Kinng
2008,sirf,https://en.wikipedia.org/wiki/Sirf_(film)
2008,sorry bhai!,https://en.wikipedia.org/wiki/Sorry_Bhai!
2008,summer 2007,https://en.wikipedia.org/wiki/Summer_2007
2008,sunday,https://en.wikipedia.org/wiki/Sunday_(2008_film)
2008,superstar,https://en.wikipedia.org/wiki/Superstar_(2008_Hindi_film)
2008,tahaan,https://en.wikipedia.org/wiki/Tahaan
2008,tashan,https://en.wikipedia.org/wiki/Tashan_(film)
2008,the last lear,https://en.wikipedia.org/wiki/The_Last_Lear
2008,thoda pyaar thoda magic,https://en.wikipedia.org/wiki/Thoda_Pyaar_Thoda_Magic
2008,thodi life thoda magic,https://en.wikipedia.org/wiki/Thodi_Life_Thoda_Magic
2008,tulsi,https://en.wikipedia.org/wiki/Tulsi_(film)
2008,u me aur hum,https://en.wikipedia.org/wiki/U_Me_Aur_Hum
2008,ugly aur pagli,https://en.wikipedia.org/wiki/Ugly_Aur_Pagli
2008,via darjeeling,https://en.wikipedia.org/wiki/Via_Darjeeling
2008,wafaa,https://en.wikipedia.org/wiki/Wafa:_A_Deadly_Love_Story
2008,welcome to sajjanpur,https://en.wikipedia.org/wiki/Welcome_to_Sajjanpur
2008,woodstock villa,https://en.wikipedia.org/wiki/Woodstock_Villa
2008,yuvvraaj,https://en.wikipedia.org/wiki/Yuvvraaj
2009,13b,https://en.wikipedia.org/wiki/Yavarum_Nalam
2009,3 idiots,https://en.wikipedia.org/wiki/3_Idiots
2009,8 x 10 tasveer,https://en.wikipedia.org/wiki/8_x_10_Tasveer
2009,99,https://en.wikipedia.org/wiki/99_(2009_film)
2009,aa dekhen zara,https://en.wikipedia.org/wiki/Aa_Dekhen_Zara
2009,aagey se right,https://en.wikipedia.org/wiki/Aagey_Se_Right
2009,aao wish karein,https://en.wikipedia.org/wiki/Aao_Wish_Karein
2009,aasma: the sky is the limit,https://en.wikipedia.org/wiki/Aasma:_The_Sky_Is_the_Limit
2009,accident on hill road,https://en.wikipedia.org/wiki/Accident_on_Hill_Road
2009,acid factory,https://en.wikipedia.org/wiki/Acid_Factory
2009,agyaat,https://en.wikipedia.org/wiki/Agyaat
2009,ajab prem ki ghazab kahani,https://en.wikipedia.org/wiki/Ajab_Prem_Ki_Ghazab_Kahani
2009,aladin,https://en.wikipedia.org/wiki/Aladin_(film)
2009,all the best: fun begins,https://en.wikipedia.org/wiki/All_the_Best:_Fun_Begins
2009,aloo chaat,https://en.wikipedia.org/wiki/Aloo_Chaat_(film)
2009,baabarr,https://en.wikipedia.org/wiki/Baabarr
2009,bal ganesh 2,https://en.wikipedia.org/wiki/Bal_Ganesh_2
2009,barah aana,https://en.wikipedia.org/wiki/Barah_Aana
2009,billu,https://en.wikipedia.org/wiki/Billu
2009,blue,https://en.wikipedia.org/wiki/Blue_(2009_film)
2009,chal chala chal,https://en.wikipedia.org/wiki/Chal_Chala_Chal
2009,chal chalein,https://en.wikipedia.org/wiki/Chal_Chalein
2009,chandni chowk to china,https://en.wikipedia.org/wiki/Chandni_Chowk_to_China
2009,chintu ji,https://en.wikipedia.org/wiki/Chintu_Ji
2009,daddy cool,https://en.wikipedia.org/wiki/Daddy_Cool_(2009_Hindi_film)
2009,de dana dan,https://en.wikipedia.org/wiki/De_Dana_Dan
2009,delhi-6,https://en.wikipedia.org/wiki/Delhi-6
2009,detective naani,https://en.wikipedia.org/wiki/Detective_Naani
2009,dev.d,https://en.wikipedia.org/wiki/Dev.D
2009,dhoondte reh jaaoge,https://en.wikipedia.org/wiki/Dhoondte_Reh_Jaaoge
2009,dil bole hadippa!,https://en.wikipedia.org/wiki/Dil_Bole_Hadippa!
2009,do knot disturb,https://en.wikipedia.org/wiki/Do_Knot_Disturb
2009,ek se bure do,https://en.wikipedia.org/wiki/Ek_Se_Bure_Do
2009,ek: the power of one,https://en.wikipedia.org/wiki/Ek:_The_Power_of_One
2009,firaaq,https://en.wikipedia.org/wiki/Firaaq
2009,fox,https://en.wikipedia.org/wiki/Fox_(film)
2009,fruit and nut,https://en.wikipedia.org/wiki/Fruit_and_Nut_(film)
2009,gulaal,https://en.wikipedia.org/wiki/Gulaal_(film)
2009,horn 'ok' pleassss,https://en.wikipedia.org/wiki/Horn_%27Ok%27_Pleassss
2009,jai veeru,https://en.wikipedia.org/wiki/Jai_Veeru
2009,jail,https://en.wikipedia.org/wiki/Jail_(2009_film)
2009,jashnn,https://en.wikipedia.org/wiki/Jashnn
2009,kal kissne dekha,https://en.wikipedia.org/wiki/Kal_Kissne_Dekha
2009,kambakkht ishq,https://en.wikipedia.org/wiki/Kambakkht_Ishq
2009,kaminey,https://en.wikipedia.org/wiki/Kaminey
2009,karma aur holi,https://en.wikipedia.org/wiki/Karma_Aur_Holi
2009,kisaan,https://en.wikipedia.org/wiki/Kisaan
2009,kisse pyaar karoon,https://en.wikipedia.org/wiki/Kisse_Pyaar_Karoon
2009,kurbaan,https://en.wikipedia.org/wiki/Kurbaan_(2009_film)
2009,let's dance,https://en.wikipedia.org/wiki/Let%27s_Dance_(2009_film)
2009,life partner,https://en.wikipedia.org/wiki/Life_Partner
2009,little zizou,https://en.wikipedia.org/wiki/Little_Zizou
2009,london dreams,https://en.wikipedia.org/wiki/London_Dreams
2009,love aaj kal,https://en.wikipedia.org/wiki/Love_Aaj_Kal_(2009_film)
2009,love khichdi,https://en.wikipedia.org/wiki/Love_Khichdi
2009,luck,https://en.wikipedia.org/wiki/Luck_(2009_film)
2009,luck by chance,https://en.wikipedia.org/wiki/Luck_by_Chance
2009,main aurr mrs khanna,https://en.wikipedia.org/wiki/Main_Aurr_Mrs_Khanna
2009,marega salaa,https://en.wikipedia.org/wiki/Marega_Salaa
2009,mere khwabon mein jo aaye,https://en.wikipedia.org/wiki/Mere_Khwabon_Mein_Jo_Aaye
2009,new york,https://en.wikipedia.org/wiki/New_York_(2009_film)
2009,paa,https://en.wikipedia.org/wiki/Paa_(film)
2009,pal pal dil ke ssaat,https://en.wikipedia.org/wiki/Pal_Pal_Dil_Ke_Ssaat
2009,paying guests,https://en.wikipedia.org/wiki/Paying_Guests
2009,phir kabhi,https://en.wikipedia.org/wiki/Phir_Kabhi
2009,quick gun murugun,https://en.wikipedia.org/wiki/Quick_Gun_Murugun
2009,"raat gayi, baat gayi?","https://en.wikipedia.org/wiki/Raat_Gayi,_Baat_Gayi%3F"
2009,raaz: the mystery continues,https://en.wikipedia.org/wiki/Raaz:_The_Mystery_Continues
2009,radio,https://en.wikipedia.org/wiki/Radio_(2009_film)
2009,rocket singh: salesman of the year,https://en.wikipedia.org/wiki/Rocket_Singh:_Salesman_of_the_Year
2009,sanam teri kasam,https://en.wikipedia.org/wiki/Sanam_Teri_Kasam_(2009_film)
2009,sankat city,https://en.wikipedia.org/wiki/Sankat_City
2009,shortkut,https://en.wikipedia.org/wiki/Shortkut
2009,sikandar,https://en.wikipedia.org/wiki/Sikandar_(2009_film)
2009,straight,https://en.wikipedia.org/wiki/Straight_(2009_film)
2009,suno na.. ek nanhi aawaz [ 7 ],https://en.wikipedia.org/wiki/Suno_Na.._Ek_Nanhi_Aawaz
2009,teree sang,https://en.wikipedia.org/wiki/Teree_Sang
2009,the stoneman murders,https://en.wikipedia.org/wiki/The_Stoneman_Murders
2009,"three: love, lies, betrayal","https://en.wikipedia.org/wiki/Three:_Love,_Lies,_Betrayal"
2009,toss,https://en.wikipedia.org/wiki/Toss_(2009_film)
2009,tum mile,https://en.wikipedia.org/wiki/Tum_Mile
2009,vaada raha,https://en.wikipedia.org/wiki/Vaada_Raha
2009,victory,https://en.wikipedia.org/wiki/Victory_(2009_film)
2009,wake up sid,https://en.wikipedia.org/wiki/Wake_Up_Sid
2009,wanted,https://en.wikipedia.org/wiki/Wanted_(2009_film)
2009,what's your raashee?,https://en.wikipedia.org/wiki/What%27s_Your_Raashee%3F
2009,yeh mera india,https://en.wikipedia.org/wiki/Yeh_Mera_India
2009,zor lagaa ke...haiya!,https://en.wikipedia.org/wiki/Zor_Lagaa_Ke...Haiya!
2010,...and once again,https://en.wikipedia.org/wiki/...And_Once_Again
2010,332 mumbai to india,https://en.wikipedia.org/wiki/332_Mumbai_to_India
2010,a flat,https://en.wikipedia.org/wiki/A_Flat_(film)
2010,aakhari decision,https://en.wikipedia.org/wiki/Aakhari_Decision
2010,aakrosh,https://en.wikipedia.org/wiki/Aakrosh_(2010_film)
2010,aashayein,https://en.wikipedia.org/wiki/Aashayein
2010,action replayy,https://en.wikipedia.org/wiki/Action_Replayy
2010,ada... a way of life,https://en.wikipedia.org/wiki/Ada..._A_Way_of_Life
2010,aisha,https://en.wikipedia.org/wiki/Aisha_(2010_film)
2010,allah ke banday,https://en.wikipedia.org/wiki/Allah_Ke_Banday
2010,anjaana anjaani,https://en.wikipedia.org/wiki/Anjaana_Anjaani
2010,antardwand,https://en.wikipedia.org/wiki/Antardwand
2010,apartment,https://en.wikipedia.org/wiki/Apartment_(film)
2010,atithi tum kab jaoge?,https://en.wikipedia.org/wiki/Atithi_Tum_Kab_Jaoge%3F
2010,badmaash company,https://en.wikipedia.org/wiki/Badmaash_Company
2010,band baaja baaraat,https://en.wikipedia.org/wiki/Band_Baaja_Baaraat
2010,benny and babloo,https://en.wikipedia.org/wiki/Benny_and_Babloo
2010,break ke baad,https://en.wikipedia.org/wiki/Break_Ke_Baad
2010,bumm bumm bole,https://en.wikipedia.org/wiki/Bumm_Bumm_Bole
2010,chance pe dance,https://en.wikipedia.org/wiki/Chance_Pe_Dance
2010,chase,https://en.wikipedia.org/wiki/Chase_(2010_film)
2010,city of gold,https://en.wikipedia.org/wiki/City_of_Gold_(2010_film)
2010,click,https://en.wikipedia.org/wiki/Click_(2010_film)
2010,crook,https://en.wikipedia.org/wiki/Crook_(film)
2010,dabangg,https://en.wikipedia.org/wiki/Dabangg
2010,diwangi ne had kar di,https://en.wikipedia.org/wiki/Diwangi_Ne_Had_Kar_Di
2010,do dooni chaar,https://en.wikipedia.org/wiki/Do_Dooni_Chaar
2010,dulha mil gaya,https://en.wikipedia.org/wiki/Dulha_Mil_Gaya
2010,dunno y... na jaane kyon,https://en.wikipedia.org/wiki/Dunno_Y..._Na_Jaane_Kyon
2010,ek second... jo zindagi badal de?,https://en.wikipedia.org/wiki/Ek_Second..._Jo_Zindagi_Badal_De%3F
2010,golmaal 3,https://en.wikipedia.org/wiki/Golmaal_3
2010,guzaarish,https://en.wikipedia.org/wiki/Guzaarish_(film)
2010,hello darling,https://en.wikipedia.org/wiki/Hello_Darling
2010,hello zindagi,https://en.wikipedia.org/wiki/Hello_Zindagi
2010,hello! hum lallan bol rahe hain,https://en.wikipedia.org/wiki/Hello!_Hum_Lallan_Bol_Rahe_Hain
2010,help,https://en.wikipedia.org/wiki/Help_(2010_film)
2010,hisss,https://en.wikipedia.org/wiki/Hisss
2010,housefull,https://en.wikipedia.org/wiki/Housefull_(2010_film)
2010,hum tum aur ghost,https://en.wikipedia.org/wiki/Hum_Tum_Aur_Ghost
2010,i hate luv storys,https://en.wikipedia.org/wiki/I_Hate_Luv_Storys
2010,ishqiya,https://en.wikipedia.org/wiki/Ishqiya
2010,isi life mein...!,https://en.wikipedia.org/wiki/Isi_Life_Mein...!
2010,jaane kahan se aayi hai,https://en.wikipedia.org/wiki/Jaane_Kahan_Se_Aayi_Hai
2010,jhootha hi sahi,https://en.wikipedia.org/wiki/Jhootha_Hi_Sahi
2010,kaalo,https://en.wikipedia.org/wiki/Kaalo
2010,kajraare,https://en.wikipedia.org/wiki/Kajraare
2010,karthik calling karthik,https://en.wikipedia.org/wiki/Karthik_Calling_Karthik
2010,khatta meetha,https://en.wikipedia.org/wiki/Khatta_Meetha_(2010_film)
2010,khelein hum jee jaan sey,https://en.wikipedia.org/wiki/Khelein_Hum_Jee_Jaan_Sey
2010,khichdi: the movie,https://en.wikipedia.org/wiki/Khichdi:_The_Movie
2010,khuda kasam,https://en.wikipedia.org/wiki/Khuda_Kasam
2010,kites,https://en.wikipedia.org/wiki/Kites_(2010_film)
2010,knock out,https://en.wikipedia.org/wiki/Knock_Out_(2010_film)
2010,kuchh kariye,https://en.wikipedia.org/wiki/Kuchh_Kariye
2010,kushti,https://en.wikipedia.org/wiki/Kushti_(film)
2010,lafangey parindey,https://en.wikipedia.org/wiki/Lafangey_Parindey
2010,lahore,https://en.wikipedia.org/wiki/Lahore_(film)
2010,lamhaa,https://en.wikipedia.org/wiki/Lamhaa
2010,love sex aur dhokha,https://en.wikipedia.org/wiki/Love_Sex_Aur_Dhokha
2010,maalik ek,https://en.wikipedia.org/wiki/Malik_Ek
2010,mallika,https://en.wikipedia.org/wiki/Mallika_(2010_film)
2010,milenge milenge,https://en.wikipedia.org/wiki/Milenge_Milenge
2010,mirch,https://en.wikipedia.org/wiki/Mirch
2010,mittal v/s mittal,https://en.wikipedia.org/wiki/Mittal_v/s_Mittal
2010,mr. singh mrs. mehta,https://en.wikipedia.org/wiki/Mr._Singh_Mrs._Mehta
2010,muskurake dekh zara,https://en.wikipedia.org/wiki/Muskurake_Dekh_Zara
2010,my friend ganesha 3,https://en.wikipedia.org/wiki/My_Friend_Ganesha_3
2010,my name is khan,https://en.wikipedia.org/wiki/My_Name_Is_Khan
2010,nakshatra,https://en.wikipedia.org/wiki/Nakshatra_(film)
2010,no problem,https://en.wikipedia.org/wiki/No_Problem_(2010_film)
2010,once upon a time in mumbaai,https://en.wikipedia.org/wiki/Once_Upon_a_Time_in_Mumbaai
2010,paathshaala,https://en.wikipedia.org/wiki/Paathshaala
2010,pankh,https://en.wikipedia.org/wiki/Pankh
2010,payback,https://en.wikipedia.org/wiki/Payback_(2010_film)
2010,peepli live,https://en.wikipedia.org/wiki/Peepli_Live
2010,phas gaye re obama,https://en.wikipedia.org/wiki/Phas_Gaye_Re_Obama
2010,phoonk 2,https://en.wikipedia.org/wiki/Phoonk_2
2010,prem kaa game,https://en.wikipedia.org/wiki/Prem_Kaa_Game
2010,prince,https://en.wikipedia.org/wiki/Prince_(2010_film)
2010,pyaar impossible!,https://en.wikipedia.org/wiki/Pyaar_Impossible!
2010,raajneeti,https://en.wikipedia.org/wiki/Raajneeti
2010,raavan,https://en.wikipedia.org/wiki/Raavan_(2010_Hindi_film)
2010,rakta charitra,https://en.wikipedia.org/wiki/Rakta_Charitra
2010,rakta charitra 2,https://en.wikipedia.org/wiki/Rakta_Charitra_2
2010,ramaa: the saviour,https://en.wikipedia.org/wiki/Ramaa:_The_Saviour
2010,ramayana: the epic,https://en.wikipedia.org/wiki/Ramayana:_The_Epic
2010,rann,https://en.wikipedia.org/wiki/Rann_(film)
2010,red alert: the war within,https://en.wikipedia.org/wiki/Red_Alert:_The_War_Within
2010,right yaaa wrong,https://en.wikipedia.org/wiki/Right_Yaaa_Wrong
2010,"road, movie","https://en.wikipedia.org/wiki/Road,_Movie"
2010,rokkk,https://en.wikipedia.org/wiki/Rokkk
2010,sadiyaan,https://en.wikipedia.org/wiki/Sadiyaan
2010,shaapit,https://en.wikipedia.org/wiki/Shaapit
2010,"shahrukh bola ""khoobsurat hai tu""",https://en.wikipedia.org/wiki/Shahrukh_Bola_%22Khoobsurat_Hai_Tu%22
2010,soch lo,https://en.wikipedia.org/wiki/Soch_Lo
2010,striker,https://en.wikipedia.org/wiki/Striker_(2010_film)
2010,sukhmani: hope for life,https://en.wikipedia.org/wiki/Sukhmani:_Hope_for_Life
2010,teen patti,https://en.wikipedia.org/wiki/Teen_Patti_(film)
2010,tees maar khan,https://en.wikipedia.org/wiki/Tees_Maar_Khan_(2010_film)
2010,tera kya hoga johnny,https://en.wikipedia.org/wiki/Tera_Kya_Hoga_Johnny
2010,tere bin laden,https://en.wikipedia.org/wiki/Tere_Bin_Laden
2010,thanks maa,https://en.wikipedia.org/wiki/Thanks_Maa
2010,the film emotional atyachar,https://en.wikipedia.org/wiki/The_Film_Emotional_Atyachar
2010,the hangman,https://en.wikipedia.org/wiki/The_Hangman_(2010_film)
2010,the japanese wife,https://en.wikipedia.org/wiki/The_Japanese_Wife
2010,toh baat pakki!,https://en.wikipedia.org/wiki/Toh_Baat_Pakki!
2010,toonpur ka superrhero,https://en.wikipedia.org/wiki/Toonpur_Ka_Superrhero
2010,trump card,https://en.wikipedia.org/wiki/Trump_Card_(2009_film)
2010,tum milo toh sahi,https://en.wikipedia.org/wiki/Tum_Milo_Toh_Sahi
2010,udaan,https://en.wikipedia.org/wiki/Udaan_(2010_film)
2010,veer,https://en.wikipedia.org/wiki/Veer_(2010_film)
2010,we are family,https://en.wikipedia.org/wiki/We_Are_Family_(2010_film)
2010,well done abba,https://en.wikipedia.org/wiki/Well_Done_Abba
2011,404,https://en.wikipedia.org/wiki/404_(film)
2011,7 khoon maaf,https://en.wikipedia.org/wiki/7_Khoon_Maaf
2011,aarakshan,https://en.wikipedia.org/wiki/Aarakshan
2011,aashiqui.in,https://en.wikipedia.org/wiki/Aashiqui.in
2011,aazaan,https://en.wikipedia.org/wiki/Aazaan
2011,always kabhi kabhi,https://en.wikipedia.org/wiki/Always_Kabhi_Kabhi
2011,angel,https://en.wikipedia.org/wiki/Angel_(2011_film)
2011,bbuddah... hoga terra baap,https://en.wikipedia.org/wiki/Bbuddah..._Hoga_Terra_Baap
2011,bheja fry 2,https://en.wikipedia.org/wiki/Bheja_Fry_2
2011,bhindi baazaar inc.,https://en.wikipedia.org/wiki/Bhindi_Bazaar_(film)
2011,bin bulaye baraati,https://en.wikipedia.org/wiki/Bin_Bulaye_Baraati
2011,bodyguard,https://en.wikipedia.org/wiki/Bodyguard_(2011_Hindi_film)
2011,bubble gum,https://en.wikipedia.org/wiki/Bubble_Gum_(film)
2011,chala mussaddi... office office,https://en.wikipedia.org/wiki/Chala_Mussaddi..._Office_Office
2011,chalo dilli,https://en.wikipedia.org/wiki/Chalo_Dilli
2011,chargesheet,https://en.wikipedia.org/wiki/Chargesheet_(film)
2011,chatur singh two star,https://en.wikipedia.org/wiki/Chatur_Singh_Two_Star
2011,chillar party,https://en.wikipedia.org/wiki/Chillar_Party
2011,crackers,https://en.wikipedia.org/wiki/Crackers_(2011_film)
2011,damadamm!,https://en.wikipedia.org/wiki/Damadamm!
2011,delhi belly,https://en.wikipedia.org/wiki/Delhi_Belly_(film)
2011,desi boyz,https://en.wikipedia.org/wiki/Desi_Boyz
2011,dhobi ghat,https://en.wikipedia.org/wiki/Dhobi_Ghat_(film)
2011,dil toh baccha hai ji,https://en.wikipedia.org/wiki/Dil_Toh_Baccha_Hai_Ji
2011,don 2,https://en.wikipedia.org/wiki/Don_2
2011,double dhamaal,https://en.wikipedia.org/wiki/Double_Dhamaal
2011,dum maaro dum,https://en.wikipedia.org/wiki/Dum_Maaro_Dum_(film)
2011,f.a.l.t.u,https://en.wikipedia.org/wiki/F.A.L.T.U
2011,force,https://en.wikipedia.org/wiki/Force_(2011_film)
2011,game,https://en.wikipedia.org/wiki/Game_(2011_film)
2011,gandhi to hitler,https://en.wikipedia.org/wiki/Dear_Friend_Hitler
2011,happy husbands,https://en.wikipedia.org/wiki/Happy_Husbands_(2011_film)
2011,haunted – 3d,https://en.wikipedia.org/wiki/Haunted_%E2%80%93_3D
2011,hostel,https://en.wikipedia.org/wiki/Hostel_(2011_film)
2011,hum tum shabana,https://en.wikipedia.org/wiki/Hum_Tum_Shabana
2011,i am,https://en.wikipedia.org/wiki/I_Am_(2010_Indian_film)
2011,i am kalam,https://en.wikipedia.org/wiki/I_Am_Kalam
2011,i am singh,https://en.wikipedia.org/wiki/I_Am_Singh
2011,impatient vivek,https://en.wikipedia.org/wiki/Impatient_Vivek
2011,jo hum chahein,https://en.wikipedia.org/wiki/Jo_Hum_Chahein
2011,kaccha limboo,https://en.wikipedia.org/wiki/Kaccha_Limboo
2011,khap,https://en.wikipedia.org/wiki/Khap_(film)
2011,kucch luv jaisaa,https://en.wikipedia.org/wiki/Kucch_Luv_Jaisaa
2011,ladies vs ricky bahl,https://en.wikipedia.org/wiki/Ladies_vs_Ricky_Bahl
2011,loot,https://en.wikipedia.org/wiki/Loot_(2011_film)
2011,love breakups zindagi,https://en.wikipedia.org/wiki/Love_Breakups_Zindagi
2011,love u...mr. kalakaar!,https://en.wikipedia.org/wiki/Love_U...Mr._Kalakaar!
2011,luv ka the end,https://en.wikipedia.org/wiki/Luv_Ka_The_End
2011,masti express,https://en.wikipedia.org/wiki/Masti_Express
2011,mausam,https://en.wikipedia.org/wiki/Mausam_(2011_film)
2011,memories in march,https://en.wikipedia.org/wiki/Memories_in_March
2011,mere brother ki dulhan,https://en.wikipedia.org/wiki/Mere_Brother_Ki_Dulhan
2011,miley naa miley hum,https://en.wikipedia.org/wiki/Miley_Naa_Miley_Hum
2011,mod,https://en.wikipedia.org/wiki/Mod_(film)
2011,monica,https://en.wikipedia.org/wiki/Monica_(2011_film)
2011,mujhse fraaandship karoge,https://en.wikipedia.org/wiki/Mujhse_Fraaandship_Karoge
2011,mumbai mast kallander,https://en.wikipedia.org/wiki/Mumbai_Mast_Kallander
2011,mummy punjabi,https://en.wikipedia.org/wiki/Mummy_Punjabi
2011,murder 2,https://en.wikipedia.org/wiki/Murder_2
2011,my friend pinto,https://en.wikipedia.org/wiki/My_Friend_Pinto
2011,naughty @ 40,https://en.wikipedia.org/wiki/Naughty_@_40
2011,no one killed jessica,https://en.wikipedia.org/wiki/No_One_Killed_Jessica
2011,not a love story,https://en.wikipedia.org/wiki/Not_a_Love_Story_(2011_film)
2011,pappu can't dance saala,https://en.wikipedia.org/wiki/Pappu_Can%27t_Dance_Saala
2011,patiala house,https://en.wikipedia.org/wiki/Patiala_House_(film)
2011,phhir,https://en.wikipedia.org/wiki/Phhir
2011,pyaar ka punchnama,https://en.wikipedia.org/wiki/Pyaar_Ka_Punchnama
2011,ra.one,https://en.wikipedia.org/wiki/Ra.One
2011,ragini mms,https://en.wikipedia.org/wiki/Ragini_MMS
2011,rascals,https://en.wikipedia.org/wiki/Rascals_(2011_film)
2011,ready,https://en.wikipedia.org/wiki/Ready_(2011_film)
2011,rockstar,https://en.wikipedia.org/wiki/Rockstar_(2011_film)
2011,"saheb, biwi aur gangster","https://en.wikipedia.org/wiki/Saheb,_Biwi_Aur_Gangster"
2011,sahi dhandhe galat bande,https://en.wikipedia.org/wiki/Sahi_Dhandhe_Galat_Bande
2011,satrangee parachute,https://en.wikipedia.org/wiki/Satrangee_Parachute
2011,shabri,https://en.wikipedia.org/wiki/Shabri
2011,shagird,https://en.wikipedia.org/wiki/Shagird_(2011_film)
2011,shaitan,https://en.wikipedia.org/wiki/Shaitan_(film)
2011,shakal pe mat ja,https://en.wikipedia.org/wiki/Shakal_Pe_Mat_Ja
2011,shor in the city,https://en.wikipedia.org/wiki/Shor_in_the_City
2011,singham,https://en.wikipedia.org/wiki/Singham
2011,stanley ka dabba,https://en.wikipedia.org/wiki/Stanley_Ka_Dabba
2011,super k – the movie,https://en.wikipedia.org/wiki/Super_K_%E2%80%93_The_Movie
2011,tanu weds manu,https://en.wikipedia.org/wiki/Tanu_Weds_Manu
2011,teen thay bhai,https://en.wikipedia.org/wiki/Teen_Thay_Bhai
2011,tell me o kkhuda,https://en.wikipedia.org/wiki/Tell_Me_O_Kkhuda
2011,tere mere phere,https://en.wikipedia.org/wiki/Tere_Mere_Phere
2011,thank you,https://en.wikipedia.org/wiki/Thank_You_(2011_film)
2011,that girl in yellow boots,https://en.wikipedia.org/wiki/That_Girl_in_Yellow_Boots
2011,the dirty picture,https://en.wikipedia.org/wiki/The_Dirty_Picture
2011,turning 30!!!,https://en.wikipedia.org/wiki/Turning_30
2011,u r my jaan,https://en.wikipedia.org/wiki/U_R_My_Jaan
2011,united six,https://en.wikipedia.org/wiki/United_Six
2011,utt pataang,https://en.wikipedia.org/wiki/Utt_Pataang
2011,yamla pagla deewana,https://en.wikipedia.org/wiki/Yamla_Pagla_Deewana
2011,yeh dooriyan,https://en.wikipedia.org/wiki/Yeh_Dooriyan
2011,yeh faasley,https://en.wikipedia.org/wiki/Yeh_Faasley
2011,yeh saali zindagi,https://en.wikipedia.org/wiki/Yeh_Saali_Zindagi
2011,zindagi na milegi dobara,https://en.wikipedia.org/wiki/Zindagi_Na_Milegi_Dobara
2011,zokkomon,https://en.wikipedia.org/wiki/Zokkomon
2012,1920: the evil returns,https://en.wikipedia.org/wiki/1920:_The_Evil_Returns
2012,3 bachelors,https://en.wikipedia.org/wiki/3_Bachelors
2012,?: a question mark,https://en.wikipedia.org/wiki/%3F:_A_Question_Mark
2012,aalaap,https://en.wikipedia.org/wiki/Aalaap_(film)
2012,ab hoga dharna unlimited,https://en.wikipedia.org/wiki/Ab_Hoga_Dharna_Unlimited
2012,agent vinod,https://en.wikipedia.org/wiki/Agent_Vinod_(2012_film)
2012,agneepath,https://en.wikipedia.org/wiki/Agneepath_(2012_film)
2012,aiyyaa,https://en.wikipedia.org/wiki/Aiyyaa
2012,ajab gazabb love,https://en.wikipedia.org/wiki/Ajab_Gazabb_Love
2012,arjun: the warrior prince,https://en.wikipedia.org/wiki/Arjun:_The_Warrior_Prince
2012,ata pata laapata,https://en.wikipedia.org/wiki/Ata_Pata_Laapata
2012,barfi!,https://en.wikipedia.org/wiki/Barfi!
2012,bhoot returns,https://en.wikipedia.org/wiki/Bhoot_Returns
2012,bittoo boss,https://en.wikipedia.org/wiki/Bittoo_Boss
2012,blood money,https://en.wikipedia.org/wiki/Blood_Money_(2012_film)
2012,bol bachchan,https://en.wikipedia.org/wiki/Bol_Bachchan
2012,bumboo,https://en.wikipedia.org/wiki/Bumboo
2012,chaalis chauraasi,https://en.wikipedia.org/wiki/Chaalis_Chauraasi
2012,chaar din ki chandni,https://en.wikipedia.org/wiki/Chaar_Din_Ki_Chandni
2012,chakravyuh,https://en.wikipedia.org/wiki/Chakravyuh_(2012_film)
2012,chal pichchur banate hain,https://en.wikipedia.org/wiki/Chal_Pichchur_Banate_Hain
2012,challo driver,https://en.wikipedia.org/wiki/Challo_Driver
2012,chhodo kal ki baatein,https://en.wikipedia.org/wiki/Chhodo_Kal_Ki_Baatein
2012,chhota bheem and the curse of damyaan,https://en.wikipedia.org/wiki/Chhota_Bheem_and_the_Curse_of_Damyaan_(2012_film)
2012,chittagong,https://en.wikipedia.org/wiki/Chittagong_(film)
2012,cigarette ki tarah,https://en.wikipedia.org/wiki/Cigarette_Ki_Tarah
2012,cocktail,https://en.wikipedia.org/wiki/Cocktail_(2012_film)
2012,dabangg 2,https://en.wikipedia.org/wiki/Dabangg_2
2012,dangerous ishq,https://en.wikipedia.org/wiki/Dangerous_Ishq
2012,delhi safari,https://en.wikipedia.org/wiki/Delhi_Safari
2012,department,https://en.wikipedia.org/wiki/Department_(film)
2012,ek main aur ekk tu,https://en.wikipedia.org/wiki/Ek_Main_Aur_Ekk_Tu
2012,ek tha tiger,https://en.wikipedia.org/wiki/Ek_Tha_Tiger
2012,ekk deewana tha,https://en.wikipedia.org/wiki/Ekk_Deewana_Tha
2012,english vinglish,https://en.wikipedia.org/wiki/English_Vinglish
2012,fatso!,https://en.wikipedia.org/wiki/Fatso!
2012,ferrari ki sawaari,https://en.wikipedia.org/wiki/Ferrari_Ki_Sawaari
2012,from sydney with love,https://en.wikipedia.org/wiki/From_Sydney_with_Love
2012,gali gali chor hai,https://en.wikipedia.org/wiki/Gali_Gali_Chor_Hai
2012,gangs of wasseypur – part 1,https://en.wikipedia.org/wiki/Gangs_of_Wasseypur_%E2%80%93_Part_1
2012,gangs of wasseypur – part 2,https://en.wikipedia.org/wiki/Gangs_of_Wasseypur_%E2%80%93_Part_2
2012,gattu,https://en.wikipedia.org/wiki/Gattu
2012,ghost,https://en.wikipedia.org/wiki/Ghost_(2012_film)
2012,hate story,https://en.wikipedia.org/wiki/Hate_Story
2012,heroine,https://en.wikipedia.org/wiki/Heroine_(2012_film)
2012,housefull 2,https://en.wikipedia.org/wiki/Housefull_2
2012,i m 24,https://en.wikipedia.org/wiki/I_M_24
2012,ishaqzaade,https://en.wikipedia.org/wiki/Ishaqzaade
2012,jab tak hai jaan,https://en.wikipedia.org/wiki/Jab_Tak_Hai_Jaan
2012,jalpari: the desert mermaid,https://en.wikipedia.org/wiki/Jalpari:_The_Desert_Mermaid
2012,jannat 2,https://en.wikipedia.org/wiki/Jannat_2
2012,jeena hai toh thok daal,https://en.wikipedia.org/wiki/Jeena_Hai_Toh_Thok_Daal
2012,jism 2,https://en.wikipedia.org/wiki/Jism_2
2012,jodi breakers,https://en.wikipedia.org/wiki/Jodi_Breakers
2012,joker,https://en.wikipedia.org/wiki/Joker_(2012_film)
2012,kahaani,https://en.wikipedia.org/wiki/Kahaani
2012,kamaal dhamaal malamaal,https://en.wikipedia.org/wiki/Kamaal_Dhamaal_Malamaal
2012,khiladi 786,https://en.wikipedia.org/wiki/Khiladi_786
2012,kismat love paisa dilli,https://en.wikipedia.org/wiki/Kismat_Love_Paisa_Dilli
2012,krishna aur kans,https://en.wikipedia.org/wiki/Krishna_Aur_Kans
2012,kyaa super kool hain hum,https://en.wikipedia.org/wiki/Kyaa_Super_Kool_Hain_Hum
2012,life ki toh lag gayi,https://en.wikipedia.org/wiki/Life_Ki_Toh_Lag_Gayi
2012,login,https://en.wikipedia.org/wiki/Login_(film)
2012,"london, paris, new york","https://en.wikipedia.org/wiki/London,_Paris,_New_York"
2012,love you to death,https://en.wikipedia.org/wiki/Love_You_To_Death_(2012_film)
2012,"love, wrinkle-free","https://en.wikipedia.org/wiki/Love,_Wrinkle-free"
2012,luv shuv tey chicken khurana,https://en.wikipedia.org/wiki/Luv_Shuv_Tey_Chicken_Khurana
2012,married 2 america,https://en.wikipedia.org/wiki/Married_2_America
2012,maximum,https://en.wikipedia.org/wiki/Maximum_(film)
2012,mere dost picture abhi baki hai,https://en.wikipedia.org/wiki/Mere_Dost_Picture_Abhi_Baki_Hai
2012,mr. bhatti on chutti,https://en.wikipedia.org/wiki/Mr._Bhatti_on_Chutti
2012,mysterious girl,https://en.wikipedia.org/wiki/Mysterious_Girl_(film)
2012,omg – oh my god!,https://en.wikipedia.org/wiki/OMG_%E2%80%93_Oh_My_God!
2012,paan singh tomar,https://en.wikipedia.org/wiki/Paan_Singh_Tomar_(film)
2012,paanch ghantey mien paanch crore,https://en.wikipedia.org/wiki/Paanch_Ghantey_Mien_Paanch_Crore
2012,players,https://en.wikipedia.org/wiki/Players_(2012_film)
2012,raaz 3: the third dimension,https://en.wikipedia.org/wiki/Raaz_3:_The_Third_Dimension
2012,rakhtbeej,https://en.wikipedia.org/wiki/Rakhtbeej
2012,rowdy rathore,https://en.wikipedia.org/wiki/Rowdy_Rathore
2012,rush,https://en.wikipedia.org/wiki/Rush_(2012_film)
2012,sadda adda,https://en.wikipedia.org/wiki/Sadda_Adda
2012,say yes to love,https://en.wikipedia.org/wiki/Say_Yes_to_Love_(film)
2012,shanghai,https://en.wikipedia.org/wiki/Shanghai_(2012_film)
2012,shirin farhad ki toh nikal padi,https://en.wikipedia.org/wiki/Shirin_Farhad_Ki_Toh_Nikal_Padi
2012,son of sardaar,https://en.wikipedia.org/wiki/Son_Of_Sardaar
2012,sons of ram,https://en.wikipedia.org/wiki/Sons_of_Ram
2012,staying alive,https://en.wikipedia.org/wiki/Staying_Alive_(2012_film)
2012,student of the year,https://en.wikipedia.org/wiki/Student_of_the_Year
2012,talaash: the answer lies within,https://en.wikipedia.org/wiki/Talaash:_The_Answer_Lies_Within
2012,tere naal love ho gaya,https://en.wikipedia.org/wiki/Tere_Naal_Love_Ho_Gaya
2012,teri meri kahaani,https://en.wikipedia.org/wiki/Teri_Meri_Kahaani_(film)
2012,tezz,https://en.wikipedia.org/wiki/Tezz
2012,the last act,https://en.wikipedia.org/wiki/The_Last_Act_(film)
2012,valentine's night,https://en.wikipedia.org/wiki/Valentine%27s_Night
2012,vicky donor,https://en.wikipedia.org/wiki/Vicky_Donor
2012,will you marry me?,https://en.wikipedia.org/wiki/Will_You_Marry_Me%3F_(film)
2012,yeh khula aasmaan,https://en.wikipedia.org/wiki/Yeh_Khula_Aasmaan
2012,zindagi tere naam,https://en.wikipedia.org/wiki/Zindagi_Tere_Naam
2013,3g - a killer connection,https://en.wikipedia.org/wiki/3G_(film)
2013,aashiqui 2,https://en.wikipedia.org/wiki/Aashiqui_2
2013,abcd: any body can dance,https://en.wikipedia.org/wiki/ABCD:_Any_Body_Can_Dance
2013,akaash vani,https://en.wikipedia.org/wiki/Akaash_Vani
2013,ankur arora murder case,https://en.wikipedia.org/wiki/Ankur_Arora_Murder_Case
2013,aurangzeb,https://en.wikipedia.org/wiki/Aurangzeb_(film)
2013,b.a. pass,https://en.wikipedia.org/wiki/B.A._Pass
2013,baat bann gayi,https://en.wikipedia.org/wiki/Baat_Bann_Gayi
2013,bajatey raho,https://en.wikipedia.org/wiki/Bajatey_Raho
2013,bandook,https://en.wikipedia.org/wiki/Bandook
2013,besharam,https://en.wikipedia.org/wiki/Besharam_(2013_film)
2013,bhaag milkha bhaag,https://en.wikipedia.org/wiki/Bhaag_Milkha_Bhaag
2013,bloody isshq,https://en.wikipedia.org/wiki/Bloody_Isshq
2013,bombay talkies,https://en.wikipedia.org/wiki/Bombay_Talkies_(film)
2013,boss,https://en.wikipedia.org/wiki/Boss_(2013_Hindi_film)
2013,boyss toh boyss hain,https://en.wikipedia.org/wiki/Boyss_Toh_Boyss_Hain
2013,bullett raja,https://en.wikipedia.org/wiki/Bullett_Raja
2013,calapor,https://en.wikipedia.org/wiki/Calapor_(film)
2013,chashme baddoor,https://en.wikipedia.org/wiki/Chashme_Baddoor_(2013_film)
2013,chennai express,https://en.wikipedia.org/wiki/Chennai_Express
2013,chhota bheem and the throne of bali,https://en.wikipedia.org/wiki/Chhota_Bheem_and_the_Throne_of_Bali
2013,chor chor super chor,https://en.wikipedia.org/wiki/Chor_Chor_Super_Chor
2013,commando: a one man army,https://en.wikipedia.org/wiki/Commando:_A_One_Man_Army
2013,d day,https://en.wikipedia.org/wiki/D-Day_(2013_film)
2013,david,https://en.wikipedia.org/wiki/David_(2013_Hindi_film)
2013,deewana main deewana,https://en.wikipedia.org/wiki/Deewana_Main_Deewana
2013,dehraadun diary,https://en.wikipedia.org/wiki/Dehraadun_Diary
2013,dhoom 3,https://en.wikipedia.org/wiki/Dhoom_3
2013,dilli gang,https://en.wikipedia.org/wiki/Dilli_Gang
2013,ek thi daayan,https://en.wikipedia.org/wiki/Ek_Thi_Daayan
2013,ekk thee sanam,https://en.wikipedia.org/wiki/Ekk_Thee_Sanam
2013,enemmy,https://en.wikipedia.org/wiki/Enemmy
2013,fukrey,https://en.wikipedia.org/wiki/Fukrey
2013,gangoobai,https://en.wikipedia.org/wiki/Gangoobai
2013,ghanchakkar,https://en.wikipedia.org/wiki/Ghanchakkar_(film)
2013,gippi,https://en.wikipedia.org/wiki/Gippi
2013,go goa gone,https://en.wikipedia.org/wiki/Go_Goa_Gone
2013,goliyon ki raasleela ram-leela,https://en.wikipedia.org/wiki/Goliyon_Ki_Raasleela_Ram-Leela
2013,gori tere pyaar mein,https://en.wikipedia.org/wiki/Gori_Tere_Pyaar_Mein
2013,grand masti,https://en.wikipedia.org/wiki/Grand_Masti
2013,hai golmaal in white house,https://en.wikipedia.org/wiki/Hai_Golmaal_In_White_House
2013,himmatwala,https://en.wikipedia.org/wiki/Himmatwala_(2013_film)
2013,horror story,https://en.wikipedia.org/wiki/Horror_Story_(film)
2013,hum hai raahi car ke,https://en.wikipedia.org/wiki/Hum_Hai_Raahi_Car_Ke
2013,i don't luv u,https://en.wikipedia.org/wiki/I_Don%27t_Luv_U
2013,"i, me aur main","https://en.wikipedia.org/wiki/I,_Me_Aur_Main"
2013,inkaar,https://en.wikipedia.org/wiki/Inkaar_(2013_film)
2013,ishkq in paris,https://en.wikipedia.org/wiki/Ishkq_in_Paris
2013,issaq,https://en.wikipedia.org/wiki/Issaq
2013,jackpot,https://en.wikipedia.org/wiki/Jackpot_(2013_film)
2013,jayantabhai ki luv story,https://en.wikipedia.org/wiki/Jayantabhai_Ki_Luv_Story
2013,john day,https://en.wikipedia.org/wiki/John_Day_(film)
2013,jolly llb,https://en.wikipedia.org/wiki/Jolly_LLB
2013,kaand: black scandal,https://en.wikipedia.org/wiki/Kaand:_Black_Scandal
2013,kai po che!,https://en.wikipedia.org/wiki/Kai_Po_Che!
2013,krrish 3,https://en.wikipedia.org/wiki/Krrish_3
2013,listen... amaya,https://en.wikipedia.org/wiki/Listen..._Amaya
2013,lootera,https://en.wikipedia.org/wiki/Lootera
2013,love in bombay,https://en.wikipedia.org/wiki/Love_in_Bombay
2013,luv u soniyo,https://en.wikipedia.org/wiki/Luv_U_Soniyo
2013,maazii,https://en.wikipedia.org/wiki/Maazii
2013,madras cafe,https://en.wikipedia.org/wiki/Madras_Cafe
2013,main krishna hoon,https://en.wikipedia.org/wiki/Main_Krishna_Hoon
2013,matru ki bijlee ka mandola,https://en.wikipedia.org/wiki/Matru_Ki_Bijlee_Ka_Mandola
2013,mere dad ki maruti,https://en.wikipedia.org/wiki/Mere_Dad_Ki_Maruti
2013,mere haule dost,https://en.wikipedia.org/wiki/Mere_Haule_Dost
2013,meri shadi karao,https://en.wikipedia.org/wiki/Meri_Shadi_Karao
2013,mickey virus,https://en.wikipedia.org/wiki/Mickey_Virus
2013,mumbai mirror,https://en.wikipedia.org/wiki/Mumbai_Mirror_(film)
2013,murder 3,https://en.wikipedia.org/wiki/Murder_3
2013,nasha,https://en.wikipedia.org/wiki/Nasha_(film)
2013,nautanki saala,https://en.wikipedia.org/wiki/Nautanki_Saala
2013,once upon ay time in mumbai dobaara!,https://en.wikipedia.org/wiki/Once_Upon_ay_Time_in_Mumbai_Dobaara!
2013,phata poster nikhla hero,https://en.wikipedia.org/wiki/Phata_Poster_Nikhla_Hero
2013,policegiri,https://en.wikipedia.org/wiki/Policegiri
2013,prague,https://en.wikipedia.org/wiki/Prague
2013,r... rajkumar,https://en.wikipedia.org/wiki/R..._Rajkumar
2013,raanjhanaa,https://en.wikipedia.org/wiki/Raanjhanaa
2013,rabba main kya karoon,https://en.wikipedia.org/wiki/Rabba_Main_Kya_Karoon
2013,race 2,https://en.wikipedia.org/wiki/Race_2
2013,rajjo,https://en.wikipedia.org/wiki/Rajjo
2013,ramaiya vastavaiya,https://en.wikipedia.org/wiki/Ramaiya_Vastavaiya
2013,rangrezz,https://en.wikipedia.org/wiki/Rangrezz
2013,saare jahaan se mehnga,https://en.wikipedia.org/wiki/Saare_Jahaan_Se_Mehnga
2013,"saheb, biwi aur gangster returns","https://en.wikipedia.org/wiki/Saheb,_Biwi_Aur_Gangster_Returns"
2013,satya 2,https://en.wikipedia.org/wiki/Satya_2
2013,satyagraha,https://en.wikipedia.org/wiki/Satyagraha_(film)
2013,shahid,https://en.wikipedia.org/wiki/Shahid_(film)
2013,ship of theseus,https://en.wikipedia.org/wiki/Ship_of_Theseus_(film)
2013,shootout at wadala,https://en.wikipedia.org/wiki/Shootout_at_Wadala
2013,shortcut romeo,https://en.wikipedia.org/wiki/Shortcut_Romeo
2013,shorts,https://en.wikipedia.org/wiki/Shorts_(2013_film)
2013,shree,https://en.wikipedia.org/wiki/Shree_(2013_film)
2013,shuddh desi romance,https://en.wikipedia.org/wiki/Shuddh_Desi_Romance
2013,siddharth,https://en.wikipedia.org/wiki/Siddharth_(2013_film)
2013,singh saab the great,https://en.wikipedia.org/wiki/Singh_Saab_The_Great
2013,sixteen,https://en.wikipedia.org/wiki/Sixteen_(2013_Indian_film)
2013,sona spa,https://en.wikipedia.org/wiki/Sona_Spa
2013,sooper se ooper,https://en.wikipedia.org/wiki/Sooper_Se_Ooper
2013,special 26,https://en.wikipedia.org/wiki/Special_26
2013,super model,https://en.wikipedia.org/wiki/Super_Model
2013,table no. 21,https://en.wikipedia.org/wiki/Table_No._21
2013,the adventures of sinbad,https://en.wikipedia.org/wiki/The_Adventures_of_Sinbad
2013,the attacks of 26/11,https://en.wikipedia.org/wiki/The_Attacks_of_26/11
2013,the lunchbox,https://en.wikipedia.org/wiki/The_Lunchbox
2013,vishwaroopam,https://en.wikipedia.org/wiki/Vishwaroopam
2013,wake up india,https://en.wikipedia.org/wiki/Wake_Up_India
2013,war chhod na yaar,https://en.wikipedia.org/wiki/War_Chhod_Na_Yaar
2013,warning,https://en.wikipedia.org/wiki/Warning_(2013_film)
2013,what the fish,https://en.wikipedia.org/wiki/What_the_Fish
2013,yamla pagla deewana 2,https://en.wikipedia.org/wiki/Yamla_Pagla_Deewana_2
2013,yeh jawaani hai deewani,https://en.wikipedia.org/wiki/Yeh_Jawaani_Hai_Deewani
2013,zanjeer,https://en.wikipedia.org/wiki/Zanjeer_(2013_film)
2013,zila ghaziabad,https://en.wikipedia.org/wiki/Zila_Ghaziabad
2013,zindagi 50-50,https://en.wikipedia.org/wiki/Zindagi_50-50
2014,19th january,https://en.wikipedia.org/wiki/19th_January
2014,2 states,https://en.wikipedia.org/wiki/2_States_(2014_film)
2014,3 a.m.,https://en.wikipedia.org/wiki/3_A.M._(2014_film)
2014,6 – 5 = 2,https://en.wikipedia.org/wiki/6-5%3D2_(2014_film)
2014,a decent arrangement,https://en.wikipedia.org/wiki/A_Decent_Arrangement
2014,action jackson,https://en.wikipedia.org/wiki/Action_Jackson_(2014_film)
2014,amit sahni ki list,https://en.wikipedia.org/wiki/Amit_Sahni_Ki_List
2014,ankhon dekhi,https://en.wikipedia.org/wiki/Ankhon_Dekhi
2014,anuradha,https://en.wikipedia.org/wiki/Anuradha_(2014_film)
2014,babloo happy hai,https://en.wikipedia.org/wiki/Babloo_Happy_Hai
2014,badlapur boys,https://en.wikipedia.org/wiki/Badlapur_Boys
2014,balwinder singh famous ho gaya,https://en.wikipedia.org/wiki/Balwinder_Singh_Famous_Ho_Gaya
2014,bang bang!,https://en.wikipedia.org/wiki/Bang_Bang!
2014,bazaar-e-husn,https://en.wikipedia.org/wiki/Bazaar_E_Husn
2014,bewakoofiyaan,https://en.wikipedia.org/wiki/Bewakoofiyaan
2014,bhoothnath returns,https://en.wikipedia.org/wiki/Bhoothnath_Returns
2014,bhopal: a prayer for rain,https://en.wikipedia.org/wiki/Bhopal:_A_Prayer_for_Rain
2014,bobby jasoos,https://en.wikipedia.org/wiki/Bobby_Jasoos
2014,chaarfutiya chhokare,https://en.wikipedia.org/wiki/Chaarfutiya_Chhokare
2014,children of war,https://en.wikipedia.org/wiki/Children_of_War_(2014_film)
2014,citylights,https://en.wikipedia.org/wiki/CityLights_(2014_film)
2014,creature,https://en.wikipedia.org/wiki/Creature_3D
2014,daawat-e-ishq,https://en.wikipedia.org/wiki/Daawat-e-Ishq
2014,darr @ the mall,https://en.wikipedia.org/wiki/Darr_@_the_Mall
2014,dedh ishqiya,https://en.wikipedia.org/wiki/Dedh_Ishqiya
2014,dee saturday night,https://en.wikipedia.org/wiki/Dee_Saturday_Night
2014,dekh tamasha dekh,https://en.wikipedia.org/wiki/Dekh_Tamasha_Dekh
2014,desi kattey,https://en.wikipedia.org/wiki/Desi_Kattey
2014,dishkiyaoon,https://en.wikipedia.org/wiki/Dishkiyaoon
2014,ek villain,https://en.wikipedia.org/wiki/Ek_Villain
2014,ekkees toppon ki salaami,https://en.wikipedia.org/wiki/Ekkees_Toppon_Ki_Salaami
2014,entertainment,https://en.wikipedia.org/wiki/Entertainment_(2014_film)
2014,filmistaan,https://en.wikipedia.org/wiki/Filmistaan
2014,fireflies,https://en.wikipedia.org/wiki/Fireflies_(2014_film)
2014,fugly,https://en.wikipedia.org/wiki/Fugly_(film)
2014,gang of ghosts,https://en.wikipedia.org/wiki/Gang_of_Ghosts
2014,gollu aur pappu,https://en.wikipedia.org/wiki/Gollu_Aur_Pappu
2014,gulaab gang,https://en.wikipedia.org/wiki/Gulaab_Gang
2014,gulabi gang,https://en.wikipedia.org/wiki/Gulabi_Gang_(film)
2014,gunday,https://en.wikipedia.org/wiki/Gunday
2014,haider,https://en.wikipedia.org/wiki/Haider_(film)
2014,happy ending,https://en.wikipedia.org/wiki/Happy_Ending_(2014_film)
2014,happy new year,https://en.wikipedia.org/wiki/Happy_New_Year_(2014_film)
2014,hasee toh phasee,https://en.wikipedia.org/wiki/Hasee_Toh_Phasee
2014,hate story 2,https://en.wikipedia.org/wiki/Hate_Story_2
2014,hawaa hawaai,https://en.wikipedia.org/wiki/Hawaa_Hawaai
2014,heartless,https://en.wikipedia.org/wiki/Heartless_(2014_film)
2014,heropanti,https://en.wikipedia.org/wiki/Heropanti
2014,highway,https://en.wikipedia.org/wiki/Highway_(2014_Hindi_film)
2014,holiday: a soldier is never off duty,https://en.wikipedia.org/wiki/Holiday:_A_Soldier_Is_Never_Off_Duty
2014,honour killing,https://en.wikipedia.org/wiki/Honour_Killing_(film)
2014,humpty sharma ki dulhania,https://en.wikipedia.org/wiki/Humpty_Sharma_Ki_Dulhania
2014,humshakals,https://en.wikipedia.org/wiki/Humshakals
2014,jai ho,https://en.wikipedia.org/wiki/Jai_Ho_(film)
2014,jal,https://en.wikipedia.org/wiki/Jal_(film)
2014,jigariyaa,https://en.wikipedia.org/wiki/Jigariyaa
2014,kaanchi: the unbreakable,https://en.wikipedia.org/wiki/Kaanchi:_The_Unbreakable
2014,kahin hai mera pyar,https://en.wikipedia.org/wiki/Kahin_Hai_Mera_Pyar
2014,karar: the deal,https://en.wikipedia.org/wiki/Karar:_The_Deal
2014,karle pyaar karle,https://en.wikipedia.org/wiki/Karle_Pyaar_Karle
2014,khoobsurat,https://en.wikipedia.org/wiki/Khoobsurat_(2014_film)
2014,khwaabb,https://en.wikipedia.org/wiki/Khwaabb
2014,kick,https://en.wikipedia.org/wiki/Kick_(2014_film)
2014,kill dil,https://en.wikipedia.org/wiki/Kill_Dil
2014,koyelaanchal,https://en.wikipedia.org/wiki/Koyelaanchal
2014,kuku mathur ki jhand ho gayi,https://en.wikipedia.org/wiki/Kuku_Mathur_Ki_Jhand_Ho_Gayi
2014,kya dilli kya lahore,https://en.wikipedia.org/wiki/Kya_Dilli_Kya_Lahore
2014,lakshmi,https://en.wikipedia.org/wiki/Lakshmi_(2014_film)
2014,lekar hum deewana dil,https://en.wikipedia.org/wiki/Lekar_Hum_Deewana_Dil
2014,life is beautiful!,https://en.wikipedia.org/wiki/Life_Is_Beautiful_(2014_film)
2014,life mein twist hai,https://en.wikipedia.org/wiki/Life_Mein_Twist_Hai
2014,lucky kabootar,https://en.wikipedia.org/wiki/Lucky_Kabootar
2014,m3 - midsummer midnight mumbai,https://en.wikipedia.org/wiki/M3_-_Midsummer_Midnight_Mumbai
2014,machhli jal ki rani hai,https://en.wikipedia.org/wiki/Machhli_Jal_Ki_Rani_Hai
2014,mad about dance,https://en.wikipedia.org/wiki/Mad_About_Dance
2014,main aur mr. riight,https://en.wikipedia.org/wiki/Main_Aur_Mr._Riight
2014,main tera hero,https://en.wikipedia.org/wiki/Main_Tera_Hero
2014,manjunath,https://en.wikipedia.org/wiki/Manjunath_(film)
2014,mardaani,https://en.wikipedia.org/wiki/Mardaani
2014,mary kom,https://en.wikipedia.org/wiki/Mary_Kom_(film)
2014,mastram,https://en.wikipedia.org/wiki/Mastram
2014,meinu ek ladki chaahiye,https://en.wikipedia.org/wiki/Meinu_Ek_Ladki_Chaahiye
2014,miss lovely,https://en.wikipedia.org/wiki/Miss_Lovely
2014,mr joe b. carvalho,https://en.wikipedia.org/wiki/Mr_Joe_B._Carvalho
2014,mumbai 125 km,https://en.wikipedia.org/wiki/Mumbai_125_KM
2014,mumbai delhi mumbai,https://en.wikipedia.org/wiki/Mumbai_Delhi_Mumbai
2014,mumbhai connection,https://en.wikipedia.org/wiki/Mumbhai_Connection
2014,munna mange memsaab,https://en.wikipedia.org/wiki/Munna_Mange_Memsaab
2014,neighbours,https://en.wikipedia.org/wiki/Neighbours_(2014_Indian_film)
2014,o teri,https://en.wikipedia.org/wiki/O_Teri
2014,om-dar-b-dar,https://en.wikipedia.org/wiki/Om-Dar-B-Dar
2014,one by two,https://en.wikipedia.org/wiki/One_by_Two_(2014_film)
2014,paranthe wali gali,https://en.wikipedia.org/wiki/Paranthe_Wali_Gali
2014,pizza,https://en.wikipedia.org/wiki/Pizza_(2014_film)
2014,pk,https://en.wikipedia.org/wiki/PK_(film)
2014,purani jeans,https://en.wikipedia.org/wiki/Purani_Jeans
2014,pyar ka live show,https://en.wikipedia.org/wiki/Pyar_Ka_Live_Show
2014,queen,https://en.wikipedia.org/wiki/Queen_(2014_film)
2014,ragini mms 2,https://en.wikipedia.org/wiki/Ragini_MMS_2
2014,raja natwarlal,https://en.wikipedia.org/wiki/Raja_Natwarlal
2014,rang rasiya,https://en.wikipedia.org/wiki/Rang_Rasiya
2014,revolver rani,https://en.wikipedia.org/wiki/Revolver_Rani
2014,riyasat,https://en.wikipedia.org/wiki/Riyasat_(film)
2014,roar: tigers of the sundarbans,https://en.wikipedia.org/wiki/Roar:_Tigers_of_the_Sundarbans
2014,samrat & co.,https://en.wikipedia.org/wiki/Samrat_%26_Co.
2014,shaadi ke side effects,https://en.wikipedia.org/wiki/Shaadi_Ke_Side_Effects
2014,sholay 3d,https://en.wikipedia.org/wiki/Sholay#3D_re-release
2014,singham returns,https://en.wikipedia.org/wiki/Singham_Returns
2014,sonali cable,https://en.wikipedia.org/wiki/Sonali_Cable
2014,spark,https://en.wikipedia.org/wiki/Spark_(2014_film)
2014,station,https://en.wikipedia.org/wiki/Station_(2014_film)
2014,strings of passion,https://en.wikipedia.org/wiki/Strings_of_Passion
2014,sulemani keeda,https://en.wikipedia.org/wiki/Sulemani_Keeda
2014,super nani,https://en.wikipedia.org/wiki/Super_Nani
2014,tamanchey,https://en.wikipedia.org/wiki/Tamanchey
2014,the shaukeens,https://en.wikipedia.org/wiki/The_Shaukeens
2014,the xposé,https://en.wikipedia.org/wiki/The_Xpos%C3%A9
2014,titoo mba,https://en.wikipedia.org/wiki/Titoo_MBA
2014,total siyapaa,https://en.wikipedia.org/wiki/Total_Siyapaa
2014,ugly,https://en.wikipedia.org/wiki/Ugly_(film)
2014,ungli,https://en.wikipedia.org/wiki/Ungli
2014,w,https://en.wikipedia.org/wiki/W_(2014_film)
2014,ya rab,https://en.wikipedia.org/wiki/Ya_Rab
2014,yaariyan,https://en.wikipedia.org/wiki/Yaariyan_(2014_film)
2014,yeh hai bakrapur,https://en.wikipedia.org/wiki/Yeh_Hai_Bakrapur
2014,youngistaan,https://en.wikipedia.org/wiki/Youngistaan
2014,zed plus,https://en.wikipedia.org/wiki/Zed_Plus
2014,zid,https://en.wikipedia.org/wiki/Zid_(2014_film)
2015,ab tak chhappan 2,https://en.wikipedia.org/wiki/Ab_Tak_Chhappan_2
2015,abcd 2,https://en.wikipedia.org/wiki/ABCD_2
2015,aisa yeh jahaan,https://en.wikipedia.org/wiki/Aisa_Yeh_Jahaan
2015,all is well,https://en.wikipedia.org/wiki/All_Is_Well_(2015_film)
2015,alone,https://en.wikipedia.org/wiki/Alone_(2015_Hindi_film)
2015,angry indian goddesses,https://en.wikipedia.org/wiki/Angry_Indian_Goddesses
2015,baby,https://en.wikipedia.org/wiki/Baby_(2015_Hindi_film)
2015,badlapur,https://en.wikipedia.org/wiki/Badlapur_(film)
2015,badmashiyaan,https://en.wikipedia.org/wiki/Badmashiyaan
2015,bajirao mastani,https://en.wikipedia.org/wiki/Bajirao_Mastani
2015,bajrangi bhaijaan,https://en.wikipedia.org/wiki/Bajrangi_Bhaijaan
2015,bangistan,https://en.wikipedia.org/wiki/Bangistan
2015,barkhaa,https://en.wikipedia.org/wiki/Barkhaa
2015,bezubaan ishq,https://en.wikipedia.org/wiki/Bezubaan_Ishq
2015,bhaag johnny,https://en.wikipedia.org/wiki/Bhaag_Johnny
2015,bombay velvet,https://en.wikipedia.org/wiki/Bombay_Velvet
2015,brothers,https://en.wikipedia.org/wiki/Brothers_(2015_film)
2015,bumper draw,https://en.wikipedia.org/wiki/Bumper_Draw
2015,chal guru ho ja shuru,https://en.wikipedia.org/wiki/Chal_Guru_Ho_Ja_Shuru
2015,charlie kay chakkar mein,https://en.wikipedia.org/wiki/Charlie_Kay_Chakkar_Mein
2015,chinar daastaan-e-ishq,https://en.wikipedia.org/wiki/Chinar_Daastaan-E-Ishq
2015,coffee bloom,https://en.wikipedia.org/wiki/Coffee_Bloom
2015,court,https://en.wikipedia.org/wiki/Court_(2014_film)
2015,crazy cukkad family,https://en.wikipedia.org/wiki/Crazy_Cukkad_Family
2015,detective byomkesh bakshy!,https://en.wikipedia.org/wiki/Detective_Byomkesh_Bakshy!
2015,dharam sankat mein,https://en.wikipedia.org/wiki/Dharam_Sankat_Mein
2015,dil dhadakne do,https://en.wikipedia.org/wiki/Dil_Dhadakne_Do
2015,dilliwali zaalim girlfriend,https://en.wikipedia.org/wiki/Dilliwali_Zaalim_Girlfriend
2015,dilwale,https://en.wikipedia.org/wiki/Dilwale_(2015_film)
2015,dirty politics,https://en.wikipedia.org/wiki/Dirty_Politics
2015,dolly ki doli,https://en.wikipedia.org/wiki/Dolly_Ki_Doli
2015,drishyam,https://en.wikipedia.org/wiki/Drishyam_(2015_film)
2015,dum laga ke haisha,https://en.wikipedia.org/wiki/Dum_Laga_Ke_Haisha
2015,ek paheli leela,https://en.wikipedia.org/wiki/Ek_Paheli_Leela
2015,four pillars of basement,https://en.wikipedia.org/wiki/Four_Pillars_of_Basement
2015,gabbar is back,https://en.wikipedia.org/wiki/Gabbar_Is_Back
2015,gour hari dastaan,https://en.wikipedia.org/wiki/Gour_Hari_Dastaan
2015,guddu ki gun,https://en.wikipedia.org/wiki/Guddu_Ki_Gun
2015,guddu rangeela,https://en.wikipedia.org/wiki/Guddu_Rangeela
2015,hamari adhuri kahani,https://en.wikipedia.org/wiki/Hamari_Adhuri_Kahani
2015,hate story 3,https://en.wikipedia.org/wiki/Hate_Story_3
2015,hawaizaada,https://en.wikipedia.org/wiki/Hawaizaada
2015,hero,https://en.wikipedia.org/wiki/Hero_(2015_Hindi_film)
2015,hey bro,https://en.wikipedia.org/wiki/Hey_Bro
2015,hunterrr,https://en.wikipedia.org/wiki/Hunterrr
2015,i love desi,https://en.wikipedia.org/wiki/I_Love_Desi
2015,i love ny,https://en.wikipedia.org/wiki/I_Love_NY_(2015_film)
2015,international hero,https://en.wikipedia.org/wiki/International_Hero_(film)
2015,ishq ke parindey,https://en.wikipedia.org/wiki/Ishq_Ke_Parindey
2015,ishqedarriyaan,https://en.wikipedia.org/wiki/Ishqedarriyaan
2015,jai jawaan jai kisaan,https://en.wikipedia.org/wiki/Jai_Jawaan_Jai_Kisaan
2015,jazbaa,https://en.wikipedia.org/wiki/Jazbaa
2015,kaagaz ke fools,https://en.wikipedia.org/wiki/Kaagaz_Ke_Fools
2015,kajarya,https://en.wikipedia.org/wiki/Kajarya
2015,katti batti,https://en.wikipedia.org/wiki/Katti_Batti
2015,kaun kitney paani mein,https://en.wikipedia.org/wiki/Kaun_Kitne_Paani_Mein
2015,khamoshiyan,https://en.wikipedia.org/wiki/Khamoshiyan_(film)
2015,kis kisko pyaar karoon,https://en.wikipedia.org/wiki/Kis_Kisko_Pyaar_Karoon
2015,kuch kuch locha hai,https://en.wikipedia.org/wiki/Kuch_Kuch_Locha_Hai
2015,lakhon hain yahan dilwale,https://en.wikipedia.org/wiki/Lakhon_Hain_Yahan_Dilwale
2015,lion of gujarat,https://en.wikipedia.org/wiki/Lion_of_Gujarat
2015,love exchange,https://en.wikipedia.org/wiki/Love_Exchange_(film)
2015,luckhnowi ishq,https://en.wikipedia.org/wiki/Luckhnowi_Ishq
2015,main aur charles,https://en.wikipedia.org/wiki/Main_Aur_Charles
2015,main hoon part-time killer,https://en.wikipedia.org/wiki/Main_Hoon_Part-Time_Killer
2015,manjhi – the mountain man,https://en.wikipedia.org/wiki/Manjhi_%E2%80%93_The_Mountain_Man
2015,margarita with a straw,https://en.wikipedia.org/wiki/Margarita_with_a_Straw
2015,masaan,https://en.wikipedia.org/wiki/Fly_Away_Solo
2015,meeruthiya gangster,https://en.wikipedia.org/wiki/Meeruthiya_Gangster
2015,mere genie uncle,https://en.wikipedia.org/wiki/Mere_Genie_Uncle
2015,miss tanakpur haazir ho,https://en.wikipedia.org/wiki/Miss_Tanakpur_Haazir_Ho
2015,mr. x,https://en.wikipedia.org/wiki/Mr._X_(2015_film)
2015,msg: the messenger,https://en.wikipedia.org/wiki/MSG:_The_Messenger
2015,mumbai can dance saala,https://en.wikipedia.org/wiki/Mumbai_Can_Dance_Saala
2015,nh-8 road to nidhivan,https://en.wikipedia.org/wiki/NH-8_Road_to_Nidhivan
2015,nh10,https://en.wikipedia.org/wiki/NH10_(film)
2015,once upon a time in bihar,https://en.wikipedia.org/wiki/Once_Upon_a_Time_in_Bihar
2015,p se pm tak,https://en.wikipedia.org/wiki/P_Se_PM_Tak
2015,phantom,https://en.wikipedia.org/wiki/Phantom_(2015_film)
2015,piku,https://en.wikipedia.org/wiki/Piku
2015,prem ratan dhan payo,https://en.wikipedia.org/wiki/Prem_Ratan_Dhan_Payo
2015,pyaar ka punchnama 2,https://en.wikipedia.org/wiki/Pyaar_Ka_Punchnama_2
2015,qissa,https://en.wikipedia.org/wiki/Qissa_(film)
2015,rahasya,https://en.wikipedia.org/wiki/Rahasya
2015,ranbanka,https://en.wikipedia.org/wiki/Ranbanka
2015,roy,https://en.wikipedia.org/wiki/Roy_(2015_film)
2015,sabki bajegi band,https://en.wikipedia.org/wiki/Sabki_Bajegi_Band
2015,second hand husband,https://en.wikipedia.org/wiki/Second_Hand_Husband
2015,shaandaar,https://en.wikipedia.org/wiki/Shaandaar_(2015_film)
2015,shamitabh,https://en.wikipedia.org/wiki/Shamitabh
2015,sharafat gayi tel lene,https://en.wikipedia.org/wiki/Sharafat_Gayi_Tel_Lene
2015,singh is bliing,https://en.wikipedia.org/wiki/Singh_Is_Bliing
2015,sorry daddy,https://en.wikipedia.org/wiki/Sorry_Daddy
2015,take it easy,https://en.wikipedia.org/wiki/Take_It_Easy
2015,talvar,https://en.wikipedia.org/wiki/Talvar_(film)
2015,tamasha,https://en.wikipedia.org/wiki/Tamasha_(2015_film)
2015,tanu weds manu: returns,https://en.wikipedia.org/wiki/Tanu_Weds_Manu:_Returns
2015,tevar,https://en.wikipedia.org/wiki/Tevar
2015,the silent heroes,https://en.wikipedia.org/wiki/The_Silent_Heroes
2015,thoda lutf thoda ishq,https://en.wikipedia.org/wiki/Thoda_Lutf_Thoda_Ishq
2015,titli,https://en.wikipedia.org/wiki/Titli_(2014_film)
2015,uvaa,https://en.wikipedia.org/wiki/Uvaa
2015,waiting,https://en.wikipedia.org/wiki/Waiting_(2015_film)
2015,wedding pullav,https://en.wikipedia.org/wiki/Wedding_Pullav
2015,welcome 2 karachi,https://en.wikipedia.org/wiki/Welcome_2_Karachi
2015,welcome back,https://en.wikipedia.org/wiki/Welcome_Back_(film)
2015,x: past is present,https://en.wikipedia.org/wiki/X:_Past_Is_Present
2015,yaara silly silly,https://en.wikipedia.org/wiki/Yaara_Silly_Silly
2015,yahaan sabki lagi hai,https://en.wikipedia.org/wiki/Yahaan_Sabki_Lagi_Hai
2016,1920: london,https://en.wikipedia.org/wiki/1920:_London
2016,31st october,https://en.wikipedia.org/wiki/31st_October_(film)
2016,7 hours to go,https://en.wikipedia.org/wiki/7_Hours_to_Go
2016,a flying jatt,https://en.wikipedia.org/wiki/A_Flying_Jatt
2016,a scandall,https://en.wikipedia.org/wiki/A_Scandall
2016,ae dil hai mushkil,https://en.wikipedia.org/wiki/Ae_Dil_Hai_Mushkil
2016,airlift,https://en.wikipedia.org/wiki/Airlift_(film)
2016,akira,https://en.wikipedia.org/wiki/Akira_(2016_Hindi_film)
2016,aligarh,https://en.wikipedia.org/wiki/Aligarh_(film)
2016,anna,https://en.wikipedia.org/wiki/Anna_(2016_film)
2016,azhar,https://en.wikipedia.org/wiki/Azhar_(film)
2016,baaghi,https://en.wikipedia.org/wiki/Baaghi_(2016_film)
2016,baar baar dekho,https://en.wikipedia.org/wiki/Baar_Baar_Dekho
2016,banjo,https://en.wikipedia.org/wiki/Banjo_(2016_film)
2016,befikre,https://en.wikipedia.org/wiki/Befikre
2016,beiimaan love,https://en.wikipedia.org/wiki/Beiimaan_Love
2016,bollywood diaries,https://en.wikipedia.org/wiki/Bollywood_Diaries
2016,brahman naman,https://en.wikipedia.org/wiki/Brahman_Naman
2016,buddha in a traffic jam,https://en.wikipedia.org/wiki/Buddha_in_a_Traffic_Jam
2016,budhia singh – born to run,https://en.wikipedia.org/wiki/Budhia_Singh_%E2%80%93_Born_to_Run
2016,chaar sahibzaade: rise of banda singh bahadur,https://en.wikipedia.org/wiki/Chaar_Sahibzaade:_Rise_of_Banda_Singh_Bahadur
2016,chalk n duster,https://en.wikipedia.org/wiki/Chalk_n_Duster
2016,dangal,https://en.wikipedia.org/wiki/Dangal_(2016_film)
2016,darling don't cheat,https://en.wikipedia.org/wiki/Darling_Don%27t_Cheat
2016,days of tafree,https://en.wikipedia.org/wiki/Days_of_Tafree
2016,dear dad,https://en.wikipedia.org/wiki/Dear_Dad_(film)
2016,dear zindagi,https://en.wikipedia.org/wiki/Dear_Zindagi
2016,dhanak,https://en.wikipedia.org/wiki/Dhanak
2016,dil toh deewana hai,https://en.wikipedia.org/wiki/Dil_Toh_Deewana_Hai
2016,direct ishq,https://en.wikipedia.org/wiki/Direct_Ishq
2016,dishoom,https://en.wikipedia.org/wiki/Dishoom
2016,do lafzon ki kahani,https://en.wikipedia.org/wiki/Do_Lafzon_Ki_Kahani_(film)
2016,dongri ka raja,https://en.wikipedia.org/wiki/Dongri_Ka_Raja
2016,ek kahani julie ki,https://en.wikipedia.org/wiki/Ek_Kahani_Julie_Ki
2016,fan,https://en.wikipedia.org/wiki/Fan_(2016_film)
2016,fever,https://en.wikipedia.org/wiki/Fever_(2016_film)
2016,final cut of director,https://en.wikipedia.org/wiki/Final_Cut_of_Director
2016,fitoor,https://en.wikipedia.org/wiki/Fitoor
2016,force 2,https://en.wikipedia.org/wiki/Force_2
2016,freaky ali,https://en.wikipedia.org/wiki/Freaky_Ali
2016,fredrick,https://en.wikipedia.org/wiki/Fredrick_(film)
2016,fuddu,https://en.wikipedia.org/wiki/Fuddu
2016,ghayal: once again,https://en.wikipedia.org/wiki/Ghayal:_Once_Again
2016,global baba,https://en.wikipedia.org/wiki/Global_Baba
2016,great grand masti,https://en.wikipedia.org/wiki/Great_Grand_Masti
2016,hai apna dil toh awara,https://en.wikipedia.org/wiki/Hai_Apna_Dil_Toh_Awara
2016,happy bhag jayegi,https://en.wikipedia.org/wiki/Happy_Bhag_Jayegi
2016,housefull 3,https://en.wikipedia.org/wiki/Housefull_3
2016,ishq click,https://en.wikipedia.org/wiki/Ishq_Click
2016,ishq forever,https://en.wikipedia.org/wiki/Ishq_Forever
2016,ishq junoon,https://en.wikipedia.org/wiki/Ishq_Junoon
2016,island city,https://en.wikipedia.org/wiki/Island_City_(2015_film)
2016,jai gangaajal,https://en.wikipedia.org/wiki/Jai_Gangaajal
2016,jugni,https://en.wikipedia.org/wiki/Jugni_(2016_film)
2016,junooniyat,https://en.wikipedia.org/wiki/Junooniyat
2016,kaafiron ki namaaz,https://en.wikipedia.org/wiki/Kaafiron_Ki_Namaaz
2016,kahaani 2: durga rani singh,https://en.wikipedia.org/wiki/Kahaani_2:_Durga_Rani_Singh
2016,kapoor & sons,https://en.wikipedia.org/wiki/Kapoor_%26_Sons
2016,khel toh ab shuru hoga,https://en.wikipedia.org/wiki/Khel_Toh_Ab_Shuru_Hoga
2016,ki & ka,https://en.wikipedia.org/wiki/Ki_%26_Ka
2016,kyaa kool hain hum 3,https://en.wikipedia.org/wiki/Kyaa_Kool_Hain_Hum_3
2016,laal rang,https://en.wikipedia.org/wiki/Laal_Rang
2016,love day - pyaar ka din,https://en.wikipedia.org/wiki/Love_Day_-_Pyaar_Ka_Din
2016,love games,https://en.wikipedia.org/wiki/Love_Games_(film)
2016,love shagun,https://en.wikipedia.org/wiki/Love_Shagun
2016,loveshhuda,https://en.wikipedia.org/wiki/Loveshhuda
2016,m cream,https://en.wikipedia.org/wiki/M_Cream
2016,m.s. dhoni: the untold story,https://en.wikipedia.org/wiki/M.S._Dhoni:_The_Untold_Story
2016,madaari,https://en.wikipedia.org/wiki/Madaari
2016,mastizaade,https://en.wikipedia.org/wiki/Mastizaade
2016,mirzya,https://en.wikipedia.org/wiki/Mirzya_(film)
2016,mission tiger,https://en.wikipedia.org/wiki/Mission_Tiger
2016,moh maya money,https://en.wikipedia.org/wiki/Moh_Maya_Money
2016,mohenjo daro,https://en.wikipedia.org/wiki/Mohenjo_Daro_(film)
2016,motu patlu: king of kings,https://en.wikipedia.org/wiki/Motu_Patlu:_King_of_Kings
2016,msg: the warrior lion heart,https://en.wikipedia.org/wiki/MSG:_The_Warrior_Lion_Heart
2016,murari the mad gentleman,https://en.wikipedia.org/wiki/Murari_the_Mad_Gentleman
2016,my father iqbal,https://en.wikipedia.org/wiki/My_Father_Iqbal
2016,neerja,https://en.wikipedia.org/wiki/Neerja
2016,nil battey sannata,https://en.wikipedia.org/wiki/Nil_Battey_Sannata
2016,ok mein dhokhe,https://en.wikipedia.org/wiki/OK_Mein_Dhokhe
2016,one night stand,https://en.wikipedia.org/wiki/One_Night_Stand_(2016_film)
2016,parched,https://en.wikipedia.org/wiki/Parched
2016,phobia,https://en.wikipedia.org/wiki/Phobia_(2016_film)
2016,pink,https://en.wikipedia.org/wiki/Pink_(2016_film)
2016,project marathwada,https://en.wikipedia.org/wiki/Project_Marathwada
2016,raaz: reboot,https://en.wikipedia.org/wiki/Raaz:_Reboot
2016,raman raghav 2.0,https://en.wikipedia.org/wiki/Raman_Raghav_2.0
2016,rebellious flower,https://en.wikipedia.org/wiki/Rebellious_Flower
2016,rock on 2,https://en.wikipedia.org/wiki/Rock_On_2
2016,rocky handsome,https://en.wikipedia.org/wiki/Rocky_Handsome
2016,rough book,https://en.wikipedia.org/wiki/Rough_Book
2016,rustom,https://en.wikipedia.org/wiki/Rustom_(film)
2016,saala khadoos,https://en.wikipedia.org/wiki/Saala_Khadoos
2016,saansein,https://en.wikipedia.org/wiki/Saansein
2016,saat uchakkey,https://en.wikipedia.org/wiki/Saat_Uchakkey
2016,sanam re,https://en.wikipedia.org/wiki/Sanam_Re
2016,sanam teri kasam,https://en.wikipedia.org/wiki/Sanam_Teri_Kasam_(2016_film)
2016,santa banta pvt ltd,https://en.wikipedia.org/wiki/Santa_Banta_Pvt_Ltd
2016,sarbjit,https://en.wikipedia.org/wiki/Sarbjit_(film)
2016,shivaay,https://en.wikipedia.org/wiki/Shivaay
2016,shorgul,https://en.wikipedia.org/wiki/Shorgul
2016,shortcut safari,https://en.wikipedia.org/wiki/Shortcut_Safari
2016,sultan,https://en.wikipedia.org/wiki/Sultan_(2016_film)
2016,te3n,https://en.wikipedia.org/wiki/Te3n
2016,teraa surroor,https://en.wikipedia.org/wiki/Teraa_Surroor
2016,tere bin laden: dead or alive,https://en.wikipedia.org/wiki/Tere_Bin_Laden:_Dead_or_Alive
2016,the blueberry hunt,https://en.wikipedia.org/wiki/The_Blueberry_Hunt
2016,the legend of michael mishra,https://en.wikipedia.org/wiki/The_Legend_of_Michael_Mishra
2016,traffic,https://en.wikipedia.org/wiki/Traffic_(2016_film)
2016,tum bin ii,https://en.wikipedia.org/wiki/Tum_Bin_II
2016,tutak tutak tutiya,https://en.wikipedia.org/wiki/Tutak_Tutak_Tutiya
2016,udta punjab,https://en.wikipedia.org/wiki/Udta_Punjab
2016,umrika,https://en.wikipedia.org/wiki/Umrika
2016,veerappan,https://en.wikipedia.org/wiki/Veerappan_(2016_film)
2016,waarrior savitri,https://en.wikipedia.org/wiki/Waarrior_Savitri
2016,wah taj,https://en.wikipedia.org/wiki/Wah_Taj
2016,wajah tum ho,https://en.wikipedia.org/wiki/Wajah_Tum_Ho
2016,wazir,https://en.wikipedia.org/wiki/Wazir_(film)
2016,yea toh two much ho gayaa,https://en.wikipedia.org/wiki/Yea_Toh_Two_Much_Ho_Gayaa
2016,zubaan,https://en.wikipedia.org/wiki/Zubaan
2017,a daughter's tale pankh,https://en.wikipedia.org/wiki/A_Daughter%27s_Tale_Pankh
2017,a death in the gunj,https://en.wikipedia.org/wiki/A_Death_in_the_Gunj
2017,a gentleman,https://en.wikipedia.org/wiki/A_Gentleman
2017,aa gaya hero,https://en.wikipedia.org/wiki/Aa_Gaya_Hero
2017,ajji,https://en.wikipedia.org/wiki/Ajji
2017,aksar 2,https://en.wikipedia.org/wiki/Aksar_2
2017,anaarkali of aarah,https://en.wikipedia.org/wiki/Anaarkali_of_Aarah
2017,baadshaho,https://en.wikipedia.org/wiki/Baadshaho
2017,babuji ek ticket bambai,https://en.wikipedia.org/wiki/Babuji_Ek_Ticket_Bambai
2017,babumoshai bandookbaaz,https://en.wikipedia.org/wiki/Babumoshai_Bandookbaaz
2017,bachche kachche sachche,https://en.wikipedia.org/wiki/Bachche_Kachche_Sachche
2017,badrinath ki dulhania,https://en.wikipedia.org/wiki/Badrinath_Ki_Dulhania
2017,bank chor,https://en.wikipedia.org/wiki/Bank_Chor
2017,bareilly ki barfi,https://en.wikipedia.org/wiki/Bareilly_Ki_Barfi
2017,begum jaan,https://en.wikipedia.org/wiki/Begum_Jaan_(2017_film)
2017,behen hogi teri,https://en.wikipedia.org/wiki/Behen_Hogi_Teri
2017,bhoomi,https://en.wikipedia.org/wiki/Bhoomi_(2017_film)
2017,chef,https://en.wikipedia.org/wiki/Chef_(2017_film)
2017,coffee with d,https://en.wikipedia.org/wiki/Coffee_with_D
2017,commando 2,https://en.wikipedia.org/wiki/Commando_2
2017,daddy,https://en.wikipedia.org/wiki/Daddy_(2017_film)
2017,dear maya,https://en.wikipedia.org/wiki/Dear_Maya
2017,dil jo na keh saka,https://en.wikipedia.org/wiki/Dil_Jo_Na_Keh_Saka
2017,dobaara: see your evil,https://en.wikipedia.org/wiki/Dobaara:_See_Your_Evil
2017,ek haseena thi ek deewana tha,https://en.wikipedia.org/wiki/Ek_Haseena_Thi_Ek_Deewana_Tha
2017,ek thi rani aisi bhi,https://en.wikipedia.org/wiki/Ek_Thi_Rani_Aisi_Bhi
2017,firangi,https://en.wikipedia.org/wiki/Firangi
2017,flat 211,https://en.wikipedia.org/wiki/Flat_211
2017,fukrey returns,https://en.wikipedia.org/wiki/Fukrey_Returns
2017,g kutta se,https://en.wikipedia.org/wiki/G_Kutta_Se
2017,golmaal again,https://en.wikipedia.org/wiki/Golmaal_Again
2017,guest iin london,https://en.wikipedia.org/wiki/Guest_iin_London
2017,gurgaon,https://en.wikipedia.org/wiki/Gurgaon_(film)
2017,half girlfriend,https://en.wikipedia.org/wiki/Half_Girlfriend_(film)
2017,hanuman: da' damdaar,https://en.wikipedia.org/wiki/Hanuman:_Da%27_Damdaar
2017,haraamkhor,https://en.wikipedia.org/wiki/Haraamkhor
2017,haseena parkar,https://en.wikipedia.org/wiki/Haseena_Parkar
2017,hind ka napak ko jawab: msg lion heart 2,https://en.wikipedia.org/wiki/Hind_Ka_Napak_Ko_Jawab:_MSG_Lion_Heart_2
2017,hindi medium,https://en.wikipedia.org/wiki/Hindi_Medium_(film)
2017,indu sarkar,https://en.wikipedia.org/wiki/Indu_Sarkar
2017,irada,https://en.wikipedia.org/wiki/Irada_(2017_film)
2017,isis: enemies of humanity,https://en.wikipedia.org/wiki/ISIS:_Enemies_of_Humanity
2017,ittefaq,https://en.wikipedia.org/wiki/Ittefaq_(2017_film)
2017,jab harry met sejal,https://en.wikipedia.org/wiki/Jab_Harry_Met_Sejal
2017,jagga jasoos,https://en.wikipedia.org/wiki/Jagga_Jasoos
2017,jattu engineer,https://en.wikipedia.org/wiki/Jattu_Engineer
2017,jd,https://en.wikipedia.org/wiki/JD_(film)
2017,jeena isi ka naam hai,https://en.wikipedia.org/wiki/Jeena_Isi_Ka_Naam_Hai_(film)
2017,jia aur jia,https://en.wikipedia.org/wiki/Jia_aur_Jia
2017,jolly llb 2,https://en.wikipedia.org/wiki/Jolly_LLB_2
2017,judwaa 2,https://en.wikipedia.org/wiki/Judwaa_2
2017,julie 2,https://en.wikipedia.org/wiki/Julie_2
2017,kaabil,https://en.wikipedia.org/wiki/Kaabil
2017,kadvi hawa,https://en.wikipedia.org/wiki/Kadvi_Hawa
2017,laali ki shaadi mein laaddoo deewana,https://en.wikipedia.org/wiki/Laali_Ki_Shaadi_Mein_Laaddoo_Deewana
2017,lipstick under my burkha,https://en.wikipedia.org/wiki/Lipstick_Under_My_Burkha
2017,love you family,https://en.wikipedia.org/wiki/Love_You_Family
2017,lucknow central,https://en.wikipedia.org/wiki/Lucknow_Central
2017,maatr,https://en.wikipedia.org/wiki/Maatr
2017,machine,https://en.wikipedia.org/wiki/Machine_(2017_film)
2017,mantostaan,https://en.wikipedia.org/wiki/Mantostaan
2017,mantra,https://en.wikipedia.org/wiki/Mantra_(2016_film)
2017,meri pyaari bindu,https://en.wikipedia.org/wiki/Meri_Pyaari_Bindu
2017,mirza juuliet,https://en.wikipedia.org/wiki/Mirza_Juuliet
2017,mom,https://en.wikipedia.org/wiki/Mom_(film)
2017,mona darling,https://en.wikipedia.org/wiki/Mona_Darling
2017,monsoon shootout,https://en.wikipedia.org/wiki/Monsoon_Shootout
2017,mubarakan,https://en.wikipedia.org/wiki/Mubarakan
2017,mukti bhawan,https://en.wikipedia.org/wiki/Mukti_Bhawan
2017,munna michael,https://en.wikipedia.org/wiki/Munna_Michael
2017,naam shabana,https://en.wikipedia.org/wiki/Naam_Shabana
2017,newton,https://en.wikipedia.org/wiki/Newton_(film)
2017,noor,https://en.wikipedia.org/wiki/Noor_(2017_film)
2017,ok jaanu,https://en.wikipedia.org/wiki/Ok_Jaanu
2017,panchlait,https://en.wikipedia.org/wiki/Panchlait
2017,partition: 1947,https://en.wikipedia.org/wiki/Partition:_1947
2017,patel ki punjabi shaadi,https://en.wikipedia.org/wiki/Patel_Ki_Punjabi_Shaadi
2017,phillauri,https://en.wikipedia.org/wiki/Phillauri_(film)
2017,poorna: courage has no limit,https://en.wikipedia.org/wiki/Poorna:_Courage_Has_No_Limit
2017,poster boys,https://en.wikipedia.org/wiki/Poster_Boys_(2017_film)
2017,prakash electronic,https://en.wikipedia.org/wiki/Prakash_Electronic
2017,qaidi band,https://en.wikipedia.org/wiki/Qaidi_Band
2017,qarib qarib singlle,https://en.wikipedia.org/wiki/Qarib_Qarib_Singlle
2017,raabta,https://en.wikipedia.org/wiki/Raabta_(film)
2017,raag desh,https://en.wikipedia.org/wiki/Raag_Desh_(film)
2017,raees,https://en.wikipedia.org/wiki/Raees_(2017_film)
2017,ranchi diaries,https://en.wikipedia.org/wiki/Ranchi_Diaries
2017,rangoon,https://en.wikipedia.org/wiki/Rangoon_(2017_Hindi_film)
2017,ribbon,https://en.wikipedia.org/wiki/Ribbon_(film)
2017,rukh,https://en.wikipedia.org/wiki/Rukh_(film)
2017,running shaadi,https://en.wikipedia.org/wiki/Running_Shaadi
2017,saanjh,https://en.wikipedia.org/wiki/Saanjh
2017,saankal,https://en.wikipedia.org/wiki/Saankal
2017,sachin: a billion dreams,https://en.wikipedia.org/wiki/Sachin:_A_Billion_Dreams
2017,sallu ki shaadi,https://en.wikipedia.org/wiki/Sallu_Ki_Shaadi
2017,sarkar 3,https://en.wikipedia.org/wiki/Sarkar_3
2017,secret superstar,https://en.wikipedia.org/wiki/Secret_Superstar
2017,shaadi mein zaroor aana,https://en.wikipedia.org/wiki/Shaadi_Mein_Zaroor_Aana
2017,shab,https://en.wikipedia.org/wiki/Shab_(film)
2017,shreelancer,https://en.wikipedia.org/wiki/Shreelancer
2017,shubh mangal saavdhan,https://en.wikipedia.org/wiki/Shubh_Mangal_Saavdhan
2017,simran,https://en.wikipedia.org/wiki/Simran_(film)
2017,sniff,https://en.wikipedia.org/wiki/Sniff_(film)
2017,sweetiee weds nri,https://en.wikipedia.org/wiki/Sweetiee_Weds_NRI
2017,tera intezaar,https://en.wikipedia.org/wiki/Tera_Intezaar
2017,the final exit,https://en.wikipedia.org/wiki/The_Final_Exit
2017,the ghazi attack,https://en.wikipedia.org/wiki/The_Ghazi_Attack
2017,the house next door,https://en.wikipedia.org/wiki/The_House_Next_Door_(2017_film)
2017,thodi thodi si manmaaniyan,https://en.wikipedia.org/wiki/Thodi_Thodi_Si_Manmaaniyan
2017,tiger zinda hai,https://en.wikipedia.org/wiki/Tiger_Zinda_Hai
2017,toilet: ek prem katha,https://en.wikipedia.org/wiki/Toilet:_Ek_Prem_Katha
2017,trapped,https://en.wikipedia.org/wiki/Trapped_(2016_Hindi_film)
2017,tubelight,https://en.wikipedia.org/wiki/Tubelight_(2017_Hindi_film)
2017,tumhari sulu,https://en.wikipedia.org/wiki/Tumhari_Sulu
2017,"u, me aur ghar","https://en.wikipedia.org/wiki/U,_Me_Aur_Ghar"
2017,wedding anniversary,https://en.wikipedia.org/wiki/Wedding_Anniversary
2017,yadvi – the dignified princess,https://en.wikipedia.org/wiki/Yadvi_%E2%80%93_The_Dignified_Princess
2018,102 not out,https://en.wikipedia.org/wiki/102_Not_Out
2018,1921,https://en.wikipedia.org/wiki/1921_(2018_film)
2018,2.0,https://en.wikipedia.org/wiki/2.0_(film)
2018,3 storeys,https://en.wikipedia.org/wiki/3_Storeys
2018,5 weddings,https://en.wikipedia.org/wiki/5_Weddings
2018,aiyaary,https://en.wikipedia.org/wiki/Aiyaary
2018,andhadhun,https://en.wikipedia.org/wiki/Andhadhun
2018,ascharyachakit!,https://en.wikipedia.org/wiki/Ascharyachakit!
2018,baaghi 2,https://en.wikipedia.org/wiki/Baaghi_2
2018,baazaar,https://en.wikipedia.org/wiki/Baazaar
2018,badhaai ho,https://en.wikipedia.org/wiki/Badhaai_Ho
2018,batti gul meter chalu,https://en.wikipedia.org/wiki/Batti_Gul_Meter_Chalu
2018,beyond the clouds,https://en.wikipedia.org/wiki/Beyond_the_Clouds_(2017_film)
2018,bhaiaji superhit,https://en.wikipedia.org/wiki/Bhaiaji_Superhit
2018,bhavesh joshi superhero,https://en.wikipedia.org/wiki/Bhavesh_Joshi_Superhero
2018,bioscopewala,https://en.wikipedia.org/wiki/Bioscopewala
2018,blackmail,https://en.wikipedia.org/wiki/Blackmail_(2018_film)
2018,brij mohan amar rahe!,https://en.wikipedia.org/wiki/Brij_Mohan_Amar_Rahe
2018,daas dev,https://en.wikipedia.org/wiki/Daas_Dev
2018,dassehra,https://en.wikipedia.org/wiki/Dassehra
2018,dhadak,https://en.wikipedia.org/wiki/Dhadak
2018,dil juunglee,https://en.wikipedia.org/wiki/Dil_Juunglee
2018,fanney khan,https://en.wikipedia.org/wiki/Fanney_Khan
2018,fryday,https://en.wikipedia.org/wiki/FryDay
2018,gali guleiyan,https://en.wikipedia.org/wiki/Gali_Guleiyan
2018,genius,https://en.wikipedia.org/wiki/Genius_(2018_Hindi_film)
2018,gold,https://en.wikipedia.org/wiki/Gold_(2018_film)
2018,halkaa,https://en.wikipedia.org/wiki/Halkaa
2018,hanuman vs mahiravana,https://en.wikipedia.org/wiki/Hanuman_vs_Mahiravana
2018,happy phirr bhag jayegi,https://en.wikipedia.org/wiki/Happy_Phirr_Bhag_Jayegi
2018,hate story iv,https://en.wikipedia.org/wiki/Hate_Story_4
2018,helicopter eela,https://en.wikipedia.org/wiki/Helicopter_Eela
2018,hichki,https://en.wikipedia.org/wiki/Hichki
2018,high jack,https://en.wikipedia.org/wiki/High_Jack_(film)
2018,hope aur hum,https://en.wikipedia.org/wiki/Hope_Aur_Hum
2018,hotel milan,https://en.wikipedia.org/wiki/Hotel_Milan
2018,ishqeria,https://en.wikipedia.org/wiki/Ishqeria
2018,jalebi,https://en.wikipedia.org/wiki/Jalebi_(film)
2018,kaalakaandi,https://en.wikipedia.org/wiki/Kaalakaandi
2018,kaashi in search of ganga,https://en.wikipedia.org/wiki/Kaashi_in_Search_of_Ganga
2018,karwaan,https://en.wikipedia.org/wiki/Karwaan
2018,kedarnath,https://en.wikipedia.org/wiki/Kedarnath_(film)
2018,khajoor pe atke,https://en.wikipedia.org/wiki/Khajoor_Pe_Atke
2018,kuchh bheege alfaaz,https://en.wikipedia.org/wiki/Kuchh_Bheege_Alfaaz
2018,laila majnu,https://en.wikipedia.org/wiki/Laila_Majnu_(2018_film)
2018,laxmi and tikli bomb,https://en.wikipedia.org/wiki/Tikli_and_Laxmi_Bomb
2018,love per square foot,https://en.wikipedia.org/wiki/Love_per_Square_Foot
2018,love sonia,https://en.wikipedia.org/wiki/Love_Sonia
2018,loveyatri,https://en.wikipedia.org/wiki/Loveyatri
2018,lust stories,https://en.wikipedia.org/wiki/Lust_Stories
2018,manmarziyaan,https://en.wikipedia.org/wiki/Manmarziyaan
2018,manto,https://en.wikipedia.org/wiki/Manto_(2018_film)
2018,mercury,https://en.wikipedia.org/wiki/Mercury_(film)
2018,meri nimmo,https://en.wikipedia.org/wiki/Meri_Nimmo
2018,missing,https://en.wikipedia.org/wiki/Missing_(2018_film)
2018,mitron,https://en.wikipedia.org/wiki/Mitron
2018,mohalla assi,https://en.wikipedia.org/wiki/Mohalla_Assi
2018,mukkabaaz,https://en.wikipedia.org/wiki/Mukkabaaz
2018,mulk,https://en.wikipedia.org/wiki/Mulk_(film)
2018,my birthday song,https://en.wikipedia.org/wiki/My_Birthday_Song
2018,namaste england,https://en.wikipedia.org/wiki/Namaste_England
2018,nanu ki jaanu,https://en.wikipedia.org/wiki/Nanu_Ki_Jaanu
2018,nawabzaade,https://en.wikipedia.org/wiki/Nawabzaade
2018,nirdosh,https://en.wikipedia.org/wiki/Nirdosh
2018,october,https://en.wikipedia.org/wiki/October_(2018_film)
2018,omerta,https://en.wikipedia.org/wiki/Omerta_(2017_film)
2018,once again,https://en.wikipedia.org/wiki/Once_Again_(2018_film)
2018,pad man,https://en.wikipedia.org/wiki/Pad_Man_(film)
2018,padmaavat,https://en.wikipedia.org/wiki/Padmaavat
2018,paltan,https://en.wikipedia.org/wiki/Paltan_(film)
2018,pari,https://en.wikipedia.org/wiki/Pari_(2018_Indian_film)
2018,parmanu: the story of pokhran,https://en.wikipedia.org/wiki/Parmanu:_The_Story_Of_Pokhran
2018,pataakha,https://en.wikipedia.org/wiki/Pataakha
2018,phamous,https://en.wikipedia.org/wiki/Phamous
2018,phir se...,https://en.wikipedia.org/wiki/Phir_Se...
2018,pihu,https://en.wikipedia.org/wiki/Pihu
2018,raazi,https://en.wikipedia.org/wiki/Raazi
2018,race 3,https://en.wikipedia.org/wiki/Race_3
2018,raid,https://en.wikipedia.org/wiki/Raid_(2018_film)
2018,rajma chawal,https://en.wikipedia.org/wiki/Rajma_Chawal
2018,"saheb, biwi aur gangster 3","https://en.wikipedia.org/wiki/Saheb,_Biwi_Aur_Gangster_3"
2018,sanju,https://en.wikipedia.org/wiki/Sanju
2018,satyameva jayate,https://en.wikipedia.org/wiki/Satyameva_Jayate_(2018_film)
2018,simmba,https://en.wikipedia.org/wiki/Simmba
2018,sonu ke titu ki sweety,https://en.wikipedia.org/wiki/Sonu_Ke_Titu_Ki_Sweety
2018,soorma,https://en.wikipedia.org/wiki/Soorma_(film)
2018,stree,https://en.wikipedia.org/wiki/Stree_(2018_film)
2018,sui dhaaga,https://en.wikipedia.org/wiki/Sui_Dhaaga
2018,thugs of hindostan,https://en.wikipedia.org/wiki/Thugs_of_Hindostan
2018,tigers,https://en.wikipedia.org/wiki/Tigers_(2014_film)
2018,toba tek singh,https://en.wikipedia.org/wiki/Toba_Tek_Singh_(film)
2018,tumbbad,https://en.wikipedia.org/wiki/Tumbbad
2018,union leader,https://en.wikipedia.org/wiki/Union_Leader_(film)
2018,veere di wedding,https://en.wikipedia.org/wiki/Veere_Di_Wedding
2018,veerey ki wedding,https://en.wikipedia.org/wiki/Veerey_Ki_Wedding
2018,vodka diaries,https://en.wikipedia.org/wiki/Vodka_Diaries
2018,yamla pagla deewana: phir se,https://en.wikipedia.org/wiki/Yamla_Pagla_Deewana:_Phir_Se
2018,zero,https://en.wikipedia.org/wiki/Zero_(2018_film)
2019,22 yards,https://en.wikipedia.org/wiki/22_Yards
2019,72 hours: martyr who never died,https://en.wikipedia.org/wiki/72_Hours:_Martyr_Who_Never_Died
2019,albert pinto ko gussa kyun aata hai?,https://en.wikipedia.org/wiki/Albert_Pinto_Ko_Gussa_Kyoon_Aata_Hai%3F_(2019_film)
2019,amavas,https://en.wikipedia.org/wiki/Amavas
2019,arjun patiala,https://en.wikipedia.org/wiki/Arjun_Patiala
2019,article 15,https://en.wikipedia.org/wiki/Article_15_(film)
2019,badla,https://en.wikipedia.org/wiki/Badla_(2019_film)
2019,badnaam gali,https://en.wikipedia.org/wiki/Badnaam_Gali
2019,bala,https://en.wikipedia.org/wiki/Bala_(2019_film)
2019,barot house,https://en.wikipedia.org/wiki/Barot_House
2019,batla house,https://en.wikipedia.org/wiki/Batla_House
2019,battalion 609,https://en.wikipedia.org/wiki/Battalion_609
2019,bharat,https://en.wikipedia.org/wiki/Bharat_(film)
2019,blackboard vs whiteboard,https://en.wikipedia.org/wiki/Blackboard_vs_Whiteboard
2019,blank,https://en.wikipedia.org/wiki/Blank_(2019_film)
2019,bombairiya,https://en.wikipedia.org/wiki/Bombairiya
2019,bypass road,https://en.wikipedia.org/wiki/Bypass_Road_(film)
2019,cabaret,https://en.wikipedia.org/wiki/Cabaret_(2019_film)
2019,chappad phaad ke,https://en.wikipedia.org/wiki/Chappad_Phaad_Ke
2019,chhichhore,https://en.wikipedia.org/wiki/Chhichhore
2019,chhoriyan chhoron se kam nahi hoti,https://en.wikipedia.org/wiki/Chhoriyan_Chhoron_Se_Kam_Nahi_Hoti
2019,chhota bheem kung fu dhamaka [ a ],https://en.wikipedia.org/wiki/Chhota_Bheem_Kung_Fu_Dhamaka
2019,chicken curry law,https://en.wikipedia.org/wiki/Chicken_Curry_Law
2019,chopsticks,https://en.wikipedia.org/wiki/Chopsticks_(film)
2019,commando 3,https://en.wikipedia.org/wiki/Commando_3_(film)
2019,dabangg 3,https://en.wikipedia.org/wiki/Dabangg_3
2019,de de pyaar de,https://en.wikipedia.org/wiki/De_De_Pyaar_De
2019,dosti ke side effects,https://en.wikipedia.org/wiki/Dosti_Ke_Side_Effects
2019,dream girl,https://en.wikipedia.org/wiki/Dream_Girl_(2019_film)
2019,drive,https://en.wikipedia.org/wiki/Drive_(2019_film)
2019,ek ladki ko dekha toh aisa laga,https://en.wikipedia.org/wiki/Ek_Ladki_Ko_Dekha_Toh_Aisa_Laga
2019,evening shadows,https://en.wikipedia.org/wiki/Evening_Shadows
2019,family of thakurganj,https://en.wikipedia.org/wiki/Family_of_Thakurganj
2019,fraud saiyaan,https://en.wikipedia.org/wiki/Fraud_Saiyaan
2019,ghost,https://en.wikipedia.org/wiki/Ghost_(2019_film)
2019,gone kesh,https://en.wikipedia.org/wiki/Gone_Kesh
2019,good newwz,https://en.wikipedia.org/wiki/Good_Newwz
2019,goopi gawaiya bagha bajaiya,https://en.wikipedia.org/wiki/Goopi_Gawaiya_Bagha_Bajaiya
2019,gully boy,https://en.wikipedia.org/wiki/Gully_Boy
2019,hamid,https://en.wikipedia.org/wiki/Hamid_(film)
2019,happi,https://en.wikipedia.org/wiki/Happi_(film)
2019,house arrest,https://en.wikipedia.org/wiki/House_Arrest_(2019_film)
2019,housefull 4,https://en.wikipedia.org/wiki/Housefull_4
2019,hum chaar,https://en.wikipedia.org/wiki/Hum_Chaar
2019,hume tumse pyaar kitna,https://en.wikipedia.org/wiki/Hume_Tumse_Pyaar_Kitna
2019,india's most wanted,https://en.wikipedia.org/wiki/India%27s_Most_Wanted_(film)
2019,jabariya jodi,https://en.wikipedia.org/wiki/Jabariya_Jodi
2019,jacqueline i am coming,https://en.wikipedia.org/wiki/Jacqueline_I_Am_Coming
2019,jaoon kahan bata ae dil,https://en.wikipedia.org/wiki/Jaoon_Kahan_Bata_Ae_Dil
2019,jhalki,https://en.wikipedia.org/wiki/Jhalki
2019,jhootha kahin ka,https://en.wikipedia.org/wiki/Jhootha_Kahin_Ka
2019,judgementall hai kya,https://en.wikipedia.org/wiki/Judgementall_Hai_Kya
2019,junglee,https://en.wikipedia.org/wiki/Junglee_(2019_film)
2019,kabir singh,https://en.wikipedia.org/wiki/Kabir_Singh
2019,kalank,https://en.wikipedia.org/wiki/Kalank
2019,kanpuriye,https://en.wikipedia.org/wiki/Kanpuriye
2019,keep safe distance,https://en.wikipedia.org/wiki/Keep_Safe_Distance
2019,kesari,https://en.wikipedia.org/wiki/Kesari_(2019_film)
2019,khamoshi,https://en.wikipedia.org/wiki/Khamoshi_(2019_film)
2019,khandaani shafakhana,https://en.wikipedia.org/wiki/Khandaani_Shafakhana
2019,kissebaaz,https://en.wikipedia.org/wiki/Kissebaaz
2019,laal kaptaan,https://en.wikipedia.org/wiki/Laal_Kaptaan
2019,line of descent [ d ],https://en.wikipedia.org/wiki/Line_of_Descent
2019,luka chuppi,https://en.wikipedia.org/wiki/Luka_Chuppi
2019,made in china,https://en.wikipedia.org/wiki/Made_in_China_(2019_film)
2019,main zaroor aaunga,https://en.wikipedia.org/wiki/Main_Zaroor_Aaunga
2019,malaal,https://en.wikipedia.org/wiki/Malaal_(film)
2019,manikarnika: the queen of jhansi,https://en.wikipedia.org/wiki/Manikarnika:_The_Queen_of_Jhansi
2019,mard ko dard nahi hota,https://en.wikipedia.org/wiki/Mard_Ko_Dard_Nahi_Hota
2019,mardaani 2,https://en.wikipedia.org/wiki/Mardaani_2
2019,marjaavaan,https://en.wikipedia.org/wiki/Marjaavaan
2019,marne bhi do yaaron,https://en.wikipedia.org/wiki/Marne_Bhi_Do_Yaaron
2019,marudhar express,https://en.wikipedia.org/wiki/Marudhar_Express_(2019_film)
2019,mere pyare prime minister,https://en.wikipedia.org/wiki/Mere_Pyare_Prime_Minister
2019,milan talkies,https://en.wikipedia.org/wiki/Milan_Talkies
2019,mission mangal,https://en.wikipedia.org/wiki/Mission_Mangal
2019,moothon [ c ],https://en.wikipedia.org/wiki/Moothon
2019,motichoor chaknachoor,https://en.wikipedia.org/wiki/Motichoor_Chaknachoor
2019,music teacher,https://en.wikipedia.org/wiki/Music_Teacher_(film)
2019,notebook,https://en.wikipedia.org/wiki/Notebook_(2019_film)
2019,officer arjun singh ips batch 2000,https://en.wikipedia.org/wiki/Officer_Arjun_Singh_IPS_Batch_2000
2019,one day: justice delivered,https://en.wikipedia.org/wiki/One_Day:_Justice_Delivered
2019,p se pyaar f se faraar,https://en.wikipedia.org/wiki/P_Se_Pyaar_F_Se_Faraar
2019,pagalpanti,https://en.wikipedia.org/wiki/Pagalpanti_(2019_film)
2019,pal pal dil ke paas,https://en.wikipedia.org/wiki/Pal_Pal_Dil_Ke_Paas
2019,panipat,https://en.wikipedia.org/wiki/Panipat_(film)
2019,pati patni aur woh,https://en.wikipedia.org/wiki/Pati_Patni_Aur_Woh_(2019_film)
2019,photograph,https://en.wikipedia.org/wiki/Photograph_(film)
2019,pm narendra modi,https://en.wikipedia.org/wiki/PM_Narendra_Modi
2019,posham pa,https://en.wikipedia.org/wiki/Posham_Pa
2019,pranaam,https://en.wikipedia.org/wiki/Pranaam
2019,prassthanam,https://en.wikipedia.org/wiki/Prassthanam
2019,rangeela raja,https://en.wikipedia.org/wiki/Rangeela_Raja
2019,romeo akbar walter,https://en.wikipedia.org/wiki/Romeo_Akbar_Walter
2019,saaho,https://en.wikipedia.org/wiki/Saaho
2019,saaho [ b ],https://en.wikipedia.org/wiki/Saaho
2019,saand ki aankh,https://en.wikipedia.org/wiki/Saand_Ki_Aankh
2019,salt bridge,https://en.wikipedia.org/wiki/Salt_Bridge_(film)
2019,satellite shankar,https://en.wikipedia.org/wiki/Satellite_Shankar
2019,section 375,https://en.wikipedia.org/wiki/Section_375
2019,setters,https://en.wikipedia.org/wiki/Setters_(film)
2019,sonchiriya,https://en.wikipedia.org/wiki/Sonchiriya
2019,soni,https://en.wikipedia.org/wiki/Soni_(film)
2019,student of the year 2,https://en.wikipedia.org/wiki/Student_of_the_Year_2
2019,super 30,https://en.wikipedia.org/wiki/Super_30_(film)
2019,thackeray,https://en.wikipedia.org/wiki/Thackeray_(film)
2019,the accidental prime minister,https://en.wikipedia.org/wiki/The_Accidental_Prime_Minister_(film)
2019,the body,https://en.wikipedia.org/wiki/The_Body_(2019_film)
2019,the fakir of venice,https://en.wikipedia.org/wiki/The_Fakir_of_Venice
2019,the sholay girl,https://en.wikipedia.org/wiki/The_Sholay_Girl
2019,the sky is pink,https://en.wikipedia.org/wiki/The_Sky_Is_Pink
2019,the tashkent files,https://en.wikipedia.org/wiki/The_Tashkent_Files
2019,the zoya factor,https://en.wikipedia.org/wiki/The_Zoya_Factor_(film)
2019,total dhamaal,https://en.wikipedia.org/wiki/Total_Dhamaal
2019,ujda chaman,https://en.wikipedia.org/wiki/Ujda_Chaman
2019,upstarts,https://en.wikipedia.org/wiki/Upstarts_(film)
2019,uri: the surgical strike,https://en.wikipedia.org/wiki/Uri:_The_Surgical_Strike
2019,war,https://en.wikipedia.org/wiki/War_(2019_film)
2019,why cheat india,https://en.wikipedia.org/wiki/Why_Cheat_India
2019,yaaram,https://en.wikipedia.org/wiki/Yaaram
2019,yeh hai india,https://en.wikipedia.org/wiki/Yeh_Hai_India
2019,yeh saali aashiqui,https://en.wikipedia.org/wiki/Yeh_Saali_Aashiqui
2019,yours truly,https://en.wikipedia.org/wiki/Yours_Truly_(2018_film)
2020,ak vs ak,https://en.wikipedia.org/wiki/AK_vs_AK
2020,angrezi medium,https://en.wikipedia.org/wiki/Angrezi_Medium
2020,anwar ka ajab kissa,https://en.wikipedia.org/wiki/Anwar_Ka_Ajab_Kissa
2020,ateet,https://en.wikipedia.org/wiki/Ateet
2020,atkan chatkan,https://en.wikipedia.org/wiki/Atkan_Chatkan
2020,axone,https://en.wikipedia.org/wiki/Axone_(film)
2020,baaghi 3,https://en.wikipedia.org/wiki/Baaghi_3
2020,bahut hua samman,https://en.wikipedia.org/wiki/Bahut_Hua_Samman
2020,bamfaad,https://en.wikipedia.org/wiki/Bamfaad
2020,beautiful,https://en.wikipedia.org/wiki/Beautiful_(2020_film)
2020,bhangra paa le,https://en.wikipedia.org/wiki/Bhangra_Paa_Le
2020,bhonsle,https://en.wikipedia.org/wiki/Bhonsle_(film)
2020,bhoot – part one: the haunted ship,https://en.wikipedia.org/wiki/Bhoot_%E2%80%93_Part_One:_The_Haunted_Ship
2020,bulbbul,https://en.wikipedia.org/wiki/Bulbbul
2020,cargo,https://en.wikipedia.org/wiki/Cargo_(2019_film)
2020,chaman bahaar,https://en.wikipedia.org/wiki/Chaman_Bahaar
2020,chhalaang,https://en.wikipedia.org/wiki/Chhalaang
2020,chhapaak,https://en.wikipedia.org/wiki/Chhapaak
2020,chintu ka birthday,https://en.wikipedia.org/wiki/Chintu_Ka_Birthday
2020,choked,https://en.wikipedia.org/wiki/Choked_(film)
2020,class of '83,https://en.wikipedia.org/wiki/Class_of_%2783
2020,comedy couple,https://en.wikipedia.org/wiki/Comedy_Couple
2020,coolie no. 1,https://en.wikipedia.org/wiki/Coolie_No._1_(2020_film)
2020,court martial,https://en.wikipedia.org/wiki/Court_Martial_(2020_film)
2020,darbaan,https://en.wikipedia.org/wiki/Darbaan
2020,dil bechara,https://en.wikipedia.org/wiki/Dil_Bechara
2020,dolly kitty aur woh chamakte sitare,https://en.wikipedia.org/wiki/Dolly_Kitty_Aur_Woh_Chamakte_Sitare
2020,doordarshan,https://en.wikipedia.org/wiki/Doordarshan_(film)
2020,durgamati,https://en.wikipedia.org/wiki/Durgamati
2020,eeb allay ooo!,https://en.wikipedia.org/wiki/Eeb_Allay_Ooo!
2020,ghoomketu,https://en.wikipedia.org/wiki/Ghoomketu
2020,ghost stories,https://en.wikipedia.org/wiki/Ghost_Stories_(2020_film)
2020,ginny weds sunny,https://en.wikipedia.org/wiki/Ginny_Weds_Sunny
2020,guilty,https://en.wikipedia.org/wiki/Guilty_(2020_film)
2020,gul makai,https://en.wikipedia.org/wiki/Gul_Makai
2020,gulabo sitabo,https://en.wikipedia.org/wiki/Gulabo_Sitabo
2020,gunjan saxena: the kargil girl,https://en.wikipedia.org/wiki/Gunjan_Saxena:_The_Kargil_Girl
2020,guns of banaras,https://en.wikipedia.org/wiki/Guns_of_Banaras
2020,hacked,https://en.wikipedia.org/wiki/Hacked_(film)
2020,halahal,https://en.wikipedia.org/wiki/Halahal_(film)
2020,half widow,https://en.wikipedia.org/wiki/Half_Widow
2020,happy hardy and heer,https://en.wikipedia.org/wiki/Happy_Hardy_and_Heer
2020,haunted hills,https://en.wikipedia.org/wiki/Haunted_Hills
2020,indoo ki jawani,https://en.wikipedia.org/wiki/Indoo_Ki_Jawani
2020,it's my life,https://en.wikipedia.org/wiki/It%27s_My_Life_(film)
2020,jai mummy di,https://en.wikipedia.org/wiki/Jai_Mummy_Di
2020,jawaani jaaneman,https://en.wikipedia.org/wiki/Jawaani_Jaaneman
2020,kaali khuhi,https://en.wikipedia.org/wiki/Kaali_Khuhi
2020,kaamyaab,https://en.wikipedia.org/wiki/Kaamyaab
2020,kaanchli life in a slough,https://en.wikipedia.org/wiki/Kaanchli_Life_in_a_Slough
2020,kadakh,https://en.wikipedia.org/wiki/Kadakh
2020,khaali peeli,https://en.wikipedia.org/wiki/Khaali_Peeli
2020,khuda haafiz,https://en.wikipedia.org/wiki/Khuda_Haafiz
2020,laxmii,https://en.wikipedia.org/wiki/Laxmii
2020,london confidential,https://en.wikipedia.org/wiki/London_Confidential
2020,lootcase,https://en.wikipedia.org/wiki/Lootcase
2020,love aaj kal,https://en.wikipedia.org/wiki/Love_Aaj_Kal_(2020_film)
2020,ludo,https://en.wikipedia.org/wiki/Ludo_(film)
2020,malang,https://en.wikipedia.org/wiki/Malang_(film)
2020,maska,https://en.wikipedia.org/wiki/Maska_(2020_film)
2020,mee raqsam,https://en.wikipedia.org/wiki/Mee_Raqsam
2020,mrs. serial killer,https://en.wikipedia.org/wiki/Mrs._Serial_Killer
2020,nirvana inn,https://en.wikipedia.org/wiki/Nirvana_Inn
2020,o pushpa i hate tears,https://en.wikipedia.org/wiki/O_Pushpa_I_Hate_Tears
2020,omprakash zindabad,https://en.wikipedia.org/wiki/Rambhajjan_Zindabaad
2020,operation parindey,https://en.wikipedia.org/wiki/Operation_Parindey_(film)
2020,pagleaazam,https://en.wikipedia.org/wiki/Pagleaazam
2020,panga,https://en.wikipedia.org/wiki/Panga_(film)
2020,pareeksha,https://en.wikipedia.org/wiki/Pareeksha_(2019_film)
2020,pepper chicken,https://en.wikipedia.org/wiki/Pepper_Chicken
2020,raat akeli hai,https://en.wikipedia.org/wiki/Raat_Akeli_Hai
2020,ram singh charlie,https://en.wikipedia.org/wiki/Ram_Singh_Charlie
2020,sab kushal mangal,https://en.wikipedia.org/wiki/Sab_Kushal_Mangal
2020,sadak 2,https://en.wikipedia.org/wiki/Sadak_2
2020,sayonee,https://en.wikipedia.org/wiki/Sayonee_(film)
2020,serious men,https://en.wikipedia.org/wiki/Serious_Men_(film)
2020,shakeela,https://en.wikipedia.org/wiki/Shakeela_(film)
2020,shakuntala devi,https://en.wikipedia.org/wiki/Shakuntala_Devi_(film)
2020,shikara,https://en.wikipedia.org/wiki/Shikara_(2020_film)
2020,shimla mirchi,https://en.wikipedia.org/wiki/Shimla_Mirchi
2020,shubh mangal zyada saavdhan,https://en.wikipedia.org/wiki/Shubh_Mangal_Zyada_Saavdhan
2020,shukranu,https://en.wikipedia.org/wiki/Shukranu
2020,sir,https://en.wikipedia.org/wiki/Sir_(2018_film)
2020,street dancer 3d,https://en.wikipedia.org/wiki/Street_Dancer_3D
2020,suraj pe mangal bhari,https://en.wikipedia.org/wiki/Suraj_Pe_Mangal_Bhari
2020,taish,https://en.wikipedia.org/wiki/Taish
2020,tanhaji,https://en.wikipedia.org/wiki/Tanhaji
2020,thappad,https://en.wikipedia.org/wiki/Thappad
2020,the hundred bucks,https://en.wikipedia.org/wiki/The_Hundred_Bucks
2020,the pickup artist,https://en.wikipedia.org/wiki/The_Pickup_Artist_(2019_film)
2020,torbaaz,https://en.wikipedia.org/wiki/Torbaaz
2020,unpaused,https://en.wikipedia.org/wiki/Unpaused
2020,virgin bhanupriya,https://en.wikipedia.org/wiki/Virgin_Bhanupriya
2020,what are the odds,https://en.wikipedia.org/wiki/What_Are_the_Odds
2020,yaara,https://en.wikipedia.org/wiki/Yaara
2020,yeh ballet,https://en.wikipedia.org/wiki/Yeh_Ballet
2021,12 'o' clock,https://en.wikipedia.org/wiki/12_%27O%27_Clock_(film)
2021,14 phere,https://en.wikipedia.org/wiki/14_Phere
2021,200 – halla ho,https://en.wikipedia.org/wiki/200_%E2%80%93_Halla_Ho
2021,420 ipc,https://en.wikipedia.org/wiki/420_IPC
2021,83,https://en.wikipedia.org/wiki/83_(film)
2021,99 songs,https://en.wikipedia.org/wiki/99_Songs
2021,aafat-e-ishq,https://en.wikipedia.org/wiki/Aafat-E-Ishq
2021,ahaan,https://en.wikipedia.org/wiki/Ahaan
2021,ajeeb daastaans,https://en.wikipedia.org/wiki/Ajeeb_Daastaans
2021,ankahi kahaniya,https://en.wikipedia.org/wiki/Ankahi_Kahaniya
2021,antim: the final truth,https://en.wikipedia.org/wiki/Antim:_The_Final_Truth
2021,atrangi re,https://en.wikipedia.org/wiki/Atrangi_Re
2021,babloo bachelor,https://en.wikipedia.org/wiki/Babloo_Bachelor
2021,bansuri: the flute,https://en.wikipedia.org/wiki/Bansuri:_The_Flute
2021,bell bottom,https://en.wikipedia.org/wiki/Bell_Bottom_(2021_film)
2021,bhavai,https://en.wikipedia.org/wiki/Bhavai_(film)
2021,bhoot police,https://en.wikipedia.org/wiki/Bhoot_Police
2021,bhuj: the pride of india,https://en.wikipedia.org/wiki/Bhuj:_The_Pride_of_India
2021,bob biswas,https://en.wikipedia.org/wiki/Bob_Biswas
2021,bombay rose,https://en.wikipedia.org/wiki/Bombay_Rose
2021,bunty aur babli 2,https://en.wikipedia.org/wiki/Bunty_Aur_Babli_2
2021,chandigarh kare aashiqui,https://en.wikipedia.org/wiki/Chandigarh_Kare_Aashiqui
2021,chehre,https://en.wikipedia.org/wiki/Chehre
2021,chhorii,https://en.wikipedia.org/wiki/Chhorii
2021,code name abdul,https://en.wikipedia.org/wiki/Code_Name_Abdul
2021,collar bomb,https://en.wikipedia.org/wiki/Collar_Bomb_(2021_film)
2021,d company,https://en.wikipedia.org/wiki/D_Company_(2021_film)
2021,dhamaka,https://en.wikipedia.org/wiki/Dhamaka_(2021_film)
2021,dial 100,https://en.wikipedia.org/wiki/Dial_100_(2021_film)
2021,dybbuk,https://en.wikipedia.org/wiki/Dybbuk_(film)
2021,faactory,https://en.wikipedia.org/wiki/Faactory_(2021_film)
2021,flight,https://en.wikipedia.org/wiki/Flight_(2021_film)
2021,haathi mere saathi [ c ],https://en.wikipedia.org/wiki/Kaadan
2021,haseen dillruba,https://en.wikipedia.org/wiki/Haseen_Dillruba
2021,hello charlie,https://en.wikipedia.org/wiki/Hello_Charlie
2021,helmet,https://en.wikipedia.org/wiki/Helmet_(film)
2021,hum bhi akele tum bhi akele,https://en.wikipedia.org/wiki/Hum_Bhi_Akele_Tum_Bhi_Akele
2021,hum do hamare do,https://en.wikipedia.org/wiki/Hum_Do_Hamare_Do
2021,hungama 2,https://en.wikipedia.org/wiki/Hungama_2
2021,kaagaz,https://en.wikipedia.org/wiki/Kaagaz
2021,koi jaane na,https://en.wikipedia.org/wiki/Koi_Jaane_Na
2021,kya meri sonam gupta bewafa hai?,https://en.wikipedia.org/wiki/Kya_Meri_Sonam_Gupta_Bewafa_Hai%3F
2021,lahore confidential,https://en.wikipedia.org/wiki/Lahore_Confidential
2021,maassab,https://en.wikipedia.org/wiki/Maassab
2021,madam chief minister,https://en.wikipedia.org/wiki/Madam_Chief_Minister
2021,main mulayam singh yadav,https://en.wikipedia.org/wiki/Main_Mulayam_Singh_Yadav
2021,meel patthar,https://en.wikipedia.org/wiki/Meel_Patthar
2021,meenakshi sundareshwar,https://en.wikipedia.org/wiki/Meenakshi_Sundareshwar
2021,mera fauji calling,https://en.wikipedia.org/wiki/Mera_Fauji_Calling
2021,mimi,https://en.wikipedia.org/wiki/Mimi_(2021_Hindi_film)
2021,mumbai saga,https://en.wikipedia.org/wiki/Mumbai_Saga
2021,murder at teesri manzil 302,https://en.wikipedia.org/wiki/Murder_at_Teesri_Manzil_302
2021,nail polish,https://en.wikipedia.org/wiki/Nail_Polish_(film)
2021,pagglait,https://en.wikipedia.org/wiki/Pagglait
2021,raat baaki hai,https://en.wikipedia.org/wiki/Raat_Baaki_Hai
2021,radhe,https://en.wikipedia.org/wiki/Radhe_(2021_film)
2021,ramprasad ki tehrvi,https://en.wikipedia.org/wiki/Ramprasad_Ki_Tehrvi
2021,rashmi rocket,https://en.wikipedia.org/wiki/Rashmi_Rocket
2021,roohi,https://en.wikipedia.org/wiki/Roohi_(2021_film)
2021,saina,https://en.wikipedia.org/wiki/Saina_(film)
2021,sanak,https://en.wikipedia.org/wiki/Sanak
2021,sandeep aur pinky faraar,https://en.wikipedia.org/wiki/Sandeep_Aur_Pinky_Faraar
2021,sardar ka grandson,https://en.wikipedia.org/wiki/Sardar_Ka_Grandson
2021,sardar udham,https://en.wikipedia.org/wiki/Sardar_Udham
2021,satyameva jayate 2,https://en.wikipedia.org/wiki/Satyameva_Jayate_2
2021,shaadisthan,https://en.wikipedia.org/wiki/Shaadisthan
2021,sherni,https://en.wikipedia.org/wiki/Sherni_(2021_film)
2021,shershaah,https://en.wikipedia.org/wiki/Shershaah
2021,shiddat,https://en.wikipedia.org/wiki/Shiddat
2021,silence... can you hear it?,https://en.wikipedia.org/wiki/Silence..._Can_You_Hear_It%3F
2021,skater girl,https://en.wikipedia.org/wiki/Skater_Girl
2021,sooryavanshi,https://en.wikipedia.org/wiki/Sooryavanshi
2021,squad,https://en.wikipedia.org/wiki/Squad_(2021_film)
2021,state of siege: temple attack,https://en.wikipedia.org/wiki/State_of_Siege:_Temple_Attack
2021,sumeru,https://en.wikipedia.org/wiki/Sumeru_(film)
2021,switchh,https://en.wikipedia.org/wiki/Switchh_(2021_film)
2021,tadap,https://en.wikipedia.org/wiki/Tadap_(2021_film)
2021,thalaivii [ b ],https://en.wikipedia.org/wiki/Thalaivii
2021,the big bull,https://en.wikipedia.org/wiki/The_Big_Bull
2021,the girl on the train,https://en.wikipedia.org/wiki/The_Girl_on_the_Train_(2021_film)
2021,the power,https://en.wikipedia.org/wiki/The_Power_(2021_Indian_film)
2021,the wife,https://en.wikipedia.org/wiki/The_Wife_(2021_film)
2021,time to dance,https://en.wikipedia.org/wiki/Time_to_Dance
2021,toofaan,https://en.wikipedia.org/wiki/Toofaan
2021,tribhanga,https://en.wikipedia.org/wiki/Tribhanga_(film)
2021,tuesdays and fridays,https://en.wikipedia.org/wiki/Tuesdays_and_Fridays
2021,urf ghanta,https://en.wikipedia.org/wiki/Urf_Ghanta
2021,velle,https://en.wikipedia.org/wiki/Velle_(film)
2021,waah zindagi,https://en.wikipedia.org/wiki/Waah_Zindagi
2022,36 farmhouse,https://en.wikipedia.org/wiki/36_Farmhouse
2022,a thursday,https://en.wikipedia.org/wiki/A_Thursday
2022,ajay wardhan,https://en.wikipedia.org/wiki/Ajay_Wardhan
2022,an action hero,https://en.wikipedia.org/wiki/An_Action_Hero
2022,anek,https://en.wikipedia.org/wiki/Anek
2022,ardh,https://en.wikipedia.org/wiki/Ardh
2022,atithi bhooto bhava,https://en.wikipedia.org/wiki/Atithi_Bhooto_Bhava
2022,attack: part 1,https://en.wikipedia.org/wiki/Attack:_Part_1
2022,babli bouncer,https://en.wikipedia.org/wiki/Babli_Bouncer
2022,bachchhan paandey,https://en.wikipedia.org/wiki/Bachchhan_Paandey
2022,badhaai do,https://en.wikipedia.org/wiki/Badhaai_Do
2022,bhediya,https://en.wikipedia.org/wiki/Bhediya_(film)
2022,bhool bhulaiyaa 2,https://en.wikipedia.org/wiki/Bhool_Bhulaiyaa_2
2022,blurr,https://en.wikipedia.org/wiki/Blurr
2022,brahmāstra: part one – shiva,https://en.wikipedia.org/wiki/Brahm%C4%81stra:_Part_One_%E2%80%93_Shiva
2022,chup: revenge of the artist,https://en.wikipedia.org/wiki/Chup:_Revenge_of_the_Artist
2022,cirkus,https://en.wikipedia.org/wiki/Cirkus_(film)
2022,cobalt blue,https://en.wikipedia.org/wiki/Cobalt_Blue_(film)
2022,code name: tiranga,https://en.wikipedia.org/wiki/Code_Name:_Tiranga
2022,cuttputlli,https://en.wikipedia.org/wiki/Cuttputlli
2022,darlings,https://en.wikipedia.org/wiki/Darlings_(film)
2022,dasvi,https://en.wikipedia.org/wiki/Dasvi
2022,dedh lakh ka dulha,https://en.wikipedia.org/wiki/Dedh_Lakh_Ka_Dulha
2022,dehati disco,https://en.wikipedia.org/wiki/Dehati_Disco
2022,dhaakad,https://en.wikipedia.org/wiki/Dhaakad
2022,dhokha: round d corner,https://en.wikipedia.org/wiki/Dhokha:_Round_D_Corner
2022,dobaaraa,https://en.wikipedia.org/wiki/Dobaaraa
2022,doctor g,https://en.wikipedia.org/wiki/Doctor_G
2022,double xl,https://en.wikipedia.org/wiki/Double_XL
2022,drishyam 2,https://en.wikipedia.org/wiki/Drishyam_2_(2022_film)
2022,ek villain returns,https://en.wikipedia.org/wiki/Ek_Villain_Returns
2022,forensic,https://en.wikipedia.org/wiki/Forensic_(2022_film)
2022,freddy,https://en.wikipedia.org/wiki/Freddy_(film)
2022,gangubai kathiawadi,https://en.wikipedia.org/wiki/Gangubai_Kathiawadi
2022,gehraiyaan,https://en.wikipedia.org/wiki/Gehraiyaan
2022,good luck jerry,https://en.wikipedia.org/wiki/Good_Luck_Jerry
2022,goodbye,https://en.wikipedia.org/wiki/Goodbye_(2022_film)
2022,govinda naam mera,https://en.wikipedia.org/wiki/Govinda_Naam_Mera
2022,haemolymph,https://en.wikipedia.org/wiki/Haemolymph_(film)
2022,hai tujhe salaam india,https://en.wikipedia.org/wiki/Hai_Tujhe_Salaam_India
2022,heropanti 2,https://en.wikipedia.org/wiki/Heropanti_2
2022,hit: the first case,https://en.wikipedia.org/wiki/HIT:_The_First_Case_(2022_film)
2022,holy cow,https://en.wikipedia.org/wiki/Holy_Cow_(2022_film)
2022,hurdang,https://en.wikipedia.org/wiki/Hurdang
2022,india lockdown,https://en.wikipedia.org/wiki/India_Lockdown
2022,ishq pashmina,https://en.wikipedia.org/wiki/Ishq_Pashmina
2022,jaadugar,https://en.wikipedia.org/wiki/Jaadugar_(2022_film)
2022,jahaan chaar yaar,https://en.wikipedia.org/wiki/Jahaan_Chaar_Yaar
2022,jalsa,https://en.wikipedia.org/wiki/Jalsa_(2022_film)
2022,janhit mein jaari,https://en.wikipedia.org/wiki/Janhit_Mein_Jaari
2022,jayeshbhai jordaar,https://en.wikipedia.org/wiki/Jayeshbhai_Jordaar
2022,jersey,https://en.wikipedia.org/wiki/Jersey_(2022_film)
2022,jhund,https://en.wikipedia.org/wiki/Jhund_(film)
2022,jogi,https://en.wikipedia.org/wiki/Jogi_(2022_film)
2022,judaa hoke bhi,https://en.wikipedia.org/wiki/Judaa_Hoke_Bhi
2022,jugjugg jeeyo,https://en.wikipedia.org/wiki/Jugjugg_Jeeyo
2022,kaun pravin tambe?,https://en.wikipedia.org/wiki/Kaun_Pravin_Tambe%3F
2022,khuda haafiz: chapter 2 – agni pariksha,https://en.wikipedia.org/wiki/Khuda_Haafiz:_Chapter_2_%E2%80%93_Agni_Pariksha
2022,laal singh chaddha,https://en.wikipedia.org/wiki/Laal_Singh_Chaddha
2022,ladki: dragon girl,https://en.wikipedia.org/wiki/Ladki:_Dragon_Girl
2022,liger [ a ],https://en.wikipedia.org/wiki/Liger_(film)
2022,looop lapeta,https://en.wikipedia.org/wiki/Looop_Lapeta
2022,love hostel,https://en.wikipedia.org/wiki/Love_Hostel
2022,love in ukraine,https://en.wikipedia.org/wiki/Love_In_Ukraine
2022,maarrich,https://en.wikipedia.org/wiki/Maarrich
2022,maja ma,https://en.wikipedia.org/wiki/Maja_Ma
2022,major [ a ],https://en.wikipedia.org/wiki/Major_(film)
2022,matto ki saikil,https://en.wikipedia.org/wiki/Matto_Ki_Saikil
2022,mere desh ki dharti,https://en.wikipedia.org/wiki/Mere_Desh_Ki_Dharti_(film)
2022,middle class love,https://en.wikipedia.org/wiki/Middle_Class_Love
2022,mili,https://en.wikipedia.org/wiki/Mili_(2022_film)
2022,mister mummy,https://en.wikipedia.org/wiki/Mister_Mummy
2022,"monica, o my darling","https://en.wikipedia.org/wiki/Monica,_O_My_Darling"
2022,nazar andaaz,https://en.wikipedia.org/wiki/Nazar_Andaaz
2022,nikamma,https://en.wikipedia.org/wiki/Nikamma
2022,odd couple,https://en.wikipedia.org/wiki/Odd_Couple_(2022_film)
2022,operation romeo,https://en.wikipedia.org/wiki/Operation_Romeo_(film)
2022,phone bhoot,https://en.wikipedia.org/wiki/Phone_Bhoot
2022,plan a plan b,https://en.wikipedia.org/wiki/Plan_A_Plan_B
2022,qala,https://en.wikipedia.org/wiki/Qala_(film)
2022,radhe shyam [ a ],https://en.wikipedia.org/wiki/Radhe_Shyam
2022,raksha bandhan,https://en.wikipedia.org/wiki/Raksha_Bandhan_(film)
2022,ram setu,https://en.wikipedia.org/wiki/Ram_Setu_(film)
2022,rashtra kavach om,https://en.wikipedia.org/wiki/Rashtra_Kavach_Om
2022,rk/rkay,https://en.wikipedia.org/wiki/RK/RKay
2022,rocket gang,https://en.wikipedia.org/wiki/Rocket_Gang
2022,rocketry: the nambi effect [ c ],https://en.wikipedia.org/wiki/Rocketry:_The_Nambi_Effect
2022,runway 34,https://en.wikipedia.org/wiki/Runway_34
2022,salaam venky,https://en.wikipedia.org/wiki/Salaam_Venky
2022,samrat prithviraj,https://en.wikipedia.org/wiki/Samrat_Prithviraj
2022,saroj ka rishta,https://en.wikipedia.org/wiki/Saroj_Ka_Rishta
2022,shabaash mithu,https://en.wikipedia.org/wiki/Shabaash_Mithu
2022,shamshera,https://en.wikipedia.org/wiki/Shamshera
2022,sharmaji namkeen,https://en.wikipedia.org/wiki/Sharmaji_Namkeen
2022,sherdil,https://en.wikipedia.org/wiki/Sherdil:_The_Pilibhit_Saga
2022,siya,https://en.wikipedia.org/wiki/Siya_(film)
2022,tadka,https://en.wikipedia.org/wiki/Tadka_(film)
2022,tara vs bilal,https://en.wikipedia.org/wiki/Tara_Vs_Bilal
2022,thank god,https://en.wikipedia.org/wiki/Thank_God_(film)
2022,thar,https://en.wikipedia.org/wiki/Thar_(film)
2022,the kashmir files,https://en.wikipedia.org/wiki/The_Kashmir_Files
2022,toolsidas junior,https://en.wikipedia.org/wiki/Toolsidas_Junior
2022,trahimam,https://en.wikipedia.org/wiki/Trahimam
2022,uunchai,https://en.wikipedia.org/wiki/Uunchai
2022,vadh,https://en.wikipedia.org/wiki/Vadh_(2022_film)
2022,vikram vedha,https://en.wikipedia.org/wiki/Vikram_Vedha_(2022_film)
2023,12th fail,https://en.wikipedia.org/wiki/12th_Fail_(film)
2023,1920: horrors of the heart,https://en.wikipedia.org/wiki/1920:_Horrors_of_the_Heart
2023,72 hoorain,https://en.wikipedia.org/wiki/72_Hoorain
2023,8 a.m. metro,https://en.wikipedia.org/wiki/8_A.M._Metro
2023,aankh micholi,https://en.wikipedia.org/wiki/Aankh_Micholi_(2023_film)
2023,aazam,https://en.wikipedia.org/wiki/Aazam
2023,adipurush [ β ],https://en.wikipedia.org/wiki/Adipurush
2023,afwaah,https://en.wikipedia.org/wiki/Afwaah
2023,ajmer 92,https://en.wikipedia.org/wiki/Ajmer_92
2023,akelli,https://en.wikipedia.org/wiki/Akelli
2023,almost pyaar with dj mohabbat,https://en.wikipedia.org/wiki/Almost_Pyaar_with_DJ_Mohabbat
2023,am i next,https://en.wikipedia.org/wiki/Am_I_Next
2023,animal,https://en.wikipedia.org/wiki/Animal_(2023_Indian_film)
2023,apurva,https://en.wikipedia.org/wiki/Apurva_(2023_film)
2023,aseq,https://en.wikipedia.org/wiki/Aseq
2023,bad boy,https://en.wikipedia.org/wiki/Bad_Boy_(2023_film)
2023,bawaal,https://en.wikipedia.org/wiki/Bawaal
2023,bhagwan bharose,https://en.wikipedia.org/wiki/Bhagwan_Bharose
2023,bheed,https://en.wikipedia.org/wiki/Bheed
2023,bholaa,https://en.wikipedia.org/wiki/Bholaa
2023,blind,https://en.wikipedia.org/wiki/Blind_(2023_film)
2023,bloody daddy,https://en.wikipedia.org/wiki/Bloody_Daddy
2023,chatrapathi,https://en.wikipedia.org/wiki/Chatrapathi_(2023_film)
2023,chhatriwali,https://en.wikipedia.org/wiki/Chhatriwali_(film)
2023,chor nikal ke bhaga,https://en.wikipedia.org/wiki/Chor_Nikal_Ke_Bhaga
2023,coat,https://en.wikipedia.org/wiki/Coat_(film)
2023,dhak dhak,https://en.wikipedia.org/wiki/Dhak_Dhak
2023,do ajnabee,https://en.wikipedia.org/wiki/Do_Ajnabee
2023,dono,https://en.wikipedia.org/wiki/Dono_(film)
2023,dream girl 2,https://en.wikipedia.org/wiki/Dream_Girl_2
2023,dry day,https://en.wikipedia.org/wiki/Dry_Day
2023,dunki,https://en.wikipedia.org/wiki/Dunki_(film)
2023,dvand: the internal conflict,https://en.wikipedia.org/wiki/Dvand:_The_Internal_Conflict
2023,faraaz,https://en.wikipedia.org/wiki/Faraaz_(film)
2023,farrey,https://en.wikipedia.org/wiki/Farrey
2023,friday night plan,https://en.wikipedia.org/wiki/Friday_Night_Plan
2023,fukrey 3,https://en.wikipedia.org/wiki/Fukrey_3
2023,gadar 2,https://en.wikipedia.org/wiki/Gadar_2
2023,ganapath,https://en.wikipedia.org/wiki/Ganapath
2023,gandhi godse – ek yudh,https://en.wikipedia.org/wiki/Gandhi_Godse_%E2%80%93_Ek_Yudh
2023,gaslight,https://en.wikipedia.org/wiki/Gaslight_(2023_film)
2023,ghoomer,https://en.wikipedia.org/wiki/Ghoomer
2023,goldfish,https://en.wikipedia.org/wiki/Goldfish_(film)
2023,gulmohar,https://en.wikipedia.org/wiki/Gulmohar_(2023_film)
2023,gumraah,https://en.wikipedia.org/wiki/Gumraah_(2023_film)
2023,guthlee ladoo,https://en.wikipedia.org/wiki/Guthlee_Ladoo
2023,haddi,https://en.wikipedia.org/wiki/Haddi
2023,hukus bukus,https://en.wikipedia.org/wiki/Hukus_Bukus
2023,i love you,https://en.wikipedia.org/wiki/I_Love_You_(2023_film)
2023,ib71,https://en.wikipedia.org/wiki/IB71
2023,incar,https://en.wikipedia.org/wiki/InCar
2023,ishq-e-nadaan,https://en.wikipedia.org/wiki/Ishq-e-Nadaan
2023,jaane jaan,https://en.wikipedia.org/wiki/Jaane_Jaan_(2023_film)
2023,jawan,https://en.wikipedia.org/wiki/Jawan_(film)
2023,jogira sara ra ra,https://en.wikipedia.org/wiki/Jogira_Sara_Ra_Ra
2023,joram,https://en.wikipedia.org/wiki/Joram_(film)
2023,kacchey limbu,https://en.wikipedia.org/wiki/Kacchey_Limbu
2023,kadak singh,https://en.wikipedia.org/wiki/Kadak_Singh
2023,kanjoos makhichoos,https://en.wikipedia.org/wiki/Kanjoos_Makhichoos
2023,kathal,https://en.wikipedia.org/wiki/Kathal_(film)
2023,khichdi 2: mission paanthukistan,https://en.wikipedia.org/wiki/Khichdi_2:_Mission_Paanthukistan
2023,kho gaye hum kahan,https://en.wikipedia.org/wiki/Kho_Gaye_Hum_Kahan
2023,khufiya,https://en.wikipedia.org/wiki/Khufiya
2023,kisi ka bhai kisi ki jaan,https://en.wikipedia.org/wiki/Kisi_Ka_Bhai_Kisi_Ki_Jaan
2023,kuttey,https://en.wikipedia.org/wiki/Kuttey
2023,lafzon mein pyaar,https://en.wikipedia.org/wiki/Lafzon_Mein_Pyaar
2023,lakadbaggha,https://en.wikipedia.org/wiki/Lakadbaggha
2023,lakeerein,https://en.wikipedia.org/wiki/Lakeerein
2023,lost,https://en.wikipedia.org/wiki/Lost_(2023_film)
2023,love all,https://en.wikipedia.org/wiki/Love_All_(2023_film)
2023,lust stories 2,https://en.wikipedia.org/wiki/Lust_Stories_2
2023,mandali,https://en.wikipedia.org/wiki/Mandali_(film)
2023,mast mein rehne ka,https://en.wikipedia.org/wiki/Mast_Mein_Rehne_Ka
2023,minus 31: the nagpur files,https://en.wikipedia.org/wiki/Minus_31:_The_Nagpur_Files
2023,mission majnu,https://en.wikipedia.org/wiki/Mission_Majnu
2023,mission raniganj,https://en.wikipedia.org/wiki/Mission_Raniganj
2023,mother teresa & me,https://en.wikipedia.org/wiki/Mother_Teresa_%26_Me
2023,mrs. chatterjee vs norway,https://en.wikipedia.org/wiki/Mrs._Chatterjee_vs_Norway
2023,mrs. undercover,https://en.wikipedia.org/wiki/Mrs_Undercover
2023,mujib: the making of a nation,https://en.wikipedia.org/wiki/Mujib:_The_Making_of_a_Nation
2023,mumbaikar,https://en.wikipedia.org/wiki/Mumbaikar_(film)
2023,music school,https://en.wikipedia.org/wiki/Music_School_(film)
2023,mystery of the tattoo,https://en.wikipedia.org/wiki/Mystery_of_the_Tattoo
2023,neeyat,https://en.wikipedia.org/wiki/Neeyat_(2023_film)
2023,non stop dhamaal,https://en.wikipedia.org/wiki/Non_Stop_Dhamaal
2023,omg 2,https://en.wikipedia.org/wiki/OMG_2
2023,one friday night,https://en.wikipedia.org/wiki/One_Friday_Night
2023,operation fryday,https://en.wikipedia.org/wiki/Operation_Fryday
2023,panch kriti,https://en.wikipedia.org/wiki/Panch_Kriti
2023,pathaan,https://en.wikipedia.org/wiki/Pathaan_(film)
2023,pinky beauty parlour,https://en.wikipedia.org/wiki/Pinky_Beauty_Parlour
2023,pippa,https://en.wikipedia.org/wiki/Pippa_(film)
2023,pyaar hai toh hai,https://en.wikipedia.org/wiki/Pyaar_Hai_Toh_Hai
2023,rabia & olivia,https://en.wikipedia.org/wiki/Rabia_%26_Olivia
2023,rocky aur rani kii prem kahaani,https://en.wikipedia.org/wiki/Rocky_Aur_Rani_Kii_Prem_Kahaani
2023,sab moh maaya hai,https://en.wikipedia.org/wiki/Sab_Moh_Maaya_Hai
2023,safed,https://en.wikipedia.org/wiki/Safed_(film)
2023,sajini shinde ka viral video,https://en.wikipedia.org/wiki/Sajini_Shinde_Ka_Viral_Video
2023,sam bahadur,https://en.wikipedia.org/wiki/Sam_Bahadur_(film)
2023,satyaprem ki katha,https://en.wikipedia.org/wiki/Satyaprem_Ki_Katha
2023,selfiee,https://en.wikipedia.org/wiki/Selfiee
2023,sergeant,https://en.wikipedia.org/wiki/Sergeant_(film)
2023,shastry viruddh shastry,https://en.wikipedia.org/wiki/Shastry_Viruddh_Shastry
2023,shehzada,https://en.wikipedia.org/wiki/Shehzada_(2023_film)
2023,shiv shastri balboa,https://en.wikipedia.org/wiki/Shiv_Shastri_Balboa
2023,sir madam sarpanch,https://en.wikipedia.org/wiki/Sir_Madam_Sarpanch
2023,sirf ek bandaa kaafi hai,https://en.wikipedia.org/wiki/Sirf_Ek_Bandaa_Kaafi_Hai
2023,starfish,https://en.wikipedia.org/wiki/Starfish_(2023_film)
2023,sukhee,https://en.wikipedia.org/wiki/Sukhee
2023,tarla,https://en.wikipedia.org/wiki/Tarla
2023,tejas,https://en.wikipedia.org/wiki/Tejas_(film)
2023,thank you for coming,https://en.wikipedia.org/wiki/Thank_You_for_Coming
2023,the archies,https://en.wikipedia.org/wiki/The_Archies_(film)
2023,the great indian family,https://en.wikipedia.org/wiki/The_Great_Indian_Family
2023,the kerala story,https://en.wikipedia.org/wiki/The_Kerala_Story
2023,the lady killer,https://en.wikipedia.org/wiki/The_Lady_Killer_(2023_film)
2023,the tenant [ γ ],https://en.wikipedia.org/wiki/The_Tenant_(2023_film)
2023,the vaccine war,https://en.wikipedia.org/wiki/The_Vaccine_War
2023,three of us,https://en.wikipedia.org/wiki/Three_of_Us_(film)
2023,tiger 3,https://en.wikipedia.org/wiki/Tiger_3
2023,tiku weds sheru,https://en.wikipedia.org/wiki/Tiku_Weds_Sheru
2023,trial period,https://en.wikipedia.org/wiki/Trial_Period
2023,tu jhoothi main makkaar,https://en.wikipedia.org/wiki/Tu_Jhoothi_Main_Makkaar
2023,tumse na ho payega,https://en.wikipedia.org/wiki/Tumse_Na_Ho_Payega_(2023_film)
2023,u-turn,https://en.wikipedia.org/wiki/U-Turn_(2023_film)
2023,ut69,https://en.wikipedia.org/wiki/UT69
2023,yaariyan 2,https://en.wikipedia.org/wiki/Yaariyan_2
2023,yaatris,https://en.wikipedia.org/wiki/Yaatris
2023,zara hatke zara bachke,https://en.wikipedia.org/wiki/Zara_Hatke_Zara_Bachke
2023,zwigato,https://en.wikipedia.org/wiki/Zwigato
2024,a wedding story,https://en.wikipedia.org/wiki/A_Wedding_Story_(film)
2024,aayushmati geeta matric pass,https://en.wikipedia.org/wiki/Aayushmati_Geeta_Matric_Pass
2024,accident or conspiracy: godhra,https://en.wikipedia.org/wiki/Accident_or_Conspiracy:_Godhra
2024,adbhut,https://en.wikipedia.org/wiki/Adbhut
2024,ae watan mere watan,https://en.wikipedia.org/wiki/Ae_Watan_Mere_Watan
2024,agni,https://en.wikipedia.org/wiki/Agni_(2024_film)
2024,aliya basu gayab hai,https://en.wikipedia.org/wiki/Aliya_Basu_Gayab_Hai
2024,all india rank,https://en.wikipedia.org/wiki/All_India_Rank
2024,alpha beta gamma,https://en.wikipedia.org/wiki/Alpha_Beta_Gamma_(film)
2024,amar prem ki prem kahani,https://en.wikipedia.org/wiki/Amar_Prem_Ki_Prem_Kahani
2024,amar singh chamkila,https://en.wikipedia.org/wiki/Amar_Singh_Chamkila_(film)
2024,ameena,https://en.wikipedia.org/wiki/Ameena_(film)
2024,article 370,https://en.wikipedia.org/wiki/Article_370_(film)
2024,auron mein kahan dum tha,https://en.wikipedia.org/wiki/Auron_Mein_Kahan_Dum_Tha
2024,baby john,https://en.wikipedia.org/wiki/Baby_John_(film)
2024,bad newz,https://en.wikipedia.org/wiki/Bad_Newz_(film)
2024,bade miyan chote miyan,https://en.wikipedia.org/wiki/Bade_Miyan_Chote_Miyan_(2024_film)
2024,bajrang aur ali,https://en.wikipedia.org/wiki/Bajrang_Aur_Ali_(film)
2024,bandaa singh chaudhary,https://en.wikipedia.org/wiki/Bandaa_Singh_Chaudhary
2024,bastar: the naxal story,https://en.wikipedia.org/wiki/Bastar:_The_Naxal_Story
2024,bengal 1947,https://en.wikipedia.org/wiki/Bengal_1947
2024,berlin,https://en.wikipedia.org/wiki/Berlin_(2024_film)
2024,bhaiyya ji,https://en.wikipedia.org/wiki/Bhaiyya_Ji
2024,bhakshak,https://en.wikipedia.org/wiki/Bhakshak
2024,bhool bhulaiyaa 3,https://en.wikipedia.org/wiki/Bhool_Bhulaiyaa_3
2024,binny and family,https://en.wikipedia.org/wiki/Binny_And_Family
2024,blackout,https://en.wikipedia.org/wiki/Blackout_(2024_film)
2024,bloody ishq,https://en.wikipedia.org/wiki/Bloody_Ishq
2024,chandu champion,https://en.wikipedia.org/wiki/Chandu_Champion
2024,chhota bheem and the curse of damyaan,https://en.wikipedia.org/wiki/Chhota_Bheem_and_the_Curse_of_Damyaan_(2024_film)
2024,chote nawab,https://en.wikipedia.org/wiki/Chote_Nawab
2024,crakk,https://en.wikipedia.org/wiki/Crakk
2024,crew,https://en.wikipedia.org/wiki/Crew_(film)
2024,ctrl,https://en.wikipedia.org/wiki/CTRL_(film)
2024,dange [ b ],https://en.wikipedia.org/wiki/Dange_(film)
2024,dashmi,https://en.wikipedia.org/wiki/Dashmi
2024,dedh bigha zameen,https://en.wikipedia.org/wiki/Dedh_Bigha_Zameen
2024,despatch,https://en.wikipedia.org/wiki/Despatch_(2024_film)
2024,do aur do pyaar,https://en.wikipedia.org/wiki/Do_Aur_Do_Pyaar
2024,do patti,https://en.wikipedia.org/wiki/Do_Patti
2024,dukaan,https://en.wikipedia.org/wiki/Dukaan
2024,fairy folk,https://en.wikipedia.org/wiki/Fairy_Folk
2024,fighter,https://en.wikipedia.org/wiki/Fighter_(2024_film)
2024,gauraiya live,https://en.wikipedia.org/wiki/Gauraiya_Live
2024,ghudchadi,https://en.wikipedia.org/wiki/Ghudchadi
2024,ghuspaithiya,https://en.wikipedia.org/wiki/Ghuspaithiya
2024,hamare baarah,https://en.wikipedia.org/wiki/Hamare_Baarah
2024,i want to talk,https://en.wikipedia.org/wiki/I_Want_to_Talk
2024,ishq vishk rebound,https://en.wikipedia.org/wiki/Ishq_Vishk_Rebound
2024,jahangir national university,https://en.wikipedia.org/wiki/Jahangir_National_University_(film)
2024,jigra,https://en.wikipedia.org/wiki/Jigra
2024,jo tera hai woh mera hai,https://en.wikipedia.org/wiki/Jo_Tera_Hai_Woh_Mera_Hai
2024,kaagaz 2,https://en.wikipedia.org/wiki/Kaagaz_2
2024,kaam chalu hai,https://en.wikipedia.org/wiki/Kaam_Chalu_Hai
2024,kahan shuru kahan khatam,https://en.wikipedia.org/wiki/Kahan_Shuru_Kahan_Khatam
2024,kakuda,https://en.wikipedia.org/wiki/Kakuda_(film)
2024,kartam bhugtam,https://en.wikipedia.org/wiki/Kartam_Bhugtam
2024,khel khel mein,https://en.wikipedia.org/wiki/Khel_Khel_Mein_(2024_film)
2024,khwaabon ka jhamela,https://en.wikipedia.org/wiki/Khwaabon_Ka_Jhamela
2024,kill,https://en.wikipedia.org/wiki/Kill_(film)
2024,kooki,https://en.wikipedia.org/wiki/Kooki_(film)
2024,kuch khattaa ho jaay,https://en.wikipedia.org/wiki/Kuch_Khattaa_Ho_Jaay
2024,laapataa ladies,https://en.wikipedia.org/wiki/Laapataa_Ladies
2024,lantrani,https://en.wikipedia.org/wiki/Lantrani
2024,love sex aur dhokha 2,https://en.wikipedia.org/wiki/Love_Sex_Aur_Dhokha_2
2024,"love, sitara","https://en.wikipedia.org/wiki/Love,_Sitara"
2024,luv ki arrange marriage,https://en.wikipedia.org/wiki/Luv_Ki_Arrange_Marriage
2024,luv you shankar,https://en.wikipedia.org/wiki/Luv_You_Shankar
2024,madgaon express,https://en.wikipedia.org/wiki/Madgaon_Express
2024,maharaj,https://en.wikipedia.org/wiki/Maharaj_(film)
2024,maidaan,https://en.wikipedia.org/wiki/Maidaan
2024,main atal hoon,https://en.wikipedia.org/wiki/Main_Atal_Hoon
2024,main ladega,https://en.wikipedia.org/wiki/Main_Ladega
2024,malhar [ d ],https://en.wikipedia.org/wiki/Malhar_(film)
2024,manihar,https://en.wikipedia.org/wiki/Manihar_(film)
2024,merry christmas [ b ],https://en.wikipedia.org/wiki/Merry_Christmas_(2024_film)
2024,mirg,https://en.wikipedia.org/wiki/Mirg_(film)
2024,mr. & mrs. mahi,https://en.wikipedia.org/wiki/Mr._%26_Mrs._Mahi
2024,munjya,https://en.wikipedia.org/wiki/Munjya_(film)
2024,murder mubarak,https://en.wikipedia.org/wiki/Murder_Mubarak
2024,naam,https://en.wikipedia.org/wiki/Naam_(2024_film)
2024,nasha jurm aur gangsters,https://en.wikipedia.org/wiki/Nasha_Jurm_Aur_Gangsters
2024,navras katha collage,https://en.wikipedia.org/wiki/Navras_Katha_Collage
2024,operation valentine [ c ],https://en.wikipedia.org/wiki/Operation_Valentine_(film)
2024,pad gaye pange,https://en.wikipedia.org/wiki/Pad_Gaye_Pange
2024,patna shuklla,https://en.wikipedia.org/wiki/Patna_Shuklla
2024,phir aayi hasseen dillruba,https://en.wikipedia.org/wiki/Phir_Aayi_Hasseen_Dillruba
2024,rautu ka raaz,https://en.wikipedia.org/wiki/Rautu_Ka_Raaz
2024,ruslaan,https://en.wikipedia.org/wiki/Ruslaan
2024,sarfira,https://en.wikipedia.org/wiki/Sarfira
2024,savi,https://en.wikipedia.org/wiki/Savi_(film)
2024,sector 36,https://en.wikipedia.org/wiki/Sector_36
2024,shaitaan,https://en.wikipedia.org/wiki/Shaitaan_(2024_film)
2024,sharmajee ki beti,https://en.wikipedia.org/wiki/Sharmajee_Ki_Beti
2024,sikandar ka muqaddar,https://en.wikipedia.org/wiki/Sikandar_Ka_Muqaddar
2024,silence 2: the night owl bar shootout,https://en.wikipedia.org/wiki/Silence_2:_The_Night_Owl_Bar_Shootout
2024,singham again,https://en.wikipedia.org/wiki/Singham_Again
2024,srikanth,https://en.wikipedia.org/wiki/Srikanth_(film)
2024,stree 2,https://en.wikipedia.org/wiki/Stree_2
2024,swatantrya veer savarkar,https://en.wikipedia.org/wiki/Swatantrya_Veer_Savarkar_(film)
2024,tauba tera jalwa,https://en.wikipedia.org/wiki/Tauba_Tera_Jalwa
2024,tera kya hoga lovely,https://en.wikipedia.org/wiki/Tera_Kya_Hoga_Lovely
2024,teri baaton mein aisa uljha jiya,https://en.wikipedia.org/wiki/Teri_Baaton_Mein_Aisa_Uljha_Jiya
2024,the buckingham murders,https://en.wikipedia.org/wiki/The_Buckingham_Murders
2024,the miranda brothers,https://en.wikipedia.org/wiki/The_Miranda_Brothers
2024,the sabarmati report,https://en.wikipedia.org/wiki/The_Sabarmati_Report
2024,the signature,https://en.wikipedia.org/wiki/The_Signature
2024,tikdam,https://en.wikipedia.org/wiki/Tikdam
2024,tipppsy,https://en.wikipedia.org/wiki/Tipppsy
2024,ulajh,https://en.wikipedia.org/wiki/Ulajh
2024,vanvaas,https://en.wikipedia.org/wiki/Vanvaas
2024,vedaa,https://en.wikipedia.org/wiki/Vedaa
2024,vicky vidya ka woh wala video,https://en.wikipedia.org/wiki/Vicky_Vidya_Ka_Woh_Wala_Video
2024,vijay 69,https://en.wikipedia.org/wiki/Vijay_69
2024,visfot,https://en.wikipedia.org/wiki/Visfot
2024,wild wild punjab,https://en.wikipedia.org/wiki/Wild_Wild_Punjab
2024,woh bhi din the,https://en.wikipedia.org/wiki/Woh_Bhi_Din_The
2024,yodha,https://en.wikipedia.org/wiki/Yodha_(2024_film)
2024,yudhra,https://en.wikipedia.org/wiki/Yudhra
2024,zero se restart,https://en.wikipedia.org/wiki/Zero_Se_Restart
2025,120 bahadur,https://en.wikipedia.org/wiki/120_Bahadur
2025,2020 delhi,https://en.wikipedia.org/wiki/2020_Delhi
2025,aabeer gulaal,https://en.wikipedia.org/wiki/Aabeer_Gulaal
2025,aachari baa,https://en.wikipedia.org/wiki/Aachari_Baa
2025,aankhon ki gustaakhiyan,https://en.wikipedia.org/wiki/Aankhon_Ki_Gustaakhiyan
2025,aap jaisa koi,https://en.wikipedia.org/wiki/Aap_Jaisa_Koi_(film)
2025,agra,https://en.wikipedia.org/wiki/Agra_(2023_film)
2025,ajey: the untold story of a yogi,https://en.wikipedia.org/wiki/Ajey:_The_Untold_Story_of_a_Yogi
2025,akshardham: operation vajra shakti,https://en.wikipedia.org/wiki/State_of_Siege:_Temple_Attack
2025,andaaz 2,https://en.wikipedia.org/wiki/Andaaz_2
2025,azaad,https://en.wikipedia.org/wiki/Azaad_(2025_film)
2025,baaghi 4,https://en.wikipedia.org/wiki/Baaghi_4
2025,badass ravi kumar,https://en.wikipedia.org/wiki/Badass_Ravi_Kumar
2025,baida,https://en.wikipedia.org/wiki/Baida_(film)
2025,baramulla,https://en.wikipedia.org/wiki/Baramulla_(film)
2025,be happy,https://en.wikipedia.org/wiki/Be_Happy_(film)
2025,bhagwat: chapter one – raakshas,https://en.wikipedia.org/wiki/Bhagwat:_Chapter_One_%E2%80%93_Raakshas
2025,bhool chuk maaf,https://en.wikipedia.org/wiki/Bhool_Chuk_Maaf
2025,bobby aur rishi ki love story,https://en.wikipedia.org/wiki/Bobby_Aur_Rishi_Ki_Love_Story
2025,chhaava,https://en.wikipedia.org/wiki/Chhaava
2025,chhorii 2,https://en.wikipedia.org/wiki/Chhorii_2
2025,chidiya,https://en.wikipedia.org/wiki/Chidiya_(film)
2025,controll,https://en.wikipedia.org/wiki/Controll
2025,costao,https://en.wikipedia.org/wiki/Costao
2025,crazxy,https://en.wikipedia.org/wiki/Crazxy
2025,de de pyaar de 2,https://en.wikipedia.org/wiki/De_De_Pyaar_De_2
2025,detective sherdil,https://en.wikipedia.org/wiki/Detective_Sherdil
2025,deva,https://en.wikipedia.org/wiki/Deva_(2025_film)
2025,dhadak 2,https://en.wikipedia.org/wiki/Dhadak_2
2025,dhoom dhaam,https://en.wikipedia.org/wiki/Dhoom_Dhaam_(2025_film)
2025,dhurandhar,https://en.wikipedia.org/wiki/Dhurandhar
2025,dil dosti aur dogs,https://en.wikipedia.org/wiki/Dil_Dosti_Aur_Dogs
2025,durlabh prasad ki dusri shadi,https://en.wikipedia.org/wiki/Durlabh_Prasad_Ki_Dusri_Shadi
2025,ek chatur naar,https://en.wikipedia.org/wiki/Ek_Chatur_Naar
2025,ek deewane ki deewaniyat,https://en.wikipedia.org/wiki/Ek_Deewane_Ki_Deewaniyat
2025,emergency,https://en.wikipedia.org/wiki/Emergency_(2025_film)
2025,fateh,https://en.wikipedia.org/wiki/Fateh_(2025_film)
2025,ghich pich,https://en.wikipedia.org/wiki/Ghich_Pich
2025,greater kalesh,https://en.wikipedia.org/wiki/Greater_Kalesh
2025,ground zero,https://en.wikipedia.org/wiki/Ground_Zero_(2025_film)
2025,gustaakh ishq,https://en.wikipedia.org/wiki/Gustaakh_Ishq
2025,haq,https://en.wikipedia.org/wiki/Haq_(2025_film)
2025,heer express,https://en.wikipedia.org/wiki/Heer_Express
2025,hisaab barabar,https://en.wikipedia.org/wiki/Hisaab_Barabar
2025,homebound,https://en.wikipedia.org/wiki/Homebound_(2025_film)
2025,housefull 5,https://en.wikipedia.org/wiki/Housefull_5
2025,humans in the loop,https://en.wikipedia.org/wiki/Humans_in_the_Loop_(film)
2025,inn galiyon mein,https://en.wikipedia.org/wiki/Inn_Galiyon_Mein
2025,inspector zende,https://en.wikipedia.org/wiki/Inspector_Zende
2025,interrogation,https://en.wikipedia.org/wiki/Interrogation_(2025_film)
2025,jaat,https://en.wikipedia.org/wiki/Jaat_(film)
2025,jassi weds jassi,https://en.wikipedia.org/wiki/Jassi_Weds_Jassi
2025,jatadhara [ β ],https://en.wikipedia.org/wiki/Jatadhara
2025,jewel thief,https://en.wikipedia.org/wiki/Jewel_Thief_(2025_film)
2025,jolly llb 3,https://en.wikipedia.org/wiki/Jolly_LLB_3
2025,jugnuma: the fable,https://en.wikipedia.org/wiki/Jugnuma:_The_Fable
2025,kaal trighori,https://en.wikipedia.org/wiki/Kaal_Trighori
2025,kaalidhar laapata,https://en.wikipedia.org/wiki/Kaalidhar_Laapata
2025,kapkapiii,https://en.wikipedia.org/wiki/Kapkapiii
2025,kaushaljis vs kaushal,https://en.wikipedia.org/wiki/Kaushaljis_vs_Kaushal
2025,kesari chapter 2,https://en.wikipedia.org/wiki/Kesari_Chapter_2
2025,kesari veer,https://en.wikipedia.org/wiki/Kesari_Veer
2025,kis kisko pyaar karoon 2,https://en.wikipedia.org/wiki/Kis_Kisko_Pyaar_Karoon_2
2025,logout,https://en.wikipedia.org/wiki/Logout_(film)
2025,lord curzon ki haveli,https://en.wikipedia.org/wiki/Lord_Curzon_Ki_Haveli
2025,love in vietnam,https://en.wikipedia.org/wiki/Love_in_Vietnam
2025,loveyapa,https://en.wikipedia.org/wiki/Loveyapa
2025,maa,https://en.wikipedia.org/wiki/Maa_(2025_film)
2025,maalik,https://en.wikipedia.org/wiki/Maalik_(2025_film)
2025,mahavatar narsimha [ α ],https://en.wikipedia.org/wiki/Mahavatar_Narsimha
2025,mannu kya karegga,https://en.wikipedia.org/wiki/Mannu_Kya_Karegga
2025,mastiii 4,https://en.wikipedia.org/wiki/Mastiii_4
2025,match fixing,https://en.wikipedia.org/wiki/Match_Fixing_(film)
2025,mere husband ki biwi,https://en.wikipedia.org/wiki/Mere_Husband_Ki_Biwi
2025,metro... in dino,https://en.wikipedia.org/wiki/Metro..._In_Dino
2025,mission grey house,https://en.wikipedia.org/wiki/Mission_Grey_House
2025,mrs.,https://en.wikipedia.org/wiki/Mrs._(film)
2025,murderbaad,https://en.wikipedia.org/wiki/Murderbaad
2025,my melbourne,https://en.wikipedia.org/wiki/My_Melbourne
2025,nadaaniyan,https://en.wikipedia.org/wiki/Nadaaniyan
2025,nikita roy,https://en.wikipedia.org/wiki/Nikita_Roy
2025,nishaanchi,https://en.wikipedia.org/wiki/Nishaanchi
2025,param sundari,https://en.wikipedia.org/wiki/Param_Sundari_(film)
2025,phule,https://en.wikipedia.org/wiki/Phule_(film)
2025,pintu ki pappi,https://en.wikipedia.org/wiki/Pintu_Ki_Pappi
2025,pune highway,https://en.wikipedia.org/wiki/Pune_Highway
2025,raat akeli hai: the bansal murders,https://en.wikipedia.org/wiki/Raat_Akeli_Hai:_The_Bansal_Murders
2025,raid 2,https://en.wikipedia.org/wiki/Raid_2_(film)
2025,rasa,https://en.wikipedia.org/wiki/Rasa_(2025_film)
2025,romeo s3,https://en.wikipedia.org/wiki/Romeo_S3
2025,saali mohabbat,https://en.wikipedia.org/wiki/Saali_Mohabbat
2025,saiyaara,https://en.wikipedia.org/wiki/Saiyaara_(film)
2025,sangee,https://en.wikipedia.org/wiki/Sangee_(2025_film)
2025,sant tukaram,https://en.wikipedia.org/wiki/Sant_Tukaram_(2025_film)
2025,sarzameen,https://en.wikipedia.org/wiki/Sarzameen
2025,sikandar,https://en.wikipedia.org/wiki/Sikandar_(2025_film)
2025,single salma,https://en.wikipedia.org/wiki/Single_Salma
2025,sitaare zameen par,https://en.wikipedia.org/wiki/Sitaare_Zameen_Par
2025,sky force,https://en.wikipedia.org/wiki/Sky_Force_(film)
2025,so long valley,https://en.wikipedia.org/wiki/So_Long_Valley
2025,son of sardaar 2,https://en.wikipedia.org/wiki/Son_of_Sardaar_2
2025,songs of paradise,https://en.wikipedia.org/wiki/Songs_of_Paradise
2025,stolen,https://en.wikipedia.org/wiki/Stolen_(2025_film)
2025,sunny sanskari ki tulsi kumari,https://en.wikipedia.org/wiki/Sunny_Sanskari_Ki_Tulsi_Kumari
2025,superboys of malegaon,https://en.wikipedia.org/wiki/Superboys_of_Malegaon
2025,sweet dreams,https://en.wikipedia.org/wiki/Sweet_Dreams_(2025_film)
2025,tanvi the great,https://en.wikipedia.org/wiki/Tanvi_the_Great
2025,tehran,https://en.wikipedia.org/wiki/Tehran_(2025_film)
2025,tere ishk mein,https://en.wikipedia.org/wiki/Tere_Ishk_Mein
2025,thamma,https://en.wikipedia.org/wiki/Thamma
2025,the bengal files,https://en.wikipedia.org/wiki/The_Bengal_Files
2025,the bhootnii,https://en.wikipedia.org/wiki/The_Bhootnii
2025,the diplomat,https://en.wikipedia.org/wiki/The_Diplomat_(2025_film)
2025,the great shamsuddin family,https://en.wikipedia.org/wiki/The_Great_Shamsuddin_Family
2025,the mehta boys,https://en.wikipedia.org/wiki/The_Mehta_Boys
2025,the networker,https://en.wikipedia.org/wiki/The_Networker
2025,the rabbit house,https://en.wikipedia.org/wiki/The_Rabbit_House
2025,the secret of devkaali,https://en.wikipedia.org/wiki/The_Secret_of_Devkaali
2025,the storyteller,https://en.wikipedia.org/wiki/The_Storyteller_(2025_film)
2025,the taj story,https://en.wikipedia.org/wiki/The_Taj_Story
2025,tu meri main tera main tera tu meri,https://en.wikipedia.org/wiki/Tu_Meri_Main_Tera_Main_Tera_Tu_Meri
2025,tu meri poori kahani,https://en.wikipedia.org/wiki/Tu_Meri_Poori_Kahani
2025,tumko meri kasam,https://en.wikipedia.org/wiki/Tumko_Meri_Kasam
2025,udaipur files,https://en.wikipedia.org/wiki/Udaipur_Files
2025,ufff yeh siyapaa,https://en.wikipedia.org/wiki/Ufff_Yeh_Siyapaa
2025,war 2,https://en.wikipedia.org/wiki/War_2_(film)
2025,well done ca sahab!,https://en.wikipedia.org/wiki/Well_Done_CA_Sahab!
